timestamp_ms,can_id,payload_hex
0,0x200,2335373c00000000
0,0x220,0000053400000000
0,0x2B0,0000000000000000
10,0x200,2333373c00000000
20,0x200,232f373c00000000
20,0x2B0,0000000018000000
30,0x200,2329373c00000000
40,0x200,2321373c00000000
40,0x2B0,0000000030000000
50,0x200,2317373c00000000
50,0x220,003c053400000000
60,0x200,230b373c00000000
60,0x2B0,0000000048000000
70,0x200,22fd373c00000000
80,0x200,22ed373c00000000
80,0x2B0,0000000060000000
90,0x200,22dc373c00000000
100,0x200,22c9373c00000000
100,0x220,0078053400000000
100,0x2B0,0000000078000000
110,0x200,22b4373c00000000
120,0x200,229d373c00000000
120,0x2B0,000000008f000000
130,0x200,2285373c00000000
140,0x200,226b373c00000000
140,0x2B0,00000000a7000000
150,0x200,224f373c00000000
150,0x220,00b3053400000000
160,0x200,2232373c00000000
160,0x2B0,00000000bf000000
170,0x200,2213373c00000000
180,0x200,21f2373c00000000
180,0x2B0,00000000d7000000
190,0x200,21d0373c00000000
200,0x200,21ac373c00000000
200,0x220,00ef053400000000
200,0x2B0,00000000ef000000
210,0x200,2186373c00000000
220,0x200,215f373c00000000
220,0x2B0,0000000107000000
230,0x200,2137373c00000000
240,0x200,210c373c00000000
240,0x2B0,000000011f000000
250,0x200,20e1373c00000000
250,0x220,012b053400000000
260,0x200,20b3373c00000000
260,0x2B0,0000000137000000
270,0x200,2085373c00000000
280,0x200,2055373c00000000
280,0x2B0,000000014f000000
290,0x200,2023373c00000000
300,0x200,1ff0373c00000000
300,0x220,0167053400000000
300,0x2B0,0000000167000000
310,0x200,1fbb373c00000000
320,0x200,1f85373c00000000
320,0x2B0,000000017e000000
330,0x200,1f4e373c00000000
340,0x200,1f16373c00000000
340,0x2B0,0000000196000000
350,0x200,1edc373c00000000
350,0x220,01a2053400000000
360,0x200,1ea1373c00000000
360,0x2B0,00000001ae000000
370,0x200,1e65373c00000000
380,0x200,1e28373c00000000
380,0x2B0,00000001c6000000
390,0x200,1dea373c00000000
400,0x200,1daa373c00000000
400,0x220,01de053400000000
400,0x2B0,00000001de000000
410,0x200,1d6a373c00000000
420,0x200,1d29373c00000000
420,0x2B0,00000001f6000000
430,0x200,1ce7373c00000000
440,0x200,1ca4373c00000000
440,0x2B0,000000020e000000
450,0x200,1c60373c00000000
450,0x220,021a053400000000
460,0x200,1c1c373c00000000
460,0x2B0,0000000226000000
470,0x200,1bd7373c00000000
480,0x200,1b92373c00000000
480,0x2B0,000000023e000000
490,0x200,1b4c373c00000000
500,0x200,1b06373c00000000
500,0x220,0256053400000000
500,0x2B0,0000000256000000
510,0x200,1abf373c00000000
520,0x200,1a79373c00000000
520,0x2B0,000000026d000000
530,0x200,1a31373c00000000
540,0x200,19ea373c00000000
540,0x2B0,0000000285000000
550,0x200,19a3373c00000000
550,0x220,0291053400000000
560,0x200,195c373c00000000
560,0x2B0,000000029d000000
570,0x200,1915373c00000000
580,0x200,18d1373c00000000
580,0x2B0,00000002b5000000
590,0x200,188f373c00000000
600,0x200,1850373c00000000
600,0x220,02cd053400000000
600,0x2B0,00000002cd000000
610,0x200,1813373c00000000
620,0x200,17d9373c00000000
620,0x2B0,00000002e5000000
630,0x200,17a2373c00000000
640,0x200,176c373c00000000
640,0x2B0,00000002fd000000
650,0x200,173a373c00000000
650,0x220,0309053400000000
660,0x200,1709373c00000000
660,0x2B0,0000000315000000
670,0x200,16dc373c00000000
680,0x200,16b0373c00000000
680,0x2B0,000000032d000000
690,0x200,1687373c00000000
700,0x200,1661373c00000000
700,0x220,0344053400000000
700,0x2B0,0000000344000000
710,0x200,163d373c00000000
720,0x200,161b373c00000000
720,0x2B0,000000035c000000
730,0x200,15fb373c00000000
740,0x200,15de373c00000000
740,0x2B0,0000000374000000
750,0x200,15c4373c00000000
750,0x220,0380053400000000
760,0x200,15ab373c00000000
760,0x2B0,000000038c000000
770,0x200,1595373c00000000
780,0x200,1581373c00000000
780,0x2B0,00000003a4000000
790,0x200,1570373c00000000
800,0x200,1560373c00000000
800,0x220,03bc053400000000
800,0x2B0,00000003bc000000
810,0x200,1553373c00000000
820,0x200,1548373c00000000
820,0x2B0,00000003d4000000
830,0x200,153e373c00000000
840,0x200,1537373c00000000
840,0x2B0,00000003ec000000
850,0x200,1532373c00000000
850,0x220,03f8053400000000
860,0x200,152f373c00000000
860,0x2B0,0000000404000000
870,0x200,152e373c00000000
880,0x200,152f373c00000000
880,0x2B0,000000041c000000
890,0x200,1531373c00000000
900,0x200,1536373c00000000
900,0x220,0433053400000000
900,0x2B0,0000000433000000
910,0x200,153c373c00000000
920,0x200,1544373c00000000
920,0x2B0,000000044b000000
930,0x200,154e373c00000000
940,0x200,1559373c00000000
940,0x2B0,0000000463000000
950,0x200,1566373c00000000
950,0x220,046f053400000000
960,0x200,1575373c00000000
960,0x2B0,000000047b000000
970,0x200,1585373c00000000
980,0x200,1596373c00000000
980,0x2B0,0000000493000000
990,0x200,15a9373c00000000
1000,0x200,15be373c00000000
1000,0x220,04ab053400000000
1000,0x2B0,00000004ab000000
1010,0x200,15d4373c00000000
1020,0x200,15eb373c00000000
1020,0x2B0,00000004c3000000
1030,0x200,1603373c00000000
1040,0x200,161d373c00000000
1040,0x2B0,00000004db000000
1050,0x200,1638373c00000000
1050,0x220,04e7053400000000
1060,0x200,1654373c00000000
1060,0x2B0,00000004f2000000
1070,0x200,1671373c00000000
1080,0x200,168f373c00000000
1080,0x2B0,000000050a000000
1090,0x200,16af373c00000000
1100,0x200,16cf373c00000000
1100,0x220,0522053400000000
1100,0x2B0,0000000522000000
1110,0x200,16f1373c00000000
1120,0x200,1713373c00000000
1120,0x2B0,000000053a000000
1130,0x200,1736373c00000000
1140,0x200,175a373c00000000
1140,0x2B0,0000000552000000
1150,0x200,177f373c00000000
1150,0x220,055e053400000000
1160,0x200,17a5373c00000000
1160,0x2B0,000000056a000000
1170,0x200,17cc373c00000000
1180,0x200,17f3373c00000000
1180,0x2B0,0000000582000000
1190,0x200,181b373c00000000
1200,0x200,1844373c00000000
1200,0x220,059a053400000000
1200,0x2B0,000000059a000000
1210,0x200,186e373c00000000
1220,0x200,1898373c00000000
1220,0x2B0,00000005b1000000
1230,0x200,18c3373c00000000
1240,0x200,18ee373c00000000
1240,0x2B0,00000005c9000000
1250,0x200,191a373c00000000
1250,0x220,05d5053400000000
1260,0x200,1947373c00000000
1260,0x2B0,00000005e1000000
1270,0x200,1974373c00000000
1280,0x200,19a1373c00000000
1280,0x2B0,00000005f9000000
1290,0x200,19cf373c00000000
1300,0x200,19fe373c00000000
1300,0x220,0611053300000000
1300,0x2B0,0000000611000000
1310,0x200,1a2d373c00000000
1320,0x200,1a5c373c00000000
1320,0x2B0,0000000629000000
1330,0x200,1a8c373c00000000
1340,0x200,1abc373c00000000
1340,0x2B0,0000000641000000
1350,0x200,1aed373c00000000
1350,0x220,064d053300000000
1360,0x200,1b1e373c00000000
1360,0x2B0,0000000659000000
1370,0x200,1b4f373c00000000
1380,0x200,1b81373c00000000
1380,0x2B0,0000000670000000
1390,0x200,1bb3373c00000000
1400,0x200,1be5373c00000000
1400,0x220,0688053300000000
1400,0x2B0,0000000688000000
1410,0x200,1c18373c00000000
1420,0x200,1c4b373c00000000
1420,0x2B0,00000006a0000000
1430,0x200,1c7e373c00000000
1440,0x200,1cb1373c00000000
1440,0x2B0,00000006b8000000
1450,0x200,1ce5373c00000000
1450,0x220,06c4053300000000
1460,0x200,1d19373c00000000
1460,0x2B0,00000006d0000000
1470,0x200,1d4d373c00000000
1480,0x200,1d81373c00000000
1480,0x2B0,00000006e8000000
1490,0x200,1db5373c00000000
1500,0x200,1dea373c00000000
1500,0x220,0700053300000000
1500,0x2B0,0000000700000000
1510,0x200,1e1f373c00000000
1520,0x200,1e54373c00000000
1520,0x2B0,0000000717000000
1530,0x200,1e89373c00000000
1540,0x200,1ebe373c00000000
1540,0x2B0,000000072f000000
1550,0x200,1ef4373c00000000
1550,0x220,073b053300000000
1560,0x200,1f29373c00000000
1560,0x2B0,0000000747000000
1570,0x200,1f5f373c00000000
1580,0x200,1f95373c00000000
1580,0x2B0,000000075f000000
1590,0x200,1fcb373c00000000
1600,0x200,2001373c00000000
1600,0x220,0777053300000000
1600,0x2B0,0000000777000000
1610,0x200,2037373c00000000
1620,0x200,206e373c00000000
1620,0x2B0,000000078f000000
1630,0x200,20a4373c00000000
1640,0x200,20db373c00000000
1640,0x2B0,00000007a7000000
1650,0x200,2111373c00000000
1650,0x220,07b2053300000000
1660,0x200,2148373c00000000
1660,0x2B0,00000007be000000
1670,0x200,217f373c00000000
1680,0x200,21b5373c00000000
1680,0x2B0,00000007d6000000
1690,0x200,21ec373c00000000
1700,0x200,2223373c00000000
1700,0x220,07ee053300000000
1700,0x2B0,00000007ee000000
1710,0x200,225a373c00000000
1720,0x200,2291373c00000000
1720,0x2B0,0000000806000000
1730,0x200,22c9373c00000000
1740,0x200,2300373c00000000
1740,0x2B0,000000081e000000
1750,0x200,2337373c00000000
1750,0x220,082a053300000000
1760,0x200,236e373c00000000
1760,0x2B0,0000000836000000
1770,0x200,23a6373c00000000
1780,0x200,23dd373c00000000
1780,0x2B0,000000084d000000
1790,0x200,2415373c00000000
1800,0x200,244c373c00000000
1800,0x220,0865053300000000
1800,0x2B0,0000000865000000
1810,0x200,2484373c00000000
1820,0x200,24bb373c00000000
1820,0x2B0,000000087d000000
1830,0x200,24f3373c00000000
1840,0x200,252a373c00000000
1840,0x2B0,0000000895000000
1850,0x200,2562373c00000000
1850,0x220,08a1053300000000
1860,0x200,259a373c00000000
1860,0x2B0,00000008ad000000
1870,0x200,25d2373c00000000
1880,0x200,2609373c00000000
1880,0x2B0,00000008c5000000
1890,0x200,2641373c00000000
1900,0x200,2679373c00000000
1900,0x220,08dc053300000000
1900,0x2B0,00000008dc000000
1910,0x200,26b1373c00000000
1920,0x200,26e8373c00000000
1920,0x2B0,00000008f4000000
1930,0x200,2720373c00000000
1940,0x200,2758373c00000000
1940,0x2B0,000000090c000000
1950,0x200,2790373c00000000
1950,0x220,0918053300000000
1960,0x200,27c8373c00000000
1960,0x2B0,0000000924000000
1970,0x200,2800373c00000000
1980,0x200,2838373c00000000
1980,0x2B0,000000093c000000
1990,0x200,2870373c00000000
2000,0x200,28a8373c00000000
2000,0x220,0953053300000000
2000,0x2B0,0000000953000000
2010,0x200,28e0373c00000000
2020,0x200,2917373c00000000
2020,0x2B0,000000096b000000
2030,0x200,294f373c00000000
2040,0x200,2987373c00000000
2040,0x2B0,0000000983000000
2050,0x200,29bf373c00000000
2050,0x220,098f053300000000
2060,0x200,29f7373c00000000
2060,0x2B0,000000099b000000
2070,0x200,2a2f373c00000000
2080,0x200,2a67373c00000000
2080,0x2B0,00000009b3000000
2090,0x200,2a9f373c00000000
2100,0x200,2ad7373c00000000
2100,0x220,09cb053300000000
2100,0x2B0,00000009cb000000
2110,0x200,2b0f373c00000000
2120,0x200,2b47373c00000000
2120,0x2B0,00000009e2000000
2130,0x200,2b7f373c00000000
2140,0x200,2bb8373c00000000
2140,0x2B0,00000009fa000000
2150,0x200,2bf0373c00000000
2150,0x220,0a06053300000000
2160,0x200,2c28373d00000000
2160,0x2B0,0000000a12000000
2170,0x200,2c60373d00000000
2180,0x200,2c98373d00000000
2180,0x2B0,0000000a2a000000
2190,0x200,2cd0373d00000000
2200,0x200,2d08373d00000000
2200,0x220,0a42053300000000
2200,0x2B0,0000000a42000000
2210,0x200,2d40373d00000000
2220,0x200,2d78373d00000000
2220,0x2B0,0000000a59000000
2230,0x200,2db0373d00000000
2240,0x200,2de8373d00000000
2240,0x2B0,0000000a71000000
2250,0x200,2e20373d00000000
2250,0x220,0a7d053200000000
2260,0x200,2e58373d00000000
2260,0x2B0,0000000a89000000
2270,0x200,2e90373d00000000
2280,0x200,2ec8373d00000000
2280,0x2B0,0000000aa1000000
2290,0x200,2f00373d00000000
2300,0x200,2f38373d00000000
2300,0x220,0ab9053200000000
2300,0x2B0,0000000ab9000000
2310,0x200,2f70373d00000000
2320,0x200,2fa8373d00000000
2320,0x2B0,0000000ad0000000
2330,0x200,2fe0373d00000000
2340,0x200,3019373d00000000
2340,0x2B0,0000000ae8000000
2350,0x200,3051373d00000000
2350,0x220,0af4053200000000
2360,0x200,3089373d00000000
2360,0x2B0,0000000b00000000
2370,0x200,30c1373d00000000
2380,0x200,30f9373d00000000
2380,0x2B0,0000000b18000000
2390,0x200,3131373d00000000
2400,0x200,3169373d00000000
2400,0x220,0b2f053200000000
2400,0x2B0,0000000b2f000000
2410,0x200,31a1373d00000000
2420,0x200,31d9373d00000000
2420,0x2B0,0000000b47000000
2430,0x200,3211373d00000000
2440,0x200,3249373d00000000
2440,0x2B0,0000000b5f000000
2450,0x200,3281373d00000000
2450,0x220,0b6b053200000000
2460,0x200,32b9373d00000000
2460,0x2B0,0000000b77000000
2470,0x200,32f1373d00000000
2480,0x200,3329373d00000000
2480,0x2B0,0000000b8f000000
2490,0x200,3361373d00000000
2500,0x200,3399373d00000000
2500,0x220,0ba6053200000000
2500,0x2B0,0000000ba6000000
2510,0x200,33d1373d00000000
2520,0x200,3409373d00000000
2520,0x2B0,0000000bbe000000
2530,0x200,3441373d00000000
2540,0x200,3479373d00000000
2540,0x2B0,0000000bd6000000
2550,0x200,34b1373d00000000
2550,0x220,0be2053200000000
2560,0x200,34e9373d00000000
2560,0x2B0,0000000bee000000
2570,0x200,3521373d00000000
2580,0x200,3559373d00000000
2580,0x2B0,0000000c05000000
2590,0x200,3591373d00000000
2600,0x200,35c9373d00000000
2600,0x220,0c1d053200000000
2600,0x2B0,0000000c1d000000
2610,0x200,3601373d00000000
2620,0x200,3639373d00000000
2620,0x2B0,0000000c35000000
2630,0x200,3671373d00000000
2640,0x200,36a9373d00000000
2640,0x2B0,0000000c4d000000
2650,0x200,36e1373d00000000
2650,0x220,0c59053200000000
2660,0x200,3719373d00000000
2660,0x2B0,0000000c64000000
2670,0x200,3751373d00000000
2680,0x200,3789373d00000000
2680,0x2B0,0000000c7c000000
2690,0x200,37c1373d00000000
2700,0x200,37f9373d00000000
2700,0x220,0c94053200000000
2700,0x2B0,0000000c94000000
2710,0x200,3831373d00000000
2720,0x200,3869373d00000000
2720,0x2B0,0000000cac000000
2730,0x200,38a1373d00000000
2740,0x200,38d9373d00000000
2740,0x2B0,0000000cc3000000
2750,0x200,3911373d00000000
2750,0x220,0ccf053200000000
2760,0x200,3949373d00000000
2760,0x2B0,0000000cdb000000
2770,0x200,3981373d00000000
2780,0x200,39b9373d00000000
2780,0x2B0,0000000cf3000000
2790,0x200,39f1373d00000000
2800,0x200,3a29373d00000000
2800,0x220,0d0b053200000000
2800,0x2B0,0000000d0b000000
2810,0x200,3a61373d00000000
2820,0x200,3a99373d00000000
2820,0x2B0,0000000d22000000
2830,0x200,3ad1373d00000000
2840,0x200,3b09373d00000000
2840,0x2B0,0000000d3a000000
2850,0x200,3b41373d00000000
2850,0x220,0d46053200000000
2860,0x200,3b79373d00000000
2860,0x2B0,0000000d52000000
2870,0x200,3bb0373d00000000
2880,0x200,3be8373d00000000
2880,0x2B0,0000000d6a000000
2890,0x200,3c20373d00000000
2900,0x200,3c58373d00000000
2900,0x220,0d81053100000000
2900,0x2B0,0000000d81000000
2910,0x200,3c90373d00000000
2920,0x200,3cc8373d00000000
2920,0x2B0,0000000d99000000
2930,0x200,3d00373d00000000
2940,0x200,3d38373d00000000
2940,0x2B0,0000000db1000000
2950,0x200,3d70373d00000000
2950,0x220,0dbd053100000000
2960,0x200,3da8373d00000000
2960,0x2B0,0000000dc8000000
2970,0x200,3de0373d00000000
2980,0x200,3e18373d00000000
2980,0x2B0,0000000de0000000
2990,0x200,3e4f373d00000000
3000,0x200,3cc3373d00000000
3000,0x220,0df2049b00000000
3000,0x2B0,0000000df2000000
3010,0x200,3b51373d00000000
3020,0x200,39f7373d00000000
3020,0x2B0,0000000dff000000
3030,0x200,38b3373d00000000
3040,0x200,3785373d00000000
3040,0x2B0,0000000e0c000000
3050,0x200,366b373d00000000
3050,0x220,0e13049b00000000
3060,0x200,3563373d00000000
3060,0x2B0,0000000e19000000
3070,0x200,346e373d00000000
3080,0x200,3388373d00000000
3080,0x2B0,0000000e26000000
3090,0x200,32b2373d00000000
3100,0x200,31eb373d00000000
3100,0x220,0e33049b00000000
3100,0x2B0,0000000e33000000
3110,0x200,3131373d00000000
3120,0x200,3083373d00000000
3120,0x2B0,0000000e40000000
3130,0x200,2fe2373d00000000
3140,0x200,2f4c373d00000000
3140,0x2B0,0000000e4d000000
3150,0x200,2ec0373d00000000
3150,0x220,0e53049b00000000
3160,0x200,2e3e373d00000000
3160,0x2B0,0000000e5a000000
3170,0x200,2dc6373d00000000
3180,0x200,2d55373d00000000
3180,0x2B0,0000000e67000000
3190,0x200,2cee373d00000000
3200,0x200,2c8d373d00000000
3200,0x220,0e74049b00000000
3200,0x2B0,0000000e74000000
3210,0x200,2c34373d00000000
3220,0x200,2be1373d00000000
3220,0x2B0,0000000e81000000
3230,0x200,2b95373d00000000
3240,0x200,2b4e373d00000000
3240,0x2B0,0000000e8d000000
3250,0x200,2b0d373d00000000
3250,0x220,0e94049b00000000
3260,0x200,2ad1373d00000000
3260,0x2B0,0000000e9a000000
3270,0x200,2a9a373d00000000
3280,0x200,2a68373d00000000
3280,0x2B0,0000000ea7000000
3290,0x200,2a3a373d00000000
3300,0x200,2a0f373d00000000
3300,0x220,0eb4049b00000000
3300,0x2B0,0000000eb4000000
3310,0x200,29e9373d00000000
3320,0x200,29c6373d00000000
3320,0x2B0,0000000ec1000000
3330,0x200,29a6373d00000000
3340,0x200,2989373d00000000
3340,0x2B0,0000000ece000000
3350,0x200,296f373d00000000
3350,0x220,0ed4049b00000000
3360,0x200,2958373d00000000
3360,0x2B0,0000000edb000000
3370,0x200,2944373d00000000
3380,0x200,2931373d00000000
3380,0x2B0,0000000ee8000000
3390,0x200,2921373d00000000
3400,0x200,2913373d00000000
3400,0x220,0ef5049b00000000
3400,0x2B0,0000000ef5000000
3410,0x200,2907373d00000000
3420,0x200,28fd373d00000000
3420,0x2B0,0000000f01000000
3430,0x200,28f5373d00000000
3440,0x200,28ee373d00000000
3440,0x2B0,0000000f0e000000
3450,0x200,28e9373d00000000
3450,0x220,0f15049b00000000
3460,0x200,28e5373d00000000
3460,0x2B0,0000000f1b000000
3470,0x200,28e2373d00000000
3480,0x200,28e1373d00000000
3480,0x2B0,0000000f28000000
3490,0x200,28e1373d00000000
3500,0x200,28e2373d00000000
3500,0x220,0f35049b00000000
3500,0x2B0,0000000f35000000
3510,0x200,28e4373d00000000
3520,0x200,28e7373d00000000
3520,0x2B0,0000000f42000000
3530,0x200,28eb373d00000000
3540,0x200,28ef373d00000000
3540,0x2B0,0000000f4f000000
3550,0x200,28f5373d00000000
3550,0x220,0f55049b00000000
3560,0x200,28fb373d00000000
3560,0x2B0,0000000f5c000000
3570,0x200,2902373d00000000
3580,0x200,2909373d00000000
3580,0x2B0,0000000f69000000
3590,0x200,2912373d00000000
3600,0x200,291a373d00000000
3600,0x220,0f75049b00000000
3600,0x2B0,0000000f75000000
3610,0x200,2924373d00000000
3620,0x200,292d373d00000000
3620,0x2B0,0000000f82000000
3630,0x200,2938373d00000000
3640,0x200,2942373d00000000
3640,0x2B0,0000000f8f000000
3650,0x200,294d373d00000000
3650,0x220,0f96049b00000000
3660,0x200,2959373d00000000
3660,0x2B0,0000000f9c000000
3670,0x200,2965373d00000000
3680,0x200,2971373d00000000
3680,0x2B0,0000000fa9000000
3690,0x200,297e373d00000000
3700,0x200,298a373d00000000
3700,0x220,0fb6049b00000000
3700,0x2B0,0000000fb6000000
3710,0x200,2997373d00000000
3720,0x200,29a5373d00000000
3720,0x2B0,0000000fc3000000
3730,0x200,29b2373d00000000
3740,0x200,29c0373d00000000
3740,0x2B0,0000000fd0000000
3750,0x200,29ce373d00000000
3750,0x220,0fd6049b00000000
3760,0x200,29dd373d00000000
3760,0x2B0,0000000fdc000000
3770,0x200,29eb373d00000000
3780,0x200,29fa373d00000000
3780,0x2B0,0000000fe9000000
3790,0x200,2a08373d00000000
3800,0x200,2a17373d00000000
3800,0x220,0ff6049b00000000
3800,0x2B0,0000000ff6000000
3810,0x200,2a27373d00000000
3820,0x200,2a36373d00000000
3820,0x2B0,0000001003000000
3830,0x200,2a45373d00000000
3840,0x200,2a55373d00000000
3840,0x2B0,0000001010000000
3850,0x200,2a64373d00000000
3850,0x220,1016049b00000000
3860,0x200,2a74373d00000000
3860,0x2B0,000000101d000000
3870,0x200,2a84373d00000000
3880,0x200,2a94373d00000000
3880,0x2B0,000000102a000000
3890,0x200,2aa4373d00000000
3900,0x200,2ab4373d00000000
3900,0x220,1036049b00000000
3900,0x2B0,0000001036000000
3910,0x200,2ac4373d00000000
3920,0x200,2ad4373d00000000
3920,0x2B0,0000001043000000
3930,0x200,2ae4373d00000000
3940,0x200,2af5373d00000000
3940,0x2B0,0000001050000000
3950,0x200,2b05373d00000000
3950,0x220,1057049a00000000
3960,0x200,2b16373d00000000
3960,0x2B0,000000105d000000
3970,0x200,2b26373d00000000
3980,0x200,2b37373d00000000
3980,0x2B0,000000106a000000
3990,0x200,2b47373d00000000
4000,0x200,2b58373d00000000
4000,0x220,1077049a00000000
4000,0x2B0,0000001077000000
4010,0x200,2b69373d00000000
4020,0x200,2b79373d00000000
4020,0x2B0,0000001084000000
4030,0x200,2b8a373d00000000
4040,0x200,2b9b373d00000000
4040,0x2B0,0000001090000000
4050,0x200,2bac373d00000000
4050,0x220,1097049a00000000
4060,0x200,2bbd373d00000000
4060,0x2B0,000000109d000000
4070,0x200,2bce373d00000000
4080,0x200,2bdf373d00000000
4080,0x2B0,00000010aa000000
4090,0x200,2bef373d00000000
4100,0x200,2c00373d00000000
4100,0x220,10b7049a00000000
4100,0x2B0,00000010b7000000
4110,0x200,2c11373d00000000
4120,0x200,2c22373d00000000
4120,0x2B0,00000010c4000000
4130,0x200,2c33373d00000000
4140,0x200,2c44373d00000000
4140,0x2B0,00000010d1000000
4150,0x200,2c55373d00000000
4150,0x220,10d7049a00000000
4160,0x200,2c67373d00000000
4160,0x2B0,00000010dd000000
4170,0x200,2c78373d00000000
4180,0x200,2c89373d00000000
4180,0x2B0,00000010ea000000
4190,0x200,2c9a373d00000000
4200,0x200,2cab373d00000000
4200,0x220,10f7049a00000000
4200,0x2B0,00000010f7000000
4210,0x200,2cbc373d00000000
4220,0x200,2ccd373d00000000
4220,0x2B0,0000001104000000
4230,0x200,2cde373d00000000
4240,0x200,2cef373d00000000
4240,0x2B0,0000001111000000
4250,0x200,2d01373d00000000
4250,0x220,1117049a00000000
4260,0x200,2d12373d00000000
4260,0x2B0,000000111e000000
4270,0x200,2d23373d00000000
4280,0x200,2d34373d00000000
4280,0x2B0,000000112a000000
4290,0x200,2d45373d00000000
4300,0x200,2d56373d00000000
4300,0x220,1137049a00000000
4300,0x2B0,0000001137000000
4310,0x200,2d68373d00000000
4320,0x200,2d79373d00000000
4320,0x2B0,0000001144000000
4330,0x200,2d8a373d00000000
4340,0x200,2d9b373d00000000
4340,0x2B0,0000001151000000
4350,0x200,2dac373d00000000
4350,0x220,1157049a00000000
4360,0x200,2dbe373d00000000
4360,0x2B0,000000115e000000
4370,0x200,2dcf373d00000000
4380,0x200,2de0373d00000000
4380,0x2B0,000000116a000000
4390,0x200,2df1373d00000000
4400,0x200,2e02373d00000000
4400,0x220,1177049a00000000
4400,0x2B0,0000001177000000
4410,0x200,2e14373d00000000
4420,0x200,2e25373d00000000
4420,0x2B0,0000001184000000
4430,0x200,2e36373d00000000
4440,0x200,2e47373d00000000
4440,0x2B0,0000001191000000
4450,0x200,2e58373d00000000
4450,0x220,1197049a00000000
4460,0x200,2e6a373d00000000
4460,0x2B0,000000119e000000
4470,0x200,2e7b373d00000000
4480,0x200,2e8c373d00000000
4480,0x2B0,00000011aa000000
4490,0x200,2e9d373d00000000
4500,0x200,2eaf373d00000000
4500,0x220,11b7049a00000000
4500,0x2B0,00000011b7000000
4510,0x200,2ec0373d00000000
4520,0x200,2ed1373d00000000
4520,0x2B0,00000011c4000000
4530,0x200,2ee2373d00000000
4540,0x200,2ef3373d00000000
4540,0x2B0,00000011d1000000
4550,0x200,2f05373d00000000
4550,0x220,11d7049a00000000
4560,0x200,2f16373d00000000
4560,0x2B0,00000011de000000
4570,0x200,2f27373d00000000
4580,0x200,2f38373d00000000
4580,0x2B0,00000011ea000000
4590,0x200,2f4a373d00000000
4600,0x200,2f5b373d00000000
4600,0x220,11f7049a00000000
4600,0x2B0,00000011f7000000
4610,0x200,2f6c373d00000000
4620,0x200,2f7d373d00000000
4620,0x2B0,0000001204000000
4630,0x200,2f8f373d00000000
4640,0x200,2fa0373d00000000
4640,0x2B0,0000001211000000
4650,0x200,2fb1373d00000000
4650,0x220,1217049a00000000
4660,0x200,2fc2373d00000000
4660,0x2B0,000000121e000000
4670,0x200,2fd3373d00000000
4680,0x200,2fe5373d00000000
4680,0x2B0,000000122a000000
4690,0x200,2ff6373d00000000
4700,0x200,3007373d00000000
4700,0x220,1237049a00000000
4700,0x2B0,0000001237000000
4710,0x200,3018373d00000000
4720,0x200,3029373d00000000
4720,0x2B0,0000001244000000
4730,0x200,303b373d00000000
4740,0x200,304c373d00000000
4740,0x2B0,0000001251000000
4750,0x200,305d373d00000000
4750,0x220,1257049a00000000
4760,0x200,306e373d00000000
4760,0x2B0,000000125e000000
4770,0x200,3080373d00000000
4780,0x200,3091373d00000000
4780,0x2B0,000000126a000000
4790,0x200,30a2373d00000000
4800,0x200,30b3373d00000000
4800,0x220,1277049900000000
4800,0x2B0,0000001277000000
4810,0x200,30c4373d00000000
4820,0x200,30d6373d00000000
4820,0x2B0,0000001284000000
4830,0x200,30e7373d00000000
4840,0x200,30f8373d00000000
4840,0x2B0,0000001291000000
4850,0x200,3109373d00000000
4850,0x220,1297049900000000
4860,0x200,311a373d00000000
4860,0x2B0,000000129d000000
4870,0x200,312c373d00000000
4880,0x200,313d373d00000000
4880,0x2B0,00000012aa000000
4890,0x200,314e373d00000000
4900,0x200,315f373d00000000
4900,0x220,12b7049900000000
4900,0x2B0,00000012b7000000
4910,0x200,3170373d00000000
4920,0x200,3182373d00000000
4920,0x2B0,00000012c4000000
4930,0x200,3193373d00000000
4940,0x200,31a4373d00000000
4940,0x2B0,00000012d1000000
4950,0x200,31b5373d00000000
4950,0x220,12d7049900000000
4960,0x200,31c6373d00000000
4960,0x2B0,00000012dd000000
4970,0x200,31d8373d00000000
4980,0x200,31e9373d00000000
4980,0x2B0,00000012ea000000
4990,0x200,31fa373d00000000
5000,0x200,320b373d00000000
5000,0x220,12f7049900000000
5000,0x2B0,00000012f7000000
5010,0x200,321c373d00000000
5020,0x200,322e373d00000000
5020,0x2B0,0000001304000000
5030,0x200,323f373d00000000
5040,0x200,3250373d00000000
5040,0x2B0,0000001310000000
5050,0x200,3261373d00000000
5050,0x220,1317049900000000
5060,0x200,3272373d00000000
5060,0x2B0,000000131d000000
5070,0x200,3284373d00000000
5080,0x200,3295373d00000000
5080,0x2B0,000000132a000000
5090,0x200,32a6373d00000000
5100,0x200,32b7373d00000000
5100,0x220,1337049900000000
5100,0x2B0,0000001337000000
5110,0x200,32c8373d00000000
5120,0x200,32d9373d00000000
5120,0x2B0,0000001343000000
5130,0x200,32eb373d00000000
5140,0x200,32fc373d00000000
5140,0x2B0,0000001350000000
5150,0x200,330d373d00000000
5150,0x220,1356049900000000
5160,0x200,331e373d00000000
5160,0x2B0,000000135d000000
5170,0x200,332f373d00000000
5180,0x200,3340373d00000000
5180,0x2B0,000000136a000000
5190,0x200,3352373d00000000
5200,0x200,3363373d00000000
5200,0x220,1376049900000000
5200,0x2B0,0000001376000000
5210,0x200,3374373d00000000
5220,0x200,3385373d00000000
5220,0x2B0,0000001383000000
5230,0x200,3396373d00000000
5240,0x200,33a7373d00000000
5240,0x2B0,0000001390000000
5250,0x200,33b9373d00000000
5250,0x220,1396049900000000
5260,0x200,33ca373d00000000
5260,0x2B0,000000139c000000
5270,0x200,33db373d00000000
5280,0x200,33ec373d00000000
5280,0x2B0,00000013a9000000
5290,0x200,33fd373d00000000
5300,0x200,340e373d00000000
5300,0x220,13b6049900000000
5300,0x2B0,00000013b6000000
5310,0x200,341f373d00000000
5320,0x200,3431373d00000000
5320,0x2B0,00000013c3000000
5330,0x200,3442373d00000000
5340,0x200,3453373d00000000
5340,0x2B0,00000013cf000000
5350,0x200,3464373d00000000
5350,0x220,13d6049900000000
5360,0x200,3475373d00000000
5360,0x2B0,00000013dc000000
5370,0x200,3486373d00000000
5380,0x200,3498373d00000000
5380,0x2B0,00000013e9000000
5390,0x200,34a9373d00000000
5400,0x200,34ba373d00000000
5400,0x220,13f6049900000000
5400,0x2B0,00000013f6000000
5410,0x200,34cb373d00000000
5420,0x200,34dc373d00000000
5420,0x2B0,0000001402000000
5430,0x200,34ed373d00000000
5440,0x200,34fe373d00000000
5440,0x2B0,000000140f000000
5450,0x200,350f373d00000000
5450,0x220,1415049900000000
5460,0x200,3521373d00000000
5460,0x2B0,000000141c000000
5470,0x200,3532373d00000000
5480,0x200,3543373d00000000
5480,0x2B0,0000001428000000
5490,0x200,3554373d00000000
5500,0x200,3565373d00000000
5500,0x220,1435049900000000
5500,0x2B0,0000001435000000
5510,0x200,3576373d00000000
5520,0x200,3587373d00000000
5520,0x2B0,0000001442000000
5530,0x200,3598373d00000000
5540,0x200,35aa373d00000000
5540,0x2B0,000000144f000000
5550,0x200,35bb373d00000000
5550,0x220,1455049800000000
5560,0x200,35cc373d00000000
5560,0x2B0,000000145b000000
5570,0x200,35dd373d00000000
5580,0x200,35ee373d00000000
5580,0x2B0,0000001468000000
5590,0x200,35ff373d00000000
5600,0x200,3610373d00000000
5600,0x220,1475049800000000
5600,0x2B0,0000001475000000
5610,0x200,3621373d00000000
5620,0x200,3633373d00000000
5620,0x2B0,0000001481000000
5630,0x200,3644373d00000000
5640,0x200,3655373d00000000
5640,0x2B0,000000148e000000
5650,0x200,3666373d00000000
5650,0x220,1494049800000000
5660,0x200,3677373d00000000
5660,0x2B0,000000149b000000
5670,0x200,3688373d00000000
5680,0x200,3699373d00000000
5680,0x2B0,00000014a7000000
5690,0x200,36aa373d00000000
5700,0x200,36bb373d00000000
5700,0x220,14b4049800000000
5700,0x2B0,00000014b4000000
5710,0x200,36cc373d00000000
5720,0x200,36de373d00000000
5720,0x2B0,00000014c1000000
5730,0x200,36ef373d00000000
5740,0x200,3700373d00000000
5740,0x2B0,00000014cd000000
5750,0x200,3711373d00000000
5750,0x220,14d4049800000000
5760,0x200,3722373d00000000
5760,0x2B0,00000014da000000
5770,0x200,3733373d00000000
5780,0x200,3744373d00000000
5780,0x2B0,00000014e7000000
5790,0x200,3755373d00000000
5800,0x200,3766373d00000000
5800,0x220,14f4049800000000
5800,0x2B0,00000014f4000000
5810,0x200,3777373d00000000
5820,0x200,3788373d00000000
5820,0x2B0,0000001500000000
5830,0x200,379a373d00000000
5840,0x200,37ab373d00000000
5840,0x2B0,000000150d000000
5850,0x200,37bc373d00000000
5850,0x220,1513049800000000
5860,0x200,37cd373d00000000
5860,0x2B0,000000151a000000
5870,0x200,37de373d00000000
5880,0x200,37ef373d00000000
5880,0x2B0,0000001526000000
5890,0x200,3800373d00000000
5900,0x200,3811373d00000000
5900,0x220,1533049800000000
5900,0x2B0,0000001533000000
5910,0x200,3822373d00000000
5920,0x200,3833373d00000000
5920,0x2B0,0000001540000000
5930,0x200,3844373d00000000
5940,0x200,3855373d00000000
5940,0x2B0,000000154c000000
5950,0x200,3866373d00000000
5950,0x220,1553049800000000
5960,0x200,3878373d00000000
5960,0x2B0,0000001559000000
5970,0x200,3889373d00000000
5980,0x200,389a373d00000000
5980,0x2B0,0000001566000000
5990,0x200,38ab373d00000000
6000,0x200,3761323d00000000
6000,0x220,156f044200000000
6000,0x2B0,000000156f000000
6010,0x200,362c323d00000000
6020,0x200,350b323d00000000
6020,0x2B0,0000001576000000
6030,0x200,33fd323d00000000
6040,0x200,32ff323d00000000
6040,0x2B0,000000157c000000
6050,0x200,3212323d00000000
6050,0x220,157f044100000000
6060,0x200,3134323d00000000
6060,0x2B0,0000001582000000
6070,0x200,3064323d00000000
6080,0x200,2fa1323d00000000
6080,0x2B0,0000001589000000
6090,0x200,2eeb323d00000000
6100,0x200,2e41323d00000000
6100,0x220,158f044100000000
6100,0x2B0,000000158f000000
6110,0x200,2da2323d00000000
6120,0x200,2d0d323d00000000
6120,0x2B0,0000001596000000
6130,0x200,2c81323d00000000
6140,0x200,2bff323d00000000
6140,0x2B0,000000159c000000
6150,0x200,2b85323d00000000
6150,0x220,159f044100000000
6160,0x200,2b13323d00000000
6160,0x2B0,00000015a3000000
6170,0x200,2aa9323d00000000
6180,0x200,2a45323d00000000
6180,0x2B0,00000015a9000000
6190,0x200,29e8323d00000000
6200,0x200,2992323d00000000
6200,0x220,15b0044100000000
6200,0x2B0,00000015b0000000
6210,0x200,2941323d00000000
6220,0x200,28f5323d00000000
6220,0x2B0,00000015b6000000
6230,0x200,28af323d00000000
6240,0x200,286d323d00000000
6240,0x2B0,00000015bc000000
6250,0x200,282f323d00000000
6250,0x220,15c0044100000000
6260,0x200,27f6323d00000000
6260,0x2B0,00000015c3000000
6270,0x200,27c1323d00000000
6280,0x200,278f323d00000000
6280,0x2B0,00000015c9000000
6290,0x200,2761323d00000000
6300,0x200,2736323d00000000
6300,0x220,15d0044100000000
6300,0x2B0,00000015d0000000
6310,0x200,270e323d00000000
6320,0x200,26e9323d00000000
6320,0x2B0,00000015d6000000
6330,0x200,26c7323d00000000
6340,0x200,26a7323d00000000
6340,0x2B0,00000015dd000000
6350,0x200,2689323d00000000
6350,0x220,15e0044100000000
6360,0x200,266e323d00000000
6360,0x2B0,00000015e3000000
6370,0x200,2655323d00000000
6380,0x200,263d323d00000000
6380,0x2B0,00000015e9000000
6390,0x200,2628323d00000000
6400,0x200,2614323d00000000
6400,0x220,15f0044100000000
6400,0x2B0,00000015f0000000
6410,0x200,2601323d00000000
6420,0x200,25f0323d00000000
6420,0x2B0,00000015f6000000
6430,0x200,25e1323d00000000
6440,0x200,25d3323d00000000
6440,0x2B0,00000015fd000000
6450,0x200,25c6323d00000000
6450,0x220,1600044100000000
6460,0x200,25ba323d00000000
6460,0x2B0,0000001603000000
6470,0x200,25af323d00000000
6480,0x200,25a6323d00000000
6480,0x2B0,000000160a000000
6490,0x200,259d323d00000000
6500,0x200,2595323e00000000
6500,0x220,1610044100000000
6500,0x2B0,0000001610000000
6510,0x200,258e323e00000000
6520,0x200,2588323e00000000
6520,0x2B0,0000001616000000
6530,0x200,2582323e00000000
6540,0x200,257d323e00000000
6540,0x2B0,000000161d000000
6550,0x200,2579323e00000000
6550,0x220,1620044100000000
6560,0x200,2575323e00000000
6560,0x2B0,0000001623000000
6570,0x200,2572323e00000000
6580,0x200,2570323e00000000
6580,0x2B0,000000162a000000
6590,0x200,256e323e00000000
6600,0x200,256c323e00000000
6600,0x220,1630044100000000
6600,0x2B0,0000001630000000
6610,0x200,256b323e00000000
6620,0x200,256a323e00000000
6620,0x2B0,0000001636000000
6630,0x200,256a323e00000000
6640,0x200,256a323e00000000
6640,0x2B0,000000163d000000
6650,0x200,256a323e00000000
6650,0x220,1640044100000000
6660,0x200,256b323e00000000
6660,0x2B0,0000001643000000
6670,0x200,256c323e00000000
6680,0x200,256d323e00000000
6680,0x2B0,000000164a000000
6690,0x200,256f323e00000000
6700,0x200,2570323e00000000
6700,0x220,1650044100000000
6700,0x2B0,0000001650000000
6710,0x200,2572323e00000000
6720,0x200,2575323e00000000
6720,0x2B0,0000001656000000
6730,0x200,2577323e00000000
6740,0x200,257a323e00000000
6740,0x2B0,000000165d000000
6750,0x200,257c323e00000000
6750,0x220,1660044100000000
6760,0x200,257f323e00000000
6760,0x2B0,0000001663000000
6770,0x200,2582323e00000000
6780,0x200,2585323e00000000
6780,0x2B0,000000166a000000
6790,0x200,2589323e00000000
6800,0x200,258c323e00000000
6800,0x220,1670044100000000
6800,0x2B0,0000001670000000
6810,0x200,2590323e00000000
6820,0x200,2594323e00000000
6820,0x2B0,0000001676000000
6830,0x200,2597323e00000000
6840,0x200,259b323e00000000
6840,0x2B0,000000167d000000
6850,0x200,259f323e00000000
6850,0x220,1680044100000000
6860,0x200,25a3323e00000000
6860,0x2B0,0000001683000000
6870,0x200,25a8323e00000000
6880,0x200,25ac323e00000000
6880,0x2B0,000000168a000000
6890,0x200,25b0323e00000000
6900,0x200,25b5323e00000000
6900,0x220,1690044100000000
6900,0x2B0,0000001690000000
6910,0x200,25b9323e00000000
6920,0x200,25bd323e00000000
6920,0x2B0,0000001696000000
6930,0x200,25c2323e00000000
6940,0x200,25c7323e00000000
6940,0x2B0,000000169d000000
6950,0x200,25cb323e00000000
6950,0x220,16a0044100000000
6960,0x200,25d0323e00000000
6960,0x2B0,00000016a3000000
6970,0x200,25d5323e00000000
6980,0x200,25da323e00000000
6980,0x2B0,00000016aa000000
6990,0x200,25de323e00000000
7000,0x200,25e3323e00000000
7000,0x220,16b0044100000000
7000,0x2B0,00000016b0000000
7010,0x200,25e8323e00000000
7020,0x200,25ed323e00000000
7020,0x2B0,00000016b6000000
7030,0x200,25f2323e00000000
7040,0x200,25f7323e00000000
7040,0x2B0,00000016bd000000
7050,0x200,25fc323e00000000
7050,0x220,16c0044100000000
7060,0x200,2601323e00000000
7060,0x2B0,00000016c3000000
7070,0x200,2606323e00000000
7080,0x200,260b323e00000000
7080,0x2B0,00000016ca000000
7090,0x200,2610323e00000000
7100,0x200,2615323e00000000
7100,0x220,16d0044100000000
7100,0x2B0,00000016d0000000
7110,0x200,261a323e00000000
7120,0x200,261f323e00000000
7120,0x2B0,00000016d6000000
7130,0x200,2625323e00000000
7140,0x200,262a323e00000000
7140,0x2B0,00000016dd000000
7150,0x200,262f323e00000000
7150,0x220,16e0044100000000
7160,0x200,2634323e00000000
7160,0x2B0,00000016e3000000
7170,0x200,2639323e00000000
7180,0x200,263f323e00000000
7180,0x2B0,00000016ea000000
7190,0x200,2644323e00000000
7200,0x200,2649323e00000000
7200,0x220,16f0044100000000
7200,0x2B0,00000016f0000000
7210,0x200,264e323e00000000
7220,0x200,2654323e00000000
7220,0x2B0,00000016f6000000
7230,0x200,2659323e00000000
7240,0x200,265e323e00000000
7240,0x2B0,00000016fd000000
7250,0x200,2663323e00000000
7250,0x220,1700044100000000
7260,0x200,2669323e00000000
7260,0x2B0,0000001703000000
7270,0x200,266e323e00000000
7280,0x200,2673323e00000000
7280,0x2B0,0000001709000000
7290,0x200,2678323e00000000
7300,0x200,267e323e00000000
7300,0x220,1710044100000000
7300,0x2B0,0000001710000000
7310,0x200,2683323e00000000
7320,0x200,2688323e00000000
7320,0x2B0,0000001716000000
7330,0x200,268e323e00000000
7340,0x200,2693323e00000000
7340,0x2B0,000000171d000000
7350,0x200,2698323e00000000
7350,0x220,1720044000000000
7360,0x200,269e323e00000000
7360,0x2B0,0000001723000000
7370,0x200,26a3323e00000000
7380,0x200,26a8323e00000000
7380,0x2B0,0000001729000000
7390,0x200,26ae323e00000000
7400,0x200,26b3323e00000000
7400,0x220,1730044000000000
7400,0x2B0,0000001730000000
7410,0x200,26b8323e00000000
7420,0x200,26be323e00000000
7420,0x2B0,0000001736000000
7430,0x200,26c3323e00000000
7440,0x200,26c8323e00000000
7440,0x2B0,000000173c000000
7450,0x200,26cd323e00000000
7450,0x220,1740044000000000
7460,0x200,26d3323e00000000
7460,0x2B0,0000001743000000
7470,0x200,26d8323e00000000
7480,0x200,26de323e00000000
7480,0x2B0,0000001749000000
7490,0x200,26e3323e00000000
7500,0x200,26e8323e00000000
7500,0x220,174f044000000000
7500,0x2B0,000000174f000000
7510,0x200,26ee323e00000000
7520,0x200,26f3323e00000000
7520,0x2B0,0000001756000000
7530,0x200,26f8323e00000000
7540,0x200,26fe323e00000000
7540,0x2B0,000000175c000000
7550,0x200,2703323e00000000
7550,0x220,175f044000000000
7560,0x200,2708323e00000000
7560,0x2B0,0000001763000000
7570,0x200,270e323e00000000
7580,0x200,2713323e00000000
7580,0x2B0,0000001769000000
7590,0x200,2718323e00000000
7600,0x200,271e323e00000000
7600,0x220,176f044000000000
7600,0x2B0,000000176f000000
7610,0x200,2723323e00000000
7620,0x200,2728323e00000000
7620,0x2B0,0000001776000000
7630,0x200,272e323e00000000
7640,0x200,2733323e00000000
7640,0x2B0,000000177c000000
7650,0x200,2738323e00000000
7650,0x220,177f044000000000
7660,0x200,273e323e00000000
7660,0x2B0,0000001782000000
7670,0x200,2743323e00000000
7680,0x200,2748323e00000000
7680,0x2B0,0000001789000000
7690,0x200,274e323e00000000
7700,0x200,2753323e00000000
7700,0x220,178f044000000000
7700,0x2B0,000000178f000000
7710,0x200,2758323e00000000
7720,0x200,275e323e00000000
7720,0x2B0,0000001795000000
7730,0x200,2763323e00000000
7740,0x200,2768323e00000000
7740,0x2B0,000000179c000000
7750,0x200,276e323e00000000
7750,0x220,179f044000000000
7760,0x200,2773323e00000000
7760,0x2B0,00000017a2000000
7770,0x200,2778323e00000000
7780,0x200,277e323e00000000
7780,0x2B0,00000017a8000000
7790,0x200,2783323e00000000
7800,0x200,2788323e00000000
7800,0x220,17af044000000000
7800,0x2B0,00000017af000000
7810,0x200,278e323e00000000
7820,0x200,2793323e00000000
7820,0x2B0,00000017b5000000
7830,0x200,2799323e00000000
7840,0x200,279e323e00000000
7840,0x2B0,00000017bb000000
7850,0x200,27a3323e00000000
7850,0x220,17bf044000000000
7860,0x200,27a9323e00000000
7860,0x2B0,00000017c2000000
7870,0x200,27ae323e00000000
7880,0x200,27b3323e00000000
7880,0x2B0,00000017c8000000
7890,0x200,27b9323e00000000
7900,0x200,27be323e00000000
7900,0x220,17cf044000000000
7900,0x2B0,00000017cf000000
7910,0x200,27c3323e00000000
7920,0x200,27c9323e00000000
7920,0x2B0,00000017d5000000
7930,0x200,27ce323e00000000
7940,0x200,27d3323e00000000
7940,0x2B0,00000017db000000
7950,0x200,27d9323e00000000
7950,0x220,17de044000000000
7960,0x200,27de323e00000000
7960,0x2B0,00000017e2000000
7970,0x200,27e3323e00000000
7980,0x200,27e9323e00000000
7980,0x2B0,00000017e8000000
7990,0x200,27ee323e00000000
8000,0x200,27f3323e00000000
8000,0x220,17ee044000000000
8000,0x2B0,00000017ee000000
8010,0x200,27f9323e00000000
8020,0x200,27fe323e00000000
8020,0x2B0,00000017f5000000
8030,0x200,2803323e00000000
8040,0x200,2809323e00000000
8040,0x2B0,00000017fb000000
8050,0x200,280e323e00000000
8050,0x220,17fe044000000000
8060,0x200,2813323e00000000
8060,0x2B0,0000001801000000
8070,0x200,2819323e00000000
8080,0x200,281e323e00000000
8080,0x2B0,0000001808000000
8090,0x200,2823323e00000000
8100,0x200,2829323e00000000
8100,0x220,180e044000000000
8100,0x2B0,000000180e000000
8110,0x200,282e323e00000000
8120,0x200,2833323e00000000
8120,0x2B0,0000001814000000
8130,0x200,2839323e00000000
8140,0x200,283e323e00000000
8140,0x2B0,000000181b000000
8150,0x200,2843323e00000000
8150,0x220,181e044000000000
8160,0x200,2849323e00000000
8160,0x2B0,0000001821000000
8170,0x200,284e323e00000000
8180,0x200,2853323e00000000
8180,0x2B0,0000001827000000
8190,0x200,2859323e00000000
8200,0x200,285e323e00000000
8200,0x220,182d044000000000
8200,0x2B0,000000182d000000
8210,0x200,2863323e00000000
8220,0x200,2869323e00000000
8220,0x2B0,0000001834000000
8230,0x200,286e323e00000000
8240,0x200,2873323e00000000
8240,0x2B0,000000183a000000
8250,0x200,2878323e00000000
8250,0x220,183d044000000000
8260,0x200,287e323e00000000
8260,0x2B0,0000001840000000
8270,0x200,2883323e00000000
8280,0x200,2888323e00000000
8280,0x2B0,0000001847000000
8290,0x200,288e323e00000000
8300,0x200,2893323e00000000
8300,0x220,184d044000000000
8300,0x2B0,000000184d000000
8310,0x200,2898323e00000000
8320,0x200,289e323e00000000
8320,0x2B0,0000001853000000
8330,0x200,28a3323e00000000
8340,0x200,28a8323e00000000
8340,0x2B0,000000185a000000
8350,0x200,28ae323e00000000
8350,0x220,185d044000000000
8360,0x200,28b3323e00000000
8360,0x2B0,0000001860000000
8370,0x200,28b8323e00000000
8380,0x200,28be323e00000000
8380,0x2B0,0000001866000000
8390,0x200,28c3323e00000000
8400,0x200,28c8323e00000000
8400,0x220,186d044000000000
8400,0x2B0,000000186d000000
8410,0x200,28ce323e00000000
8420,0x200,28d3323e00000000
8420,0x2B0,0000001873000000
8430,0x200,28d8323e00000000
8440,0x200,28de323e00000000
8440,0x2B0,0000001879000000
8450,0x200,28e3323e00000000
8450,0x220,187c044000000000
8460,0x200,28e8323e00000000
8460,0x2B0,0000001880000000
8470,0x200,28ed323e00000000
8480,0x200,28f3323e00000000
8480,0x2B0,0000001886000000
8490,0x200,28f8323e00000000
8500,0x200,28fd323e00000000
8500,0x220,188c044000000000
8500,0x2B0,000000188c000000
8510,0x200,2903323e00000000
8520,0x200,2908323e00000000
8520,0x2B0,0000001892000000
8530,0x200,290d323e00000000
8540,0x200,2913323e00000000
8540,0x2B0,0000001899000000
8550,0x200,2918323e00000000
8550,0x220,189c044000000000
8560,0x200,291d323e00000000
8560,0x2B0,000000189f000000
8570,0x200,2923323e00000000
8580,0x200,2928323e00000000
8580,0x2B0,00000018a5000000
8590,0x200,292d323e00000000
8600,0x200,2932323e00000000
8600,0x220,18ac043f00000000
8600,0x2B0,00000018ac000000
8610,0x200,2938323e00000000
8620,0x200,293d323e00000000
8620,0x2B0,00000018b2000000
8630,0x200,2942323e00000000
8640,0x200,2948323e00000000
8640,0x2B0,00000018b8000000
8650,0x200,294d323e00000000
8650,0x220,18bb043f00000000
8660,0x200,2952323e00000000
8660,0x2B0,00000018bf000000
8670,0x200,2958323e00000000
8680,0x200,295d323e00000000
8680,0x2B0,00000018c5000000
8690,0x200,2962323e00000000
8700,0x200,2968323e00000000
8700,0x220,18cb043f00000000
8700,0x2B0,00000018cb000000
8710,0x200,296d323e00000000
8720,0x200,2972323e00000000
8720,0x2B0,00000018d1000000
8730,0x200,2977323e00000000
8740,0x200,297d323e00000000
8740,0x2B0,00000018d8000000
8750,0x200,2982323e00000000
8750,0x220,18db043f00000000
8760,0x200,2987323e00000000
8760,0x2B0,00000018de000000
8770,0x200,298d323e00000000
8780,0x200,2992323e00000000
8780,0x2B0,00000018e4000000
8790,0x200,2997323e00000000
8800,0x200,299d323e00000000
8800,0x220,18eb043f00000000
8800,0x2B0,00000018eb000000
8810,0x200,29a2323e00000000
8820,0x200,29a7323e00000000
8820,0x2B0,00000018f1000000
8830,0x200,29ac323e00000000
8840,0x200,29b2323e00000000
8840,0x2B0,00000018f7000000
8850,0x200,29b7323e00000000
8850,0x220,18fa043f00000000
8860,0x200,29bc323e00000000
8860,0x2B0,00000018fd000000
8870,0x200,29c2323e00000000
8880,0x200,29c7323e00000000
8880,0x2B0,0000001904000000
8890,0x200,29cc323e00000000
8900,0x200,29d1323e00000000
8900,0x220,190a043f00000000
8900,0x2B0,000000190a000000
8910,0x200,29d7323e00000000
8920,0x200,29dc323e00000000
8920,0x2B0,0000001910000000
8930,0x200,29e1323e00000000
8940,0x200,29e7323e00000000
8940,0x2B0,0000001917000000
8950,0x200,29ec323e00000000
8950,0x220,191a043f00000000
8960,0x200,29f1323e00000000
8960,0x2B0,000000191d000000
8970,0x200,29f6323e00000000
8980,0x200,29fc323e00000000
8980,0x2B0,0000001923000000
8990,0x200,2a01323e00000000
9000,0x200,2a06323e00000000
9000,0x220,1929043f00000000
9000,0x2B0,0000001929000000
9010,0x200,2a0c323e00000000
9020,0x200,2a11323e00000000
9020,0x2B0,0000001930000000
9030,0x200,2a16323e00000000
9040,0x200,2a1b323e00000000
9040,0x2B0,0000001936000000
9050,0x200,2a21323e00000000
9050,0x220,1939043f00000000
9060,0x200,2a26323e00000000
9060,0x2B0,000000193c000000
9070,0x200,2a2b323e00000000
9080,0x200,2a31323e00000000
9080,0x2B0,0000001942000000
9090,0x200,2a36323e00000000
9100,0x200,2a3b323e00000000
9100,0x220,1949043f00000000
9100,0x2B0,0000001949000000
9110,0x200,2a40323e00000000
9120,0x200,2a46323e00000000
9120,0x2B0,000000194f000000
9130,0x200,2a4b323e00000000
9140,0x200,2a50323e00000000
9140,0x2B0,0000001955000000
9150,0x200,2a56323e00000000
9150,0x220,1958043f00000000
9160,0x200,2a5b323e00000000
9160,0x2B0,000000195c000000
9170,0x200,2a60323e00000000
9180,0x200,2a65323e00000000
9180,0x2B0,0000001962000000
9190,0x200,2a6b323e00000000
9200,0x200,2a70323e00000000
9200,0x220,1968043f00000000
9200,0x2B0,0000001968000000
9210,0x200,2a75323e00000000
9220,0x200,2a7a323e00000000
9220,0x2B0,000000196e000000
9230,0x200,2a80323e00000000
9240,0x200,2a85323e00000000
9240,0x2B0,0000001975000000
9250,0x200,2a8a323e00000000
9250,0x220,1978043f00000000
9260,0x200,2a90323e00000000
9260,0x2B0,000000197b000000
9270,0x200,2a95323e00000000
9280,0x200,2a9a323e00000000
9280,0x2B0,0000001981000000
9290,0x200,2a9f323e00000000
9300,0x200,2aa5323e00000000
9300,0x220,1987043f00000000
9300,0x2B0,0000001987000000
9310,0x200,2aaa323e00000000
9320,0x200,2aaf323e00000000
9320,0x2B0,000000198e000000
9330,0x200,2ab4323e00000000
9340,0x200,2aba323e00000000
9340,0x2B0,0000001994000000
9350,0x200,2abf323e00000000
9350,0x220,1997043f00000000
9360,0x200,2ac4323e00000000
9360,0x2B0,000000199a000000
9370,0x200,2aca323e00000000
9380,0x200,2acf323e00000000
9380,0x2B0,00000019a0000000
9390,0x200,2ad4323e00000000
9400,0x200,2ad9323e00000000
9400,0x220,19a7043f00000000
9400,0x2B0,00000019a7000000
9410,0x200,2adf323e00000000
9420,0x200,2ae4323e00000000
9420,0x2B0,00000019ad000000
9430,0x200,2ae9323e00000000
9440,0x200,2aee323e00000000
9440,0x2B0,00000019b3000000
9450,0x200,2af4323e00000000
9450,0x220,19b6043f00000000
9460,0x200,2af9323e00000000
9460,0x2B0,00000019b9000000
9470,0x200,2afe323e00000000
9480,0x200,2b03323e00000000
9480,0x2B0,00000019c0000000
9490,0x200,2b09323e00000000
9500,0x200,2b0e323e00000000
9500,0x220,19c6043f00000000
9500,0x2B0,00000019c6000000
9510,0x200,2b13323e00000000
9520,0x200,2b18323e00000000
9520,0x2B0,00000019cc000000
9530,0x200,2b1e323e00000000
9540,0x200,2b23323e00000000
9540,0x2B0,00000019d2000000
9550,0x200,2b28323e00000000
9550,0x220,19d5043f00000000
9560,0x200,2b2d323e00000000
9560,0x2B0,00000019d9000000
9570,0x200,2b33323e00000000
9580,0x200,2b38323e00000000
9580,0x2B0,00000019df000000
9590,0x200,2b3d323e00000000
9600,0x200,2b43323e00000000
9600,0x220,19e5043f00000000
9600,0x2B0,00000019e5000000
9610,0x200,2b48323e00000000
9620,0x200,2b4d323e00000000
9620,0x2B0,00000019eb000000
9630,0x200,2b52323e00000000
9640,0x200,2b58323e00000000
9640,0x2B0,00000019f2000000
9650,0x200,2b5d323e00000000
9650,0x220,19f5043f00000000
9660,0x200,2b62323e00000000
9660,0x2B0,00000019f8000000
9670,0x200,2b67323e00000000
9680,0x200,2b6d323e00000000
9680,0x2B0,00000019fe000000
9690,0x200,2b72323e00000000
9700,0x200,2b77323e00000000
9700,0x220,1a04043f00000000
9700,0x2B0,0000001a04000000
9710,0x200,2b7c323e00000000
9720,0x200,2b82323e00000000
9720,0x2B0,0000001a0a000000
9730,0x200,2b87323e00000000
9740,0x200,2b8c323e00000000
9740,0x2B0,0000001a11000000
9750,0x200,2b91323e00000000
9750,0x220,1a14043e00000000
9760,0x200,2b97323e00000000
9760,0x2B0,0000001a17000000
9770,0x200,2b9c323e00000000
9780,0x200,2ba1323e00000000
9780,0x2B0,0000001a1d000000
9790,0x200,2ba6323e00000000
9800,0x200,2bab323e00000000
9800,0x220,1a23043e00000000
9800,0x2B0,0000001a23000000
9810,0x200,2bb1323e00000000
9820,0x200,2bb6323e00000000
9820,0x2B0,0000001a2a000000
9830,0x200,2bbb323e00000000
9840,0x200,2bc0323e00000000
9840,0x2B0,0000001a30000000
9850,0x200,2bc6323e00000000
9850,0x220,1a33043e00000000
9860,0x200,2bcb323e00000000
9860,0x2B0,0000001a36000000
9870,0x200,2bd0323e00000000
9880,0x200,2bd5323e00000000
9880,0x2B0,0000001a3c000000
9890,0x200,2bdb323e00000000
9900,0x200,2be0323e00000000
9900,0x220,1a42043e00000000
9900,0x2B0,0000001a42000000
9910,0x200,2be5323e00000000
9920,0x200,2bea323e00000000
9920,0x2B0,0000001a49000000
9930,0x200,2bf0323e00000000
9940,0x200,2bf5323e00000000
9940,0x2B0,0000001a4f000000
9950,0x200,2bfa323e00000000
9950,0x220,1a52043e00000000
9960,0x200,2bff323e00000000
9960,0x2B0,0000001a55000000
9970,0x200,2c05323e00000000
9980,0x200,2c0a323e00000000
9980,0x2B0,0000001a5b000000
9990,0x200,2c0f323e00000000
10000,0x200,2c14323e00000000
10000,0x220,1a62043e00000000
10000,0x2B0,0000001a62000000
10010,0x200,2c19323e00000000
10020,0x200,2c1f323e00000000
10020,0x2B0,0000001a68000000
10030,0x200,2c24323e00000000
10040,0x200,2c29323e00000000
10040,0x2B0,0000001a6e000000
10050,0x200,2c2e323e00000000
10050,0x220,1a71043e00000000
10060,0x200,2c34323e00000000
10060,0x2B0,0000001a74000000
10070,0x200,2c39323e00000000
10080,0x200,2c3e323e00000000
10080,0x2B0,0000001a7a000000
10090,0x200,2c43323e00000000
10100,0x200,2c49323e00000000
10100,0x220,1a81043e00000000
10100,0x2B0,0000001a81000000
10110,0x200,2c4e323e00000000
10120,0x200,2c53323e00000000
10120,0x2B0,0000001a87000000
10130,0x200,2c58323e00000000
10140,0x200,2c5d323e00000000
10140,0x2B0,0000001a8d000000
10150,0x200,2c63323e00000000
10150,0x220,1a90043e00000000
10160,0x200,2c68323e00000000
10160,0x2B0,0000001a93000000
10170,0x200,2c6d323e00000000
10180,0x200,2c72323e00000000
10180,0x2B0,0000001a99000000
10190,0x200,2c78323e00000000
10200,0x200,2c7d323e00000000
10200,0x220,1aa0043e00000000
10200,0x2B0,0000001aa0000000
10210,0x200,2c82323e00000000
10220,0x200,2c87323e00000000
10220,0x2B0,0000001aa6000000
10230,0x200,2c8c323e00000000
10240,0x200,2c92323e00000000
10240,0x2B0,0000001aac000000
10250,0x200,2c97323e00000000
10250,0x220,1aaf043e00000000
10260,0x200,2c9c323e00000000
10260,0x2B0,0000001ab2000000
10270,0x200,2ca1323e00000000
10280,0x200,2ca7323e00000000
10280,0x2B0,0000001ab8000000
10290,0x200,2cac323e00000000
10300,0x200,2cb1323e00000000
10300,0x220,1abf043e00000000
10300,0x2B0,0000001abf000000
10310,0x200,2cb6323e00000000
10320,0x200,2cbb323e00000000
10320,0x2B0,0000001ac5000000
10330,0x200,2cc1323e00000000
10340,0x200,2cc6323e00000000
10340,0x2B0,0000001acb000000
10350,0x200,2ccb323e00000000
10350,0x220,1ace043e00000000
10360,0x200,2cd0323e00000000
10360,0x2B0,0000001ad1000000
10370,0x200,2cd6323e00000000
10380,0x200,2cdb323e00000000
10380,0x2B0,0000001ad7000000
10390,0x200,2ce0323e00000000
10400,0x200,2ce5323e00000000
10400,0x220,1add043e00000000
10400,0x2B0,0000001add000000
10410,0x200,2cea323e00000000
10420,0x200,2cf0323e00000000
10420,0x2B0,0000001ae4000000
10430,0x200,2cf5323e00000000
10440,0x200,2cfa323e00000000
10440,0x2B0,0000001aea000000
10450,0x200,2cff323e00000000
10450,0x220,1aed043e00000000
10460,0x200,2d04323e00000000
10460,0x2B0,0000001af0000000
10470,0x200,2d0a323e00000000
10480,0x200,2d0f323e00000000
10480,0x2B0,0000001af6000000
10490,0x200,2d14323e00000000
10500,0x200,2d19323e00000000
10500,0x220,1afc043e00000000
10500,0x2B0,0000001afc000000
10510,0x200,2d1e323e00000000
10520,0x200,2d24323e00000000
10520,0x2B0,0000001b03000000
10530,0x200,2d29323e00000000
10540,0x200,2d2e323e00000000
10540,0x2B0,0000001b09000000
10550,0x200,2d33323e00000000
10550,0x220,1b0c043e00000000
10560,0x200,2d38323e00000000
10560,0x2B0,0000001b0f000000
10570,0x200,2d3e323e00000000
10580,0x200,2d43323e00000000
10580,0x2B0,0000001b15000000
10590,0x200,2d48323e00000000
10600,0x200,2d4d323e00000000
10600,0x220,1b1b043e00000000
10600,0x2B0,0000001b1b000000
10610,0x200,2d52323e00000000
10620,0x200,2d58323e00000000
10620,0x2B0,0000001b21000000
10630,0x200,2d5d323e00000000
10640,0x200,2d62323e00000000
10640,0x2B0,0000001b28000000
10650,0x200,2d67323e00000000
10650,0x220,1b2b043e00000000
10660,0x200,2d6c323e00000000
10660,0x2B0,0000001b2e000000
10670,0x200,2d72323e00000000
10680,0x200,2d77323e00000000
10680,0x2B0,0000001b34000000
10690,0x200,2d7c323e00000000
10700,0x200,2d81323e00000000
10700,0x220,1b3a043e00000000
10700,0x2B0,0000001b3a000000
10710,0x200,2d86323e00000000
10720,0x200,2d8c323e00000000
10720,0x2B0,0000001b40000000
10730,0x200,2d91323e00000000
10740,0x200,2d96323e00000000
10740,0x2B0,0000001b46000000
10750,0x200,2d9b323e00000000
10750,0x220,1b4a043e00000000
10760,0x200,2da0323e00000000
10760,0x2B0,0000001b4d000000
10770,0x200,2da6323e00000000
10780,0x200,2dab323e00000000
10780,0x2B0,0000001b53000000
10790,0x200,2db0323e00000000
10800,0x200,2db5323e00000000
10800,0x220,1b59043e00000000
10800,0x2B0,0000001b59000000
10810,0x200,2dba323e00000000
10820,0x200,2dc0323e00000000
10820,0x2B0,0000001b5f000000
10830,0x200,2dc5323e00000000
10840,0x200,2dca323e00000000
10840,0x2B0,0000001b65000000
10850,0x200,2dcf323e00000000
10850,0x220,1b68043e00000000
10860,0x200,2dd4323e00000000
10860,0x2B0,0000001b6b000000
10870,0x200,2dda323e00000000
10880,0x200,2ddf323e00000000
10880,0x2B0,0000001b72000000
10890,0x200,2de4323e00000000
10900,0x200,2de9323e00000000
10900,0x220,1b78043d00000000
10900,0x2B0,0000001b78000000
10910,0x200,2dee323e00000000
10920,0x200,2df3323f00000000
10920,0x2B0,0000001b7e000000
10930,0x200,2df9323f00000000
10940,0x200,2dfe323f00000000
10940,0x2B0,0000001b84000000
10950,0x200,2e03323f00000000
10950,0x220,1b87043d00000000
10960,0x200,2e08323f00000000
10960,0x2B0,0000001b8a000000
10970,0x200,2e0d323f00000000
10980,0x200,2e13323f00000000
10980,0x2B0,0000001b90000000
10990,0x200,2e18323f00000000
11000,0x200,2d252d3f00000000
11000,0x220,1b95041000000000
11000,0x2B0,0000001b95000000
11010,0x200,2c422d3f00000000
11020,0x200,2b6d2d3f00000000
11020,0x2B0,0000001b98000000
11030,0x200,2aa62d3f00000000
11040,0x200,29eb2d3f00000000
11040,0x2B0,0000001b9b000000
11050,0x200,293b2d3f00000000
11050,0x220,1b9c041000000000
11060,0x200,28972d3f00000000
11060,0x2B0,0000001b9d000000
11070,0x200,27fe2d3f00000000
11080,0x200,276e2d3f00000000
11080,0x2B0,0000001ba0000000
11090,0x200,26e72d3f00000000
11100,0x200,26682d3f00000000
11100,0x220,1ba3041000000000
11100,0x2B0,0000001ba3000000
11110,0x200,25f22d3f00000000
11120,0x200,25832d3f00000000
11120,0x2B0,0000001ba6000000
11130,0x200,251b2d3f00000000
11140,0x200,24ba2d3f00000000
11140,0x2B0,0000001ba9000000
11150,0x200,245f2d3f00000000
11150,0x220,1baa041000000000
11160,0x200,24092d3f00000000
11160,0x2B0,0000001bac000000
11170,0x200,23b92d3f00000000
11180,0x200,236f2d3f00000000
11180,0x2B0,0000001baf000000
11190,0x200,23292d3f00000000
11200,0x200,22e72d3f00000000
11200,0x220,1bb2041000000000
11200,0x2B0,0000001bb2000000
11210,0x200,22aa2d3f00000000
11220,0x200,22702d3f00000000
11220,0x2B0,0000001bb4000000
11230,0x200,223b2d3f00000000
11240,0x200,22082d3f00000000
11240,0x2B0,0000001bb7000000
11250,0x200,21d92d3f00000000
11250,0x220,1bb9041000000000
11260,0x200,21ad2d3f00000000
11260,0x2B0,0000001bba000000
11270,0x200,21842d3f00000000
11280,0x200,215e2d3f00000000
11280,0x2B0,0000001bbd000000
11290,0x200,213a2d3f00000000
11300,0x200,21182d3f00000000
11300,0x220,1bc0041000000000
11300,0x2B0,0000001bc0000000
11310,0x200,20f92d3f00000000
11320,0x200,20dc2d3f00000000
11320,0x2B0,0000001bc3000000
11330,0x200,20c02d3f00000000
11340,0x200,20a72d3f00000000
11340,0x2B0,0000001bc6000000
11350,0x200,208f2d3f00000000
11350,0x220,1bc7041000000000
11360,0x200,20782d3f00000000
11360,0x2B0,0000001bc9000000
11370,0x200,20642d3f00000000
11380,0x200,20502d3f00000000
11380,0x2B0,0000001bcb000000
11390,0x200,203e2d3f00000000
11400,0x200,202d2d3f00000000
11400,0x220,1bce041000000000
11400,0x2B0,0000001bce000000
11410,0x200,201d2d3f00000000
11420,0x200,200f2d3f00000000
11420,0x2B0,0000001bd1000000
11430,0x200,20012d3f00000000
11440,0x200,1ff52d3f00000000
11440,0x2B0,0000001bd4000000
11450,0x200,1fe92d3f00000000
11450,0x220,1bd5041000000000
11460,0x200,1fde2d3f00000000
11460,0x2B0,0000001bd7000000
11470,0x200,1fd42d3f00000000
11480,0x200,1fca2d3f00000000
11480,0x2B0,0000001bda000000
11490,0x200,1fc22d3f00000000
11500,0x200,1fba2d3f00000000
11500,0x220,1bdd041000000000
11500,0x2B0,0000001bdd000000
11510,0x200,1fb22d3f00000000
11520,0x200,1fab2d3f00000000
11520,0x2B0,0000001bdf000000
11530,0x200,1fa52d3f00000000
11540,0x200,1f9f2d3f00000000
11540,0x2B0,0000001be2000000
11550,0x200,1f992d3f00000000
11550,0x220,1be4041000000000
11560,0x200,1f952d3f00000000
11560,0x2B0,0000001be5000000
11570,0x200,1f902d3f00000000
11580,0x200,1f8c2d3f00000000
11580,0x2B0,0000001be8000000
11590,0x200,1f882d3f00000000
11600,0x200,1f852d3f00000000
11600,0x220,1beb041000000000
11600,0x2B0,0000001beb000000
11610,0x200,1f812d3f00000000
11620,0x200,1f7e2d3f00000000
11620,0x2B0,0000001bee000000
11630,0x200,1f7c2d3f00000000
11640,0x200,1f7a2d3f00000000
11640,0x2B0,0000001bf1000000
11650,0x200,1f782d3f00000000
11650,0x220,1bf2041000000000
11660,0x200,1f762d3f00000000
11660,0x2B0,0000001bf3000000
11670,0x200,1f742d3f00000000
11680,0x200,1f732d3f00000000
11680,0x2B0,0000001bf6000000
11690,0x200,1f712d3f00000000
11700,0x200,1f702d3f00000000
11700,0x220,1bf9041000000000
11700,0x2B0,0000001bf9000000
11710,0x200,1f6f2d3f00000000
11720,0x200,1f6f2d3f00000000
11720,0x2B0,0000001bfc000000
11730,0x200,1f6e2d3f00000000
11740,0x200,1f6e2d3f00000000
11740,0x2B0,0000001bff000000
11750,0x200,1f6d2d3f00000000
11750,0x220,1c00041000000000
11760,0x200,1f6d2d3f00000000
11760,0x2B0,0000001c02000000
11770,0x200,1f6d2d3f00000000
11780,0x200,1f6d2d3f00000000
11780,0x2B0,0000001c05000000
11790,0x200,1f6d2d3f00000000
11800,0x200,1f6d2d3f00000000
11800,0x220,1c07041000000000
11800,0x2B0,0000001c07000000
11810,0x200,1f6e2d3f00000000
11820,0x200,1f6e2d3f00000000
11820,0x2B0,0000001c0a000000
11830,0x200,1f6e2d3f00000000
11840,0x200,1f6f2d3f00000000
11840,0x2B0,0000001c0d000000
11850,0x200,1f702d3f00000000
11850,0x220,1c0f041000000000
11860,0x200,1f702d3f00000000
11860,0x2B0,0000001c10000000
11870,0x200,1f712d3f00000000
11880,0x200,1f722d3f00000000
11880,0x2B0,0000001c13000000
11890,0x200,1f732d3f00000000
11900,0x200,1f732d3f00000000
11900,0x220,1c16041000000000
11900,0x2B0,0000001c16000000
11910,0x200,1f742d3f00000000
11920,0x200,1f752d3f00000000
11920,0x2B0,0000001c19000000
11930,0x200,1f762d3f00000000
11940,0x200,1f772d3f00000000
11940,0x2B0,0000001c1b000000
11950,0x200,1f782d3f00000000
11950,0x220,1c1d041000000000
11960,0x200,1f792d3f00000000
11960,0x2B0,0000001c1e000000
11970,0x200,1f7b2d3f00000000
11980,0x200,1f7c2d3f00000000
11980,0x2B0,0000001c21000000
11990,0x200,1f7d2d3f00000000
12000,0x200,1f7e2d3f00000000
12000,0x220,1c24041000000000
12000,0x2B0,0000001c24000000
12010,0x200,1f7f2d3f00000000
12020,0x200,1f812d3f00000000
12020,0x2B0,0000001c27000000
12030,0x200,1f822d3f00000000
12040,0x200,1f832d3f00000000
12040,0x2B0,0000001c2a000000
12050,0x200,1f852d3f00000000
12050,0x220,1c2b041000000000
12060,0x200,1f862d3f00000000
12060,0x2B0,0000001c2c000000
12070,0x200,1f872d3f00000000
12080,0x200,1f892d3f00000000
12080,0x2B0,0000001c2f000000
12090,0x200,1f8a2d3f00000000
12100,0x200,1f8b2d3f00000000
12100,0x220,1c32040f00000000
12100,0x2B0,0000001c32000000
12110,0x200,1f8d2d3f00000000
12120,0x200,1f8e2d3f00000000
12120,0x2B0,0000001c35000000
12130,0x200,1f902d3f00000000
12140,0x200,1f912d3f00000000
12140,0x2B0,0000001c38000000
12150,0x200,1f932d3f00000000
12150,0x220,1c39040f00000000
12160,0x200,1f942d3f00000000
12160,0x2B0,0000001c3b000000
12170,0x200,1f952d3f00000000
12180,0x200,1f972d3f00000000
12180,0x2B0,0000001c3e000000
12190,0x200,1f982d3f00000000
12200,0x200,1f9a2d3f00000000
12200,0x220,1c40040f00000000
12200,0x2B0,0000001c40000000
12210,0x200,1f9b2d3f00000000
12220,0x200,1f9d2d3f00000000
12220,0x2B0,0000001c43000000
12230,0x200,1f9e2d3f00000000
12240,0x200,1fa02d3f00000000
12240,0x2B0,0000001c46000000
12250,0x200,1fa12d3f00000000
12250,0x220,1c47040f00000000
12260,0x200,1fa32d3f00000000
12260,0x2B0,0000001c49000000
12270,0x200,1fa52d3f00000000
12280,0x200,1fa62d3f00000000
12280,0x2B0,0000001c4c000000
12290,0x200,1fa82d3f00000000
12300,0x200,1fa92d3f00000000
12300,0x220,1c4f040f00000000
12300,0x2B0,0000001c4f000000
12310,0x200,1fab2d3f00000000
12320,0x200,1fac2d3f00000000
12320,0x2B0,0000001c51000000
12330,0x200,1fae2d3f00000000
12340,0x200,1faf2d3f00000000
12340,0x2B0,0000001c54000000
12350,0x200,1fb12d3f00000000
12350,0x220,1c56040f00000000
12360,0x200,1fb22d3f00000000
12360,0x2B0,0000001c57000000
12370,0x200,1fb42d3f00000000
12380,0x200,1fb62d3f00000000
12380,0x2B0,0000001c5a000000
12390,0x200,1fb72d3f00000000
12400,0x200,1fb92d3f00000000
12400,0x220,1c5d040f00000000
12400,0x2B0,0000001c5d000000
12410,0x200,1fba2d3f00000000
12420,0x200,1fbc2d3f00000000
12420,0x2B0,0000001c60000000
12430,0x200,1fbd2d3f00000000
12440,0x200,1fbf2d3f00000000
12440,0x2B0,0000001c62000000
12450,0x200,1fc02d3f00000000
12450,0x220,1c64040f00000000
12460,0x200,1fc22d3f00000000
12460,0x2B0,0000001c65000000
12470,0x200,1fc42d3f00000000
12480,0x200,1fc52d3f00000000
12480,0x2B0,0000001c68000000
12490,0x200,1fc72d3f00000000
12500,0x200,1fc82d3f00000000
12500,0x220,1c6b040f00000000
12500,0x2B0,0000001c6b000000
12510,0x200,1fca2d3f00000000
12520,0x200,1fcc2d3f00000000
12520,0x2B0,0000001c6e000000
12530,0x200,1fcd2d3f00000000
12540,0x200,1fcf2d3f00000000
12540,0x2B0,0000001c71000000
12550,0x200,1fd02d3f00000000
12550,0x220,1c72040f00000000
12560,0x200,1fd22d3f00000000
12560,0x2B0,0000001c73000000
12570,0x200,1fd32d3f00000000
12580,0x200,1fd52d3f00000000
12580,0x2B0,0000001c76000000
12590,0x200,1fd72d3f00000000
12600,0x200,1fd82d3f00000000
12600,0x220,1c79040f00000000
12600,0x2B0,0000001c79000000
12610,0x200,1fda2d3f00000000
12620,0x200,1fdb2d3f00000000
12620,0x2B0,0000001c7c000000
12630,0x200,1fdd2d3f00000000
12640,0x200,1fde2d3f00000000
12640,0x2B0,0000001c7f000000
12650,0x200,1fe02d3f00000000
12650,0x220,1c80040f00000000
12660,0x200,1fe22d3f00000000
12660,0x2B0,0000001c82000000
12670,0x200,1fe32d3f00000000
12680,0x200,1fe52d3f00000000
12680,0x2B0,0000001c84000000
12690,0x200,1fe62d3f00000000
12700,0x200,1fe82d3f00000000
12700,0x220,1c87040f00000000
12700,0x2B0,0000001c87000000
12710,0x200,1fea2d3f00000000
12720,0x200,1feb2d3f00000000
12720,0x2B0,0000001c8a000000
12730,0x200,1fed2d3f00000000
12740,0x200,1fee2d3f00000000
12740,0x2B0,0000001c8d000000
12750,0x200,1ff02d3f00000000
12750,0x220,1c8e040f00000000
12760,0x200,1ff12d3f00000000
12760,0x2B0,0000001c90000000
12770,0x200,1ff32d3f00000000
12780,0x200,1ff52d3f00000000
12780,0x2B0,0000001c92000000
12790,0x200,1ff62d3f00000000
12800,0x200,1ff82d3f00000000
12800,0x220,1c95040f00000000
12800,0x2B0,0000001c95000000
12810,0x200,1ff92d3f00000000
12820,0x200,1ffb2d3f00000000
12820,0x2B0,0000001c98000000
12830,0x200,1ffd2d3f00000000
12840,0x200,1ffe2d3f00000000
12840,0x2B0,0000001c9b000000
12850,0x200,20002d3f00000000
12850,0x220,1c9c040f00000000
12860,0x200,20012d3f00000000
12860,0x2B0,0000001c9e000000
12870,0x200,20032d3f00000000
12880,0x200,20042d3f00000000
12880,0x2B0,0000001ca1000000
12890,0x200,20062d3f00000000
12900,0x200,20082d3f00000000
12900,0x220,1ca3040f00000000
12900,0x2B0,0000001ca3000000
12910,0x200,20092d3f00000000
12920,0x200,200b2d3f00000000
12920,0x2B0,0000001ca6000000
12930,0x200,200c2d3f00000000
12940,0x200,200e2d3f00000000
12940,0x2B0,0000001ca9000000
12950,0x200,20102d3f00000000
12950,0x220,1caa040f00000000
12960,0x200,20112d3f00000000
12960,0x2B0,0000001cac000000
12970,0x200,20132d3f00000000
12980,0x200,20142d3f00000000
12980,0x2B0,0000001caf000000
12990,0x200,20162d3f00000000
13000,0x200,20172d3f00000000
13000,0x220,1cb1040f00000000
13000,0x2B0,0000001cb1000000
13010,0x200,20192d3f00000000
13020,0x200,201b2d3f00000000
13020,0x2B0,0000001cb4000000
13030,0x200,201c2d3f00000000
13040,0x200,201e2d3f00000000
13040,0x2B0,0000001cb7000000
13050,0x200,201f2d3f00000000
13050,0x220,1cb9040f00000000
13060,0x200,20212d3f00000000
13060,0x2B0,0000001cba000000
13070,0x200,20222d3f00000000
13080,0x200,20242d3f00000000
13080,0x2B0,0000001cbd000000
13090,0x200,20262d3f00000000
13100,0x200,20272d3f00000000
13100,0x220,1cc0040f00000000
13100,0x2B0,0000001cc0000000
13110,0x200,20292d3f00000000
13120,0x200,202a2d3f00000000
13120,0x2B0,0000001cc2000000
13130,0x200,202c2d3f00000000
13140,0x200,202e2d3f00000000
13140,0x2B0,0000001cc5000000
13150,0x200,202f2d3f00000000
13150,0x220,1cc7040f00000000
13160,0x200,20312d3f00000000
13160,0x2B0,0000001cc8000000
13170,0x200,20322d3f00000000
13180,0x200,20342d3f00000000
13180,0x2B0,0000001ccb000000
13190,0x200,20352d3f00000000
13200,0x200,20372d3f00000000
13200,0x220,1cce040f00000000
13200,0x2B0,0000001cce000000
13210,0x200,20392d3f00000000
13220,0x200,203a2d3f00000000
13220,0x2B0,0000001cd0000000
13230,0x200,203c2d3f00000000
13240,0x200,203d2d3f00000000
13240,0x2B0,0000001cd3000000
13250,0x200,203f2d3f00000000
13250,0x220,1cd5040f00000000
13260,0x200,20402d3f00000000
13260,0x2B0,0000001cd6000000
13270,0x200,20422d3f00000000
13280,0x200,20442d3f00000000
13280,0x2B0,0000001cd9000000
13290,0x200,20452d3f00000000
13300,0x200,20472d3f00000000
13300,0x220,1cdc040f00000000
13300,0x2B0,0000001cdc000000
13310,0x200,20482d3f00000000
13320,0x200,204a2d3f00000000
13320,0x2B0,0000001cde000000
13330,0x200,204c2d3f00000000
13340,0x200,204d2d3f00000000
13340,0x2B0,0000001ce1000000
13350,0x200,204f2d3f00000000
13350,0x220,1ce3040f00000000
13360,0x200,20502d3f00000000
13360,0x2B0,0000001ce4000000
13370,0x200,20522d3f00000000
13380,0x200,20532d3f00000000
13380,0x2B0,0000001ce7000000
13390,0x200,20552d3f00000000
13400,0x200,20572d3f00000000
13400,0x220,1cea040f00000000
13400,0x2B0,0000001cea000000
13410,0x200,20582d3f00000000
13420,0x200,205a2d3f00000000
13420,0x2B0,0000001cec000000
13430,0x200,205b2d3f00000000
13440,0x200,205d2d3f00000000
13440,0x2B0,0000001cef000000
13450,0x200,205e2d3f00000000
13450,0x220,1cf1040f00000000
13460,0x200,20602d3f00000000
13460,0x2B0,0000001cf2000000
13470,0x200,20622d3f00000000
13480,0x200,20632d3f00000000
13480,0x2B0,0000001cf5000000
13490,0x200,20652d3f00000000
13500,0x200,20662d3f00000000
13500,0x220,1cf8040f00000000
13500,0x2B0,0000001cf8000000
13510,0x200,20682d3f00000000
13520,0x200,20692d3f00000000
13520,0x2B0,0000001cfa000000
13530,0x200,206b2d3f00000000
13540,0x200,206d2d3f00000000
13540,0x2B0,0000001cfd000000
13550,0x200,206e2d3f00000000
13550,0x220,1cff040f00000000
13560,0x200,20702d3f00000000
13560,0x2B0,0000001d00000000
13570,0x200,20712d3f00000000
13580,0x200,20732d3f00000000
13580,0x2B0,0000001d03000000
13590,0x200,20742d3f00000000
13600,0x200,20762d3f00000000
13600,0x220,1d06040f00000000
13600,0x2B0,0000001d06000000
13610,0x200,20782d3f00000000
13620,0x200,20792d3f00000000
13620,0x2B0,0000001d08000000
13630,0x200,207b2d3f00000000
13640,0x200,207c2d3f00000000
13640,0x2B0,0000001d0b000000
13650,0x200,207e2d3f00000000
13650,0x220,1d0d040f00000000
13660,0x200,207f2d3f00000000
13660,0x2B0,0000001d0e000000
13670,0x200,20812d3f00000000
13680,0x200,20832d3f00000000
13680,0x2B0,0000001d11000000
13690,0x200,20842d3f00000000
13700,0x200,20862d3f00000000
13700,0x220,1d14040f00000000
13700,0x2B0,0000001d14000000
13710,0x200,20872d3f00000000
13720,0x200,20892d3f00000000
13720,0x2B0,0000001d16000000
13730,0x200,208a2d3f00000000
13740,0x200,208c2d3f00000000
13740,0x2B0,0000001d19000000
13750,0x200,208e2d3f00000000
13750,0x220,1d1b040f00000000
13760,0x200,208f2d3f00000000
13760,0x2B0,0000001d1c000000
13770,0x200,20912d3f00000000
13780,0x200,20922d3f00000000
13780,0x2B0,0000001d1f000000
13790,0x200,20942d3f00000000
13800,0x200,20952d3f00000000
13800,0x220,1d22040f00000000
13800,0x2B0,0000001d22000000
13810,0x200,20972d3f00000000
13820,0x200,20992d3f00000000
13820,0x2B0,0000001d24000000
13830,0x200,209a2d3f00000000
13840,0x200,209c2d3f00000000
13840,0x2B0,0000001d27000000
13850,0x200,209d2d3f00000000
13850,0x220,1d29040f00000000
13860,0x200,209f2d3f00000000
13860,0x2B0,0000001d2a000000
13870,0x200,20a02d3f00000000
13880,0x200,20a22d3f00000000
13880,0x2B0,0000001d2d000000
13890,0x200,20a32d3f00000000
13900,0x200,20a52d3f00000000
13900,0x220,1d30040f00000000
13900,0x2B0,0000001d30000000
13910,0x200,20a72d3f00000000
13920,0x200,20a82d3f00000000
13920,0x2B0,0000001d32000000
13930,0x200,20aa2d3f00000000
13940,0x200,20ab2d3f00000000
13940,0x2B0,0000001d35000000
13950,0x200,20ad2d3f00000000
13950,0x220,1d36040f00000000
13960,0x200,20ae2d3f00000000
13960,0x2B0,0000001d38000000
13970,0x200,20b02d3f00000000
13980,0x200,20b22d3f00000000
13980,0x2B0,0000001d3b000000
13990,0x200,20b32d3f00000000
14000,0x200,20b52d3f00000000
14000,0x220,1d3d040f00000000
14000,0x2B0,0000001d3d000000
14010,0x200,20b62d3f00000000
14020,0x200,20b82d3f00000000
14020,0x2B0,0000001d40000000
14030,0x200,20b92d3f00000000
14040,0x200,20bb2d3f00000000
14040,0x2B0,0000001d43000000
14050,0x200,20bc2d3f00000000
14050,0x220,1d44040f00000000
14060,0x200,20be2d3f00000000
14060,0x2B0,0000001d46000000
14070,0x200,20c02d3f00000000
14080,0x200,20c12d3f00000000
14080,0x2B0,0000001d49000000
14090,0x200,20c32d3f00000000
14100,0x200,20c42d3f00000000
14100,0x220,1d4b040f00000000
14100,0x2B0,0000001d4b000000
14110,0x200,20c62d3f00000000
14120,0x200,20c72d3f00000000
14120,0x2B0,0000001d4e000000
14130,0x200,20c92d3f00000000
14140,0x200,20cb2d3f00000000
14140,0x2B0,0000001d51000000
14150,0x200,20cc2d3f00000000
14150,0x220,1d52040f00000000
14160,0x200,20ce2d3f00000000
14160,0x2B0,0000001d54000000
14170,0x200,20cf2d3f00000000
14180,0x200,20d12d3f00000000
14180,0x2B0,0000001d56000000
14190,0x200,20d22d3f00000000
14200,0x200,20d42d3f00000000
14200,0x220,1d59040f00000000
14200,0x2B0,0000001d59000000
14210,0x200,20d52d3f00000000
14220,0x200,20d72d3f00000000
14220,0x2B0,0000001d5c000000
14230,0x200,20d92d3f00000000
14240,0x200,20da2d3f00000000
14240,0x2B0,0000001d5f000000
14250,0x200,20dc2d3f00000000
14250,0x220,1d60040f00000000
14260,0x200,20dd2d3f00000000
14260,0x2B0,0000001d62000000
14270,0x200,20df2d3f00000000
14280,0x200,20e02d3f00000000
14280,0x2B0,0000001d64000000
14290,0x200,20e22d3f00000000
14300,0x200,20e42d3f00000000
14300,0x220,1d67040f00000000
14300,0x2B0,0000001d67000000
14310,0x200,20e52d3f00000000
14320,0x200,20e72d3f00000000
14320,0x2B0,0000001d6a000000
14330,0x200,20e82d3f00000000
14340,0x200,20ea2d3f00000000
14340,0x2B0,0000001d6d000000
14350,0x200,20eb2d3f00000000
14350,0x220,1d6e040f00000000
14360,0x200,20ed2d3f00000000
14360,0x2B0,0000001d6f000000
14370,0x200,20ee2d3f00000000
14380,0x200,20f02d3f00000000
14380,0x2B0,0000001d72000000
14390,0x200,20f22d3f00000000
14400,0x200,20f32d3f00000000
14400,0x220,1d75040e00000000
14400,0x2B0,0000001d75000000
14410,0x200,20f52d3f00000000
14420,0x200,20f62d3f00000000
14420,0x2B0,0000001d78000000
14430,0x200,20f82d3f00000000
14440,0x200,20f92d3f00000000
14440,0x2B0,0000001d7b000000
14450,0x200,20fb2d3f00000000
14450,0x220,1d7c040e00000000
14460,0x200,20fc2d3f00000000
14460,0x2B0,0000001d7d000000
14470,0x200,20fe2d3f00000000
14480,0x200,21002d3f00000000
14480,0x2B0,0000001d80000000
14490,0x200,21012d3f00000000
14500,0x200,21032d3f00000000
14500,0x220,1d83040e00000000
14500,0x2B0,0000001d83000000
14510,0x200,21042d3f00000000
14520,0x200,21062d3f00000000
14520,0x2B0,0000001d86000000
14530,0x200,21072d3f00000000
14540,0x200,21092d3f00000000
14540,0x2B0,0000001d88000000
14550,0x200,210a2d3f00000000
14550,0x220,1d8a040e00000000
14560,0x200,210c2d3f00000000
14560,0x2B0,0000001d8b000000
14570,0x200,210e2d3f00000000
14580,0x200,210f2d3f00000000
14580,0x2B0,0000001d8e000000
14590,0x200,21112d3f00000000
14600,0x200,21122d3f00000000
14600,0x220,1d91040e00000000
14600,0x2B0,0000001d91000000
14610,0x200,21142d3f00000000
14620,0x200,21152d3f00000000
14620,0x2B0,0000001d93000000
14630,0x200,21172d3f00000000
14640,0x200,21182d3f00000000
14640,0x2B0,0000001d96000000
14650,0x200,211a2d3f00000000
14650,0x220,1d98040e00000000
14660,0x200,211c2d3f00000000
14660,0x2B0,0000001d99000000
14670,0x200,211d2d3f00000000
14680,0x200,211f2d3f00000000
14680,0x2B0,0000001d9c000000
14690,0x200,21202d3f00000000
14700,0x200,21222d3f00000000
14700,0x220,1d9e040e00000000
14700,0x2B0,0000001d9e000000
14710,0x200,21232d3f00000000
14720,0x200,21252d3f00000000
14720,0x2B0,0000001da1000000
14730,0x200,21262d3f00000000
14740,0x200,21282d3f00000000
14740,0x2B0,0000001da4000000
14750,0x200,21292d3f00000000
14750,0x220,1da5040e00000000
14760,0x200,212b2d3f00000000
14760,0x2B0,0000001da7000000
14770,0x200,212d2d3f00000000
14780,0x200,212e2d3f00000000
14780,0x2B0,0000001daa000000
14790,0x200,21302d3f00000000
14800,0x200,21312d3f00000000
14800,0x220,1dac040e00000000
14800,0x2B0,0000001dac000000
14810,0x200,21332d3f00000000
14820,0x200,21342d3f00000000
14820,0x2B0,0000001daf000000
14830,0x200,21362d3f00000000
14840,0x200,21372d3f00000000
14840,0x2B0,0000001db2000000
14850,0x200,21392d3f00000000
14850,0x220,1db3040e00000000
14860,0x200,213b2d3f00000000
14860,0x2B0,0000001db5000000
14870,0x200,213c2d3f00000000
14880,0x200,213e2d3f00000000
14880,0x2B0,0000001db7000000
14890,0x200,213f2d3f00000000
14900,0x200,21412d3f00000000
14900,0x220,1dba040e00000000
14900,0x2B0,0000001dba000000
14910,0x200,21422d3f00000000
14920,0x200,21442d3f00000000
14920,0x2B0,0000001dbd000000
14930,0x200,21452d3f00000000
14940,0x200,21472d3f00000000
14940,0x2B0,0000001dc0000000
14950,0x200,21482d3f00000000
14950,0x220,1dc1040e00000000
14960,0x200,214a2d3f00000000
14960,0x2B0,0000001dc2000000
14970,0x200,214c2d3f00000000
14980,0x200,214d2d3f00000000
14980,0x2B0,0000001dc5000000
14990,0x200,214f2d3f00000000
15000,0x200,21502d3f00000000
15000,0x220,1dc8040e00000000
15000,0x2B0,0000001dc8000000
15010,0x200,21522d3f00000000
15020,0x200,21532d3f00000000
15020,0x2B0,0000001dcb000000
15030,0x200,21552d3f00000000
15040,0x200,21562d3f00000000
15040,0x2B0,0000001dcd000000
15050,0x200,21582d3f00000000
15050,0x220,1dcf040e00000000
15060,0x200,21592d3f00000000
15060,0x2B0,0000001dd0000000
15070,0x200,215b2d3f00000000
15080,0x200,215d2d3f00000000
15080,0x2B0,0000001dd3000000
15090,0x200,215e2d3f00000000
15100,0x200,21602d3f00000000
15100,0x220,1dd6040e00000000
15100,0x2B0,0000001dd6000000
15110,0x200,21612d3f00000000
15120,0x200,21632d3f00000000
15120,0x2B0,0000001dd8000000
15130,0x200,21642d3f00000000
15140,0x200,21662d3f00000000
15140,0x2B0,0000001ddb000000
15150,0x200,21672d3f00000000
15150,0x220,1ddc040e00000000
15160,0x200,21692d3f00000000
15160,0x2B0,0000001dde000000
15170,0x200,216a2d3f00000000
15180,0x200,216c2d3f00000000
15180,0x2B0,0000001de1000000
15190,0x200,216e2d3f00000000
15200,0x200,216f2d3f00000000
15200,0x220,1de3040e00000000
15200,0x2B0,0000001de3000000
15210,0x200,21712d3f00000000
15220,0x200,21722d3f00000000
15220,0x2B0,0000001de6000000
15230,0x200,21742d3f00000000
15240,0x200,21752d3f00000000
15240,0x2B0,0000001de9000000
15250,0x200,21772d3f00000000
15250,0x220,1dea040e00000000
15260,0x200,21782d3f00000000
15260,0x2B0,0000001dec000000
15270,0x200,217a2d3f00000000
15280,0x200,217b2d3f00000000
15280,0x2B0,0000001dee000000
15290,0x200,217d2d3f00000000
15300,0x200,217e2d3f00000000
15300,0x220,1df1040e00000000
15300,0x2B0,0000001df1000000
15310,0x200,21802d3f00000000
15320,0x200,21822d3f00000000
15320,0x2B0,0000001df4000000
15330,0x200,21832d3f00000000
15340,0x200,21852d3f00000000
15340,0x2B0,0000001df7000000
15350,0x200,21862d3f00000000
15350,0x220,1df8040e00000000
15360,0x200,21882d3f00000000
15360,0x2B0,0000001df9000000
15370,0x200,21892d3f00000000
15380,0x200,218b2d3f00000000
15380,0x2B0,0000001dfc000000
15390,0x200,218c2d4000000000
15400,0x200,218e2d4000000000
15400,0x220,1dff040e00000000
15400,0x2B0,0000001dff000000
15410,0x200,218f2d4000000000
15420,0x200,21912d4000000000
15420,0x2B0,0000001e01000000
15430,0x200,21922d4000000000
15440,0x200,21942d4000000000
15440,0x2B0,0000001e04000000
15450,0x200,21962d4000000000
15450,0x220,1e06040e00000000
15460,0x200,21972d4000000000
15460,0x2B0,0000001e07000000
15470,0x200,21992d4000000000
15480,0x200,219a2d4000000000
15480,0x2B0,0000001e0a000000
15490,0x200,219c2d4000000000
15500,0x200,219d2d4000000000
15500,0x220,1e0c040e00000000
15500,0x2B0,0000001e0c000000
15510,0x200,219f2d4000000000
15520,0x200,21a02d4000000000
15520,0x2B0,0000001e0f000000
15530,0x200,21a22d4000000000
15540,0x200,21a32d4000000000
15540,0x2B0,0000001e12000000
15550,0x200,21a52d4000000000
15550,0x220,1e13040e00000000
15560,0x200,21a62d4000000000
15560,0x2B0,0000001e15000000
15570,0x200,21a82d4000000000
15580,0x200,21aa2d4000000000
15580,0x2B0,0000001e17000000
15590,0x200,21ab2d4000000000
15600,0x200,21ad2d4000000000
15600,0x220,1e1a040e00000000
15600,0x2B0,0000001e1a000000
15610,0x200,21ae2d4000000000
15620,0x200,21b02d4000000000
15620,0x2B0,0000001e1d000000
15630,0x200,21b12d4000000000
15640,0x200,21b32d4000000000
15640,0x2B0,0000001e20000000
15650,0x200,21b42d4000000000
15650,0x220,1e21040e00000000
15660,0x200,21b62d4000000000
15660,0x2B0,0000001e22000000
15670,0x200,21b72d4000000000
15680,0x200,21b92d4000000000
15680,0x2B0,0000001e25000000
15690,0x200,21ba2d4000000000
15700,0x200,21bc2d4000000000
15700,0x220,1e28040e00000000
15700,0x2B0,0000001e28000000
15710,0x200,21bd2d4000000000
15720,0x200,21bf2d4000000000
15720,0x2B0,0000001e2a000000
15730,0x200,21c12d4000000000
15740,0x200,21c22d4000000000
15740,0x2B0,0000001e2d000000
15750,0x200,21c42d4000000000
15750,0x220,1e2f040e00000000
15760,0x200,21c52d4000000000
15760,0x2B0,0000001e30000000
15770,0x200,21c72d4000000000
15780,0x200,21c82d4000000000
15780,0x2B0,0000001e33000000
15790,0x200,21ca2d4000000000
15800,0x200,21cb2d4000000000
15800,0x220,1e35040e00000000
15800,0x2B0,0000001e35000000
15810,0x200,21cd2d4000000000
15820,0x200,21ce2d4000000000
15820,0x2B0,0000001e38000000
15830,0x200,21d02d4000000000
15840,0x200,21d12d4000000000
15840,0x2B0,0000001e3b000000
15850,0x200,21d32d4000000000
15850,0x220,1e3c040e00000000
15860,0x200,21d42d4000000000
15860,0x2B0,0000001e3e000000
15870,0x200,21d62d4000000000
15880,0x200,21d82d4000000000
15880,0x2B0,0000001e40000000
15890,0x200,21d92d4000000000
15900,0x200,21db2d4000000000
15900,0x220,1e43040e00000000
15900,0x2B0,0000001e43000000
15910,0x200,21dc2d4000000000
15920,0x200,21de2d4000000000
15920,0x2B0,0000001e46000000
15930,0x200,21df2d4000000000
15940,0x200,21e12d4000000000
15940,0x2B0,0000001e48000000
15950,0x200,21e22d4000000000
15950,0x220,1e4a040e00000000
15960,0x200,21e42d4000000000
15960,0x2B0,0000001e4b000000
15970,0x200,21e52d4000000000
15980,0x200,21e72d4000000000
15980,0x2B0,0000001e4e000000
15990,0x200,21e82d4000000000
16000,0x200,21ea2d4000000000
16000,0x220,1e51040e00000000
16000,0x2B0,0000001e51000000
16010,0x200,21eb2d4000000000
16020,0x200,21ed2d4000000000
16020,0x2B0,0000001e53000000
16030,0x200,21ee2d4000000000
16040,0x200,21f02d4000000000
16040,0x2B0,0000001e56000000
16050,0x200,21f22d4000000000
16050,0x220,1e57040e00000000
16060,0x200,21f32d4000000000
16060,0x2B0,0000001e59000000
16070,0x200,21f52d4000000000
16080,0x200,21f62d4000000000
16080,0x2B0,0000001e5c000000
16090,0x200,21f82d4000000000
16100,0x200,21f92d4000000000
16100,0x220,1e5e040e00000000
16100,0x2B0,0000001e5e000000
16110,0x200,21fb2d4000000000
16120,0x200,21fc2d4000000000
16120,0x2B0,0000001e61000000
16130,0x200,21fe2d4000000000
16140,0x200,21ff2d4000000000
16140,0x2B0,0000001e64000000
16150,0x200,22012d4000000000
16150,0x220,1e65040e00000000
16160,0x200,22022d4000000000
16160,0x2B0,0000001e66000000
16170,0x200,22042d4000000000
16180,0x200,22052d4000000000
16180,0x2B0,0000001e69000000
16190,0x200,22072d4000000000
16200,0x200,22082d4000000000
16200,0x220,1e6c040e00000000
16200,0x2B0,0000001e6c000000
16210,0x200,220a2d4000000000
16220,0x200,220b2d4000000000
16220,0x2B0,0000001e6f000000
16230,0x200,220d2d4000000000
16240,0x200,220f2d4000000000
16240,0x2B0,0000001e71000000
16250,0x200,22102d4000000000
16250,0x220,1e73040e00000000
16260,0x200,22122d4000000000
16260,0x2B0,0000001e74000000
16270,0x200,22132d4000000000
16280,0x200,22152d4000000000
16280,0x2B0,0000001e77000000
16290,0x200,22162d4000000000
16300,0x200,22182d4000000000
16300,0x220,1e79040e00000000
16300,0x2B0,0000001e79000000
16310,0x200,22192d4000000000
16320,0x200,221b2d4000000000
16320,0x2B0,0000001e7c000000
16330,0x200,221c2d4000000000
16340,0x200,221e2d4000000000
16340,0x2B0,0000001e7f000000
16350,0x200,221f2d4000000000
16350,0x220,1e80040e00000000
16360,0x200,22212d4000000000
16360,0x2B0,0000001e81000000
16370,0x200,22222d4000000000
16380,0x200,22242d4000000000
16380,0x2B0,0000001e84000000
16390,0x200,22252d4000000000
16400,0x200,22272d4000000000
16400,0x220,1e87040e00000000
16400,0x2B0,0000001e87000000
16410,0x200,22282d4000000000
16420,0x200,222a2d4000000000
16420,0x2B0,0000001e8a000000
16430,0x200,222b2d4000000000
16440,0x200,222d2d4000000000
16440,0x2B0,0000001e8c000000
16450,0x200,222e2d4000000000
16450,0x220,1e8e040e00000000
16460,0x200,22302d4000000000
16460,0x2B0,0000001e8f000000
16470,0x200,22322d4000000000
16480,0x200,22332d4000000000
16480,0x2B0,0000001e92000000
16490,0x200,22352d4000000000
16500,0x200,22362d4000000000
16500,0x220,1e94040e00000000
16500,0x2B0,0000001e94000000
16510,0x200,22382d4000000000
16520,0x200,22392d4000000000
16520,0x2B0,0000001e97000000
16530,0x200,223b2d4000000000
16540,0x200,223c2d4000000000
16540,0x2B0,0000001e9a000000
16550,0x200,223e2d4000000000
16550,0x220,1e9b040e00000000
16560,0x200,223f2d4000000000
16560,0x2B0,0000001e9d000000
16570,0x200,22412d4000000000
16580,0x200,22422d4000000000
16580,0x2B0,0000001e9f000000
16590,0x200,22442d4000000000
16600,0x200,22452d4000000000
16600,0x220,1ea2040e00000000
16600,0x2B0,0000001ea2000000
16610,0x200,22472d4000000000
16620,0x200,22482d4000000000
16620,0x2B0,0000001ea5000000
16630,0x200,224a2d4000000000
16640,0x200,224b2d4000000000
16640,0x2B0,0000001ea7000000
16650,0x200,224d2d4000000000
16650,0x220,1ea9040d00000000
16660,0x200,224e2d4000000000
16660,0x2B0,0000001eaa000000
16670,0x200,22502d4000000000
16680,0x200,22512d4000000000
16680,0x2B0,0000001ead000000
16690,0x200,22532d4000000000
16700,0x200,22542d4000000000
16700,0x220,1eaf040d00000000
16700,0x2B0,0000001eaf000000
16710,0x200,22562d4000000000
16720,0x200,22572d4000000000
16720,0x2B0,0000001eb2000000
16730,0x200,22592d4000000000
16740,0x200,225a2d4000000000
16740,0x2B0,0000001eb5000000
16750,0x200,225c2d4000000000
16750,0x220,1eb6040d00000000
16760,0x200,225e2d4000000000
16760,0x2B0,0000001eb8000000
16770,0x200,225f2d4000000000
16780,0x200,22612d4000000000
16780,0x2B0,0000001eba000000
16790,0x200,22622d4000000000
16800,0x200,22642d4000000000
16800,0x220,1ebd040d00000000
16800,0x2B0,0000001ebd000000
16810,0x200,22652d4000000000
16820,0x200,22672d4000000000
16820,0x2B0,0000001ec0000000
16830,0x200,22682d4000000000
16840,0x200,226a2d4000000000
16840,0x2B0,0000001ec2000000
16850,0x200,226b2d4000000000
16850,0x220,1ec4040d00000000
16860,0x200,226d2d4000000000
16860,0x2B0,0000001ec5000000
16870,0x200,226e2d4000000000
16880,0x200,22702d4000000000
16880,0x2B0,0000001ec8000000
16890,0x200,22712d4000000000
16900,0x200,22732d4000000000
16900,0x220,1eca040d00000000
16900,0x2B0,0000001eca000000
16910,0x200,22742d4000000000
16920,0x200,22762d4000000000
16920,0x2B0,0000001ecd000000
16930,0x200,22772d4000000000
16940,0x200,22792d4000000000
16940,0x2B0,0000001ed0000000
16950,0x200,227a2d4000000000
16950,0x220,1ed1040d00000000
16960,0x200,227c2d4000000000
16960,0x2B0,0000001ed2000000
16970,0x200,227d2d4000000000
16980,0x200,227f2d4000000000
16980,0x2B0,0000001ed5000000
16990,0x200,22802d4000000000
17000,0x200,22822d4000000000
17000,0x220,1ed8040d00000000
17000,0x2B0,0000001ed8000000
17010,0x200,22832d4000000000
17020,0x200,22852d4000000000
17020,0x2B0,0000001edb000000
17030,0x200,22862d4000000000
17040,0x200,22882d4000000000
17040,0x2B0,0000001edd000000
17050,0x200,22892d4000000000
17050,0x220,1edf040d00000000
17060,0x200,228b2d4000000000
17060,0x2B0,0000001ee0000000
17070,0x200,228c2d4000000000
17080,0x200,228e2d4000000000
17080,0x2B0,0000001ee3000000
17090,0x200,228f2d4000000000
17100,0x200,22912d4000000000
17100,0x220,1ee5040d00000000
17100,0x2B0,0000001ee5000000
17110,0x200,22922d4000000000
17120,0x200,22942d4000000000
17120,0x2B0,0000001ee8000000
17130,0x200,22952d4000000000
17140,0x200,22972d4000000000
17140,0x2B0,0000001eeb000000
17150,0x200,22982d4000000000
17150,0x220,1eec040d00000000
17160,0x200,229a2d4000000000
17160,0x2B0,0000001eed000000
17170,0x200,229b2d4000000000
17180,0x200,229d2d4000000000
17180,0x2B0,0000001ef0000000
17190,0x200,229e2d4000000000
17200,0x200,22a02d4000000000
17200,0x220,1ef3040d00000000
17200,0x2B0,0000001ef3000000
17210,0x200,22a12d4000000000
17220,0x200,22a32d4000000000
17220,0x2B0,0000001ef5000000
17230,0x200,22a42d4000000000
17240,0x200,22a62d4000000000
17240,0x2B0,0000001ef8000000
17250,0x200,22a82d4000000000
17250,0x220,1ef9040d00000000
17260,0x200,22a92d4000000000
17260,0x2B0,0000001efb000000
17270,0x200,22ab2d4000000000
17280,0x200,22ac2d4000000000
17280,0x2B0,0000001efd000000
17290,0x200,22ae2d4000000000
17300,0x200,22af2d4000000000
17300,0x220,1f00040d00000000
17300,0x2B0,0000001f00000000
17310,0x200,22b12d4000000000
17320,0x200,22b22d4000000000
17320,0x2B0,0000001f03000000
17330,0x200,22b42d4000000000
17340,0x200,22b52d4000000000
17340,0x2B0,0000001f05000000
17350,0x200,22b72d4000000000
17350,0x220,1f07040d00000000
17360,0x200,22b82d4000000000
17360,0x2B0,0000001f08000000
17370,0x200,22ba2d4000000000
17380,0x200,22bb2d4000000000
17380,0x2B0,0000001f0b000000
17390,0x200,22bd2d4000000000
17400,0x200,22be2d4000000000
17400,0x220,1f0d040d00000000
17400,0x2B0,0000001f0d000000
17410,0x200,22c02d4000000000
17420,0x200,22c12d4000000000
17420,0x2B0,0000001f10000000
17430,0x200,22c32d4000000000
17440,0x200,22c42d4000000000
17440,0x2B0,0000001f13000000
17450,0x200,22c62d4000000000
17450,0x220,1f14040d00000000
17460,0x200,22c72d4000000000
17460,0x2B0,0000001f15000000
17470,0x200,22c92d4000000000
17480,0x200,22ca2d4000000000
17480,0x2B0,0000001f18000000
17490,0x200,22cc2d4000000000
17500,0x200,22cd2d4000000000
17500,0x220,1f1b040d00000000
17500,0x2B0,0000001f1b000000
17510,0x200,22cf2d4000000000
17520,0x200,22d02d4000000000
17520,0x2B0,0000001f1d000000
17530,0x200,22d22d4000000000
17540,0x200,22d32d4000000000
17540,0x2B0,0000001f20000000
17550,0x200,22d52d4000000000
17550,0x220,1f22040d00000000
17560,0x200,22d62d4000000000
17560,0x2B0,0000001f23000000
17570,0x200,22d82d4000000000
17580,0x200,22d92d4000000000
17580,0x2B0,0000001f26000000
17590,0x200,22db2d4000000000
17600,0x200,22dc2d4000000000
17600,0x220,1f28040d00000000
17600,0x2B0,0000001f28000000
17610,0x200,22de2d4000000000
17620,0x200,22df2d4000000000
17620,0x2B0,0000001f2b000000
17630,0x200,22e12d4000000000
17640,0x200,22e22d4000000000
17640,0x2B0,0000001f2e000000
17650,0x200,22e42d4000000000
17650,0x220,1f2f040d00000000
17660,0x200,22e52d4000000000
17660,0x2B0,0000001f30000000
17670,0x200,22e72d4000000000
17680,0x200,22e82d4000000000
17680,0x2B0,0000001f33000000
17690,0x200,22ea2d4000000000
17700,0x200,22eb2d4000000000
17700,0x220,1f36040d00000000
17700,0x2B0,0000001f36000000
17710,0x200,22ed2d4000000000
17720,0x200,22ee2d4000000000
17720,0x2B0,0000001f38000000
17730,0x200,22f02d4000000000
17740,0x200,22f12d4000000000
17740,0x2B0,0000001f3b000000
17750,0x200,22f32d4000000000
17750,0x220,1f3c040d00000000
17760,0x200,22f42d4000000000
17760,0x2B0,0000001f3e000000
17770,0x200,22f62d4000000000
17780,0x200,22f72d4000000000
17780,0x2B0,0000001f40000000
17790,0x200,22f92d4000000000
17800,0x200,22fa2d4000000000
17800,0x220,1f43040d00000000
17800,0x2B0,0000001f43000000
17810,0x200,22fc2d4000000000
17820,0x200,22fd2d4000000000
17820,0x2B0,0000001f45000000
17830,0x200,22ff2d4000000000
17840,0x200,23002d4000000000
17840,0x2B0,0000001f48000000
17850,0x200,23022d4000000000
17850,0x220,1f49040d00000000
17860,0x200,23032d4000000000
17860,0x2B0,0000001f4b000000
17870,0x200,23052d4000000000
17880,0x200,23062d4000000000
17880,0x2B0,0000001f4d000000
17890,0x200,23082d4000000000
17900,0x200,23092d4000000000
17900,0x220,1f50040d00000000
17900,0x2B0,0000001f50000000
17910,0x200,230a2d4000000000
17920,0x200,230c2d4000000000
17920,0x2B0,0000001f53000000
17930,0x200,230d2d4000000000
17940,0x200,230f2d4000000000
17940,0x2B0,0000001f55000000
17950,0x200,23102d4000000000
17950,0x220,1f57040d00000000
17960,0x200,23122d4000000000
17960,0x2B0,0000001f58000000
17970,0x200,23132d4000000000
17980,0x200,23152d4000000000
17980,0x2B0,0000001f5b000000
17990,0x200,23162d4000000000
18000,0x200,228b284000000000
18000,0x220,1f5d03f600000000
18000,0x2B0,0000001f5d000000
18010,0x200,2209284000000000
18020,0x200,218e284000000000
18020,0x2B0,0000001f5e000000
18030,0x200,211c284000000000
18040,0x200,20b0284000000000
18040,0x2B0,0000001f5f000000
18050,0x200,204b284000000000
18050,0x220,1f5f03f600000000
18060,0x200,1fed284000000000
18060,0x2B0,0000001f60000000
18070,0x200,1f94284000000000
18080,0x200,1f41284000000000
18080,0x2B0,0000001f61000000
18090,0x200,1ef4284000000000
18100,0x200,1eab284000000000
18100,0x220,1f6203f600000000
18100,0x2B0,0000001f62000000
18110,0x200,1e67284000000000
18120,0x200,1e27284000000000
18120,0x2B0,0000001f63000000
18130,0x200,1deb284000000000
18140,0x200,1db3284000000000
18140,0x2B0,0000001f64000000
18150,0x200,1d7e284000000000
18150,0x220,1f6403f600000000
18160,0x200,1d4d284000000000
18160,0x2B0,0000001f65000000
18170,0x200,1d1e284000000000
18180,0x200,1cf3284000000000
18180,0x2B0,0000001f66000000
18190,0x200,1ccb284000000000
18200,0x200,1ca5284000000000
18200,0x220,1f6703f600000000
18200,0x2B0,0000001f67000000
18210,0x200,1c81284000000000
18220,0x200,1c60284000000000
18220,0x2B0,0000001f68000000
18230,0x200,1c40284000000000
18240,0x200,1c23284000000000
18240,0x2B0,0000001f69000000
18250,0x200,1c08284000000000
18250,0x220,1f6903f600000000
18260,0x200,1bee284000000000
18260,0x2B0,0000001f6a000000
18270,0x200,1bd6284000000000
18280,0x200,1bc0284000000000
18280,0x2B0,0000001f6b000000
18290,0x200,1bab284000000000
18300,0x200,1b97284000000000
18300,0x220,1f6c03f600000000
18300,0x2B0,0000001f6c000000
18310,0x200,1b84284000000000
18320,0x200,1b73284000000000
18320,0x2B0,0000001f6d000000
18330,0x200,1b63284000000000
18340,0x200,1b54284000000000
18340,0x2B0,0000001f6e000000
18350,0x200,1b46284000000000
18350,0x220,1f6e03f600000000
18360,0x200,1b38284000000000
18360,0x2B0,0000001f6f000000
18370,0x200,1b2c284000000000
18380,0x200,1b20284000000000
18380,0x2B0,0000001f70000000
18390,0x200,1b15284000000000
18400,0x200,1b0b284000000000
18400,0x220,1f7103f600000000
18400,0x2B0,0000001f71000000
18410,0x200,1b02284000000000
18420,0x200,1af9284000000000
18420,0x2B0,0000001f72000000
18430,0x200,1af1284000000000
18440,0x200,1ae9284000000000
18440,0x2B0,0000001f73000000
18450,0x200,1ae2284000000000
18450,0x220,1f7403f600000000
18460,0x200,1adb284000000000
18460,0x2B0,0000001f74000000
18470,0x200,1ad5284000000000
18480,0x200,1acf284000000000
18480,0x2B0,0000001f75000000
18490,0x200,1ac9284000000000
18500,0x200,1ac4284000000000
18500,0x220,1f7603f600000000
18500,0x2B0,0000001f76000000
18510,0x200,1abf284000000000
18520,0x200,1abb284000000000
18520,0x2B0,0000001f77000000
18530,0x200,1ab7284000000000
18540,0x200,1ab3284000000000
18540,0x2B0,0000001f78000000
18550,0x200,1aaf284000000000
18550,0x220,1f7903f600000000
18560,0x200,1aac284000000000
18560,0x2B0,0000001f79000000
18570,0x200,1aa9284000000000
18580,0x200,1aa6284000000000
18580,0x2B0,0000001f7a000000
18590,0x200,1aa3284000000000
18600,0x200,1aa1284000000000
18600,0x220,1f7b03f600000000
18600,0x2B0,0000001f7b000000
18610,0x200,1a9f284000000000
18620,0x200,1a9c284000000000
18620,0x2B0,0000001f7c000000
18630,0x200,1a9b284000000000
18640,0x200,1a99284000000000
18640,0x2B0,0000001f7d000000
18650,0x200,1a97284000000000
18650,0x220,1f7e03f600000000
18660,0x200,1a95284000000000
18660,0x2B0,0000001f7e000000
18670,0x200,1a94284000000000
18680,0x200,1a93284000000000
18680,0x2B0,0000001f7f000000
18690,0x200,1a92284000000000
18700,0x200,1a90284000000000
18700,0x220,1f8003f600000000
18700,0x2B0,0000001f80000000
18710,0x200,1a8f284000000000
18720,0x200,1a8f284000000000
18720,0x2B0,0000001f81000000
18730,0x200,1a8e284000000000
18740,0x200,1a8d284000000000
18740,0x2B0,0000001f82000000
18750,0x200,1a8c284000000000
18750,0x220,1f8303f600000000
18760,0x200,1a8c284000000000
18760,0x2B0,0000001f83000000
18770,0x200,1a8b284000000000
18780,0x200,1a8b284000000000
18780,0x2B0,0000001f84000000
18790,0x200,1a8a284000000000
18800,0x200,1a8a284000000000
18800,0x220,1f8503f600000000
18800,0x2B0,0000001f85000000
18810,0x200,1a8a284000000000
18820,0x200,1a89284000000000
18820,0x2B0,0000001f86000000
18830,0x200,1a89284000000000
18840,0x200,1a89284000000000
18840,0x2B0,0000001f87000000
18850,0x200,1a89284000000000
18850,0x220,1f8803f600000000
18860,0x200,1a89284000000000
18860,0x2B0,0000001f88000000
18870,0x200,1a88284000000000
18880,0x200,1a88284000000000
18880,0x2B0,0000001f89000000
18890,0x200,1a88284000000000
18900,0x200,1a88284000000000
18900,0x220,1f8a03f600000000
18900,0x2B0,0000001f8a000000
18910,0x200,1a88284000000000
18920,0x200,1a88284000000000
18920,0x2B0,0000001f8b000000
18930,0x200,1a89284000000000
18940,0x200,1a89284000000000
18940,0x2B0,0000001f8c000000
18950,0x200,1a89284000000000
18950,0x220,1f8d03f600000000
18960,0x200,1a89284000000000
18960,0x2B0,0000001f8d000000
18970,0x200,1a89284000000000
18980,0x200,1a89284000000000
18980,0x2B0,0000001f8e000000
18990,0x200,1a89284000000000
19000,0x200,1a8a284000000000
19000,0x220,1f8f03f600000000
19000,0x2B0,0000001f8f000000
19010,0x200,1a8a284000000000
19020,0x200,1a8a284000000000
19020,0x2B0,0000001f90000000
19030,0x200,1a8a284000000000
19040,0x200,1a8b284000000000
19040,0x2B0,0000001f91000000
19050,0x200,1a8b284000000000
19050,0x220,1f9203f600000000
19060,0x200,1a8b284000000000
19060,0x2B0,0000001f92000000
19070,0x200,1a8b284000000000
19080,0x200,1a8c284000000000
19080,0x2B0,0000001f93000000
19090,0x200,1a8c284000000000
19100,0x200,1a8c284000000000
19100,0x220,1f9403f600000000
19100,0x2B0,0000001f94000000
19110,0x200,1a8d284000000000
19120,0x200,1a8d284000000000
19120,0x2B0,0000001f95000000
19130,0x200,1a8d284000000000
19140,0x200,1a8e284000000000
19140,0x2B0,0000001f96000000
19150,0x200,1a8e284000000000
19150,0x220,1f9703f600000000
19160,0x200,1a8e284000000000
19160,0x2B0,0000001f97000000
19170,0x200,1a8f284000000000
19180,0x200,1a8f284000000000
19180,0x2B0,0000001f98000000
19190,0x200,1a8f284000000000
19200,0x200,1a90284000000000
19200,0x220,1f9903f600000000
19200,0x2B0,0000001f99000000
19210,0x200,1a90284000000000
19220,0x200,1a90284000000000
19220,0x2B0,0000001f9a000000
19230,0x200,1a91284000000000
19240,0x200,1a91284000000000
19240,0x2B0,0000001f9b000000
19250,0x200,1a92284000000000
19250,0x220,1f9c03f600000000
19260,0x200,1a92284000000000
19260,0x2B0,0000001f9c000000
19270,0x200,1a92284000000000
19280,0x200,1a93284000000000
19280,0x2B0,0000001f9d000000
19290,0x200,1a93284000000000
19300,0x200,1a94284000000000
19300,0x220,1f9e03f600000000
19300,0x2B0,0000001f9e000000
19310,0x200,1a94284000000000
19320,0x200,1a94284000000000
19320,0x2B0,0000001f9f000000
19330,0x200,1a95284000000000
19340,0x200,1a95284000000000
19340,0x2B0,0000001fa0000000
19350,0x200,1a96284000000000
19350,0x220,1fa103f600000000
19360,0x200,1a96284000000000
19360,0x2B0,0000001fa1000000
19370,0x200,1a96284000000000
19380,0x200,1a97284000000000
19380,0x2B0,0000001fa2000000
19390,0x200,1a97284000000000
19400,0x200,1a98284000000000
19400,0x220,1fa303f600000000
19400,0x2B0,0000001fa3000000
19410,0x200,1a98284000000000
19420,0x200,1a98284000000000
19420,0x2B0,0000001fa4000000
19430,0x200,1a99284000000000
19440,0x200,1a99284000000000
19440,0x2B0,0000001fa5000000
19450,0x200,1a9a284000000000
19450,0x220,1fa603f600000000
19460,0x200,1a9a284000000000
19460,0x2B0,0000001fa6000000
19470,0x200,1a9a284000000000
19480,0x200,1a9b284000000000
19480,0x2B0,0000001fa7000000
19490,0x200,1a9b284000000000
19500,0x200,1a9c284000000000
19500,0x220,1fa803f600000000
19500,0x2B0,0000001fa8000000
19510,0x200,1a9c284000000000
19520,0x200,1a9d284000000000
19520,0x2B0,0000001fa9000000
19530,0x200,1a9d284000000000
19540,0x200,1a9d284000000000
19540,0x2B0,0000001faa000000
19550,0x200,1a9e284000000000
19550,0x220,1fab03f600000000
19560,0x200,1a9e284000000000
19560,0x2B0,0000001fab000000
19570,0x200,1a9f284000000000
19580,0x200,1a9f284000000000
19580,0x2B0,0000001fac000000
19590,0x200,1a9f284000000000
19600,0x200,1aa0284000000000
19600,0x220,1fad03f600000000
19600,0x2B0,0000001fad000000
19610,0x200,1aa0284000000000
19620,0x200,1aa1284000000000
19620,0x2B0,0000001faf000000
19630,0x200,1aa1284000000000
19640,0x200,1aa2284000000000
19640,0x2B0,0000001fb0000000
19650,0x200,1aa2284000000000
19650,0x220,1fb003f600000000
19660,0x200,1aa2284000000000
19660,0x2B0,0000001fb1000000
19670,0x200,1aa3284000000000
19680,0x200,1aa3284000000000
19680,0x2B0,0000001fb2000000
19690,0x200,1aa4284000000000
19700,0x200,1aa4284000000000
19700,0x220,1fb303f600000000
19700,0x2B0,0000001fb3000000
19710,0x200,1aa4284000000000
19720,0x200,1aa5284000000000
19720,0x2B0,0000001fb4000000
19730,0x200,1aa5284000000000
19740,0x200,1aa6284000000000
19740,0x2B0,0000001fb5000000
19750,0x200,1aa6284000000000
19750,0x220,1fb503f600000000
19760,0x200,1aa7284000000000
19760,0x2B0,0000001fb6000000
19770,0x200,1aa7284000000000
19780,0x200,1aa7284000000000
19780,0x2B0,0000001fb7000000
19790,0x200,1aa8284000000000
19800,0x200,1aa8284000000000
19800,0x220,1fb703f600000000
19800,0x2B0,0000001fb7000000
19810,0x200,1aa9284000000000
19820,0x200,1aa9284000000000
19820,0x2B0,0000001fb8000000
19830,0x200,1aa9284000000000
19840,0x200,1aaa284000000000
19840,0x2B0,0000001fb9000000
19850,0x200,1aaa284000000000
19850,0x220,1fba03f600000000
19860,0x200,1aab284000000000
19860,0x2B0,0000001fba000000
19870,0x200,1aab284000000000
19880,0x200,1aac284000000000
19880,0x2B0,0000001fbb000000
19890,0x200,1aac284000000000
19900,0x200,1aac284000000000
19900,0x220,1fbc03f600000000
19900,0x2B0,0000001fbc000000
19910,0x200,1aad284000000000
19920,0x200,1aad284000000000
19920,0x2B0,0000001fbd000000
19930,0x200,1aae284000000000
19940,0x200,1aae284100000000
19940,0x2B0,0000001fbe000000
19950,0x200,1aaf284100000000
19950,0x220,1fbf03f600000000
19960,0x200,1aaf284100000000
19960,0x2B0,0000001fbf000000
19970,0x200,1aaf284100000000
19980,0x200,1ab0284100000000
19980,0x2B0,0000001fc0000000
19990,0x200,1ab0284100000000
20000,0x200,1ab1284100000000
20000,0x220,1fc103f600000000
20000,0x2B0,0000001fc1000000
20010,0x200,1ab1284100000000
20020,0x200,1ab1284100000000
20020,0x2B0,0000001fc2000000
20030,0x200,1ab2284100000000
20040,0x200,1ab2284100000000
20040,0x2B0,0000001fc3000000
20050,0x200,1ab3284100000000
20050,0x220,1fc403f600000000
20060,0x200,1ab3284100000000
20060,0x2B0,0000001fc4000000
20070,0x200,1ab4284100000000
20080,0x200,1ab4284100000000
20080,0x2B0,0000001fc5000000
20090,0x200,1ab4284100000000
20100,0x200,1ab5284100000000
20100,0x220,1fc603f600000000
20100,0x2B0,0000001fc6000000
20110,0x200,1ab5284100000000
20120,0x200,1ab6284100000000
20120,0x2B0,0000001fc7000000
20130,0x200,1ab6284100000000
20140,0x200,1ab6284100000000
20140,0x2B0,0000001fc8000000
20150,0x200,1ab7284100000000
20150,0x220,1fc903f600000000
20160,0x200,1ab7284100000000
20160,0x2B0,0000001fc9000000
20170,0x200,1ab8284100000000
20180,0x200,1ab8284100000000
20180,0x2B0,0000001fca000000
20190,0x200,1ab9284100000000
20200,0x200,1ab9284100000000
20200,0x220,1fcb03f600000000
20200,0x2B0,0000001fcb000000
20210,0x200,1ab9284100000000
20220,0x200,1aba284100000000
20220,0x2B0,0000001fcc000000
20230,0x200,1aba284100000000
20240,0x200,1abb284100000000
20240,0x2B0,0000001fcd000000
20250,0x200,1abb284100000000
20250,0x220,1fce03f600000000
20260,0x200,1abc284100000000
20260,0x2B0,0000001fce000000
20270,0x200,1abc284100000000
20280,0x200,1abc284100000000
20280,0x2B0,0000001fcf000000
20290,0x200,1abd284100000000
20300,0x200,1abd284100000000
20300,0x220,1fd003f600000000
20300,0x2B0,0000001fd0000000
20310,0x200,1abe284100000000
20320,0x200,1abe284100000000
20320,0x2B0,0000001fd1000000
20330,0x200,1abe284100000000
20340,0x200,1abf284100000000
20340,0x2B0,0000001fd2000000
20350,0x200,1abf284100000000
20350,0x220,1fd303f600000000
20360,0x200,1ac0284100000000
20360,0x2B0,0000001fd3000000
20370,0x200,1ac0284100000000
20380,0x200,1ac1284100000000
20380,0x2B0,0000001fd4000000
20390,0x200,1ac1284100000000
20400,0x200,1ac1284100000000
20400,0x220,1fd503f600000000
20400,0x2B0,0000001fd5000000
20410,0x200,1ac2284100000000
20420,0x200,1ac2284100000000
20420,0x2B0,0000001fd6000000
20430,0x200,1ac3284100000000
20440,0x200,1ac3284100000000
20440,0x2B0,0000001fd7000000
20450,0x200,1ac3284100000000
20450,0x220,1fd803f600000000
20460,0x200,1ac4284100000000
20460,0x2B0,0000001fd8000000
20470,0x200,1ac4284100000000
20480,0x200,1ac5284100000000
20480,0x2B0,0000001fd9000000
20490,0x200,1ac5284100000000
20500,0x200,1ac6284100000000
20500,0x220,1fda03f600000000
20500,0x2B0,0000001fda000000
20510,0x200,1ac6284100000000
20520,0x200,1ac6284100000000
20520,0x2B0,0000001fdb000000
20530,0x200,1ac7284100000000
20540,0x200,1ac7284100000000
20540,0x2B0,0000001fdc000000
20550,0x200,1ac8284100000000
20550,0x220,1fdd03f600000000
20560,0x200,1ac8284100000000
20560,0x2B0,0000001fdd000000
20570,0x200,1ac8284100000000
20580,0x200,1ac9284100000000
20580,0x2B0,0000001fde000000
20590,0x200,1ac9284100000000
20600,0x200,1aca284100000000
20600,0x220,1fdf03f600000000
20600,0x2B0,0000001fdf000000
20610,0x200,1aca284100000000
20620,0x200,1acb284100000000
20620,0x2B0,0000001fe0000000
20630,0x200,1acb284100000000
20640,0x200,1acb284100000000
20640,0x2B0,0000001fe1000000
20650,0x200,1acc284100000000
20650,0x220,1fe203f600000000
20660,0x200,1acc284100000000
20660,0x2B0,0000001fe2000000
20670,0x200,1acd284100000000
20680,0x200,1acd284100000000
20680,0x2B0,0000001fe3000000
20690,0x200,1acd284100000000
20700,0x200,1ace284100000000
20700,0x220,1fe403f600000000
20700,0x2B0,0000001fe4000000
20710,0x200,1ace284100000000
20720,0x200,1acf284100000000
20720,0x2B0,0000001fe5000000
20730,0x200,1acf284100000000
20740,0x200,1ad0284100000000
20740,0x2B0,0000001fe6000000
20750,0x200,1ad0284100000000
20750,0x220,1fe703f600000000
20760,0x200,1ad0284100000000
20760,0x2B0,0000001fe7000000
20770,0x200,1ad1284100000000
20780,0x200,1ad1284100000000
20780,0x2B0,0000001fe8000000
20790,0x200,1ad2284100000000
20800,0x200,1ad2284100000000
20800,0x220,1fe903f600000000
20800,0x2B0,0000001fe9000000
20810,0x200,1ad2284100000000
20820,0x200,1ad3284100000000
20820,0x2B0,0000001fea000000
20830,0x200,1ad3284100000000
20840,0x200,1ad4284100000000
20840,0x2B0,0000001feb000000
20850,0x200,1ad4284100000000
20850,0x220,1fec03f600000000
20860,0x200,1ad5284100000000
20860,0x2B0,0000001fec000000
20870,0x200,1ad5284100000000
20880,0x200,1ad5284100000000
20880,0x2B0,0000001fed000000
20890,0x200,1ad6284100000000
20900,0x200,1ad6284100000000
20900,0x220,1fee03f600000000
20900,0x2B0,0000001fee000000
20910,0x200,1ad7284100000000
20920,0x200,1ad7284100000000
20920,0x2B0,0000001fef000000
20930,0x200,1ad7284100000000
20940,0x200,1ad8284100000000
20940,0x2B0,0000001ff0000000
20950,0x200,1ad8284100000000
20950,0x220,1ff103f600000000
20960,0x200,1ad9284100000000
20960,0x2B0,0000001ff1000000
20970,0x200,1ad9284100000000
20980,0x200,1ada284100000000
20980,0x2B0,0000001ff2000000
20990,0x200,1ada284100000000
21000,0x200,1ada284100000000
21000,0x220,1ff303f600000000
21000,0x2B0,0000001ff3000000
21010,0x200,1adb284100000000
21020,0x200,1adb284100000000
21020,0x2B0,0000001ff4000000
21030,0x200,1adc284100000000
21040,0x200,1adc284100000000
21040,0x2B0,0000001ff5000000
21050,0x200,1adc284100000000
21050,0x220,1ff503f600000000
21060,0x200,1add284100000000
21060,0x2B0,0000001ff6000000
21070,0x200,1add284100000000
21080,0x200,1ade284100000000
21080,0x2B0,0000001ff7000000
21090,0x200,1ade284100000000
21100,0x200,1ade284100000000
21100,0x220,1ff803f600000000
21100,0x2B0,0000001ff8000000
21110,0x200,1adf284100000000
21120,0x200,1adf284100000000
21120,0x2B0,0000001ff9000000
21130,0x200,1ae0284100000000
21140,0x200,1ae0284100000000
21140,0x2B0,0000001ffa000000
21150,0x200,1ae1284100000000
21150,0x220,1ffa03f600000000
21160,0x200,1ae1284100000000
21160,0x2B0,0000001ffb000000
21170,0x200,1ae1284100000000
21180,0x200,1ae2284100000000
21180,0x2B0,0000001ffc000000
21190,0x200,1ae2284100000000
21200,0x200,1ae3284100000000
21200,0x220,1ffd03f600000000
21200,0x2B0,0000001ffd000000
21210,0x200,1ae3284100000000
21220,0x200,1ae3284100000000
21220,0x2B0,0000001ffe000000
21230,0x200,1ae4284100000000
21240,0x200,1ae4284100000000
21240,0x2B0,0000001fff000000
21250,0x200,1ae5284100000000
21250,0x220,1fff03f600000000
21260,0x200,1ae5284100000000
21260,0x2B0,0000002000000000
21270,0x200,1ae6284100000000
21280,0x200,1ae6284100000000
21280,0x2B0,0000002001000000
21290,0x200,1ae6284100000000
21300,0x200,1ae7284100000000
21300,0x220,200203f600000000
21300,0x2B0,0000002002000000
21310,0x200,1ae7284100000000
21320,0x200,1ae8284100000000
21320,0x2B0,0000002003000000
21330,0x200,1ae8284100000000
21340,0x200,1ae8284100000000
21340,0x2B0,0000002004000000
21350,0x200,1ae9284100000000
21350,0x220,200403f600000000
21360,0x200,1ae9284100000000
21360,0x2B0,0000002005000000
21370,0x200,1aea284100000000
21380,0x200,1aea284100000000
21380,0x2B0,0000002006000000
21390,0x200,1aea284100000000
21400,0x200,1aeb284100000000
21400,0x220,200703f600000000
21400,0x2B0,0000002007000000
21410,0x200,1aeb284100000000
21420,0x200,1aec284100000000
21420,0x2B0,0000002008000000
21430,0x200,1aec284100000000
21440,0x200,1aed284100000000
21440,0x2B0,0000002009000000
21450,0x200,1aed284100000000
21450,0x220,200903f600000000
21460,0x200,1aed284100000000
21460,0x2B0,000000200a000000
21470,0x200,1aee284100000000
21480,0x200,1aee284100000000
21480,0x2B0,000000200b000000
21490,0x200,1aef284100000000
21500,0x200,1aef284100000000
21500,0x220,200c03f600000000
21500,0x2B0,000000200c000000
21510,0x200,1aef284100000000
21520,0x200,1af0284100000000
21520,0x2B0,000000200c000000
21530,0x200,1af0284100000000
21540,0x200,1af1284100000000
21540,0x2B0,000000200d000000
21550,0x200,1af1284100000000
21550,0x220,200e03f600000000
21560,0x200,1af1284100000000
21560,0x2B0,000000200e000000
21570,0x200,1af2284100000000
21580,0x200,1af2284100000000
21580,0x2B0,000000200f000000
21590,0x200,1af3284100000000
21600,0x200,1af3284100000000
21600,0x220,201003f600000000
21600,0x2B0,0000002010000000
21610,0x200,1af4284100000000
21620,0x200,1af4284100000000
21620,0x2B0,0000002011000000
21630,0x200,1af4284100000000
21640,0x200,1af5284100000000
21640,0x2B0,0000002012000000
21650,0x200,1af5284100000000
21650,0x220,201303f600000000
21660,0x200,1af6284100000000
21660,0x2B0,0000002013000000
21670,0x200,1af6284100000000
21680,0x200,1af6284100000000
21680,0x2B0,0000002014000000
21690,0x200,1af7284100000000
21700,0x200,1af7284100000000
21700,0x220,201503f600000000
21700,0x2B0,0000002015000000
21710,0x200,1af8284100000000
21720,0x200,1af8284100000000
21720,0x2B0,0000002016000000
21730,0x200,1af8284100000000
21740,0x200,1af9284100000000
21740,0x2B0,0000002017000000
21750,0x200,1af9284100000000
21750,0x220,201803f600000000
21760,0x200,1afa284100000000
21760,0x2B0,0000002018000000
21770,0x200,1afa284100000000
21780,0x200,1afb284100000000
21780,0x2B0,0000002019000000
21790,0x200,1afb284100000000
21800,0x200,1afb284100000000
21800,0x220,201a03f600000000
21800,0x2B0,000000201a000000
21810,0x200,1afc284100000000
21820,0x200,1afc284100000000
21820,0x2B0,000000201b000000
21830,0x200,1afd284100000000
21840,0x200,1afd284100000000
21840,0x2B0,000000201c000000
21850,0x200,1afd284100000000
21850,0x220,201d03f600000000
21860,0x200,1afe284100000000
21860,0x2B0,000000201d000000
21870,0x200,1afe284100000000
21880,0x200,1aff284100000000
21880,0x2B0,000000201e000000
21890,0x200,1aff284100000000
21900,0x200,1aff284100000000
21900,0x220,201f03f600000000
21900,0x2B0,000000201f000000
21910,0x200,1b00284100000000
21920,0x200,1b00284100000000
21920,0x2B0,0000002020000000
21930,0x200,1b01284100000000
21940,0x200,1b01284100000000
21940,0x2B0,0000002021000000
21950,0x200,1b02284100000000
21950,0x220,202103f600000000
21960,0x200,1b02284100000000
21960,0x2B0,0000002022000000
21970,0x200,1b02284100000000
21980,0x200,1b03284100000000
21980,0x2B0,0000002023000000
21990,0x200,1b03284100000000
22000,0x200,1b04284100000000
22000,0x220,202403f600000000
22000,0x2B0,0000002024000000
22010,0x200,1b04284100000000
22020,0x200,1b04284100000000
22020,0x2B0,0000002025000000
22030,0x200,1b05284100000000
22040,0x200,1b05284100000000
22040,0x2B0,0000002026000000
22050,0x200,1b06284100000000
22050,0x220,202603f500000000
22060,0x200,1b06284100000000
22060,0x2B0,0000002027000000
22070,0x200,1b06284100000000
22080,0x200,1b07284100000000
22080,0x2B0,0000002028000000
22090,0x200,1b07284100000000
22100,0x200,1b08284100000000
22100,0x220,202903f500000000
22100,0x2B0,0000002029000000
22110,0x200,1b08284100000000
22120,0x200,1b08284100000000
22120,0x2B0,000000202a000000
22130,0x200,1b09284100000000
22140,0x200,1b09284100000000
22140,0x2B0,000000202b000000
22150,0x200,1b0a284100000000
22150,0x220,202b03f500000000
22160,0x200,1b0a284100000000
22160,0x2B0,000000202c000000
22170,0x200,1b0b284100000000
22180,0x200,1b0b284100000000
22180,0x2B0,000000202d000000
22190,0x200,1b0b284100000000
22200,0x200,1b0c284100000000
22200,0x220,202e03f500000000
22200,0x2B0,000000202e000000
22210,0x200,1b0c284100000000
22220,0x200,1b0d284100000000
22220,0x2B0,000000202f000000
22230,0x200,1b0d284100000000
22240,0x200,1b0d284100000000
22240,0x2B0,0000002030000000
22250,0x200,1b0e284100000000
22250,0x220,203003f500000000
22260,0x200,1b0e284100000000
22260,0x2B0,0000002031000000
22270,0x200,1b0f284100000000
22280,0x200,1b0f284100000000
22280,0x2B0,0000002031000000
22290,0x200,1b0f284100000000
22300,0x200,1b10284100000000
22300,0x220,203203f500000000
22300,0x2B0,0000002032000000
22310,0x200,1b10284100000000
22320,0x200,1b11284100000000
22320,0x2B0,0000002033000000
22330,0x200,1b11284100000000
22340,0x200,1b11284100000000
22340,0x2B0,0000002034000000
22350,0x200,1b12284100000000
22350,0x220,203503f500000000
22360,0x200,1b12284100000000
22360,0x2B0,0000002035000000
22370,0x200,1b13284100000000
22380,0x200,1b13284100000000
22380,0x2B0,0000002036000000
22390,0x200,1b13284100000000
22400,0x200,1b14284100000000
22400,0x220,203703f500000000
22400,0x2B0,0000002037000000
22410,0x200,1b14284100000000
22420,0x200,1b15284100000000
22420,0x2B0,0000002038000000
22430,0x200,1b15284100000000
22440,0x200,1b16284100000000
22440,0x2B0,0000002039000000
22450,0x200,1b16284100000000
22450,0x220,203a03f500000000
22460,0x200,1b16284100000000
22460,0x2B0,000000203a000000
22470,0x200,1b17284100000000
22480,0x200,1b17284100000000
22480,0x2B0,000000203b000000
22490,0x200,1b18284100000000
22500,0x200,1b18284100000000
22500,0x220,203c03f500000000
22500,0x2B0,000000203c000000
22510,0x200,1b18284100000000
22520,0x200,1b19284100000000
22520,0x2B0,000000203d000000
22530,0x200,1b19284100000000
22540,0x200,1b1a284100000000
22540,0x2B0,000000203e000000
22550,0x200,1b1a284100000000
22550,0x220,203f03f500000000
22560,0x200,1b1a284100000000
22560,0x2B0,000000203f000000
22570,0x200,1b1b284100000000
22580,0x200,1b1b284100000000
22580,0x2B0,0000002040000000
22590,0x200,1b1c284100000000
22600,0x200,1b1c284100000000
22600,0x220,204103f500000000
22600,0x2B0,0000002041000000
22610,0x200,1b1c284100000000
22620,0x200,1b1d284100000000
22620,0x2B0,0000002042000000
22630,0x200,1b1d284100000000
22640,0x200,1b1e284100000000
22640,0x2B0,0000002043000000
22650,0x200,1b1e284100000000
22650,0x220,204303f500000000
22660,0x200,1b1e284100000000
22660,0x2B0,0000002044000000
22670,0x200,1b1f284100000000
22680,0x200,1b1f284100000000
22680,0x2B0,0000002045000000
22690,0x200,1b20284100000000
22700,0x200,1b20284100000000
22700,0x220,204603f500000000
22700,0x2B0,0000002046000000
22710,0x200,1b21284100000000
22720,0x200,1b21284100000000
22720,0x2B0,0000002047000000
22730,0x200,1b21284100000000
22740,0x200,1b22284100000000
22740,0x2B0,0000002048000000
22750,0x200,1b22284100000000
22750,0x220,204803f500000000
22760,0x200,1b23284100000000
22760,0x2B0,0000002049000000
22770,0x200,1b23284100000000
22780,0x200,1b23284100000000
22780,0x2B0,000000204a000000
22790,0x200,1b24284100000000
22800,0x200,1b24284100000000
22800,0x220,204b03f500000000
22800,0x2B0,000000204b000000
22810,0x200,1b25284100000000
22820,0x200,1b25284100000000
22820,0x2B0,000000204c000000
22830,0x200,1b25284100000000
22840,0x200,1b26284100000000
22840,0x2B0,000000204d000000
22850,0x200,1b26284100000000
22850,0x220,204d03f500000000
22860,0x200,1b27284100000000
22860,0x2B0,000000204d000000
22870,0x200,1b27284100000000
22880,0x200,1b27284100000000
22880,0x2B0,000000204e000000
22890,0x200,1b28284100000000
22900,0x200,1b28284100000000
22900,0x220,204f03f500000000
22900,0x2B0,000000204f000000
22910,0x200,1b29284100000000
22920,0x200,1b29284100000000
22920,0x2B0,0000002050000000
22930,0x200,1b29284100000000
22940,0x200,1b2a284100000000
22940,0x2B0,0000002051000000
22950,0x200,1b2a284100000000
22950,0x220,205203f500000000
22960,0x200,1b2b284100000000
22960,0x2B0,0000002052000000
22970,0x200,1b2b284100000000
22980,0x200,1b2b284100000000
22980,0x2B0,0000002053000000
22990,0x200,1b2c284100000000
23000,0x200,1b2c284100000000
23000,0x220,205403f500000000
23000,0x2B0,0000002054000000
23010,0x200,1b2d284100000000
23020,0x200,1b2d284100000000
23020,0x2B0,0000002055000000
23030,0x200,1b2d284100000000
23040,0x200,1b2e284100000000
23040,0x2B0,0000002056000000
23050,0x200,1b2e284100000000
23050,0x220,205703f500000000
23060,0x200,1b2f284100000000
23060,0x2B0,0000002057000000
23070,0x200,1b2f284100000000
23080,0x200,1b2f284100000000
23080,0x2B0,0000002058000000
23090,0x200,1b30284100000000
23100,0x200,1b30284100000000
23100,0x220,205903f500000000
23100,0x2B0,0000002059000000
23110,0x200,1b31284100000000
23120,0x200,1b31284100000000
23120,0x2B0,000000205a000000
23130,0x200,1b32284100000000
23140,0x200,1b32284100000000
23140,0x2B0,000000205b000000
23150,0x200,1b32284100000000
23150,0x220,205b03f500000000
23160,0x200,1b33284100000000
23160,0x2B0,000000205c000000
23170,0x200,1b33284100000000
23180,0x200,1b34284100000000
23180,0x2B0,000000205d000000
23190,0x200,1b34284100000000
23200,0x200,1b34284100000000
23200,0x220,205e03f500000000
23200,0x2B0,000000205e000000
23210,0x200,1b35284100000000
23220,0x200,1b35284100000000
23220,0x2B0,000000205f000000
23230,0x200,1b36284100000000
23240,0x200,1b36284100000000
23240,0x2B0,0000002060000000
23250,0x200,1b36284100000000
23250,0x220,206003f500000000
23260,0x200,1b37284100000000
23260,0x2B0,0000002061000000
23270,0x200,1b37284100000000
23280,0x200,1b38284100000000
23280,0x2B0,0000002062000000
23290,0x200,1b38284100000000
23300,0x200,1b38284100000000
23300,0x220,206303f500000000
23300,0x2B0,0000002063000000
23310,0x200,1b39284100000000
23320,0x200,1b39284100000000
23320,0x2B0,0000002064000000
23330,0x200,1b3a284100000000
23340,0x200,1b3a284100000000
23340,0x2B0,0000002064000000
23350,0x200,1b3a284100000000
23350,0x220,206503f500000000
23360,0x200,1b3b284100000000
23360,0x2B0,0000002065000000
23370,0x200,1b3b284100000000
23380,0x200,1b3c284100000000
23380,0x2B0,0000002066000000
23390,0x200,1b3c284100000000
23400,0x200,1b3c284100000000
23400,0x220,206703f500000000
23400,0x2B0,0000002067000000
23410,0x200,1b3d284100000000
23420,0x200,1b3d284100000000
23420,0x2B0,0000002068000000
23430,0x200,1b3e284100000000
23440,0x200,1b3e284100000000
23440,0x2B0,0000002069000000
23450,0x200,1b3e284100000000
23450,0x220,206a03f500000000
23460,0x200,1b3f284100000000
23460,0x2B0,000000206a000000
23470,0x200,1b3f284100000000
23480,0x200,1b40284100000000
23480,0x2B0,000000206b000000
23490,0x200,1b40284100000000
23500,0x200,1b40284100000000
23500,0x220,206c03f500000000
23500,0x2B0,000000206c000000
23510,0x200,1b41284100000000
23520,0x200,1b41284100000000
23520,0x2B0,000000206d000000
23530,0x200,1b42284100000000
23540,0x200,1b42284100000000
23540,0x2B0,000000206e000000
23550,0x200,1b42284100000000
23550,0x220,206e03f500000000
23560,0x200,1b43284100000000
23560,0x2B0,000000206f000000
23570,0x200,1b43284100000000
23580,0x200,1b44284100000000
23580,0x2B0,0000002070000000
23590,0x200,1b44284100000000
23600,0x200,1b44284100000000
23600,0x220,207103f500000000
23600,0x2B0,0000002071000000
23610,0x200,1b45284100000000
23620,0x200,1b45284100000000
23620,0x2B0,0000002072000000
23630,0x200,1b46284100000000
23640,0x200,1b46284100000000
23640,0x2B0,0000002073000000
23650,0x200,1b46284100000000
23650,0x220,207303f500000000
23660,0x200,1b47284100000000
23660,0x2B0,0000002074000000
23670,0x200,1b47284100000000
23680,0x200,1b48284100000000
23680,0x2B0,0000002075000000
23690,0x200,1b48284100000000
23700,0x200,1b48284100000000
23700,0x220,207603f500000000
23700,0x2B0,0000002076000000
23710,0x200,1b49284100000000
23720,0x200,1b49284100000000
23720,0x2B0,0000002077000000
23730,0x200,1b4a284100000000
23740,0x200,1b4a284100000000
23740,0x2B0,0000002078000000
23750,0x200,1b4a284100000000
23750,0x220,207803f500000000
23760,0x200,1b4b284100000000
23760,0x2B0,0000002078000000
23770,0x200,1b4b284100000000
23780,0x200,1b4c284100000000
23780,0x2B0,0000002079000000
23790,0x200,1b4c284100000000
23800,0x200,1b4c284100000000
23800,0x220,207a03f500000000
23800,0x2B0,000000207a000000
23810,0x200,1b4d284100000000
23820,0x200,1b4d284100000000
23820,0x2B0,000000207b000000
23830,0x200,1b4e284100000000
23840,0x200,1b4e284100000000
23840,0x2B0,000000207c000000
23850,0x200,1b4e284100000000
23850,0x220,207d03f500000000
23860,0x200,1b4f284100000000
23860,0x2B0,000000207d000000
23870,0x200,1b4f284100000000
23880,0x200,1b50284100000000
23880,0x2B0,000000207e000000
23890,0x200,1b50284100000000
23900,0x200,1b50284100000000
23900,0x220,207f03f500000000
23900,0x2B0,000000207f000000
23910,0x200,1b51284100000000
23920,0x200,1b51284100000000
23920,0x2B0,0000002080000000
23930,0x200,1b52284100000000
23940,0x200,1b52284100000000
23940,0x2B0,0000002081000000
23950,0x200,1b52284100000000
23950,0x220,208203f500000000
23960,0x200,1b53284100000000
23960,0x2B0,0000002082000000
23970,0x200,1b53284100000000
23980,0x200,1b54284100000000
23980,0x2B0,0000002083000000
23990,0x200,1b54284100000000
24000,0x200,1b54284100000000
24000,0x220,208403f500000000
24000,0x2B0,0000002084000000
24010,0x200,1b55284100000000
24020,0x200,1b55284100000000
24020,0x2B0,0000002085000000
24030,0x200,1b56284100000000
24040,0x200,1b56284100000000
24040,0x2B0,0000002086000000
24050,0x200,1b56284100000000
24050,0x220,208603f500000000
24060,0x200,1b57284100000000
24060,0x2B0,0000002087000000
24070,0x200,1b57284100000000
24080,0x200,1b58284100000000
24080,0x2B0,0000002088000000
24090,0x200,1b58284100000000
24100,0x200,1b58284100000000
24100,0x220,208903f500000000
24100,0x2B0,0000002089000000
24110,0x200,1b59284100000000
24120,0x200,1b59284100000000
24120,0x2B0,000000208a000000
24130,0x200,1b5a284100000000
24140,0x200,1b5a284100000000
24140,0x2B0,000000208b000000
24150,0x200,1b5a284100000000
24150,0x220,208b03f500000000
24160,0x200,1b5b284100000000
24160,0x2B0,000000208b000000
24170,0x200,1b5b284100000000
24180,0x200,1b5c284100000000
24180,0x2B0,000000208c000000
24190,0x200,1b5c284100000000
24200,0x200,1b5c284100000000
24200,0x220,208d03f500000000
24200,0x2B0,000000208d000000
24210,0x200,1b5d284100000000
24220,0x200,1b5d284100000000
24220,0x2B0,000000208e000000
24230,0x200,1b5e284100000000
24240,0x200,1b5e284100000000
24240,0x2B0,000000208f000000
24250,0x200,1b5e284100000000
24250,0x220,209003f500000000
24260,0x200,1b5f284100000000
24260,0x2B0,0000002090000000
24270,0x200,1b5f284100000000
24280,0x200,1b60284100000000
24280,0x2B0,0000002091000000
24290,0x200,1b60284100000000
24300,0x200,1b60284100000000
24300,0x220,209203f500000000
24300,0x2B0,0000002092000000
24310,0x200,1b61284100000000
24320,0x200,1b61284100000000
24320,0x2B0,0000002093000000
24330,0x200,1b62284100000000
24340,0x200,1b62284100000000
24340,0x2B0,0000002094000000
24350,0x200,1b62284100000000
24350,0x220,209403f500000000
24360,0x200,1b63284100000000
24360,0x2B0,0000002095000000
24370,0x200,1b63284100000000
24380,0x200,1b64284100000000
24380,0x2B0,0000002096000000
24390,0x200,1b64284100000000
24400,0x200,1b64284100000000
24400,0x220,209703f500000000
24400,0x2B0,0000002097000000
24410,0x200,1b65284100000000
24420,0x200,1b65284100000000
24420,0x2B0,0000002098000000
24430,0x200,1b66284100000000
24440,0x200,1b66284100000000
24440,0x2B0,0000002099000000
24450,0x200,1b66284100000000
24450,0x220,209903f500000000
24460,0x200,1b67284100000000
24460,0x2B0,000000209a000000
24470,0x200,1b67284100000000
24480,0x200,1b68284100000000
24480,0x2B0,000000209b000000
24490,0x200,1b68284100000000
24500,0x200,1b68284100000000
24500,0x220,209c03f500000000
24500,0x2B0,000000209c000000
24510,0x200,1b69284100000000
24520,0x200,1b69284100000000
24520,0x2B0,000000209c000000
24530,0x200,1b6a284100000000
24540,0x200,1b6a284100000000
24540,0x2B0,000000209d000000
24550,0x200,1b6a284200000000
24550,0x220,209e03f500000000
24560,0x200,1b6b284200000000
24560,0x2B0,000000209e000000
24570,0x200,1b6b284200000000
24580,0x200,1b6c284200000000
24580,0x2B0,000000209f000000
24590,0x200,1b6c284200000000
24600,0x200,1b6c284200000000
24600,0x220,20a003f500000000
24600,0x2B0,00000020a0000000
24610,0x200,1b6d284200000000
24620,0x200,1b6d284200000000
24620,0x2B0,00000020a1000000
24630,0x200,1b6e284200000000
24640,0x200,1b6e284200000000
24640,0x2B0,00000020a2000000
24650,0x200,1b6e284200000000
24650,0x220,20a303f500000000
24660,0x200,1b6f284200000000
24660,0x2B0,00000020a3000000
24670,0x200,1b6f284200000000
24680,0x200,1b70284200000000
24680,0x2B0,00000020a4000000
24690,0x200,1b70284200000000
24700,0x200,1b70284200000000
24700,0x220,20a503f500000000
24700,0x2B0,00000020a5000000
24710,0x200,1b71284200000000
24720,0x200,1b71284200000000
24720,0x2B0,00000020a6000000
24730,0x200,1b71284200000000
24740,0x200,1b72284200000000
24740,0x2B0,00000020a7000000
24750,0x200,1b72284200000000
24750,0x220,20a703f500000000
24760,0x200,1b73284200000000
24760,0x2B0,00000020a8000000
24770,0x200,1b73284200000000
24780,0x200,1b73284200000000
24780,0x2B0,00000020a9000000
24790,0x200,1b74284200000000
24800,0x200,1b74284200000000
24800,0x220,20aa03f500000000
24800,0x2B0,00000020aa000000
24810,0x200,1b75284200000000
24820,0x200,1b75284200000000
24820,0x2B0,00000020ab000000
24830,0x200,1b75284200000000
24840,0x200,1b76284200000000
24840,0x2B0,00000020ab000000
24850,0x200,1b76284200000000
24850,0x220,20ac03f500000000
24860,0x200,1b77284200000000
24860,0x2B0,00000020ac000000
24870,0x200,1b77284200000000
24880,0x200,1b77284200000000
24880,0x2B0,00000020ad000000
24890,0x200,1b78284200000000
24900,0x200,1b78284200000000
24900,0x220,20ae03f500000000
24900,0x2B0,00000020ae000000
24910,0x200,1b79284200000000
24920,0x200,1b79284200000000
24920,0x2B0,00000020af000000
24930,0x200,1b79284200000000
24940,0x200,1b7a284200000000
24940,0x2B0,00000020b0000000
24950,0x200,1b7a284200000000
24950,0x220,20b103f500000000
24960,0x200,1b7b284200000000
24960,0x2B0,00000020b1000000
24970,0x200,1b7b284200000000
24980,0x200,1b7b284200000000
24980,0x2B0,00000020b2000000
24990,0x200,1b7c284200000000
25000,0x200,1b7c284200000000
25000,0x220,20b303f500000000
25000,0x2B0,00000020b3000000
25010,0x200,1b7d284200000000
25020,0x200,1b7d284200000000
25020,0x2B0,00000020b4000000
25030,0x200,1b7d284200000000
25040,0x200,1b7e284200000000
25040,0x2B0,00000020b5000000
25050,0x200,1b7e284200000000
25050,0x220,20b503f500000000
25060,0x200,1b7f284200000000
25060,0x2B0,00000020b6000000
25070,0x200,1b7f284200000000
25080,0x200,1b7f284200000000
25080,0x2B0,00000020b7000000
25090,0x200,1b80284200000000
25100,0x200,1b80284200000000
25100,0x220,20b803f500000000
25100,0x2B0,00000020b8000000
25110,0x200,1b80284200000000
25120,0x200,1b81284200000000
25120,0x2B0,00000020b9000000
25130,0x200,1b81284200000000
25140,0x200,1b82284200000000
25140,0x2B0,00000020ba000000
25150,0x200,1b82284200000000
25150,0x220,20ba03f500000000
25160,0x200,1b82284200000000
25160,0x2B0,00000020ba000000
25170,0x200,1b83284200000000
25180,0x200,1b83284200000000
25180,0x2B0,00000020bb000000
25190,0x200,1b84284200000000
25200,0x200,1b84284200000000
25200,0x220,20bc03f500000000
25200,0x2B0,00000020bc000000
25210,0x200,1b84284200000000
25220,0x200,1b85284200000000
25220,0x2B0,00000020bd000000
25230,0x200,1b85284200000000
25240,0x200,1b86284200000000
25240,0x2B0,00000020be000000
25250,0x200,1b86284200000000
25250,0x220,20bf03f500000000
25260,0x200,1b86284200000000
25260,0x2B0,00000020bf000000
25270,0x200,1b87284200000000
25280,0x200,1b87284200000000
25280,0x2B0,00000020c0000000
25290,0x200,1b88284200000000
25300,0x200,1b88284200000000
25300,0x220,20c103f500000000
25300,0x2B0,00000020c1000000
25310,0x200,1b88284200000000
25320,0x200,1b89284200000000
25320,0x2B0,00000020c2000000
25330,0x200,1b89284200000000
25340,0x200,1b8a284200000000
25340,0x2B0,00000020c3000000
25350,0x200,1b8a284200000000
25350,0x220,20c303f500000000
25360,0x200,1b8a284200000000
25360,0x2B0,00000020c4000000
25370,0x200,1b8b284200000000
25380,0x200,1b8b284200000000
25380,0x2B0,00000020c5000000
25390,0x200,1b8b284200000000
25400,0x200,1b8c284200000000
25400,0x220,20c603f500000000
25400,0x2B0,00000020c6000000
25410,0x200,1b8c284200000000
25420,0x200,1b8d284200000000
25420,0x2B0,00000020c7000000
25430,0x200,1b8d284200000000
25440,0x200,1b8d284200000000
25440,0x2B0,00000020c8000000
25450,0x200,1b8e284200000000
25450,0x220,20c803f500000000
25460,0x200,1b8e284200000000
25460,0x2B0,00000020c8000000
25470,0x200,1b8f284200000000
25480,0x200,1b8f284200000000
25480,0x2B0,00000020c9000000
25490,0x200,1b8f284200000000
25500,0x200,1b90284200000000
25500,0x220,20ca03f500000000
25500,0x2B0,00000020ca000000
25510,0x200,1b90284200000000
25520,0x200,1b91284200000000
25520,0x2B0,00000020cb000000
25530,0x200,1b91284200000000
25540,0x200,1b91284200000000
25540,0x2B0,00000020cc000000
25550,0x200,1b92284200000000
25550,0x220,20cd03f500000000
25560,0x200,1b92284200000000
25560,0x2B0,00000020cd000000
25570,0x200,1b93284200000000
25580,0x200,1b93284200000000
25580,0x2B0,00000020ce000000
25590,0x200,1b93284200000000
25600,0x200,1b94284200000000
25600,0x220,20cf03f500000000
25600,0x2B0,00000020cf000000
25610,0x200,1b94284200000000
25620,0x200,1b95284200000000
25620,0x2B0,00000020d0000000
25630,0x200,1b95284200000000
25640,0x200,1b95284200000000
25640,0x2B0,00000020d1000000
25650,0x200,1b96284200000000
25650,0x220,20d103f500000000
25660,0x200,1b96284200000000
25660,0x2B0,00000020d2000000
25670,0x200,1b96284200000000
25680,0x200,1b97284200000000
25680,0x2B0,00000020d3000000
25690,0x200,1b97284200000000
25700,0x200,1b98284200000000
25700,0x220,20d403f500000000
25700,0x2B0,00000020d4000000
25710,0x200,1b98284200000000
25720,0x200,1b98284200000000
25720,0x2B0,00000020d5000000
25730,0x200,1b99284200000000
25740,0x200,1b99284200000000
25740,0x2B0,00000020d5000000
25750,0x200,1b9a284200000000
25750,0x220,20d603f500000000
25760,0x200,1b9a284200000000
25760,0x2B0,00000020d6000000
25770,0x200,1b9a284200000000
25780,0x200,1b9b284200000000
25780,0x2B0,00000020d7000000
25790,0x200,1b9b284200000000
25800,0x200,1b9c284200000000
25800,0x220,20d803f500000000
25800,0x2B0,00000020d8000000
25810,0x200,1b9c284200000000
25820,0x200,1b9c284200000000
25820,0x2B0,00000020d9000000
25830,0x200,1b9d284200000000
25840,0x200,1b9d284200000000
25840,0x2B0,00000020da000000
25850,0x200,1b9d284200000000
25850,0x220,20db03f500000000
25860,0x200,1b9e284200000000
25860,0x2B0,00000020db000000
25870,0x200,1b9e284200000000
25880,0x200,1b9f284200000000
25880,0x2B0,00000020dc000000
25890,0x200,1b9f284200000000
25900,0x200,1b9f284200000000
25900,0x220,20dd03f500000000
25900,0x2B0,00000020dd000000
25910,0x200,1ba0284200000000
25920,0x200,1ba0284200000000
25920,0x2B0,00000020de000000
25930,0x200,1ba1284200000000
25940,0x200,1ba1284200000000
25940,0x2B0,00000020df000000
25950,0x200,1ba1284200000000
25950,0x220,20df03f500000000
25960,0x200,1ba2284200000000
25960,0x2B0,00000020e0000000
25970,0x200,1ba2284200000000
25980,0x200,1ba3284200000000
25980,0x2B0,00000020e1000000
25990,0x200,1ba3284200000000
26000,0x200,1ba3284200000000
26000,0x220,20e103f500000000
26000,0x2B0,00000020e1000000
26010,0x200,1ba4284200000000
26020,0x200,1ba4284200000000
26020,0x2B0,00000020e2000000
26030,0x200,1ba5284200000000
26040,0x200,1ba5284200000000
26040,0x2B0,00000020e3000000
26050,0x200,1ba5284200000000
26050,0x220,20e403f500000000
26060,0x200,1ba6284200000000
26060,0x2B0,00000020e4000000
26070,0x200,1ba6284200000000
26080,0x200,1ba6284200000000
26080,0x2B0,00000020e5000000
26090,0x200,1ba7284200000000
26100,0x200,1ba7284200000000
26100,0x220,20e603f500000000
26100,0x2B0,00000020e6000000
26110,0x200,1ba8284200000000
26120,0x200,1ba8284200000000
26120,0x2B0,00000020e7000000
26130,0x200,1ba8284200000000
26140,0x200,1ba9284200000000
26140,0x2B0,00000020e8000000
26150,0x200,1ba9284200000000
26150,0x220,20e803f500000000
26160,0x200,1baa284200000000
26160,0x2B0,00000020e9000000
26170,0x200,1baa284200000000
26180,0x200,1baa284200000000
26180,0x2B0,00000020ea000000
26190,0x200,1bab284200000000
26200,0x200,1bab284200000000
26200,0x220,20eb03f500000000
26200,0x2B0,00000020eb000000
26210,0x200,1bac284200000000
26220,0x200,1bac284200000000
26220,0x2B0,00000020ec000000
26230,0x200,1bac284200000000
26240,0x200,1bad284200000000
26240,0x2B0,00000020ed000000
26250,0x200,1bad284200000000
26250,0x220,20ed03f500000000
26260,0x200,1bad284200000000
26260,0x2B0,00000020ed000000
26270,0x200,1bae284200000000
26280,0x200,1bae284200000000
26280,0x2B0,00000020ee000000
26290,0x200,1baf284200000000
26300,0x200,1baf284200000000
26300,0x220,20ef03f500000000
26300,0x2B0,00000020ef000000
26310,0x200,1baf284200000000
26320,0x200,1bb0284200000000
26320,0x2B0,00000020f0000000
26330,0x200,1bb0284200000000
26340,0x200,1bb1284200000000
26340,0x2B0,00000020f1000000
26350,0x200,1bb1284200000000
26350,0x220,20f203f500000000
26360,0x200,1bb1284200000000
26360,0x2B0,00000020f2000000
26370,0x200,1bb2284200000000
26380,0x200,1bb2284200000000
26380,0x2B0,00000020f3000000
26390,0x200,1bb2284200000000
26400,0x200,1bb3284200000000
26400,0x220,20f403f500000000
26400,0x2B0,00000020f4000000
26410,0x200,1bb3284200000000
26420,0x200,1bb4284200000000
26420,0x2B0,00000020f5000000
26430,0x200,1bb4284200000000
26440,0x200,1bb4284200000000
26440,0x2B0,00000020f6000000
26450,0x200,1bb5284200000000
26450,0x220,20f603f500000000
26460,0x200,1bb5284200000000
26460,0x2B0,00000020f7000000
26470,0x200,1bb6284200000000
26480,0x200,1bb6284200000000
26480,0x2B0,00000020f8000000
26490,0x200,1bb6284200000000
26500,0x200,1bb7284200000000
26500,0x220,20f903f500000000
26500,0x2B0,00000020f9000000
26510,0x200,1bb7284200000000
26520,0x200,1bb8284200000000
26520,0x2B0,00000020f9000000
26530,0x200,1bb8284200000000
26540,0x200,1bb8284200000000
26540,0x2B0,00000020fa000000
26550,0x200,1bb9284200000000
26550,0x220,20fb03f500000000
26560,0x200,1bb9284200000000
26560,0x2B0,00000020fb000000
26570,0x200,1bb9284200000000
26580,0x200,1bba284200000000
26580,0x2B0,00000020fc000000
26590,0x200,1bba284200000000
26600,0x200,1bbb284200000000
26600,0x220,20fd03f500000000
26600,0x2B0,00000020fd000000
26610,0x200,1bbb284200000000
26620,0x200,1bbb284200000000
26620,0x2B0,00000020fe000000
26630,0x200,1bbc284200000000
26640,0x200,1bbc284200000000
26640,0x2B0,00000020ff000000
26650,0x200,1bbd284200000000
26650,0x220,20ff03f500000000
26660,0x200,1bbd284200000000
26660,0x2B0,0000002100000000
26670,0x200,1bbd284200000000
26680,0x200,1bbe284200000000
26680,0x2B0,0000002101000000
26690,0x200,1bbe284200000000
26700,0x200,1bbe284200000000
26700,0x220,210203f500000000
26700,0x2B0,0000002102000000
26710,0x200,1bbf284200000000
26720,0x200,1bbf284200000000
26720,0x2B0,0000002103000000
26730,0x200,1bc0284200000000
26740,0x200,1bc0284200000000
26740,0x2B0,0000002104000000
26750,0x200,1bc0284200000000
26750,0x220,210403f500000000
26760,0x200,1bc1284200000000
26760,0x2B0,0000002104000000
26770,0x200,1bc1284200000000
26780,0x200,1bc2284200000000
26780,0x2B0,0000002105000000
26790,0x200,1bc2284200000000
26800,0x200,1bc2284200000000
26800,0x220,210603f500000000
26800,0x2B0,0000002106000000
26810,0x200,1bc3284200000000
26820,0x200,1bc3284200000000
26820,0x2B0,0000002107000000
26830,0x200,1bc3284200000000
26840,0x200,1bc4284200000000
26840,0x2B0,0000002108000000
26850,0x200,1bc4284200000000
26850,0x220,210903f500000000
26860,0x200,1bc5284200000000
26860,0x2B0,0000002109000000
26870,0x200,1bc5284200000000
26880,0x200,1bc5284200000000
26880,0x2B0,000000210a000000
26890,0x200,1bc6284200000000
26900,0x200,1bc6284200000000
26900,0x220,210b03f500000000
26900,0x2B0,000000210b000000
26910,0x200,1bc7284200000000
26920,0x200,1bc7284200000000
26920,0x2B0,000000210c000000
26930,0x200,1bc7284200000000
26940,0x200,1bc8284200000000
26940,0x2B0,000000210d000000
26950,0x200,1bc8284200000000
26950,0x220,210d03f500000000
26960,0x200,1bc9284200000000
26960,0x2B0,000000210e000000
26970,0x200,1bc9284200000000
26980,0x200,1bc9284200000000
26980,0x2B0,000000210e000000
26990,0x200,1bca284200000000
27000,0x200,1bca284200000000
27000,0x220,210f03f500000000
27000,0x2B0,000000210f000000
27010,0x200,1bca284200000000
27020,0x200,1bcb284200000000
27020,0x2B0,0000002110000000
27030,0x200,1bcb284200000000
27040,0x200,1bcc284200000000
27040,0x2B0,0000002111000000
27050,0x200,1bcc284200000000
27050,0x220,211203f500000000
27060,0x200,1bcc284200000000
27060,0x2B0,0000002112000000
27070,0x200,1bcd284200000000
27080,0x200,1bcd284200000000
27080,0x2B0,0000002113000000
27090,0x200,1bce284200000000
27100,0x200,1bce284200000000
27100,0x220,211403f500000000
27100,0x2B0,0000002114000000
27110,0x200,1bce284200000000
27120,0x200,1bcf284200000000
27120,0x2B0,0000002115000000
27130,0x200,1bcf284200000000
27140,0x200,1bcf284200000000
27140,0x2B0,0000002116000000
27150,0x200,1bd0284200000000
27150,0x220,211603f500000000
27160,0x200,1bd0284200000000
27160,0x2B0,0000002117000000
27170,0x200,1bd1284200000000
27180,0x200,1bd1284200000000
27180,0x2B0,0000002118000000
27190,0x200,1bd1284200000000
27200,0x200,1bd2284200000000
27200,0x220,211903f500000000
27200,0x2B0,0000002119000000
27210,0x200,1bd2284200000000
27220,0x200,1bd2284200000000
27220,0x2B0,0000002119000000
27230,0x200,1bd3284200000000
27240,0x200,1bd3284200000000
27240,0x2B0,000000211a000000
27250,0x200,1bd4284200000000
27250,0x220,211b03f500000000
27260,0x200,1bd4284200000000
27260,0x2B0,000000211b000000
27270,0x200,1bd4284200000000
27280,0x200,1bd5284200000000
27280,0x2B0,000000211c000000
27290,0x200,1bd5284200000000
27300,0x200,1bd6284200000000
27300,0x220,211d03f500000000
27300,0x2B0,000000211d000000
27310,0x200,1bd6284200000000
27320,0x200,1bd6284200000000
27320,0x2B0,000000211e000000
27330,0x200,1bd7284200000000
27340,0x200,1bd7284200000000
27340,0x2B0,000000211f000000
27350,0x200,1bd7284200000000
27350,0x220,211f03f500000000
27360,0x200,1bd8284200000000
27360,0x2B0,0000002120000000
27370,0x200,1bd8284200000000
27380,0x200,1bd9284200000000
27380,0x2B0,0000002121000000
27390,0x200,1bd9284200000000
27400,0x200,1bd9284200000000
27400,0x220,212203f500000000
27400,0x2B0,0000002122000000
27410,0x200,1bda284200000000
27420,0x200,1bda284200000000
27420,0x2B0,0000002123000000
27430,0x200,1bdb284200000000
27440,0x200,1bdb284200000000
27440,0x2B0,0000002123000000
27450,0x200,1bdb284200000000
27450,0x220,212403f500000000
27460,0x200,1bdc284200000000
27460,0x2B0,0000002124000000
27470,0x200,1bdc284200000000
27480,0x200,1bdc284200000000
27480,0x2B0,0000002125000000
27490,0x200,1bdd284200000000
27500,0x200,1bdd284200000000
27500,0x220,212603f500000000
27500,0x2B0,0000002126000000
27510,0x200,1bde284200000000
27520,0x200,1bde284200000000
27520,0x2B0,0000002127000000
27530,0x200,1bde284200000000
27540,0x200,1bdf284200000000
27540,0x2B0,0000002128000000
27550,0x200,1bdf284200000000
27550,0x220,212803f500000000
27560,0x200,1bdf284200000000
27560,0x2B0,0000002129000000
27570,0x200,1be0284200000000
27580,0x200,1be0284200000000
27580,0x2B0,000000212a000000
27590,0x200,1be1284200000000
27600,0x200,1be1284200000000
27600,0x220,212b03f500000000
27600,0x2B0,000000212b000000
27610,0x200,1be1284200000000
27620,0x200,1be2284200000000
27620,0x2B0,000000212c000000
27630,0x200,1be2284200000000
27640,0x200,1be3284200000000
27640,0x2B0,000000212c000000
27650,0x200,1be3284200000000
27650,0x220,212d03f500000000
27660,0x200,1be3284200000000
27660,0x2B0,000000212d000000
27670,0x200,1be4284200000000
27680,0x200,1be4284200000000
27680,0x2B0,000000212e000000
27690,0x200,1be4284200000000
27700,0x200,1be5284200000000
27700,0x220,212f03f500000000
27700,0x2B0,000000212f000000
27710,0x200,1be5284200000000
27720,0x200,1be6284200000000
27720,0x2B0,0000002130000000
27730,0x200,1be6284200000000
27740,0x200,1be6284200000000
27740,0x2B0,0000002131000000
27750,0x200,1be7284200000000
27750,0x220,213103f500000000
27760,0x200,1be7284200000000
27760,0x2B0,0000002132000000
27770,0x200,1be8284200000000
27780,0x200,1be8284200000000
27780,0x2B0,0000002133000000
27790,0x200,1be8284200000000
27800,0x200,1be9284200000000
27800,0x220,213403f500000000
27800,0x2B0,0000002134000000
27810,0x200,1be9284200000000
27820,0x200,1be9284200000000
27820,0x2B0,0000002135000000
27830,0x200,1bea284200000000
27840,0x200,1bea284200000000
27840,0x2B0,0000002136000000
27850,0x200,1beb284200000000
27850,0x220,213603f500000000
27860,0x200,1beb284200000000
27860,0x2B0,0000002136000000
27870,0x200,1beb284200000000
27880,0x200,1bec284200000000
27880,0x2B0,0000002137000000
27890,0x200,1bec284200000000
27900,0x200,1bec284200000000
27900,0x220,213803f500000000
27900,0x2B0,0000002138000000
27910,0x200,1bed284200000000
27920,0x200,1bed284200000000
27920,0x2B0,0000002139000000
27930,0x200,1bee284200000000
27940,0x200,1bee284200000000
27940,0x2B0,000000213a000000
27950,0x200,1bee284200000000
27950,0x220,213a03f500000000
27960,0x200,1bef284200000000
27960,0x2B0,000000213b000000
27970,0x200,1bef284200000000
27980,0x200,1bef284200000000
27980,0x2B0,000000213c000000
27990,0x200,1bf0284200000000
28000,0x200,1bf0284200000000
28000,0x220,213d03f500000000
28000,0x2B0,000000213d000000
28010,0x200,1bf1284200000000
28020,0x200,1bf1284200000000
28020,0x2B0,000000213e000000
28030,0x200,1bf1284200000000
28040,0x200,1bf2284200000000
28040,0x2B0,000000213f000000
28050,0x200,1bf2284200000000
28050,0x220,213f03f500000000
28060,0x200,1bf3284200000000
28060,0x2B0,000000213f000000
28070,0x200,1bf3284200000000
28080,0x200,1bf3284200000000
28080,0x2B0,0000002140000000
28090,0x200,1bf4284200000000
28100,0x200,1bf4284200000000
28100,0x220,214103f400000000
28100,0x2B0,0000002141000000
28110,0x200,1bf4284200000000
28120,0x200,1bf5284200000000
28120,0x2B0,0000002142000000
28130,0x200,1bf5284200000000
28140,0x200,1bf6284200000000
28140,0x2B0,0000002143000000
28150,0x200,1bf6284200000000
28150,0x220,214303f400000000
28160,0x200,1bf6284200000000
28160,0x2B0,0000002144000000
28170,0x200,1bf7284200000000
28180,0x200,1bf7284200000000
28180,0x2B0,0000002145000000
28190,0x200,1bf7284200000000
28200,0x200,1bf8284200000000
28200,0x220,214603f400000000
28200,0x2B0,0000002146000000
28210,0x200,1bf8284200000000
28220,0x200,1bf9284200000000
28220,0x2B0,0000002147000000
28230,0x200,1bf9284200000000
28240,0x200,1bf9284200000000
28240,0x2B0,0000002148000000
28250,0x200,1bfa284200000000
28250,0x220,214803f400000000
28260,0x200,1bfa284200000000
28260,0x2B0,0000002148000000
28270,0x200,1bfa284200000000
28280,0x200,1bfb284200000000
28280,0x2B0,0000002149000000
28290,0x200,1bfb284200000000
28300,0x200,1bfc284200000000
28300,0x220,214a03f400000000
28300,0x2B0,000000214a000000
28310,0x200,1bfc284200000000
28320,0x200,1bfc284200000000
28320,0x2B0,000000214b000000
28330,0x200,1bfd284200000000
28340,0x200,1bfd284200000000
28340,0x2B0,000000214c000000
28350,0x200,1bfe284200000000
28350,0x220,214c03f400000000
28360,0x200,1bfe284200000000
28360,0x2B0,000000214d000000
28370,0x200,1bfe284200000000
28380,0x200,1bff284200000000
28380,0x2B0,000000214e000000
28390,0x200,1bff284200000000
28400,0x200,1bff284200000000
28400,0x220,214f03f400000000
28400,0x2B0,000000214f000000
28410,0x200,1c00284200000000
28420,0x200,1c00284200000000
28420,0x2B0,0000002150000000
28430,0x200,1c01284200000000
28440,0x200,1c01284200000000
28440,0x2B0,0000002150000000
28450,0x200,1c01284200000000
28450,0x220,215103f400000000
28460,0x200,1c02284200000000
28460,0x2B0,0000002151000000
28470,0x200,1c02284200000000
28480,0x200,1c02284200000000
28480,0x2B0,0000002152000000
28490,0x200,1c03284200000000
28500,0x200,1c03284200000000
28500,0x220,215303f400000000
28500,0x2B0,0000002153000000
28510,0x200,1c04284200000000
28520,0x200,1c04284200000000
28520,0x2B0,0000002154000000
28530,0x200,1c04284200000000
28540,0x200,1c05284200000000
28540,0x2B0,0000002155000000
28550,0x200,1c05284200000000
28550,0x220,215503f400000000
28560,0x200,1c05284200000000
28560,0x2B0,0000002156000000
28570,0x200,1c06284200000000
28580,0x200,1c06284200000000
28580,0x2B0,0000002157000000
28590,0x200,1c07284200000000
28600,0x200,1c07284200000000
28600,0x220,215803f400000000
28600,0x2B0,0000002158000000
28610,0x200,1c07284200000000
28620,0x200,1c08284200000000
28620,0x2B0,0000002159000000
28630,0x200,1c08284200000000
28640,0x200,1c08284200000000
28640,0x2B0,0000002159000000
28650,0x200,1c09284200000000
28650,0x220,215a03f400000000
28660,0x200,1c09284200000000
28660,0x2B0,000000215a000000
28670,0x200,1c0a284200000000
28680,0x200,1c0a284200000000
28680,0x2B0,000000215b000000
28690,0x200,1c0a284200000000
28700,0x200,1c0b284200000000
28700,0x220,215c03f400000000
28700,0x2B0,000000215c000000
28710,0x200,1c0b284200000000
28720,0x200,1c0b284200000000
28720,0x2B0,000000215d000000
28730,0x200,1c0c284200000000
28740,0x200,1c0c284200000000
28740,0x2B0,000000215e000000
28750,0x200,1c0d284200000000
28750,0x220,215e03f400000000
28760,0x200,1c0d284200000000
28760,0x2B0,000000215f000000
28770,0x200,1c0d284200000000
28780,0x200,1c0e284200000000
28780,0x2B0,0000002160000000
28790,0x200,1c0e284200000000
28800,0x200,1c0e284200000000
28800,0x220,216103f400000000
28800,0x2B0,0000002161000000
28810,0x200,1c0f284200000000
28820,0x200,1c0f284200000000
28820,0x2B0,0000002161000000
28830,0x200,1c10284200000000
28840,0x200,1c10284200000000
28840,0x2B0,0000002162000000
28850,0x200,1c10284200000000
28850,0x220,216303f400000000
28860,0x200,1c11284200000000
28860,0x2B0,0000002163000000
28870,0x200,1c11284200000000
28880,0x200,1c11284200000000
28880,0x2B0,0000002164000000
28890,0x200,1c12284200000000
28900,0x200,1c12284200000000
28900,0x220,216503f400000000
28900,0x2B0,0000002165000000
28910,0x200,1c13284200000000
28920,0x200,1c13284200000000
28920,0x2B0,0000002166000000
28930,0x200,1c13284200000000
28940,0x200,1c14284200000000
28940,0x2B0,0000002167000000
28950,0x200,1c14284200000000
28950,0x220,216703f400000000
28960,0x200,1c14284200000000
28960,0x2B0,0000002168000000
28970,0x200,1c15284200000000
28980,0x200,1c15284200000000
28980,0x2B0,0000002169000000
28990,0x200,1c16284200000000
29000,0x200,1c16284200000000
29000,0x220,216903f400000000
29000,0x2B0,0000002169000000
29010,0x200,1c16284200000000
29020,0x200,1c17284200000000
29020,0x2B0,000000216a000000
29030,0x200,1c17284200000000
29040,0x200,1c17284200000000
29040,0x2B0,000000216b000000
29050,0x200,1c18284200000000
29050,0x220,216c03f400000000
29060,0x200,1c18284200000000
29060,0x2B0,000000216c000000
29070,0x200,1c19284200000000
29080,0x200,1c19284200000000
29080,0x2B0,000000216d000000
29090,0x200,1c19284200000000
29100,0x200,1c1a284200000000
29100,0x220,216e03f400000000
29100,0x2B0,000000216e000000
29110,0x200,1c1a284200000000
29120,0x200,1c1a284200000000
29120,0x2B0,000000216f000000
29130,0x200,1c1b284200000000
29140,0x200,1c1b284200000000
29140,0x2B0,0000002170000000
29150,0x200,1c1c284200000000
29150,0x220,217003f400000000
29160,0x200,1c1c284200000000
29160,0x2B0,0000002171000000
29170,0x200,1c1c284200000000
29180,0x200,1c1d284200000000
29180,0x2B0,0000002171000000
29190,0x200,1c1d284200000000
29200,0x200,1c1d284200000000
29200,0x220,217203f400000000
29200,0x2B0,0000002172000000
29210,0x200,1c1e284200000000
29220,0x200,1c1e284200000000
29220,0x2B0,0000002173000000
29230,0x200,1c1f284200000000
29240,0x200,1c1f284300000000
29240,0x2B0,0000002174000000
29250,0x200,1c1f284300000000
29250,0x220,217503f400000000
29260,0x200,1c20284300000000
29260,0x2B0,0000002175000000
29270,0x200,1c20284300000000
29280,0x200,1c20284300000000
29280,0x2B0,0000002176000000
29290,0x200,1c21284300000000
29300,0x200,1c21284300000000
29300,0x220,217703f400000000
29300,0x2B0,0000002177000000
29310,0x200,1c22284300000000
29320,0x200,1c22284300000000
29320,0x2B0,0000002178000000
29330,0x200,1c22284300000000
29340,0x200,1c23284300000000
29340,0x2B0,0000002179000000
29350,0x200,1c23284300000000
29350,0x220,217903f400000000
29360,0x200,1c23284300000000
29360,0x2B0,0000002179000000
29370,0x200,1c24284300000000
29380,0x200,1c24284300000000
29380,0x2B0,000000217a000000
29390,0x200,1c25284300000000
29400,0x200,1c25284300000000
29400,0x220,217b03f400000000
29400,0x2B0,000000217b000000
29410,0x200,1c25284300000000
29420,0x200,1c26284300000000
29420,0x2B0,000000217c000000
29430,0x200,1c26284300000000
29440,0x200,1c26284300000000
29440,0x2B0,000000217d000000
29450,0x200,1c27284300000000
29450,0x220,217d03f400000000
29460,0x200,1c27284300000000
29460,0x2B0,000000217e000000
29470,0x200,1c28284300000000
29480,0x200,1c28284300000000
29480,0x2B0,000000217f000000
29490,0x200,1c28284300000000
29500,0x200,1c29284300000000
29500,0x220,218003f400000000
29500,0x2B0,0000002180000000
29510,0x200,1c29284300000000
29520,0x200,1c29284300000000
29520,0x2B0,0000002181000000
29530,0x200,1c2a284300000000
29540,0x200,1c2a284300000000
29540,0x2B0,0000002181000000
29550,0x200,1c2b284300000000
29550,0x220,218203f400000000
29560,0x200,1c2b284300000000
29560,0x2B0,0000002182000000
29570,0x200,1c2b284300000000
29580,0x200,1c2c284300000000
29580,0x2B0,0000002183000000
29590,0x200,1c2c284300000000
29600,0x200,1c2c284300000000
29600,0x220,218403f400000000
29600,0x2B0,0000002184000000
29610,0x200,1c2d284300000000
29620,0x200,1c2d284300000000
29620,0x2B0,0000002185000000
29630,0x200,1c2d284300000000
29640,0x200,1c2e284300000000
29640,0x2B0,0000002186000000
29650,0x200,1c2e284300000000
29650,0x220,218603f400000000
29660,0x200,1c2f284300000000
29660,0x2B0,0000002187000000
29670,0x200,1c2f284300000000
29680,0x200,1c2f284300000000
29680,0x2B0,0000002188000000
29690,0x200,1c30284300000000
29700,0x200,1c30284300000000
29700,0x220,218803f400000000
29700,0x2B0,0000002188000000
29710,0x200,1c30284300000000
29720,0x200,1c31284300000000
29720,0x2B0,0000002189000000
29730,0x200,1c31284300000000
29740,0x200,1c32284300000000
29740,0x2B0,000000218a000000
29750,0x200,1c32284300000000
29750,0x220,218b03f400000000
29760,0x200,1c32284300000000
29760,0x2B0,000000218b000000
29770,0x200,1c33284300000000
29780,0x200,1c33284300000000
29780,0x2B0,000000218c000000
29790,0x200,1c33284300000000
29800,0x200,1c34284300000000
29800,0x220,218d03f400000000
29800,0x2B0,000000218d000000
29810,0x200,1c34284300000000
29820,0x200,1c35284300000000
29820,0x2B0,000000218e000000
29830,0x200,1c35284300000000
29840,0x200,1c35284300000000
29840,0x2B0,000000218f000000
29850,0x200,1c36284300000000
29850,0x220,218f03f400000000
29860,0x200,1c36284300000000
29860,0x2B0,000000218f000000
29870,0x200,1c36284300000000
29880,0x200,1c37284300000000
29880,0x2B0,0000002190000000
29890,0x200,1c37284300000000
29900,0x200,1c37284300000000
29900,0x220,219103f400000000
29900,0x2B0,0000002191000000
29910,0x200,1c38284300000000
29920,0x200,1c38284300000000
29920,0x2B0,0000002192000000
29930,0x200,1c39284300000000
29940,0x200,1c39284300000000
29940,0x2B0,0000002193000000
29950,0x200,1c39284300000000
29950,0x220,219303f400000000
29960,0x200,1c3a284300000000
29960,0x2B0,0000002194000000
29970,0x200,1c3a284300000000
29980,0x200,1c3a284300000000
29980,0x2B0,0000002195000000
29990,0x200,1c3b284300000000
30000,0x200,1c3b284300000000
30000,0x220,219603f400000000
30000,0x2B0,0000002196000000
30010,0x200,1c3c284300000000
30020,0x200,1c3c284300000000
30020,0x2B0,0000002197000000
30030,0x200,1c3c284300000000
30040,0x200,1c3d284300000000
30040,0x2B0,0000002197000000
30050,0x200,1c3d284300000000
30050,0x220,219803f400000000
30060,0x200,1c3d284300000000
30060,0x2B0,0000002198000000
30070,0x200,1c3e284300000000
30080,0x200,1c3e284300000000
30080,0x2B0,0000002199000000
30090,0x200,1c3f284300000000
30100,0x200,1c3f284300000000
30100,0x220,219a03f400000000
30100,0x2B0,000000219a000000
30110,0x200,1c3f284300000000
30120,0x200,1c40284300000000
30120,0x2B0,000000219b000000
30130,0x200,1c40284300000000
30140,0x200,1c40284300000000
30140,0x2B0,000000219c000000
30150,0x200,1c41284300000000
30150,0x220,219c03f400000000
30160,0x200,1c41284300000000
30160,0x2B0,000000219d000000
30170,0x200,1c41284300000000
30180,0x200,1c42284300000000
30180,0x2B0,000000219e000000
30190,0x200,1c42284300000000
30200,0x200,1c43284300000000
30200,0x220,219e03f400000000
30200,0x2B0,000000219e000000
30210,0x200,1c43284300000000
30220,0x200,1c43284300000000
30220,0x2B0,000000219f000000
30230,0x200,1c44284300000000
30240,0x200,1c44284300000000
30240,0x2B0,00000021a0000000
30250,0x200,1c44284300000000
30250,0x220,21a103f400000000
30260,0x200,1c45284300000000
30260,0x2B0,00000021a1000000
30270,0x200,1c45284300000000
30280,0x200,1c46284300000000
30280,0x2B0,00000021a2000000
30290,0x200,1c46284300000000
30300,0x200,1c46284300000000
30300,0x220,21a303f400000000
30300,0x2B0,00000021a3000000
30310,0x200,1c47284300000000
30320,0x200,1c47284300000000
30320,0x2B0,00000021a4000000
30330,0x200,1c47284300000000
30340,0x200,1c48284300000000
30340,0x2B0,00000021a5000000
30350,0x200,1c48284300000000
30350,0x220,21a503f400000000
30360,0x200,1c48284300000000
30360,0x2B0,00000021a5000000
30370,0x200,1c49284300000000
30380,0x200,1c49284300000000
30380,0x2B0,00000021a6000000
30390,0x200,1c4a284300000000
30400,0x200,1c4a284300000000
30400,0x220,21a703f400000000
30400,0x2B0,00000021a7000000
30410,0x200,1c4a284300000000
30420,0x200,1c4b284300000000
30420,0x2B0,00000021a8000000
30430,0x200,1c4b284300000000
30440,0x200,1c4b284300000000
30440,0x2B0,00000021a9000000
30450,0x200,1c4c284300000000
30450,0x220,21a903f400000000
30460,0x200,1c4c284300000000
30460,0x2B0,00000021aa000000
30470,0x200,1c4d284300000000
30480,0x200,1c4d284300000000
30480,0x2B0,00000021ab000000
30490,0x200,1c4d284300000000
30500,0x200,1c4e284300000000
30500,0x220,21ac03f400000000
30500,0x2B0,00000021ac000000
30510,0x200,1c4e284300000000
30520,0x200,1c4e284300000000
30520,0x2B0,00000021ac000000
30530,0x200,1c4f284300000000
30540,0x200,1c4f284300000000
30540,0x2B0,00000021ad000000
30550,0x200,1c4f284300000000
30550,0x220,21ae03f400000000
30560,0x200,1c50284300000000
30560,0x2B0,00000021ae000000
30570,0x200,1c50284300000000
30580,0x200,1c51284300000000
30580,0x2B0,00000021af000000
30590,0x200,1c51284300000000
30600,0x200,1c51284300000000
30600,0x220,21b003f400000000
30600,0x2B0,00000021b0000000
30610,0x200,1c52284300000000
30620,0x200,1c52284300000000
30620,0x2B0,00000021b1000000
30630,0x200,1c52284300000000
30640,0x200,1c53284300000000
30640,0x2B0,00000021b2000000
30650,0x200,1c53284300000000
30650,0x220,21b203f400000000
30660,0x200,1c54284300000000
30660,0x2B0,00000021b2000000
30670,0x200,1c54284300000000
30680,0x200,1c54284300000000
30680,0x2B0,00000021b3000000
30690,0x200,1c55284300000000
30700,0x200,1c55284300000000
30700,0x220,21b403f400000000
30700,0x2B0,00000021b4000000
30710,0x200,1c55284300000000
30720,0x200,1c56284300000000
30720,0x2B0,00000021b5000000
30730,0x200,1c56284300000000
30740,0x200,1c56284300000000
30740,0x2B0,00000021b6000000
30750,0x200,1c57284300000000
30750,0x220,21b603f400000000
30760,0x200,1c57284300000000
30760,0x2B0,00000021b7000000
30770,0x200,1c58284300000000
30780,0x200,1c58284300000000
30780,0x2B0,00000021b8000000
30790,0x200,1c58284300000000
30800,0x200,1c59284300000000
30800,0x220,21b903f400000000
30800,0x2B0,00000021b9000000
30810,0x200,1c59284300000000
30820,0x200,1c59284300000000
30820,0x2B0,00000021b9000000
30830,0x200,1c5a284300000000
30840,0x200,1c5a284300000000
30840,0x2B0,00000021ba000000
30850,0x200,1c5a284300000000
30850,0x220,21bb03f400000000
30860,0x200,1c5b284300000000
30860,0x2B0,00000021bb000000
30870,0x200,1c5b284300000000
30880,0x200,1c5c284300000000
30880,0x2B0,00000021bc000000
30890,0x200,1c5c284300000000
30900,0x200,1c5c284300000000
30900,0x220,21bd03f400000000
30900,0x2B0,00000021bd000000
30910,0x200,1c5d284300000000
30920,0x200,1c5d284300000000
30920,0x2B0,00000021be000000
30930,0x200,1c5d284300000000
30940,0x200,1c5e284300000000
30940,0x2B0,00000021bf000000
30950,0x200,1c5e284300000000
30950,0x220,21bf03f400000000
30960,0x200,1c5e284300000000
30960,0x2B0,00000021c0000000
30970,0x200,1c5f284300000000
30980,0x200,1c5f284300000000
30980,0x2B0,00000021c0000000
30990,0x200,1c60284300000000
31000,0x200,1c60284300000000
31000,0x220,21c103f400000000
31000,0x2B0,00000021c1000000
31010,0x200,1c60284300000000
31020,0x200,1c61284300000000
31020,0x2B0,00000021c2000000
31030,0x200,1c61284300000000
31040,0x200,1c61284300000000
31040,0x2B0,00000021c3000000
31050,0x200,1c62284300000000
31050,0x220,21c303f400000000
31060,0x200,1c62284300000000
31060,0x2B0,00000021c4000000
31070,0x200,1c62284300000000
31080,0x200,1c63284300000000
31080,0x2B0,00000021c5000000
31090,0x200,1c63284300000000
31100,0x200,1c64284300000000
31100,0x220,21c603f400000000
31100,0x2B0,00000021c6000000
31110,0x200,1c64284300000000
31120,0x200,1c64284300000000
31120,0x2B0,00000021c6000000
31130,0x200,1c65284300000000
31140,0x200,1c65284300000000
31140,0x2B0,00000021c7000000
31150,0x200,1c65284300000000
31150,0x220,21c803f400000000
31160,0x200,1c66284300000000
31160,0x2B0,00000021c8000000
31170,0x200,1c66284300000000
31180,0x200,1c67284300000000
31180,0x2B0,00000021c9000000
31190,0x200,1c67284300000000
31200,0x200,1c67284300000000
31200,0x220,21ca03f400000000
31200,0x2B0,00000021ca000000
31210,0x200,1c68284300000000
31220,0x200,1c68284300000000
31220,0x2B0,00000021cb000000
31230,0x200,1c68284300000000
31240,0x200,1c69284300000000
31240,0x2B0,00000021cc000000
31250,0x200,1c69284300000000
31250,0x220,21cc03f400000000
31260,0x200,1c69284300000000
31260,0x2B0,00000021cc000000
31270,0x200,1c6a284300000000
31280,0x200,1c6a284300000000
31280,0x2B0,00000021cd000000
31290,0x200,1c6b284300000000
31300,0x200,1c6b284300000000
31300,0x220,21ce03f400000000
31300,0x2B0,00000021ce000000
31310,0x200,1c6b284300000000
31320,0x200,1c6c284300000000
31320,0x2B0,00000021cf000000
31330,0x200,1c6c284300000000
31340,0x200,1c6c284300000000
31340,0x2B0,00000021d0000000
31350,0x200,1c6d284300000000
31350,0x220,21d003f400000000
31360,0x200,1c6d284300000000
31360,0x2B0,00000021d1000000
31370,0x200,1c6d284300000000
31380,0x200,1c6e284300000000
31380,0x2B0,00000021d2000000
31390,0x200,1c6e284300000000
31400,0x200,1c6f284300000000
31400,0x220,21d303f400000000
31400,0x2B0,00000021d3000000
31410,0x200,1c6f284300000000
31420,0x200,1c6f284300000000
31420,0x2B0,00000021d3000000
31430,0x200,1c70284300000000
31440,0x200,1c70284300000000
31440,0x2B0,00000021d4000000
31450,0x200,1c70284300000000
31450,0x220,21d503f400000000
31460,0x200,1c71284300000000
31460,0x2B0,00000021d5000000
31470,0x200,1c71284300000000
31480,0x200,1c71284300000000
31480,0x2B0,00000021d6000000
31490,0x200,1c72284300000000
31500,0x200,1c72284300000000
31500,0x220,21d703f400000000
31500,0x2B0,00000021d7000000
31510,0x200,1c73284300000000
31520,0x200,1c73284300000000
31520,0x2B0,00000021d8000000
31530,0x200,1c73284300000000
31540,0x200,1c74284300000000
31540,0x2B0,00000021d9000000
31550,0x200,1c74284300000000
31550,0x220,21d903f400000000
31560,0x200,1c74284300000000
31560,0x2B0,00000021d9000000
31570,0x200,1c75284300000000
31580,0x200,1c75284300000000
31580,0x2B0,00000021da000000
31590,0x200,1c75284300000000
31600,0x200,1c76284300000000
31600,0x220,21db03f400000000
31600,0x2B0,00000021db000000
31610,0x200,1c76284300000000
31620,0x200,1c76284300000000
31620,0x2B0,00000021dc000000
31630,0x200,1c77284300000000
31640,0x200,1c77284300000000
31640,0x2B0,00000021dd000000
31650,0x200,1c78284300000000
31650,0x220,21dd03f400000000
31660,0x200,1c78284300000000
31660,0x2B0,00000021de000000
31670,0x200,1c78284300000000
31680,0x200,1c79284300000000
31680,0x2B0,00000021df000000
31690,0x200,1c79284300000000
31700,0x200,1c79284300000000
31700,0x220,21df03f400000000
31700,0x2B0,00000021df000000
31710,0x200,1c7a284300000000
31720,0x200,1c7a284300000000
31720,0x2B0,00000021e0000000
31730,0x200,1c7a284300000000
31740,0x200,1c7b284300000000
31740,0x2B0,00000021e1000000
31750,0x200,1c7b284300000000
31750,0x220,21e203f400000000
31760,0x200,1c7c284300000000
31760,0x2B0,00000021e2000000
31770,0x200,1c7c284300000000
31780,0x200,1c7c284300000000
31780,0x2B0,00000021e3000000
31790,0x200,1c7d284300000000
31800,0x200,1c7d284300000000
31800,0x220,21e403f400000000
31800,0x2B0,00000021e4000000
31810,0x200,1c7d284300000000
31820,0x200,1c7e284300000000
31820,0x2B0,00000021e5000000
31830,0x200,1c7e284300000000
31840,0x200,1c7e284300000000
31840,0x2B0,00000021e5000000
31850,0x200,1c7f284300000000
31850,0x220,21e603f400000000
31860,0x200,1c7f284300000000
31860,0x2B0,00000021e6000000
31870,0x200,1c80284300000000
31880,0x200,1c80284300000000
31880,0x2B0,00000021e7000000
31890,0x200,1c80284300000000
31900,0x200,1c81284300000000
31900,0x220,21e803f400000000
31900,0x2B0,00000021e8000000
31910,0x200,1c81284300000000
31920,0x200,1c81284300000000
31920,0x2B0,00000021e9000000
31930,0x200,1c82284300000000
31940,0x200,1c82284300000000
31940,0x2B0,00000021ea000000
31950,0x200,1c82284300000000
31950,0x220,21ea03f400000000
31960,0x200,1c83284300000000
31960,0x2B0,00000021eb000000
31970,0x200,1c83284300000000
31980,0x200,1c83284300000000
31980,0x2B0,00000021eb000000
31990,0x200,1c84284300000000
32000,0x200,1c84284300000000
32000,0x220,21ec03f400000000
32000,0x2B0,00000021ec000000
32010,0x200,1c85284300000000
32020,0x200,1c85284300000000
32020,0x2B0,00000021ed000000
32030,0x200,1c85284300000000
32040,0x200,1c86284300000000
32040,0x2B0,00000021ee000000
32050,0x200,1c86284300000000
32050,0x220,21ee03f400000000
32060,0x200,1c86284300000000
32060,0x2B0,00000021ef000000
32070,0x200,1c87284300000000
32080,0x200,1c87284300000000
32080,0x2B0,00000021f0000000
32090,0x200,1c87284300000000
32100,0x200,1c88284300000000
32100,0x220,21f103f400000000
32100,0x2B0,00000021f1000000
32110,0x200,1c88284300000000
32120,0x200,1c89284300000000
32120,0x2B0,00000021f1000000
32130,0x200,1c89284300000000
32140,0x200,1c89284300000000
32140,0x2B0,00000021f2000000
32150,0x200,1c8a284300000000
32150,0x220,21f303f400000000
32160,0x200,1c8a284300000000
32160,0x2B0,00000021f3000000
32170,0x200,1c8a284300000000
32180,0x200,1c8b284300000000
32180,0x2B0,00000021f4000000
32190,0x200,1c8b284300000000
32200,0x200,1c8b284300000000
32200,0x220,21f503f400000000
32200,0x2B0,00000021f5000000
32210,0x200,1c8c284300000000
32220,0x200,1c8c284300000000
32220,0x2B0,00000021f6000000
32230,0x200,1c8c284300000000
32240,0x200,1c8d284300000000
32240,0x2B0,00000021f7000000
32250,0x200,1c8d284300000000
32250,0x220,21f703f400000000
32260,0x200,1c8e284300000000
32260,0x2B0,00000021f7000000
32270,0x200,1c8e284300000000
32280,0x200,1c8e284300000000
32280,0x2B0,00000021f8000000
32290,0x200,1c8f284300000000
32300,0x200,1c8f284300000000
32300,0x220,21f903f400000000
32300,0x2B0,00000021f9000000
32310,0x200,1c8f284300000000
32320,0x200,1c90284300000000
32320,0x2B0,00000021fa000000
32330,0x200,1c90284300000000
32340,0x200,1c90284300000000
32340,0x2B0,00000021fb000000
32350,0x200,1c91284300000000
32350,0x220,21fb03f400000000
32360,0x200,1c91284300000000
32360,0x2B0,00000021fc000000
32370,0x200,1c92284300000000
32380,0x200,1c92284300000000
32380,0x2B0,00000021fc000000
32390,0x200,1c92284300000000
32400,0x200,1c93284300000000
32400,0x220,21fd03f400000000
32400,0x2B0,00000021fd000000
32410,0x200,1c93284300000000
32420,0x200,1c93284300000000
32420,0x2B0,00000021fe000000
32430,0x200,1c94284300000000
32440,0x200,1c94284300000000
32440,0x2B0,00000021ff000000
32450,0x200,1c94284300000000
32450,0x220,21ff03f400000000
32460,0x200,1c95284300000000
32460,0x2B0,0000002200000000
32470,0x200,1c95284300000000
32480,0x200,1c95284300000000
32480,0x2B0,0000002201000000
32490,0x200,1c96284300000000
32500,0x200,1c96284300000000
32500,0x220,220203f400000000
32500,0x2B0,0000002202000000
32510,0x200,1c97284300000000
32520,0x200,1c97284300000000
32520,0x2B0,0000002202000000
32530,0x200,1c97284300000000
32540,0x200,1c98284300000000
32540,0x2B0,0000002203000000
32550,0x200,1c98284300000000
32550,0x220,220403f400000000
32560,0x200,1c98284300000000
32560,0x2B0,0000002204000000
32570,0x200,1c99284300000000
32580,0x200,1c99284300000000
32580,0x2B0,0000002205000000
32590,0x200,1c99284300000000
32600,0x200,1c9a284300000000
32600,0x220,220603f400000000
32600,0x2B0,0000002206000000
32610,0x200,1c9a284300000000
32620,0x200,1c9a284300000000
32620,0x2B0,0000002207000000
32630,0x200,1c9b284300000000
32640,0x200,1c9b284300000000
32640,0x2B0,0000002208000000
32650,0x200,1c9c284300000000
32650,0x220,220803f400000000
32660,0x200,1c9c284300000000
32660,0x2B0,0000002208000000
32670,0x200,1c9c284300000000
32680,0x200,1c9d284300000000
32680,0x2B0,0000002209000000
32690,0x200,1c9d284300000000
32700,0x200,1c9d284300000000
32700,0x220,220a03f400000000
32700,0x2B0,000000220a000000
32710,0x200,1c9e284300000000
32720,0x200,1c9e284300000000
32720,0x2B0,000000220b000000
32730,0x200,1c9e284300000000
32740,0x200,1c9f284300000000
32740,0x2B0,000000220c000000
32750,0x200,1c9f284300000000
32750,0x220,220c03f400000000
32760,0x200,1c9f284300000000
32760,0x2B0,000000220d000000
32770,0x200,1ca0284300000000
32780,0x200,1ca0284300000000
32780,0x2B0,000000220d000000
32790,0x200,1ca1284300000000
32800,0x200,1ca1284300000000
32800,0x220,220e03f400000000
32800,0x2B0,000000220e000000
32810,0x200,1ca1284300000000
32820,0x200,1ca2284300000000
32820,0x2B0,000000220f000000
32830,0x200,1ca2284300000000
32840,0x200,1ca2284300000000
32840,0x2B0,0000002210000000
32850,0x200,1ca3284300000000
32850,0x220,221003f400000000
32860,0x200,1ca3284300000000
32860,0x2B0,0000002211000000
32870,0x200,1ca3284300000000
32880,0x200,1ca4284300000000
32880,0x2B0,0000002212000000
32890,0x200,1ca4284300000000
32900,0x200,1ca4284300000000
32900,0x220,221303f400000000
32900,0x2B0,0000002213000000
32910,0x200,1ca5284300000000
32920,0x200,1ca5284300000000
32920,0x2B0,0000002213000000
32930,0x200,1ca6284300000000
32940,0x200,1ca6284300000000
32940,0x2B0,0000002214000000
32950,0x200,1ca6284300000000
32950,0x220,221503f400000000
32960,0x200,1ca7284300000000
32960,0x2B0,0000002215000000
32970,0x200,1ca7284300000000
32980,0x200,1ca7284300000000
32980,0x2B0,0000002216000000
32990,0x200,1ca8284300000000
33000,0x200,1ca8284300000000
33000,0x220,221703f400000000
33000,0x2B0,0000002217000000
33010,0x200,1ca8284300000000
33020,0x200,1ca9284300000000
33020,0x2B0,0000002218000000
33030,0x200,1ca9284300000000
33040,0x200,1ca9284300000000
33040,0x2B0,0000002218000000
33050,0x200,1caa284300000000
33050,0x220,221903f400000000
33060,0x200,1caa284300000000
33060,0x2B0,0000002219000000
33070,0x200,1cab284300000000
33080,0x200,1cab284300000000
33080,0x2B0,000000221a000000
33090,0x200,1cab284300000000
33100,0x200,1cac284300000000
33100,0x220,221b03f400000000
33100,0x2B0,000000221b000000
33110,0x200,1cac284300000000
33120,0x200,1cac284300000000
33120,0x2B0,000000221c000000
33130,0x200,1cad284300000000
33140,0x200,1cad284300000000
33140,0x2B0,000000221d000000
33150,0x200,1cad284300000000
33150,0x220,221d03f400000000
33160,0x200,1cae284300000000
33160,0x2B0,000000221d000000
33170,0x200,1cae284300000000
33180,0x200,1cae284300000000
33180,0x2B0,000000221e000000
33190,0x200,1caf284300000000
33200,0x200,1caf284300000000
33200,0x220,221f03f400000000
33200,0x2B0,000000221f000000
33210,0x200,1caf284300000000
33220,0x200,1cb0284300000000
33220,0x2B0,0000002220000000
33230,0x200,1cb0284300000000
33240,0x200,1cb1284300000000
33240,0x2B0,0000002221000000
33250,0x200,1cb1284300000000
33250,0x220,222103f400000000
33260,0x200,1cb1284300000000
33260,0x2B0,0000002222000000
33270,0x200,1cb2284300000000
33280,0x200,1cb2284300000000
33280,0x2B0,0000002223000000
33290,0x200,1cb2284300000000
33300,0x200,1cb3284300000000
33300,0x220,222303f400000000
33300,0x2B0,0000002223000000
33310,0x200,1cb3284300000000
33320,0x200,1cb3284300000000
33320,0x2B0,0000002224000000
33330,0x200,1cb4284300000000
33340,0x200,1cb4284300000000
33340,0x2B0,0000002225000000
33350,0x200,1cb4284300000000
33350,0x220,222503f400000000
33360,0x200,1cb5284300000000
33360,0x2B0,0000002226000000
33370,0x200,1cb5284300000000
33380,0x200,1cb5284300000000
33380,0x2B0,0000002227000000
33390,0x200,1cb6284300000000
33400,0x200,1cb6284300000000
33400,0x220,222803f400000000
33400,0x2B0,0000002228000000
33410,0x200,1cb7284300000000
33420,0x200,1cb7284300000000
33420,0x2B0,0000002228000000
33430,0x200,1cb7284300000000
33440,0x200,1cb8284300000000
33440,0x2B0,0000002229000000
33450,0x200,1cb8284300000000
33450,0x220,222a03f400000000
33460,0x200,1cb8284300000000
33460,0x2B0,000000222a000000
33470,0x200,1cb9284300000000
33480,0x200,1cb9284300000000
33480,0x2B0,000000222b000000
33490,0x200,1cb9284300000000
33500,0x200,1cba284300000000
33500,0x220,222c03f400000000
33500,0x2B0,000000222c000000
33510,0x200,1cba284300000000
33520,0x200,1cba284300000000
33520,0x2B0,000000222d000000
33530,0x200,1cbb284300000000
33540,0x200,1cbb284300000000
33540,0x2B0,000000222d000000
33550,0x200,1cbc284300000000
33550,0x220,222e03f400000000
33560,0x200,1cbc284300000000
33560,0x2B0,000000222e000000
33570,0x200,1cbc284300000000
33580,0x200,1cbd284300000000
33580,0x2B0,000000222f000000
33590,0x200,1cbd284300000000
33600,0x200,1cbd284300000000
33600,0x220,223003f400000000
33600,0x2B0,0000002230000000
33610,0x200,1cbe284300000000
33620,0x200,1cbe284300000000
33620,0x2B0,0000002231000000
33630,0x200,1cbe284300000000
33640,0x200,1cbf284300000000
33640,0x2B0,0000002232000000
33650,0x200,1cbf284300000000
33650,0x220,223203f400000000
33660,0x200,1cbf284300000000
33660,0x2B0,0000002232000000
33670,0x200,1cc0284300000000
33680,0x200,1cc0284300000000
33680,0x2B0,0000002233000000
33690,0x200,1cc0284300000000
33700,0x200,1cc1284300000000
33700,0x220,223403f400000000
33700,0x2B0,0000002234000000
33710,0x200,1cc1284300000000
33720,0x200,1cc1284300000000
33720,0x2B0,0000002235000000
33730,0x200,1cc2284300000000
33740,0x200,1cc2284300000000
33740,0x2B0,0000002236000000
33750,0x200,1cc3284300000000
33750,0x220,223603f400000000
33760,0x200,1cc3284300000000
33760,0x2B0,0000002237000000
33770,0x200,1cc3284300000000
33780,0x200,1cc4284300000000
33780,0x2B0,0000002237000000
33790,0x200,1cc4284300000000
33800,0x200,1cc4284300000000
33800,0x220,223803f400000000
33800,0x2B0,0000002238000000
33810,0x200,1cc5284300000000
33820,0x200,1cc5284300000000
33820,0x2B0,0000002239000000
33830,0x200,1cc5284300000000
33840,0x200,1cc6284300000000
33840,0x2B0,000000223a000000
33850,0x200,1cc6284300000000
33850,0x220,223a03f400000000
33860,0x200,1cc6284300000000
33860,0x2B0,000000223b000000
33870,0x200,1cc7284300000000
33880,0x200,1cc7284300000000
33880,0x2B0,000000223c000000
33890,0x200,1cc7284300000000
33900,0x200,1cc8284300000000
33900,0x220,223c03f400000000
33900,0x2B0,000000223c000000
33910,0x200,1cc8284300000000
33920,0x200,1cc9284300000000
33920,0x2B0,000000223d000000
33930,0x200,1cc9284300000000
33940,0x200,1cc9284300000000
33940,0x2B0,000000223e000000
33950,0x200,1cca284300000000
33950,0x220,223f03f400000000
33960,0x200,1cca284300000000
33960,0x2B0,000000223f000000
33970,0x200,1cca284300000000
33980,0x200,1ccb284300000000
33980,0x2B0,0000002240000000
33990,0x200,1ccb284300000000
34000,0x200,1ccb284400000000
34000,0x220,224103f400000000
34000,0x2B0,0000002241000000
34010,0x200,1ccc284400000000
34020,0x200,1ccc284400000000
34020,0x2B0,0000002241000000
34030,0x200,1ccc284400000000
34040,0x200,1ccd284400000000
34040,0x2B0,0000002242000000
34050,0x200,1ccd284400000000
34050,0x220,224303f400000000
34060,0x200,1ccd284400000000
34060,0x2B0,0000002243000000
34070,0x200,1cce284400000000
34080,0x200,1cce284400000000
34080,0x2B0,0000002244000000
34090,0x200,1cce284400000000
34100,0x200,1ccf284400000000
34100,0x220,224503f400000000
34100,0x2B0,0000002245000000
34110,0x200,1ccf284400000000
34120,0x200,1cd0284400000000
34120,0x2B0,0000002246000000
34130,0x200,1cd0284400000000
34140,0x200,1cd0284400000000
34140,0x2B0,0000002246000000
34150,0x200,1cd1284400000000
34150,0x220,224703f400000000
34160,0x200,1cd1284400000000
34160,0x2B0,0000002247000000
34170,0x200,1cd1284400000000
34180,0x200,1cd2284400000000
34180,0x2B0,0000002248000000
34190,0x200,1cd2284400000000
34200,0x200,1cd2284400000000
34200,0x220,224903f400000000
34200,0x2B0,0000002249000000
34210,0x200,1cd3284400000000
34220,0x200,1cd3284400000000
34220,0x2B0,000000224a000000
34230,0x200,1cd3284400000000
34240,0x200,1cd4284400000000
34240,0x2B0,000000224b000000
34250,0x200,1cd4284400000000
34250,0x220,224b03f400000000
34260,0x200,1cd4284400000000
34260,0x2B0,000000224b000000
34270,0x200,1cd5284400000000
34280,0x200,1cd5284400000000
34280,0x2B0,000000224c000000
34290,0x200,1cd5284400000000
34300,0x200,1cd6284400000000
34300,0x220,224d03f400000000
34300,0x2B0,000000224d000000
34310,0x200,1cd6284400000000
34320,0x200,1cd7284400000000
34320,0x2B0,000000224e000000
34330,0x200,1cd7284400000000
34340,0x200,1cd7284400000000
34340,0x2B0,000000224f000000
34350,0x200,1cd8284400000000
34350,0x220,224f03f400000000
34360,0x200,1cd8284400000000
34360,0x2B0,0000002250000000
34370,0x200,1cd8284400000000
34380,0x200,1cd9284400000000
34380,0x2B0,0000002250000000
34390,0x200,1cd9284400000000
34400,0x200,1cd9284400000000
34400,0x220,225103f400000000
34400,0x2B0,0000002251000000
34410,0x200,1cda284400000000
34420,0x200,1cda284400000000
34420,0x2B0,0000002252000000
34430,0x200,1cda284400000000
34440,0x200,1cdb284400000000
34440,0x2B0,0000002253000000
34450,0x200,1cdb284400000000
34450,0x220,225303f300000000
34460,0x200,1cdb284400000000
34460,0x2B0,0000002254000000
34470,0x200,1cdc284400000000
34480,0x200,1cdc284400000000
34480,0x2B0,0000002255000000
34490,0x200,1cdc284400000000
34500,0x200,1cdd284400000000
34500,0x220,225503f300000000
34500,0x2B0,0000002255000000
34510,0x200,1cdd284400000000
34520,0x200,1cde284400000000
34520,0x2B0,0000002256000000
34530,0x200,1cde284400000000
34540,0x200,1cde284400000000
34540,0x2B0,0000002257000000
34550,0x200,1cdf284400000000
34550,0x220,225703f300000000
34560,0x200,1cdf284400000000
34560,0x2B0,0000002258000000
34570,0x200,1cdf284400000000
34580,0x200,1ce0284400000000
34580,0x2B0,0000002259000000
34590,0x200,1ce0284400000000
34600,0x200,1ce0284400000000
34600,0x220,225a03f300000000
34600,0x2B0,000000225a000000
34610,0x200,1ce1284400000000
34620,0x200,1ce1284400000000
34620,0x2B0,000000225a000000
34630,0x200,1ce1284400000000
34640,0x200,1ce2284400000000
34640,0x2B0,000000225b000000
34650,0x200,1ce2284400000000
34650,0x220,225c03f300000000
34660,0x200,1ce2284400000000
34660,0x2B0,000000225c000000
34670,0x200,1ce3284400000000
34680,0x200,1ce3284400000000
34680,0x2B0,000000225d000000
34690,0x200,1ce3284400000000
34700,0x200,1ce4284400000000
34700,0x220,225e03f300000000
34700,0x2B0,000000225e000000
34710,0x200,1ce4284400000000
34720,0x200,1ce4284400000000
34720,0x2B0,000000225e000000
34730,0x200,1ce5284400000000
34740,0x200,1ce5284400000000
34740,0x2B0,000000225f000000
34750,0x200,1ce6284400000000
34750,0x220,226003f300000000
34760,0x200,1ce6284400000000
34760,0x2B0,0000002260000000
34770,0x200,1ce6284400000000
34780,0x200,1ce7284400000000
34780,0x2B0,0000002261000000
34790,0x200,1ce7284400000000
34800,0x200,1ce7284400000000
34800,0x220,226203f300000000
34800,0x2B0,0000002262000000
34810,0x200,1ce8284400000000
34820,0x200,1ce8284400000000
34820,0x2B0,0000002263000000
34830,0x200,1ce8284400000000
34840,0x200,1ce9284400000000
34840,0x2B0,0000002263000000
34850,0x200,1ce9284400000000
34850,0x220,226403f300000000
34860,0x200,1ce9284400000000
34860,0x2B0,0000002264000000
34870,0x200,1cea284400000000
34880,0x200,1cea284400000000
34880,0x2B0,0000002265000000
34890,0x200,1cea284400000000
34900,0x200,1ceb284400000000
34900,0x220,226603f300000000
34900,0x2B0,0000002266000000
34910,0x200,1ceb284400000000
34920,0x200,1ceb284400000000
34920,0x2B0,0000002267000000
34930,0x200,1cec284400000000
34940,0x200,1cec284400000000
34940,0x2B0,0000002268000000
34950,0x200,1cec284400000000
34950,0x220,226803f300000000
34960,0x200,1ced284400000000
34960,0x2B0,0000002268000000
34970,0x200,1ced284400000000
34980,0x200,1cee284400000000
34980,0x2B0,0000002269000000
34990,0x200,1cee284400000000
35000,0x200,1cee284400000000
35000,0x220,226a03f300000000
35000,0x2B0,000000226a000000
35010,0x200,1cef284400000000
35020,0x200,1cef284400000000
35020,0x2B0,000000226b000000
35030,0x200,1cef284400000000
35040,0x200,1cf0284400000000
35040,0x2B0,000000226c000000
35050,0x200,1cf0284400000000
35050,0x220,226c03f300000000
35060,0x200,1cf0284400000000
35060,0x2B0,000000226c000000
35070,0x200,1cf1284400000000
35080,0x200,1cf1284400000000
35080,0x2B0,000000226d000000
35090,0x200,1cf1284400000000
35100,0x200,1cf2284400000000
35100,0x220,226e03f300000000
35100,0x2B0,000000226e000000
35110,0x200,1cf2284400000000
35120,0x200,1cf2284400000000
35120,0x2B0,000000226f000000
35130,0x200,1cf3284400000000
35140,0x200,1cf3284400000000
35140,0x2B0,0000002270000000
35150,0x200,1cf3284400000000
35150,0x220,227003f300000000
35160,0x200,1cf4284400000000
35160,0x2B0,0000002271000000
35170,0x200,1cf4284400000000
35180,0x200,1cf4284400000000
35180,0x2B0,0000002271000000
35190,0x200,1cf5284400000000
35200,0x200,1cf5284400000000
35200,0x220,227203f300000000
35200,0x2B0,0000002272000000
35210,0x200,1cf5284400000000
35220,0x200,1cf6284400000000
35220,0x2B0,0000002273000000
35230,0x200,1cf6284400000000
35240,0x200,1cf6284400000000
35240,0x2B0,0000002274000000
35250,0x200,1cf7284400000000
35250,0x220,227403f300000000
35260,0x200,1cf7284400000000
35260,0x2B0,0000002275000000
35270,0x200,1cf8284400000000
35280,0x200,1cf8284400000000
35280,0x2B0,0000002275000000
35290,0x200,1cf8284400000000
35300,0x200,1cf9284400000000
35300,0x220,227603f300000000
35300,0x2B0,0000002276000000
35310,0x200,1cf9284400000000
35320,0x200,1cf9284400000000
35320,0x2B0,0000002277000000
35330,0x200,1cfa284400000000
35340,0x200,1cfa284400000000
35340,0x2B0,0000002278000000
35350,0x200,1cfa284400000000
35350,0x220,227803f300000000
35360,0x200,1cfb284400000000
35360,0x2B0,0000002279000000
35370,0x200,1cfb284400000000
35380,0x200,1cfb284400000000
35380,0x2B0,000000227a000000
35390,0x200,1cfc284400000000
35400,0x200,1cfc284400000000
35400,0x220,227a03f300000000
35400,0x2B0,000000227a000000
35410,0x200,1cfc284400000000
35420,0x200,1cfd284400000000
35420,0x2B0,000000227b000000
35430,0x200,1cfd284400000000
35440,0x200,1cfd284400000000
35440,0x2B0,000000227c000000
35450,0x200,1cfe284400000000
35450,0x220,227c03f300000000
35460,0x200,1cfe284400000000
35460,0x2B0,000000227d000000
35470,0x200,1cfe284400000000
35480,0x200,1cff284400000000
35480,0x2B0,000000227e000000
35490,0x200,1cff284400000000
35500,0x200,1cff284400000000
35500,0x220,227e03f300000000
35500,0x2B0,000000227e000000
35510,0x200,1d00284400000000
35520,0x200,1d00284400000000
35520,0x2B0,000000227f000000
35530,0x200,1d00284400000000
35540,0x200,1d01284400000000
35540,0x2B0,0000002280000000
35550,0x200,1d01284400000000
35550,0x220,228103f300000000
35560,0x200,1d02284400000000
35560,0x2B0,0000002281000000
35570,0x200,1d02284400000000
35580,0x200,1d02284400000000
35580,0x2B0,0000002282000000
35590,0x200,1d03284400000000
35600,0x200,1d03284400000000
35600,0x220,228303f300000000
35600,0x2B0,0000002283000000
35610,0x200,1d03284400000000
35620,0x200,1d04284400000000
35620,0x2B0,0000002283000000
35630,0x200,1d04284400000000
35640,0x200,1d04284400000000
35640,0x2B0,0000002284000000
35650,0x200,1d05284400000000
35650,0x220,228503f300000000
35660,0x200,1d05284400000000
35660,0x2B0,0000002285000000
35670,0x200,1d05284400000000
35680,0x200,1d06284400000000
35680,0x2B0,0000002286000000
35690,0x200,1d06284400000000
35700,0x200,1d06284400000000
35700,0x220,228703f300000000
35700,0x2B0,0000002287000000
35710,0x200,1d07284400000000
35720,0x200,1d07284400000000
35720,0x2B0,0000002287000000
35730,0x200,1d07284400000000
35740,0x200,1d08284400000000
35740,0x2B0,0000002288000000
35750,0x200,1d08284400000000
35750,0x220,228903f300000000
35760,0x200,1d08284400000000
35760,0x2B0,0000002289000000
35770,0x200,1d09284400000000
35780,0x200,1d09284400000000
35780,0x2B0,000000228a000000
35790,0x200,1d09284400000000
35800,0x200,1d0a284400000000
35800,0x220,228b03f300000000
35800,0x2B0,000000228b000000
35810,0x200,1d0a284400000000
35820,0x200,1d0a284400000000
35820,0x2B0,000000228c000000
35830,0x200,1d0b284400000000
35840,0x200,1d0b284400000000
35840,0x2B0,000000228c000000
35850,0x200,1d0b284400000000
35850,0x220,228d03f300000000
35860,0x200,1d0c284400000000
35860,0x2B0,000000228d000000
35870,0x200,1d0c284400000000
35880,0x200,1d0c284400000000
35880,0x2B0,000000228e000000
35890,0x200,1d0d284400000000
35900,0x200,1d0d284400000000
35900,0x220,228f03f300000000
35900,0x2B0,000000228f000000
35910,0x200,1d0e284400000000
35920,0x200,1d0e284400000000
35920,0x2B0,0000002290000000
35930,0x200,1d0e284400000000
35940,0x200,1d0f284400000000
35940,0x2B0,0000002290000000
35950,0x200,1d0f284400000000
35950,0x220,229103f300000000
35960,0x200,1d0f284400000000
35960,0x2B0,0000002291000000
35970,0x200,1d10284400000000
35980,0x200,1d10284400000000
35980,0x2B0,0000002292000000
35990,0x200,1d10284400000000
36000,0x200,1d11284400000000
36000,0x220,229303f300000000
36000,0x2B0,0000002293000000
36010,0x200,1d11284400000000
36020,0x200,1d11284400000000
36020,0x2B0,0000002294000000
36030,0x200,1d12284400000000
36040,0x200,1d12284400000000
36040,0x2B0,0000002294000000
36050,0x200,1d12284400000000
36050,0x220,229503f300000000
36060,0x200,1d13284400000000
36060,0x2B0,0000002295000000
36070,0x200,1d13284400000000
36080,0x200,1d13284400000000
36080,0x2B0,0000002296000000
36090,0x200,1d14284400000000
36100,0x200,1d14284400000000
36100,0x220,229703f300000000
36100,0x2B0,0000002297000000
36110,0x200,1d14284400000000
36120,0x200,1d15284400000000
36120,0x2B0,0000002298000000
36130,0x200,1d15284400000000
36140,0x200,1d15284400000000
36140,0x2B0,0000002298000000
36150,0x200,1d16284400000000
36150,0x220,229903f300000000
36160,0x200,1d16284400000000
36160,0x2B0,0000002299000000
36170,0x200,1d16284400000000
36180,0x200,1d17284400000000
36180,0x2B0,000000229a000000
36190,0x200,1d17284400000000
36200,0x200,1d17284400000000
36200,0x220,229b03f300000000
36200,0x2B0,000000229b000000
36210,0x200,1d18284400000000
36220,0x200,1d18284400000000
36220,0x2B0,000000229c000000
36230,0x200,1d18284400000000
36240,0x200,1d19284400000000
36240,0x2B0,000000229d000000
36250,0x200,1d19284400000000
36250,0x220,229d03f300000000
36260,0x200,1d19284400000000
36260,0x2B0,000000229d000000
36270,0x200,1d1a284400000000
36280,0x200,1d1a284400000000
36280,0x2B0,000000229e000000
36290,0x200,1d1a284400000000
36300,0x200,1d1b284400000000
36300,0x220,229f03f300000000
36300,0x2B0,000000229f000000
36310,0x200,1d1b284400000000
36320,0x200,1d1c284400000000
36320,0x2B0,00000022a0000000
36330,0x200,1d1c284400000000
36340,0x200,1d1c284400000000
36340,0x2B0,00000022a1000000
36350,0x200,1d1d284400000000
36350,0x220,22a103f300000000
36360,0x200,1d1d284400000000
36360,0x2B0,00000022a1000000
36370,0x200,1d1d284400000000
36380,0x200,1d1e284400000000
36380,0x2B0,00000022a2000000
36390,0x200,1d1e284400000000
36400,0x200,1d1e284400000000
36400,0x220,22a303f300000000
36400,0x2B0,00000022a3000000
36410,0x200,1d1f284400000000
36420,0x200,1d1f284400000000
36420,0x2B0,00000022a4000000
36430,0x200,1d1f284400000000
36440,0x200,1d20284400000000
36440,0x2B0,00000022a5000000
36450,0x200,1d20284400000000
36450,0x220,22a503f300000000
36460,0x200,1d20284400000000
36460,0x2B0,00000022a5000000
36470,0x200,1d21284400000000
36480,0x200,1d21284400000000
36480,0x2B0,00000022a6000000
36490,0x200,1d21284400000000
36500,0x200,1d22284400000000
36500,0x220,22a703f300000000
36500,0x2B0,00000022a7000000
36510,0x200,1d22284400000000
36520,0x200,1d22284400000000
36520,0x2B0,00000022a8000000
36530,0x200,1d23284400000000
36540,0x200,1d23284400000000
36540,0x2B0,00000022a9000000
36550,0x200,1d23284400000000
36550,0x220,22a903f300000000
36560,0x200,1d24284400000000
36560,0x2B0,00000022a9000000
36570,0x200,1d24284400000000
36580,0x200,1d24284400000000
36580,0x2B0,00000022aa000000
36590,0x200,1d25284400000000
36600,0x200,1d25284400000000
36600,0x220,22ab03f300000000
36600,0x2B0,00000022ab000000
36610,0x200,1d25284400000000
36620,0x200,1d26284400000000
36620,0x2B0,00000022ac000000
36630,0x200,1d26284400000000
36640,0x200,1d26284400000000
36640,0x2B0,00000022ad000000
36650,0x200,1d27284400000000
36650,0x220,22ad03f300000000
36660,0x200,1d27284400000000
36660,0x2B0,00000022ad000000
36670,0x200,1d27284400000000
36680,0x200,1d28284400000000
36680,0x2B0,00000022ae000000
36690,0x200,1d28284400000000
36700,0x200,1d28284400000000
36700,0x220,22af03f300000000
36700,0x2B0,00000022af000000
36710,0x200,1d29284400000000
36720,0x200,1d29284400000000
36720,0x2B0,00000022b0000000
36730,0x200,1d29284400000000
36740,0x200,1d2a284400000000
36740,0x2B0,00000022b1000000
36750,0x200,1d2a284400000000
36750,0x220,22b103f300000000
36760,0x200,1d2a284400000000
36760,0x2B0,00000022b1000000
36770,0x200,1d2b284400000000
36780,0x200,1d2b284400000000
36780,0x2B0,00000022b2000000
36790,0x200,1d2b284400000000
36800,0x200,1d2c284400000000
36800,0x220,22b303f300000000
36800,0x2B0,00000022b3000000
36810,0x200,1d2c284400000000
36820,0x200,1d2c284400000000
36820,0x2B0,00000022b4000000
36830,0x200,1d2d284400000000
36840,0x200,1d2d284400000000
36840,0x2B0,00000022b5000000
36850,0x200,1d2d284400000000
36850,0x220,22b503f300000000
36860,0x200,1d2e284400000000
36860,0x2B0,00000022b5000000
36870,0x200,1d2e284400000000
36880,0x200,1d2e284400000000
36880,0x2B0,00000022b6000000
36890,0x200,1d2f284400000000
36900,0x200,1d2f284400000000
36900,0x220,22b703f300000000
36900,0x2B0,00000022b7000000
36910,0x200,1d30284400000000
36920,0x200,1d30284400000000
36920,0x2B0,00000022b8000000
36930,0x200,1d30284400000000
36940,0x200,1d31284400000000
36940,0x2B0,00000022b9000000
36950,0x200,1d31284400000000
36950,0x220,22b903f300000000
36960,0x200,1d31284400000000
36960,0x2B0,00000022b9000000
36970,0x200,1d32284400000000
36980,0x200,1d32284400000000
36980,0x2B0,00000022ba000000
36990,0x200,1d32284400000000
37000,0x200,1d33284400000000
37000,0x220,22bb03f300000000
37000,0x2B0,00000022bb000000
37010,0x200,1d33284400000000
37020,0x200,1d33284400000000
37020,0x2B0,00000022bc000000
37030,0x200,1d34284400000000
37040,0x200,1d34284400000000
37040,0x2B0,00000022bd000000
37050,0x200,1d34284400000000
37050,0x220,22bd03f300000000
37060,0x200,1d35284400000000
37060,0x2B0,00000022bd000000
37070,0x200,1d35284400000000
37080,0x200,1d35284400000000
37080,0x2B0,00000022be000000
37090,0x200,1d36284400000000
37100,0x200,1d36284400000000
37100,0x220,22bf03f300000000
37100,0x2B0,00000022bf000000
37110,0x200,1d36284400000000
37120,0x200,1d37284400000000
37120,0x2B0,00000022c0000000
37130,0x200,1d37284400000000
37140,0x200,1d37284400000000
37140,0x2B0,00000022c1000000
37150,0x200,1d38284400000000
37150,0x220,22c103f300000000
37160,0x200,1d38284400000000
37160,0x2B0,00000022c1000000
37170,0x200,1d38284400000000
37180,0x200,1d39284400000000
37180,0x2B0,00000022c2000000
37190,0x200,1d39284400000000
37200,0x200,1d39284400000000
37200,0x220,22c303f300000000
37200,0x2B0,00000022c3000000
37210,0x200,1d3a284400000000
37220,0x200,1d3a284400000000
37220,0x2B0,00000022c4000000
37230,0x200,1d3a284400000000
37240,0x200,1d3b284400000000
37240,0x2B0,00000022c5000000
37250,0x200,1d3b284400000000
37250,0x220,22c503f300000000
37260,0x200,1d3b284400000000
37260,0x2B0,00000022c5000000
37270,0x200,1d3c284400000000
37280,0x200,1d3c284400000000
37280,0x2B0,00000022c6000000
37290,0x200,1d3c284400000000
37300,0x200,1d3d284400000000
37300,0x220,22c703f300000000
37300,0x2B0,00000022c7000000
37310,0x200,1d3d284400000000
37320,0x200,1d3d284400000000
37320,0x2B0,00000022c8000000
37330,0x200,1d3e284400000000
37340,0x200,1d3e284400000000
37340,0x2B0,00000022c9000000
37350,0x200,1d3e284400000000
37350,0x220,22c903f300000000
37360,0x200,1d3f284400000000
37360,0x2B0,00000022c9000000
37370,0x200,1d3f284400000000
37380,0x200,1d3f284400000000
37380,0x2B0,00000022ca000000
37390,0x200,1d40284400000000
37400,0x200,1d40284400000000
37400,0x220,22cb03f300000000
37400,0x2B0,00000022cb000000
37410,0x200,1d40284400000000
37420,0x200,1d41284400000000
37420,0x2B0,00000022cc000000
37430,0x200,1d41284400000000
37440,0x200,1d41284400000000
37440,0x2B0,00000022cd000000
37450,0x200,1d42284400000000
37450,0x220,22cd03f300000000
37460,0x200,1d42284400000000
37460,0x2B0,00000022cd000000
37470,0x200,1d42284400000000
37480,0x200,1d43284400000000
37480,0x2B0,00000022ce000000
37490,0x200,1d43284400000000
37500,0x200,1d43284400000000
37500,0x220,22cf03f300000000
37500,0x2B0,00000022cf000000
37510,0x200,1d44284400000000
37520,0x200,1d44284400000000
37520,0x2B0,00000022d0000000
37530,0x200,1d44284400000000
37540,0x200,1d45284400000000
37540,0x2B0,00000022d1000000
37550,0x200,1d45284400000000
37550,0x220,22d103f300000000
37560,0x200,1d45284400000000
37560,0x2B0,00000022d1000000
37570,0x200,1d46284400000000
37580,0x200,1d46284400000000
37580,0x2B0,00000022d2000000
37590,0x200,1d46284400000000
37600,0x200,1d47284400000000
37600,0x220,22d303f300000000
37600,0x2B0,00000022d3000000
37610,0x200,1d47284400000000
37620,0x200,1d47284400000000
37620,0x2B0,00000022d4000000
37630,0x200,1d48284400000000
37640,0x200,1d48284400000000
37640,0x2B0,00000022d5000000
37650,0x200,1d48284400000000
37650,0x220,22d503f300000000
37660,0x200,1d49284400000000
37660,0x2B0,00000022d5000000
37670,0x200,1d49284400000000
37680,0x200,1d49284400000000
37680,0x2B0,00000022d6000000
37690,0x200,1d4a284400000000
37700,0x200,1d4a284400000000
37700,0x220,22d703f300000000
37700,0x2B0,00000022d7000000
37710,0x200,1d4a284400000000
37720,0x200,1d4b284400000000
37720,0x2B0,00000022d8000000
37730,0x200,1d4b284400000000
37740,0x200,1d4b284400000000
37740,0x2B0,00000022d9000000
37750,0x200,1d4c284400000000
37750,0x220,22d903f300000000
37760,0x200,1d4c284400000000
37760,0x2B0,00000022d9000000
37770,0x200,1d4c284400000000
37780,0x200,1d4d284400000000
37780,0x2B0,00000022da000000
37790,0x200,1d4d284400000000
37800,0x200,1d4d284400000000
37800,0x220,22db03f300000000
37800,0x2B0,00000022db000000
37810,0x200,1d4e284400000000
37820,0x200,1d4e284400000000
37820,0x2B0,00000022dc000000
37830,0x200,1d4e284400000000
37840,0x200,1d4f284400000000
37840,0x2B0,00000022dc000000
37850,0x200,1d4f284400000000
37850,0x220,22dd03f300000000
37860,0x200,1d4f284400000000
37860,0x2B0,00000022dd000000
37870,0x200,1d50284400000000
37880,0x200,1d50284400000000
37880,0x2B0,00000022de000000
37890,0x200,1d50284400000000
37900,0x200,1d51284400000000
37900,0x220,22df03f300000000
37900,0x2B0,00000022df000000
37910,0x200,1d51284400000000
37920,0x200,1d51284400000000
37920,0x2B0,00000022e0000000
37930,0x200,1d52284400000000
37940,0x200,1d52284400000000
37940,0x2B0,00000022e0000000
37950,0x200,1d52284400000000
37950,0x220,22e103f300000000
37960,0x200,1d53284400000000
37960,0x2B0,00000022e1000000
37970,0x200,1d53284400000000
37980,0x200,1d53284400000000
37980,0x2B0,00000022e2000000
37990,0x200,1d54284400000000
38000,0x200,1d54284400000000
38000,0x220,22e303f300000000
38000,0x2B0,00000022e3000000
38010,0x200,1d54284400000000
38020,0x200,1d55284400000000
38020,0x2B0,00000022e4000000
38030,0x200,1d55284400000000
38040,0x200,1d55284400000000
38040,0x2B0,00000022e4000000
38050,0x200,1d56284400000000
38050,0x220,22e503f300000000
38060,0x200,1d56284400000000
38060,0x2B0,00000022e5000000
38070,0x200,1d56284400000000
38080,0x200,1d57284400000000
38080,0x2B0,00000022e6000000
38090,0x200,1d57284400000000
38100,0x200,1d57284400000000
38100,0x220,22e703f300000000
38100,0x2B0,00000022e7000000
38110,0x200,1d58284400000000
38120,0x200,1d58284400000000
38120,0x2B0,00000022e8000000
38130,0x200,1d58284400000000
38140,0x200,1d59284400000000
38140,0x2B0,00000022e8000000
38150,0x200,1d59284400000000
38150,0x220,22e903f300000000
38160,0x200,1d59284400000000
38160,0x2B0,00000022e9000000
38170,0x200,1d5a284400000000
38180,0x200,1d5a284400000000
38180,0x2B0,00000022ea000000
38190,0x200,1d5a284400000000
38200,0x200,1d5b284400000000
38200,0x220,22eb03f300000000
38200,0x2B0,00000022eb000000
38210,0x200,1d5b284400000000
38220,0x200,1d5b284400000000
38220,0x2B0,00000022eb000000
38230,0x200,1d5c284400000000
38240,0x200,1d5c284400000000
38240,0x2B0,00000022ec000000
38250,0x200,1d5c284400000000
38250,0x220,22ed03f300000000
38260,0x200,1d5d284400000000
38260,0x2B0,00000022ed000000
38270,0x200,1d5d284400000000
38280,0x200,1d5d284400000000
38280,0x2B0,00000022ee000000
38290,0x200,1d5e284400000000
38300,0x200,1d5e284400000000
38300,0x220,22ef03f300000000
38300,0x2B0,00000022ef000000
38310,0x200,1d5e284400000000
38320,0x200,1d5f284400000000
38320,0x2B0,00000022ef000000
38330,0x200,1d5f284400000000
38340,0x200,1d5f284400000000
38340,0x2B0,00000022f0000000
38350,0x200,1d60284400000000
38350,0x220,22f103f300000000
38360,0x200,1d60284400000000
38360,0x2B0,00000022f1000000
38370,0x200,1d60284400000000
38380,0x200,1d61284400000000
38380,0x2B0,00000022f2000000
38390,0x200,1d61284400000000
38400,0x200,1d61284400000000
38400,0x220,22f303f300000000
38400,0x2B0,00000022f3000000
38410,0x200,1d62284400000000
38420,0x200,1d62284400000000
38420,0x2B0,00000022f3000000
38430,0x200,1d62284400000000
38440,0x200,1d63284400000000
38440,0x2B0,00000022f4000000
38450,0x200,1d63284400000000
38450,0x220,22f503f300000000
38460,0x200,1d63284400000000
38460,0x2B0,00000022f5000000
38470,0x200,1d64284400000000
38480,0x200,1d64284400000000
38480,0x2B0,00000022f6000000
38490,0x200,1d64284400000000
38500,0x200,1d65284400000000
38500,0x220,22f603f300000000
38500,0x2B0,00000022f6000000
38510,0x200,1d65284400000000
38520,0x200,1d65284400000000
38520,0x2B0,00000022f7000000
38530,0x200,1d66284400000000
38540,0x200,1d66284400000000
38540,0x2B0,00000022f8000000
38550,0x200,1d66284400000000
38550,0x220,22f803f300000000
38560,0x200,1d67284400000000
38560,0x2B0,00000022f9000000
38570,0x200,1d67284400000000
38580,0x200,1d67284400000000
38580,0x2B0,00000022fa000000
38590,0x200,1d68284400000000
38600,0x200,1d68284400000000
38600,0x220,22fa03f300000000
38600,0x2B0,00000022fa000000
38610,0x200,1d68284400000000
38620,0x200,1d69284400000000
38620,0x2B0,00000022fb000000
38630,0x200,1d69284400000000
38640,0x200,1d69284400000000
38640,0x2B0,00000022fc000000
38650,0x200,1d6a284400000000
38650,0x220,22fc03f300000000
38660,0x200,1d6a284400000000
38660,0x2B0,00000022fd000000
38670,0x200,1d6a284400000000
38680,0x200,1d6b284400000000
38680,0x2B0,00000022fe000000
38690,0x200,1d6b284400000000
38700,0x200,1d6b284400000000
38700,0x220,22fe03f300000000
38700,0x2B0,00000022fe000000
38710,0x200,1d6c284400000000
38720,0x200,1d6c284400000000
38720,0x2B0,00000022ff000000
38730,0x200,1d6c284400000000
38740,0x200,1d6d284400000000
38740,0x2B0,0000002300000000
38750,0x200,1d6d284400000000
38750,0x220,230003f300000000
38760,0x200,1d6d284400000000
38760,0x2B0,0000002301000000
38770,0x200,1d6e284400000000
38780,0x200,1d6e284400000000
38780,0x2B0,0000002301000000
38790,0x200,1d6e284400000000
38800,0x200,1d6e284400000000
38800,0x220,230203f300000000
38800,0x2B0,0000002302000000
38810,0x200,1d6f284400000000
38820,0x200,1d6f284400000000
38820,0x2B0,0000002303000000
38830,0x200,1d6f284400000000
38840,0x200,1d70284500000000
38840,0x2B0,0000002304000000
38850,0x200,1d70284500000000
38850,0x220,230403f300000000
38860,0x200,1d70284500000000
38860,0x2B0,0000002305000000
38870,0x200,1d71284500000000
38880,0x200,1d71284500000000
38880,0x2B0,0000002305000000
38890,0x200,1d71284500000000
38900,0x200,1d72284500000000
38900,0x220,230603f300000000
38900,0x2B0,0000002306000000
38910,0x200,1d72284500000000
38920,0x200,1d72284500000000
38920,0x2B0,0000002307000000
38930,0x200,1d73284500000000
38940,0x200,1d73284500000000
38940,0x2B0,0000002308000000
38950,0x200,1d73284500000000
38950,0x220,230803f300000000
38960,0x200,1d74284500000000
38960,0x2B0,0000002308000000
38970,0x200,1d74284500000000
38980,0x200,1d74284500000000
38980,0x2B0,0000002309000000
38990,0x200,1d75284500000000
39000,0x200,1d75284500000000
39000,0x220,230a03f300000000
39000,0x2B0,000000230a000000
39010,0x200,1d75284500000000
39020,0x200,1d76284500000000
39020,0x2B0,000000230b000000
39030,0x200,1d76284500000000
39040,0x200,1d76284500000000
39040,0x2B0,000000230c000000
39050,0x200,1d77284500000000
39050,0x220,230c03f300000000
39060,0x200,1d77284500000000
39060,0x2B0,000000230c000000
39070,0x200,1d77284500000000
39080,0x200,1d78284500000000
39080,0x2B0,000000230d000000
39090,0x200,1d78284500000000
39100,0x200,1d78284500000000
39100,0x220,230e03f300000000
39100,0x2B0,000000230e000000
39110,0x200,1d79284500000000
39120,0x200,1d79284500000000
39120,0x2B0,000000230f000000
39130,0x200,1d79284500000000
39140,0x200,1d7a284500000000
39140,0x2B0,000000230f000000
39150,0x200,1d7a284500000000
39150,0x220,231003f300000000
39160,0x200,1d7a284500000000
39160,0x2B0,0000002310000000
39170,0x200,1d7b284500000000
39180,0x200,1d7b284500000000
39180,0x2B0,0000002311000000
39190,0x200,1d7b284500000000
39200,0x200,1d7c284500000000
39200,0x220,231203f300000000
39200,0x2B0,0000002312000000
39210,0x200,1d7c284500000000
39220,0x200,1d7c284500000000
39220,0x2B0,0000002313000000
39230,0x200,1d7d284500000000
39240,0x200,1d7d284500000000
39240,0x2B0,0000002313000000
39250,0x200,1d7d284500000000
39250,0x220,231403f300000000
39260,0x200,1d7e284500000000
39260,0x2B0,0000002314000000
39270,0x200,1d7e284500000000
39280,0x200,1d7e284500000000
39280,0x2B0,0000002315000000
39290,0x200,1d7f284500000000
39300,0x200,1d7f284500000000
39300,0x220,231603f300000000
39300,0x2B0,0000002316000000
39310,0x200,1d7f284500000000
39320,0x200,1d80284500000000
39320,0x2B0,0000002316000000
39330,0x200,1d80284500000000
39340,0x200,1d80284500000000
39340,0x2B0,0000002317000000
39350,0x200,1d81284500000000
39350,0x220,231803f300000000
39360,0x200,1d81284500000000
39360,0x2B0,0000002318000000
39370,0x200,1d81284500000000
39380,0x200,1d82284500000000
39380,0x2B0,0000002319000000
39390,0x200,1d82284500000000
39400,0x200,1d82284500000000
39400,0x220,231a03f300000000
39400,0x2B0,000000231a000000
39410,0x200,1d82284500000000
39420,0x200,1d83284500000000
39420,0x2B0,000000231a000000
39430,0x200,1d83284500000000
39440,0x200,1d83284500000000
39440,0x2B0,000000231b000000
39450,0x200,1d84284500000000
39450,0x220,231b03f300000000
39460,0x200,1d84284500000000
39460,0x2B0,000000231c000000
39470,0x200,1d84284500000000
39480,0x200,1d85284500000000
39480,0x2B0,000000231d000000
39490,0x200,1d85284500000000
39500,0x200,1d85284500000000
39500,0x220,231d03f300000000
39500,0x2B0,000000231d000000
39510,0x200,1d86284500000000
39520,0x200,1d86284500000000
39520,0x2B0,000000231e000000
39530,0x200,1d86284500000000
39540,0x200,1d87284500000000
39540,0x2B0,000000231f000000
39550,0x200,1d87284500000000
39550,0x220,231f03f300000000
39560,0x200,1d87284500000000
39560,0x2B0,0000002320000000
39570,0x200,1d88284500000000
39580,0x200,1d88284500000000
39580,0x2B0,0000002320000000
39590,0x200,1d88284500000000
39600,0x200,1d89284500000000
39600,0x220,232103f300000000
39600,0x2B0,0000002321000000
39610,0x200,1d89284500000000
39620,0x200,1d89284500000000
39620,0x2B0,0000002322000000
39630,0x200,1d8a284500000000
39640,0x200,1d8a284500000000
39640,0x2B0,0000002323000000
39650,0x200,1d8a284500000000
39650,0x220,232303f300000000
39660,0x200,1d8b284500000000
39660,0x2B0,0000002324000000
39670,0x200,1d8b284500000000
39680,0x200,1d8b284500000000
39680,0x2B0,0000002324000000
39690,0x200,1d8c284500000000
39700,0x200,1d8c284500000000
39700,0x220,232503f300000000
39700,0x2B0,0000002325000000
39710,0x200,1d8c284500000000
39720,0x200,1d8d284500000000
39720,0x2B0,0000002326000000
39730,0x200,1d8d284500000000
39740,0x200,1d8d284500000000
39740,0x2B0,0000002327000000
39750,0x200,1d8e284500000000
39750,0x220,232703f300000000
39760,0x200,1d8e284500000000
39760,0x2B0,0000002327000000
39770,0x200,1d8e284500000000
39780,0x200,1d8f284500000000
39780,0x2B0,0000002328000000
39790,0x200,1d8f284500000000
39800,0x200,1d8f284500000000
39800,0x220,232903f300000000
39800,0x2B0,0000002329000000
39810,0x200,1d8f284500000000
39820,0x200,1d90284500000000
39820,0x2B0,000000232a000000
39830,0x200,1d90284500000000
39840,0x200,1d90284500000000
39840,0x2B0,000000232b000000
39850,0x200,1d91284500000000
39850,0x220,232b03f300000000
39860,0x200,1d91284500000000
39860,0x2B0,000000232b000000
39870,0x200,1d91284500000000
39880,0x200,1d92284500000000
39880,0x2B0,000000232c000000
39890,0x200,1d92284500000000
39900,0x200,1d92284500000000
39900,0x220,232d03f300000000
39900,0x2B0,000000232d000000
39910,0x200,1d93284500000000
39920,0x200,1d93284500000000
39920,0x2B0,000000232e000000
39930,0x200,1d93284500000000
39940,0x200,1d94284500000000
39940,0x2B0,000000232e000000
39950,0x200,1d94284500000000
39950,0x220,232f03f300000000
39960,0x200,1d94284500000000
39960,0x2B0,000000232f000000
39970,0x200,1d95284500000000
39980,0x200,1d95284500000000
39980,0x2B0,0000002330000000
39990,0x200,1d95284500000000
40000,0x200,1d96284500000000
40000,0x220,233103f300000000
40000,0x2B0,0000002331000000
40010,0x200,1d96284500000000
40020,0x200,1d96284500000000
40020,0x2B0,0000002331000000
40030,0x200,1d97284500000000
40040,0x200,1d97284500000000
40040,0x2B0,0000002332000000
40050,0x200,1d97284500000000
40050,0x220,233303f300000000
40060,0x200,1d98284500000000
40060,0x2B0,0000002333000000
40070,0x200,1d98284500000000
40080,0x200,1d98284500000000
40080,0x2B0,0000002334000000
40090,0x200,1d99284500000000
40100,0x200,1d99284500000000
40100,0x220,233403f300000000
40100,0x2B0,0000002334000000
40110,0x200,1d99284500000000
40120,0x200,1d9a284500000000
40120,0x2B0,0000002335000000
40130,0x200,1d9a284500000000
40140,0x200,1d9a284500000000
40140,0x2B0,0000002336000000
40150,0x200,1d9b284500000000
40150,0x220,233603f300000000
40160,0x200,1d9b284500000000
40160,0x2B0,0000002337000000
40170,0x200,1d9b284500000000
40180,0x200,1d9b284500000000
40180,0x2B0,0000002338000000
40190,0x200,1d9c284500000000
40200,0x200,1d9c284500000000
40200,0x220,233803f300000000
40200,0x2B0,0000002338000000
40210,0x200,1d9c284500000000
40220,0x200,1d9d284500000000
40220,0x2B0,0000002339000000
40230,0x200,1d9d284500000000
40240,0x200,1d9d284500000000
40240,0x2B0,000000233a000000
40250,0x200,1d9e284500000000
40250,0x220,233a03f300000000
40260,0x200,1d9e284500000000
40260,0x2B0,000000233b000000
40270,0x200,1d9e284500000000
40280,0x200,1d9f284500000000
40280,0x2B0,000000233b000000
40290,0x200,1d9f284500000000
40300,0x200,1d9f284500000000
40300,0x220,233c03f300000000
40300,0x2B0,000000233c000000
40310,0x200,1da0284500000000
40320,0x200,1da0284500000000
40320,0x2B0,000000233d000000
40330,0x200,1da0284500000000
40340,0x200,1da1284500000000
40340,0x2B0,000000233e000000
40350,0x200,1da1284500000000
40350,0x220,233e03f300000000
40360,0x200,1da1284500000000
40360,0x2B0,000000233e000000
40370,0x200,1da2284500000000
40380,0x200,1da2284500000000
40380,0x2B0,000000233f000000
40390,0x200,1da2284500000000
40400,0x200,1da3284500000000
40400,0x220,234003f300000000
40400,0x2B0,0000002340000000
40410,0x200,1da3284500000000
40420,0x200,1da3284500000000
40420,0x2B0,0000002341000000
40430,0x200,1da4284500000000
40440,0x200,1da4284500000000
40440,0x2B0,0000002342000000
40450,0x200,1da4284500000000
40450,0x220,234203f300000000
40460,0x200,1da5284500000000
40460,0x2B0,0000002342000000
40470,0x200,1da5284500000000
40480,0x200,1da5284500000000
40480,0x2B0,0000002343000000
40490,0x200,1da5284500000000
40500,0x200,1da6284500000000
40500,0x220,234403f300000000
40500,0x2B0,0000002344000000
40510,0x200,1da6284500000000
40520,0x200,1da6284500000000
40520,0x2B0,0000002345000000
40530,0x200,1da7284500000000
40540,0x200,1da7284500000000
40540,0x2B0,0000002345000000
40550,0x200,1da7284500000000
40550,0x220,234603f300000000
40560,0x200,1da8284500000000
40560,0x2B0,0000002346000000
40570,0x200,1da8284500000000
40580,0x200,1da8284500000000
40580,0x2B0,0000002347000000
40590,0x200,1da9284500000000
40600,0x200,1da9284500000000
40600,0x220,234803f300000000
40600,0x2B0,0000002348000000
40610,0x200,1da9284500000000
40620,0x200,1daa284500000000
40620,0x2B0,0000002348000000
40630,0x200,1daa284500000000
40640,0x200,1daa284500000000
40640,0x2B0,0000002349000000
40650,0x200,1dab284500000000
40650,0x220,234a03f300000000
40660,0x200,1dab284500000000
40660,0x2B0,000000234a000000
40670,0x200,1dab284500000000
40680,0x200,1dac284500000000
40680,0x2B0,000000234b000000
40690,0x200,1dac284500000000
40700,0x200,1dac284500000000
40700,0x220,234b03f300000000
40700,0x2B0,000000234b000000
40710,0x200,1dad284500000000
40720,0x200,1dad284500000000
40720,0x2B0,000000234c000000
40730,0x200,1dad284500000000
40740,0x200,1dad284500000000
40740,0x2B0,000000234d000000
40750,0x200,1dae284500000000
40750,0x220,234d03f300000000
40760,0x200,1dae284500000000
40760,0x2B0,000000234e000000
40770,0x200,1dae284500000000
40780,0x200,1daf284500000000
40780,0x2B0,000000234e000000
40790,0x200,1daf284500000000
40800,0x200,1daf284500000000
40800,0x220,234f03f300000000
40800,0x2B0,000000234f000000
40810,0x200,1db0284500000000
40820,0x200,1db0284500000000
40820,0x2B0,0000002350000000
40830,0x200,1db0284500000000
40840,0x200,1db1284500000000
40840,0x2B0,0000002351000000
40850,0x200,1db1284500000000
40850,0x220,235103f300000000
40860,0x200,1db1284500000000
40860,0x2B0,0000002351000000
40870,0x200,1db2284500000000
40880,0x200,1db2284500000000
40880,0x2B0,0000002352000000
40890,0x200,1db2284500000000
40900,0x200,1db3284500000000
40900,0x220,235303f300000000
40900,0x2B0,0000002353000000
40910,0x200,1db3284500000000
40920,0x200,1db3284500000000
40920,0x2B0,0000002354000000
40930,0x200,1db4284500000000
40940,0x200,1db4284500000000
40940,0x2B0,0000002355000000
40950,0x200,1db4284500000000
40950,0x220,235503f300000000
40960,0x200,1db5284500000000
40960,0x2B0,0000002355000000
40970,0x200,1db5284500000000
40980,0x200,1db5284500000000
40980,0x2B0,0000002356000000
40990,0x200,1db5284500000000
41000,0x200,1db6284500000000
41000,0x220,235703f300000000
41000,0x2B0,0000002357000000
41010,0x200,1db6284500000000
41020,0x200,1db6284500000000
41020,0x2B0,0000002358000000
41030,0x200,1db7284500000000
41040,0x200,1db7284500000000
41040,0x2B0,0000002358000000
41050,0x200,1db7284500000000
41050,0x220,235903f300000000
41060,0x200,1db8284500000000
41060,0x2B0,0000002359000000
41070,0x200,1db8284500000000
41080,0x200,1db8284500000000
41080,0x2B0,000000235a000000
41090,0x200,1db9284500000000
41100,0x200,1db9284500000000
41100,0x220,235b03f300000000
41100,0x2B0,000000235b000000
41110,0x200,1db9284500000000
41120,0x200,1dba284500000000
41120,0x2B0,000000235b000000
41130,0x200,1dba284500000000
41140,0x200,1dba284500000000
41140,0x2B0,000000235c000000
41150,0x200,1dbb284500000000
41150,0x220,235c03f300000000
41160,0x200,1dbb284500000000
41160,0x2B0,000000235d000000
41170,0x200,1dbb284500000000
41180,0x200,1dbc284500000000
41180,0x2B0,000000235e000000
41190,0x200,1dbc284500000000
41200,0x200,1dbc284500000000
41200,0x220,235e03f200000000
41200,0x2B0,000000235e000000
41210,0x200,1dbd284500000000
41220,0x200,1dbd284500000000
41220,0x2B0,000000235f000000
41230,0x200,1dbd284500000000
41240,0x200,1dbd284500000000
41240,0x2B0,0000002360000000
41250,0x200,1dbe284500000000
41250,0x220,236003f200000000
41260,0x200,1dbe284500000000
41260,0x2B0,0000002361000000
41270,0x200,1dbe284500000000
41280,0x200,1dbf284500000000
41280,0x2B0,0000002361000000
41290,0x200,1dbf284500000000
41300,0x200,1dbf284500000000
41300,0x220,236203f200000000
41300,0x2B0,0000002362000000
41310,0x200,1dc0284500000000
41320,0x200,1dc0284500000000
41320,0x2B0,0000002363000000
41330,0x200,1dc0284500000000
41340,0x200,1dc1284500000000
41340,0x2B0,0000002364000000
41350,0x200,1dc1284500000000
41350,0x220,236403f200000000
41360,0x200,1dc1284500000000
41360,0x2B0,0000002364000000
41370,0x200,1dc2284500000000
41380,0x200,1dc2284500000000
41380,0x2B0,0000002365000000
41390,0x200,1dc2284500000000
41400,0x200,1dc3284500000000
41400,0x220,236603f200000000
41400,0x2B0,0000002366000000
41410,0x200,1dc3284500000000
41420,0x200,1dc3284500000000
41420,0x2B0,0000002367000000
41430,0x200,1dc3284500000000
41440,0x200,1dc4284500000000
41440,0x2B0,0000002367000000
41450,0x200,1dc4284500000000
41450,0x220,236803f200000000
41460,0x200,1dc4284500000000
41460,0x2B0,0000002368000000
41470,0x200,1dc5284500000000
41480,0x200,1dc5284500000000
41480,0x2B0,0000002369000000
41490,0x200,1dc5284500000000
41500,0x200,1dc6284500000000
41500,0x220,236a03f200000000
41500,0x2B0,000000236a000000
41510,0x200,1dc6284500000000
41520,0x200,1dc6284500000000
41520,0x2B0,000000236a000000
41530,0x200,1dc7284500000000
41540,0x200,1dc7284500000000
41540,0x2B0,000000236b000000
41550,0x200,1dc7284500000000
41550,0x220,236c03f200000000
41560,0x200,1dc8284500000000
41560,0x2B0,000000236c000000
41570,0x200,1dc8284500000000
41580,0x200,1dc8284500000000
41580,0x2B0,000000236d000000
41590,0x200,1dc9284500000000
41600,0x200,1dc9284500000000
41600,0x220,236d03f200000000
41600,0x2B0,000000236d000000
41610,0x200,1dc9284500000000
41620,0x200,1dca284500000000
41620,0x2B0,000000236e000000
41630,0x200,1dca284500000000
41640,0x200,1dca284500000000
41640,0x2B0,000000236f000000
41650,0x200,1dca284500000000
41650,0x220,236f03f200000000
41660,0x200,1dcb284500000000
41660,0x2B0,0000002370000000
41670,0x200,1dcb284500000000
41680,0x200,1dcb284500000000
41680,0x2B0,0000002370000000
41690,0x200,1dcc284500000000
41700,0x200,1dcc284500000000
41700,0x220,237103f200000000
41700,0x2B0,0000002371000000
41710,0x200,1dcc284500000000
41720,0x200,1dcd284500000000
41720,0x2B0,0000002372000000
41730,0x200,1dcd284500000000
41740,0x200,1dcd284500000000
41740,0x2B0,0000002373000000
41750,0x200,1dce284500000000
41750,0x220,237303f200000000
41760,0x200,1dce284500000000
41760,0x2B0,0000002373000000
41770,0x200,1dce284500000000
41780,0x200,1dcf284500000000
41780,0x2B0,0000002374000000
41790,0x200,1dcf284500000000
41800,0x200,1dcf284500000000
41800,0x220,237503f200000000
41800,0x2B0,0000002375000000
41810,0x200,1dd0284500000000
41820,0x200,1dd0284500000000
41820,0x2B0,0000002376000000
41830,0x200,1dd0284500000000
41840,0x200,1dd0284500000000
41840,0x2B0,0000002376000000
41850,0x200,1dd1284500000000
41850,0x220,237703f200000000
41860,0x200,1dd1284500000000
41860,0x2B0,0000002377000000
41870,0x200,1dd1284500000000
41880,0x200,1dd2284500000000
41880,0x2B0,0000002378000000
41890,0x200,1dd2284500000000
41900,0x200,1dd2284500000000
41900,0x220,237903f200000000
41900,0x2B0,0000002379000000
41910,0x200,1dd3284500000000
41920,0x200,1dd3284500000000
41920,0x2B0,0000002379000000
41930,0x200,1dd3284500000000
41940,0x200,1dd4284500000000
41940,0x2B0,000000237a000000
41950,0x200,1dd4284500000000
41950,0x220,237b03f200000000
41960,0x200,1dd4284500000000
41960,0x2B0,000000237b000000
41970,0x200,1dd5284500000000
41980,0x200,1dd5284500000000
41980,0x2B0,000000237c000000
41990,0x200,1dd5284500000000
42000,0x200,1dd6284500000000
42000,0x220,237c03f200000000
42000,0x2B0,000000237c000000
42010,0x200,1dd6284500000000
42020,0x200,1dd6284500000000
42020,0x2B0,000000237d000000
42030,0x200,1dd6284500000000
42040,0x200,1dd7284500000000
42040,0x2B0,000000237e000000
42050,0x200,1dd7284500000000
42050,0x220,237e03f200000000
42060,0x200,1dd7284500000000
42060,0x2B0,000000237f000000
42070,0x200,1dd8284500000000
42080,0x200,1dd8284500000000
42080,0x2B0,000000237f000000
42090,0x200,1dd8284500000000
42100,0x200,1dd9284500000000
42100,0x220,238003f200000000
42100,0x2B0,0000002380000000
42110,0x200,1dd9284500000000
42120,0x200,1dd9284500000000
42120,0x2B0,0000002381000000
42130,0x200,1dda284500000000
42140,0x200,1dda284500000000
42140,0x2B0,0000002382000000
42150,0x200,1dda284500000000
42150,0x220,238203f200000000
42160,0x200,1ddb284500000000
42160,0x2B0,0000002382000000
42170,0x200,1ddb284500000000
42180,0x200,1ddb284500000000
42180,0x2B0,0000002383000000
42190,0x200,1ddb284500000000
42200,0x200,1ddc284500000000
42200,0x220,238403f200000000
42200,0x2B0,0000002384000000
42210,0x200,1ddc284500000000
42220,0x200,1ddc284500000000
42220,0x2B0,0000002385000000
42230,0x200,1ddd284500000000
42240,0x200,1ddd284500000000
42240,0x2B0,0000002385000000
42250,0x200,1ddd284500000000
42250,0x220,238603f200000000
42260,0x200,1dde284500000000
42260,0x2B0,0000002386000000
42270,0x200,1dde284500000000
42280,0x200,1dde284500000000
42280,0x2B0,0000002387000000
42290,0x200,1ddf284500000000
42300,0x200,1ddf284500000000
42300,0x220,238803f200000000
42300,0x2B0,0000002388000000
42310,0x200,1ddf284500000000
42320,0x200,1de0284500000000
42320,0x2B0,0000002388000000
42330,0x200,1de0284500000000
42340,0x200,1de0284500000000
42340,0x2B0,0000002389000000
42350,0x200,1de1284500000000
42350,0x220,238903f200000000
42360,0x200,1de1284500000000
42360,0x2B0,000000238a000000
42370,0x200,1de1284500000000
42380,0x200,1de1284500000000
42380,0x2B0,000000238b000000
42390,0x200,1de2284500000000
42400,0x200,1de2284500000000
42400,0x220,238b03f200000000
42400,0x2B0,000000238b000000
42410,0x200,1de2284500000000
42420,0x200,1de3284500000000
42420,0x2B0,000000238c000000
42430,0x200,1de3284500000000
42440,0x200,1de3284500000000
42440,0x2B0,000000238d000000
42450,0x200,1de4284500000000
42450,0x220,238d03f200000000
42460,0x200,1de4284500000000
42460,0x2B0,000000238e000000
42470,0x200,1de4284500000000
42480,0x200,1de5284500000000
42480,0x2B0,000000238e000000
42490,0x200,1de5284500000000
42500,0x200,1de5284500000000
42500,0x220,238f03f200000000
42500,0x2B0,000000238f000000
42510,0x200,1de6284500000000
42520,0x200,1de6284500000000
42520,0x2B0,0000002390000000
42530,0x200,1de6284500000000
42540,0x200,1de6284500000000
42540,0x2B0,0000002391000000
42550,0x200,1de7284500000000
42550,0x220,239103f200000000
42560,0x200,1de7284500000000
42560,0x2B0,0000002391000000
42570,0x200,1de7284500000000
42580,0x200,1de8284500000000
42580,0x2B0,0000002392000000
42590,0x200,1de8284500000000
42600,0x200,1de8284500000000
42600,0x220,239303f200000000
42600,0x2B0,0000002393000000
42610,0x200,1de9284500000000
42620,0x200,1de9284500000000
42620,0x2B0,0000002393000000
42630,0x200,1de9284500000000
42640,0x200,1dea284500000000
42640,0x2B0,0000002394000000
42650,0x200,1dea284500000000
42650,0x220,239503f200000000
42660,0x200,1dea284500000000
42660,0x2B0,0000002395000000
42670,0x200,1deb284500000000
42680,0x200,1deb284500000000
42680,0x2B0,0000002396000000
42690,0x200,1deb284500000000
42700,0x200,1deb284500000000
42700,0x220,239603f200000000
42700,0x2B0,0000002396000000
42710,0x200,1dec284500000000
42720,0x200,1dec284500000000
42720,0x2B0,0000002397000000
42730,0x200,1dec284500000000
42740,0x200,1ded284500000000
42740,0x2B0,0000002398000000
42750,0x200,1ded284500000000
42750,0x220,239803f200000000
42760,0x200,1ded284500000000
42760,0x2B0,0000002399000000
42770,0x200,1dee284500000000
42780,0x200,1dee284500000000
42780,0x2B0,0000002399000000
42790,0x200,1dee284500000000
42800,0x200,1def284500000000
42800,0x220,239a03f200000000
42800,0x2B0,000000239a000000
42810,0x200,1def284500000000
42820,0x200,1def284500000000
42820,0x2B0,000000239b000000
42830,0x200,1df0284500000000
42840,0x200,1df0284500000000
42840,0x2B0,000000239c000000
42850,0x200,1df0284500000000
42850,0x220,239c03f200000000
42860,0x200,1df0284500000000
42860,0x2B0,000000239c000000
42870,0x200,1df1284500000000
42880,0x200,1df1284500000000
42880,0x2B0,000000239d000000
42890,0x200,1df1284500000000
42900,0x200,1df2284500000000
42900,0x220,239e03f200000000
42900,0x2B0,000000239e000000
42910,0x200,1df2284500000000
42920,0x200,1df2284500000000
42920,0x2B0,000000239f000000
42930,0x200,1df3284500000000
42940,0x200,1df3284500000000
42940,0x2B0,000000239f000000
42950,0x200,1df3284500000000
42950,0x220,23a003f200000000
42960,0x200,1df4284500000000
42960,0x2B0,00000023a0000000
42970,0x200,1df4284500000000
42980,0x200,1df4284500000000
42980,0x2B0,00000023a1000000
42990,0x200,1df4284500000000
43000,0x200,1df5284500000000
43000,0x220,23a203f200000000
43000,0x2B0,00000023a2000000
43010,0x200,1df5284500000000
43020,0x200,1df5284500000000
43020,0x2B0,00000023a2000000
43030,0x200,1df6284500000000
43040,0x200,1df6284500000000
43040,0x2B0,00000023a3000000
43050,0x200,1df6284500000000
43050,0x220,23a303f200000000
43060,0x200,1df7284500000000
43060,0x2B0,00000023a4000000
43070,0x200,1df7284500000000
43080,0x200,1df7284500000000
43080,0x2B0,00000023a4000000
43090,0x200,1df8284500000000
43100,0x200,1df8284500000000
43100,0x220,23a503f200000000
43100,0x2B0,00000023a5000000
43110,0x200,1df8284500000000
43120,0x200,1df9284500000000
43120,0x2B0,00000023a6000000
43130,0x200,1df9284500000000
43140,0x200,1df9284500000000
43140,0x2B0,00000023a7000000
43150,0x200,1df9284500000000
43150,0x220,23a703f200000000
43160,0x200,1dfa284500000000
43160,0x2B0,00000023a7000000
43170,0x200,1dfa284500000000
43180,0x200,1dfa284500000000
43180,0x2B0,00000023a8000000
43190,0x200,1dfb284500000000
43200,0x200,1dfb284500000000
43200,0x220,23a903f200000000
43200,0x2B0,00000023a9000000
43210,0x200,1dfb284500000000
43220,0x200,1dfc284500000000
43220,0x2B0,00000023aa000000
43230,0x200,1dfc284500000000
43240,0x200,1dfc284500000000
43240,0x2B0,00000023aa000000
43250,0x200,1dfd284500000000
43250,0x220,23ab03f200000000
43260,0x200,1dfd284500000000
43260,0x2B0,00000023ab000000
43270,0x200,1dfd284500000000
43280,0x200,1dfd284500000000
43280,0x2B0,00000023ac000000
43290,0x200,1dfe284500000000
43300,0x200,1dfe284500000000
43300,0x220,23ad03f200000000
43300,0x2B0,00000023ad000000
43310,0x200,1dfe284500000000
43320,0x200,1dff284500000000
43320,0x2B0,00000023ad000000
43330,0x200,1dff284500000000
43340,0x200,1dff284500000000
43340,0x2B0,00000023ae000000
43350,0x200,1e00284500000000
43350,0x220,23ae03f200000000
43360,0x200,1e00284500000000
43360,0x2B0,00000023af000000
43370,0x200,1e00284500000000
43380,0x200,1e01284500000000
43380,0x2B0,00000023af000000
43390,0x200,1e01284500000000
43400,0x200,1e01284500000000
43400,0x220,23b003f200000000
43400,0x2B0,00000023b0000000
43410,0x200,1e01284500000000
43420,0x200,1e02284500000000
43420,0x2B0,00000023b1000000
43430,0x200,1e02284500000000
43440,0x200,1e02284500000000
43440,0x2B0,00000023b2000000
43450,0x200,1e03284500000000
43450,0x220,23b203f200000000
43460,0x200,1e03284500000000
43460,0x2B0,00000023b2000000
43470,0x200,1e03284500000000
43480,0x200,1e04284500000000
43480,0x2B0,00000023b3000000
43490,0x200,1e04284500000000
43500,0x200,1e04284500000000
43500,0x220,23b403f200000000
43500,0x2B0,00000023b4000000
43510,0x200,1e05284500000000
43520,0x200,1e05284500000000
43520,0x2B0,00000023b5000000
43530,0x200,1e05284500000000
43540,0x200,1e06284500000000
43540,0x2B0,00000023b5000000
43550,0x200,1e06284500000000
43550,0x220,23b603f200000000
43560,0x200,1e06284500000000
43560,0x2B0,00000023b6000000
43570,0x200,1e06284500000000
43580,0x200,1e07284500000000
43580,0x2B0,00000023b7000000
43590,0x200,1e07284500000000
43600,0x200,1e07284500000000
43600,0x220,23b803f200000000
43600,0x2B0,00000023b8000000
43610,0x200,1e08284500000000
43620,0x200,1e08284500000000
43620,0x2B0,00000023b8000000
43630,0x200,1e08284500000000
43640,0x200,1e09284500000000
43640,0x2B0,00000023b9000000
43650,0x200,1e09284500000000
43650,0x220,23b903f200000000
43660,0x200,1e09284500000000
43660,0x2B0,00000023ba000000
43670,0x200,1e0a284500000000
43680,0x200,1e0a284500000000
43680,0x2B0,00000023ba000000
43690,0x200,1e0a284500000000
43700,0x200,1e0a284500000000
43700,0x220,23bb03f200000000
43700,0x2B0,00000023bb000000
43710,0x200,1e0b284500000000
43720,0x200,1e0b284500000000
43720,0x2B0,00000023bc000000
43730,0x200,1e0b284500000000
43740,0x200,1e0c284500000000
43740,0x2B0,00000023bd000000
43750,0x200,1e0c284500000000
43750,0x220,23bd03f200000000
43760,0x200,1e0c284600000000
43760,0x2B0,00000023bd000000
43770,0x200,1e0d284600000000
43780,0x200,1e0d284600000000
43780,0x2B0,00000023be000000
43790,0x200,1e0d284600000000
43800,0x200,1e0e284600000000
43800,0x220,23bf03f200000000
43800,0x2B0,00000023bf000000
43810,0x200,1e0e284600000000
43820,0x200,1e0e284600000000
43820,0x2B0,00000023c0000000
43830,0x200,1e0e284600000000
43840,0x200,1e0f284600000000
43840,0x2B0,00000023c0000000
43850,0x200,1e0f284600000000
43850,0x220,23c103f200000000
43860,0x200,1e0f284600000000
43860,0x2B0,00000023c1000000
43870,0x200,1e10284600000000
43880,0x200,1e10284600000000
43880,0x2B0,00000023c2000000
43890,0x200,1e10284600000000
43900,0x200,1e11284600000000
43900,0x220,23c203f200000000
43900,0x2B0,00000023c2000000
43910,0x200,1e11284600000000
43920,0x200,1e11284600000000
43920,0x2B0,00000023c3000000
43930,0x200,1e11284600000000
43940,0x200,1e12284600000000
43940,0x2B0,00000023c4000000
43950,0x200,1e12284600000000
43950,0x220,23c403f200000000
43960,0x200,1e12284600000000
43960,0x2B0,00000023c5000000
43970,0x200,1e13284600000000
43980,0x200,1e13284600000000
43980,0x2B0,00000023c5000000
43990,0x200,1e13284600000000
44000,0x200,1e14284600000000
44000,0x220,23c603f200000000
44000,0x2B0,00000023c6000000
44010,0x200,1e14284600000000
44020,0x200,1e14284600000000
44020,0x2B0,00000023c7000000
44030,0x200,1e15284600000000
44040,0x200,1e15284600000000
44040,0x2B0,00000023c8000000
44050,0x200,1e15284600000000
44050,0x220,23c803f200000000
44060,0x200,1e15284600000000
44060,0x2B0,00000023c8000000
44070,0x200,1e16284600000000
44080,0x200,1e16284600000000
44080,0x2B0,00000023c9000000
44090,0x200,1e16284600000000
44100,0x200,1e17284600000000
44100,0x220,23ca03f200000000
44100,0x2B0,00000023ca000000
44110,0x200,1e17284600000000
44120,0x200,1e17284600000000
44120,0x2B0,00000023ca000000
44130,0x200,1e18284600000000
44140,0x200,1e18284600000000
44140,0x2B0,00000023cb000000
44150,0x200,1e18284600000000
44150,0x220,23cc03f200000000
44160,0x200,1e19284600000000
44160,0x2B0,00000023cc000000
44170,0x200,1e19284600000000
44180,0x200,1e19284600000000
44180,0x2B0,00000023cd000000
44190,0x200,1e19284600000000
44200,0x200,1e1a284600000000
44200,0x220,23cd03f200000000
44200,0x2B0,00000023cd000000
44210,0x200,1e1a284600000000
44220,0x200,1e1a284600000000
44220,0x2B0,00000023ce000000
44230,0x200,1e1b284600000000
44240,0x200,1e1b284600000000
44240,0x2B0,00000023cf000000
44250,0x200,1e1b284600000000
44250,0x220,23cf03f200000000
44260,0x200,1e1c284600000000
44260,0x2B0,00000023d0000000
44270,0x200,1e1c284600000000
44280,0x200,1e1c284600000000
44280,0x2B0,00000023d0000000
44290,0x200,1e1d284600000000
44300,0x200,1e1d284600000000
44300,0x220,23d103f200000000
44300,0x2B0,00000023d1000000
44310,0x200,1e1d284600000000
44320,0x200,1e1d284600000000
44320,0x2B0,00000023d2000000
44330,0x200,1e1e284600000000
44340,0x200,1e1e284600000000
44340,0x2B0,00000023d2000000
44350,0x200,1e1e284600000000
44350,0x220,23d303f200000000
44360,0x200,1e1f284600000000
44360,0x2B0,00000023d3000000
44370,0x200,1e1f284600000000
44380,0x200,1e1f284600000000
44380,0x2B0,00000023d4000000
44390,0x200,1e20284600000000
44400,0x200,1e20284600000000
44400,0x220,23d503f200000000
44400,0x2B0,00000023d5000000
44410,0x200,1e20284600000000
44420,0x200,1e20284600000000
44420,0x2B0,00000023d5000000
44430,0x200,1e21284600000000
44440,0x200,1e21284600000000
44440,0x2B0,00000023d6000000
44450,0x200,1e21284600000000
44450,0x220,23d603f200000000
44460,0x200,1e22284600000000
44460,0x2B0,00000023d7000000
44470,0x200,1e22284600000000
44480,0x200,1e22284600000000
44480,0x2B0,00000023d7000000
44490,0x200,1e23284600000000
44500,0x200,1e23284600000000
44500,0x220,23d803f200000000
44500,0x2B0,00000023d8000000
44510,0x200,1e23284600000000
44520,0x200,1e24284600000000
44520,0x2B0,00000023d9000000
44530,0x200,1e24284600000000
44540,0x200,1e24284600000000
44540,0x2B0,00000023da000000
44550,0x200,1e24284600000000
44550,0x220,23da03f200000000
44560,0x200,1e25284600000000
44560,0x2B0,00000023da000000
44570,0x200,1e25284600000000
44580,0x200,1e25284600000000
44580,0x2B0,00000023db000000
44590,0x200,1e26284600000000
44600,0x200,1e26284600000000
44600,0x220,23dc03f200000000
44600,0x2B0,00000023dc000000
44610,0x200,1e26284600000000
44620,0x200,1e27284600000000
44620,0x2B0,00000023dd000000
44630,0x200,1e27284600000000
44640,0x200,1e27284600000000
44640,0x2B0,00000023dd000000
44650,0x200,1e27284600000000
44650,0x220,23de03f200000000
44660,0x200,1e28284600000000
44660,0x2B0,00000023de000000
44670,0x200,1e28284600000000
44680,0x200,1e28284600000000
44680,0x2B0,00000023df000000
44690,0x200,1e29284600000000
44700,0x200,1e29284600000000
44700,0x220,23df03f200000000
44700,0x2B0,00000023df000000
44710,0x200,1e29284600000000
44720,0x200,1e2a284600000000
44720,0x2B0,00000023e0000000
44730,0x200,1e2a284600000000
44740,0x200,1e2a284600000000
44740,0x2B0,00000023e1000000
44750,0x200,1e2b284600000000
44750,0x220,23e103f200000000
44760,0x200,1e2b284600000000
44760,0x2B0,00000023e2000000
44770,0x200,1e2b284600000000
44780,0x200,1e2b284600000000
44780,0x2B0,00000023e2000000
44790,0x200,1e2c284600000000
44800,0x200,1e2c284600000000
44800,0x220,23e303f200000000
44800,0x2B0,00000023e3000000
44810,0x200,1e2c284600000000
44820,0x200,1e2d284600000000
44820,0x2B0,00000023e4000000
44830,0x200,1e2d284600000000
44840,0x200,1e2d284600000000
44840,0x2B0,00000023e4000000
44850,0x200,1e2e284600000000
44850,0x220,23e503f200000000
44860,0x200,1e2e284600000000
44860,0x2B0,00000023e5000000
44870,0x200,1e2e284600000000
44880,0x200,1e2e284600000000
44880,0x2B0,00000023e6000000
44890,0x200,1e2f284600000000
44900,0x200,1e2f284600000000
44900,0x220,23e703f200000000
44900,0x2B0,00000023e7000000
44910,0x200,1e2f284600000000
44920,0x200,1e30284600000000
44920,0x2B0,00000023e7000000
44930,0x200,1e30284600000000
44940,0x200,1e30284600000000
44940,0x2B0,00000023e8000000
44950,0x200,1e31284600000000
44950,0x220,23e803f200000000
44960,0x200,1e31284600000000
44960,0x2B0,00000023e9000000
44970,0x200,1e31284600000000
44980,0x200,1e31284600000000
44980,0x2B0,00000023e9000000
44990,0x200,1e32284600000000
45000,0x200,1e32284600000000
45000,0x220,23ea03f200000000
45000,0x2B0,00000023ea000000
45010,0x200,1e32284600000000
45020,0x200,1e33284600000000
45020,0x2B0,00000023eb000000
45030,0x200,1e33284600000000
45040,0x200,1e33284600000000
45040,0x2B0,00000023ec000000
45050,0x200,1e34284600000000
45050,0x220,23ec03f200000000
45060,0x200,1e34284600000000
45060,0x2B0,00000023ec000000
45070,0x200,1e34284600000000
45080,0x200,1e34284600000000
45080,0x2B0,00000023ed000000
45090,0x200,1e35284600000000
45100,0x200,1e35284600000000
45100,0x220,23ee03f200000000
45100,0x2B0,00000023ee000000
45110,0x200,1e35284600000000
45120,0x200,1e36284600000000
45120,0x2B0,00000023ef000000
45130,0x200,1e36284600000000
45140,0x200,1e36284600000000
45140,0x2B0,00000023ef000000
45150,0x200,1e37284600000000
45150,0x220,23f003f200000000
45160,0x200,1e37284600000000
45160,0x2B0,00000023f0000000
45170,0x200,1e37284600000000
45180,0x200,1e38284600000000
45180,0x2B0,00000023f1000000
45190,0x200,1e38284600000000
45200,0x200,1e38284600000000
45200,0x220,23f103f200000000
45200,0x2B0,00000023f1000000
45210,0x200,1e38284600000000
45220,0x200,1e39284600000000
45220,0x2B0,00000023f2000000
45230,0x200,1e39284600000000
45240,0x200,1e39284600000000
45240,0x2B0,00000023f3000000
45250,0x200,1e3a284600000000
45250,0x220,23f303f200000000
45260,0x200,1e3a284600000000
45260,0x2B0,00000023f4000000
45270,0x200,1e3a284600000000
45280,0x200,1e3b284600000000
45280,0x2B0,00000023f4000000
45290,0x200,1e3b284600000000
45300,0x200,1e3b284600000000
45300,0x220,23f503f200000000
45300,0x2B0,00000023f5000000
45310,0x200,1e3b284600000000
45320,0x200,1e3c284600000000
45320,0x2B0,00000023f6000000
45330,0x200,1e3c284600000000
45340,0x200,1e3c284600000000
45340,0x2B0,00000023f6000000
45350,0x200,1e3d284600000000
45350,0x220,23f703f200000000
45360,0x200,1e3d284600000000
45360,0x2B0,00000023f7000000
45370,0x200,1e3d284600000000
45380,0x200,1e3e284600000000
45380,0x2B0,00000023f8000000
45390,0x200,1e3e284600000000
45400,0x200,1e3e284600000000
45400,0x220,23f803f200000000
45400,0x2B0,00000023f8000000
45410,0x200,1e3e284600000000
45420,0x200,1e3f284600000000
45420,0x2B0,00000023f9000000
45430,0x200,1e3f284600000000
45440,0x200,1e3f284600000000
45440,0x2B0,00000023fa000000
45450,0x200,1e40284600000000
45450,0x220,23fa03f200000000
45460,0x200,1e40284600000000
45460,0x2B0,00000023fb000000
45470,0x200,1e40284600000000
45480,0x200,1e41284600000000
45480,0x2B0,00000023fb000000
45490,0x200,1e41284600000000
45500,0x200,1e41284600000000
45500,0x220,23fc03f200000000
45500,0x2B0,00000023fc000000
45510,0x200,1e41284600000000
45520,0x200,1e42284600000000
45520,0x2B0,00000023fd000000
45530,0x200,1e42284600000000
45540,0x200,1e42284600000000
45540,0x2B0,00000023fd000000
45550,0x200,1e43284600000000
45550,0x220,23fe03f200000000
45560,0x200,1e43284600000000
45560,0x2B0,00000023fe000000
45570,0x200,1e43284600000000
45580,0x200,1e44284600000000
45580,0x2B0,00000023ff000000
45590,0x200,1e44284600000000
45600,0x200,1e44284600000000
45600,0x220,240003f200000000
45600,0x2B0,0000002400000000
45610,0x200,1e44284600000000
45620,0x200,1e45284600000000
45620,0x2B0,0000002400000000
45630,0x200,1e45284600000000
45640,0x200,1e45284600000000
45640,0x2B0,0000002401000000
45650,0x200,1e46284600000000
45650,0x220,240103f200000000
45660,0x200,1e46284600000000
45660,0x2B0,0000002402000000
45670,0x200,1e46284600000000
45680,0x200,1e47284600000000
45680,0x2B0,0000002402000000
45690,0x200,1e47284600000000
45700,0x200,1e47284600000000
45700,0x220,240303f200000000
45700,0x2B0,0000002403000000
45710,0x200,1e47284600000000
45720,0x200,1e48284600000000
45720,0x2B0,0000002404000000
45730,0x200,1e48284600000000
45740,0x200,1e48284600000000
45740,0x2B0,0000002405000000
45750,0x200,1e49284600000000
45750,0x220,240503f200000000
45760,0x200,1e49284600000000
45760,0x2B0,0000002405000000
45770,0x200,1e49284600000000
45780,0x200,1e4a284600000000
45780,0x2B0,0000002406000000
45790,0x200,1e4a284600000000
45800,0x200,1e4a284600000000
45800,0x220,240703f200000000
45800,0x2B0,0000002407000000
45810,0x200,1e4a284600000000
45820,0x200,1e4b284600000000
45820,0x2B0,0000002407000000
45830,0x200,1e4b284600000000
45840,0x200,1e4b284600000000
45840,0x2B0,0000002408000000
45850,0x200,1e4c284600000000
45850,0x220,240803f200000000
45860,0x200,1e4c284600000000
45860,0x2B0,0000002409000000
45870,0x200,1e4c284600000000
45880,0x200,1e4c284600000000
45880,0x2B0,000000240a000000
45890,0x200,1e4d284600000000
45900,0x200,1e4d284600000000
45900,0x220,240a03f200000000
45900,0x2B0,000000240a000000
45910,0x200,1e4d284600000000
45920,0x200,1e4e284600000000
45920,0x2B0,000000240b000000
45930,0x200,1e4e284600000000
45940,0x200,1e4e284600000000
45940,0x2B0,000000240c000000
45950,0x200,1e4f284600000000
45950,0x220,240c03f200000000
45960,0x200,1e4f284600000000
45960,0x2B0,000000240c000000
45970,0x200,1e4f284600000000
45980,0x200,1e4f284600000000
45980,0x2B0,000000240d000000
45990,0x200,1e50284600000000
46000,0x200,1e50284600000000
46000,0x220,240e03f200000000
46000,0x2B0,000000240e000000
46010,0x200,1e50284600000000
46020,0x200,1e51284600000000
46020,0x2B0,000000240f000000
46030,0x200,1e51284600000000
46040,0x200,1e51284600000000
46040,0x2B0,000000240f000000
46050,0x200,1e52284600000000
46050,0x220,241003f200000000
46060,0x200,1e52284600000000
46060,0x2B0,0000002410000000
46070,0x200,1e52284600000000
46080,0x200,1e52284600000000
46080,0x2B0,0000002411000000
46090,0x200,1e53284600000000
46100,0x200,1e53284600000000
46100,0x220,241103f200000000
46100,0x2B0,0000002411000000
46110,0x200,1e53284600000000
46120,0x200,1e54284600000000
46120,0x2B0,0000002412000000
46130,0x200,1e54284600000000
46140,0x200,1e54284600000000
46140,0x2B0,0000002413000000
46150,0x200,1e55284600000000
46150,0x220,241303f200000000
46160,0x200,1e55284600000000
46160,0x2B0,0000002413000000
46170,0x200,1e55284600000000
46180,0x200,1e55284600000000
46180,0x2B0,0000002414000000
46190,0x200,1e56284600000000
46200,0x200,1e56284600000000
46200,0x220,241503f200000000
46200,0x2B0,0000002415000000
46210,0x200,1e56284600000000
46220,0x200,1e57284600000000
46220,0x2B0,0000002416000000
46230,0x200,1e57284600000000
46240,0x200,1e57284600000000
46240,0x2B0,0000002416000000
46250,0x200,1e58284600000000
46250,0x220,241703f200000000
46260,0x200,1e58284600000000
46260,0x2B0,0000002417000000
46270,0x200,1e58284600000000
46280,0x200,1e58284600000000
46280,0x2B0,0000002418000000
46290,0x200,1e59284600000000
46300,0x200,1e59284600000000
46300,0x220,241803f200000000
46300,0x2B0,0000002418000000
46310,0x200,1e59284600000000
46320,0x200,1e5a284600000000
46320,0x2B0,0000002419000000
46330,0x200,1e5a284600000000
46340,0x200,1e5a284600000000
46340,0x2B0,000000241a000000
46350,0x200,1e5a284600000000
46350,0x220,241a03f200000000
46360,0x200,1e5b284600000000
46360,0x2B0,000000241a000000
46370,0x200,1e5b284600000000
46380,0x200,1e5b284600000000
46380,0x2B0,000000241b000000
46390,0x200,1e5c284600000000
46400,0x200,1e5c284600000000
46400,0x220,241c03f200000000
46400,0x2B0,000000241c000000
46410,0x200,1e5c284600000000
46420,0x200,1e5d284600000000
46420,0x2B0,000000241d000000
46430,0x200,1e5d284600000000
46440,0x200,1e5d284600000000
46440,0x2B0,000000241d000000
46450,0x200,1e5d284600000000
46450,0x220,241e03f200000000
46460,0x200,1e5e284600000000
46460,0x2B0,000000241e000000
46470,0x200,1e5e284600000000
46480,0x200,1e5e284600000000
46480,0x2B0,000000241f000000
46490,0x200,1e5f284600000000
46500,0x200,1e5f284600000000
46500,0x220,241f03f200000000
46500,0x2B0,000000241f000000
46510,0x200,1e5f284600000000
46520,0x200,1e60284600000000
46520,0x2B0,0000002420000000
46530,0x200,1e60284600000000
46540,0x200,1e60284600000000
46540,0x2B0,0000002421000000
46550,0x200,1e60284600000000
46550,0x220,242103f200000000
46560,0x200,1e61284600000000
46560,0x2B0,0000002422000000
46570,0x200,1e61284600000000
46580,0x200,1e61284600000000
46580,0x2B0,0000002422000000
46590,0x200,1e62284600000000
46600,0x200,1e62284600000000
46600,0x220,242303f200000000
46600,0x2B0,0000002423000000
46610,0x200,1e62284600000000
46620,0x200,1e62284600000000
46620,0x2B0,0000002424000000
46630,0x200,1e63284600000000
46640,0x200,1e63284600000000
46640,0x2B0,0000002424000000
46650,0x200,1e63284600000000
46650,0x220,242503f200000000
46660,0x200,1e64284600000000
46660,0x2B0,0000002425000000
46670,0x200,1e64284600000000
46680,0x200,1e64284600000000
46680,0x2B0,0000002426000000
46690,0x200,1e65284600000000
46700,0x200,1e65284600000000
46700,0x220,242603f200000000
46700,0x2B0,0000002426000000
46710,0x200,1e65284600000000
46720,0x200,1e65284600000000
46720,0x2B0,0000002427000000
46730,0x200,1e66284600000000
46740,0x200,1e66284600000000
46740,0x2B0,0000002428000000
46750,0x200,1e66284600000000
46750,0x220,242803f200000000
46760,0x200,1e67284600000000
46760,0x2B0,0000002429000000
46770,0x200,1e67284600000000
46780,0x200,1e67284600000000
46780,0x2B0,0000002429000000
46790,0x200,1e67284600000000
46800,0x200,1e68284600000000
46800,0x220,242a03f200000000
46800,0x2B0,000000242a000000
46810,0x200,1e68284600000000
46820,0x200,1e68284600000000
46820,0x2B0,000000242b000000
46830,0x200,1e69284600000000
46840,0x200,1e69284600000000
46840,0x2B0,000000242b000000
46850,0x200,1e69284600000000
46850,0x220,242c03f200000000
46860,0x200,1e6a284600000000
46860,0x2B0,000000242c000000
46870,0x200,1e6a284600000000
46880,0x200,1e6a284600000000
46880,0x2B0,000000242d000000
46890,0x200,1e6a284600000000
46900,0x200,1e6b284600000000
46900,0x220,242d03f200000000
46900,0x2B0,000000242d000000
46910,0x200,1e6b284600000000
46920,0x200,1e6b284600000000
46920,0x2B0,000000242e000000
46930,0x200,1e6c284600000000
46940,0x200,1e6c284600000000
46940,0x2B0,000000242f000000
46950,0x200,1e6c284600000000
46950,0x220,242f03f200000000
46960,0x200,1e6c284600000000
46960,0x2B0,000000242f000000
46970,0x200,1e6d284600000000
46980,0x200,1e6d284600000000
46980,0x2B0,0000002430000000
46990,0x200,1e6d284600000000
47000,0x200,1e6e284600000000
47000,0x220,243103f200000000
47000,0x2B0,0000002431000000
47010,0x200,1e6e284600000000
47020,0x200,1e6e284600000000
47020,0x2B0,0000002432000000
47030,0x200,1e6f284600000000
47040,0x200,1e6f284600000000
47040,0x2B0,0000002432000000
47050,0x200,1e6f284600000000
47050,0x220,243303f200000000
47060,0x200,1e6f284600000000
47060,0x2B0,0000002433000000
47070,0x200,1e70284600000000
47080,0x200,1e70284600000000
47080,0x2B0,0000002434000000
47090,0x200,1e70284600000000
47100,0x200,1e71284600000000
47100,0x220,243403f200000000
47100,0x2B0,0000002434000000
47110,0x200,1e71284600000000
47120,0x200,1e71284600000000
47120,0x2B0,0000002435000000
47130,0x200,1e71284600000000
47140,0x200,1e72284600000000
47140,0x2B0,0000002436000000
47150,0x200,1e72284600000000
47150,0x220,243603f200000000
47160,0x200,1e72284600000000
47160,0x2B0,0000002436000000
47170,0x200,1e73284600000000
47180,0x200,1e73284600000000
47180,0x2B0,0000002437000000
47190,0x200,1e73284600000000
47200,0x200,1e74284600000000
47200,0x220,243803f200000000
47200,0x2B0,0000002438000000
47210,0x200,1e74284600000000
47220,0x200,1e74284600000000
47220,0x2B0,0000002439000000
47230,0x200,1e74284600000000
47240,0x200,1e75284600000000
47240,0x2B0,0000002439000000
47250,0x200,1e75284600000000
47250,0x220,243a03f200000000
47260,0x200,1e75284600000000
47260,0x2B0,000000243a000000
47270,0x200,1e76284600000000
47280,0x200,1e76284600000000
47280,0x2B0,000000243b000000
47290,0x200,1e76284600000000
47300,0x200,1e76284600000000
47300,0x220,243b03f200000000
47300,0x2B0,000000243b000000
47310,0x200,1e77284600000000
47320,0x200,1e77284600000000
47320,0x2B0,000000243c000000
47330,0x200,1e77284600000000
47340,0x200,1e78284600000000
47340,0x2B0,000000243d000000
47350,0x200,1e78284600000000
47350,0x220,243d03f200000000
47360,0x200,1e78284600000000
47360,0x2B0,000000243d000000
47370,0x200,1e79284600000000
47380,0x200,1e79284600000000
47380,0x2B0,000000243e000000
47390,0x200,1e79284600000000
47400,0x200,1e79284600000000
47400,0x220,243f03f200000000
47400,0x2B0,000000243f000000
47410,0x200,1e7a284600000000
47420,0x200,1e7a284600000000
47420,0x2B0,000000243f000000
47430,0x200,1e7a284600000000
47440,0x200,1e7b284600000000
47440,0x2B0,0000002440000000
47450,0x200,1e7b284600000000
47450,0x220,244103f200000000
47460,0x200,1e7b284600000000
47460,0x2B0,0000002441000000
47470,0x200,1e7b284600000000
47480,0x200,1e7c284600000000
47480,0x2B0,0000002442000000
47490,0x200,1e7c284600000000
47500,0x200,1e7c284600000000
47500,0x220,244203f200000000
47500,0x2B0,0000002442000000
47510,0x200,1e7d284600000000
47520,0x200,1e7d284600000000
47520,0x2B0,0000002443000000
47530,0x200,1e7d284600000000
47540,0x200,1e7d284600000000
47540,0x2B0,0000002444000000
47550,0x200,1e7e284600000000
47550,0x220,244403f200000000
47560,0x200,1e7e284600000000
47560,0x2B0,0000002444000000
47570,0x200,1e7e284600000000
47580,0x200,1e7f284600000000
47580,0x2B0,0000002445000000
47590,0x200,1e7f284600000000
47600,0x200,1e7f284600000000
47600,0x220,244603f200000000
47600,0x2B0,0000002446000000
47610,0x200,1e80284600000000
47620,0x200,1e80284600000000
47620,0x2B0,0000002446000000
47630,0x200,1e80284600000000
47640,0x200,1e80284600000000
47640,0x2B0,0000002447000000
47650,0x200,1e81284600000000
47650,0x220,244703f200000000
47660,0x200,1e81284600000000
47660,0x2B0,0000002448000000
47670,0x200,1e81284600000000
47680,0x200,1e82284600000000
47680,0x2B0,0000002448000000
47690,0x200,1e82284600000000
47700,0x200,1e82284600000000
47700,0x220,244903f200000000
47700,0x2B0,0000002449000000
47710,0x200,1e82284600000000
47720,0x200,1e83284600000000
47720,0x2B0,000000244a000000
47730,0x200,1e83284600000000
47740,0x200,1e83284600000000
47740,0x2B0,000000244b000000
47750,0x200,1e84284600000000
47750,0x220,244b03f200000000
47760,0x200,1e84284600000000
47760,0x2B0,000000244b000000
47770,0x200,1e84284600000000
47780,0x200,1e84284600000000
47780,0x2B0,000000244c000000
47790,0x200,1e85284600000000
47800,0x200,1e85284600000000
47800,0x220,244d03f200000000
47800,0x2B0,000000244d000000
47810,0x200,1e85284600000000
47820,0x200,1e86284600000000
47820,0x2B0,000000244d000000
47830,0x200,1e86284600000000
47840,0x200,1e86284600000000
47840,0x2B0,000000244e000000
47850,0x200,1e86284600000000
47850,0x220,244e03f200000000
47860,0x200,1e87284600000000
47860,0x2B0,000000244f000000
47870,0x200,1e87284600000000
47880,0x200,1e87284600000000
47880,0x2B0,000000244f000000
47890,0x200,1e88284600000000
47900,0x200,1e88284600000000
47900,0x220,245003f200000000
47900,0x2B0,0000002450000000
47910,0x200,1e88284600000000
47920,0x200,1e89284600000000
47920,0x2B0,0000002451000000
47930,0x200,1e89284600000000
47940,0x200,1e89284600000000
47940,0x2B0,0000002451000000
47950,0x200,1e89284600000000
47950,0x220,245203f200000000
47960,0x200,1e8a284600000000
47960,0x2B0,0000002452000000
47970,0x200,1e8a284600000000
47980,0x200,1e8a284600000000
47980,0x2B0,0000002453000000
47990,0x200,1e8b284600000000
48000,0x200,1e8b284600000000
48000,0x220,245303f200000000
48000,0x2B0,0000002453000000
48010,0x200,1e8b284600000000
48020,0x200,1e8b284600000000
48020,0x2B0,0000002454000000
48030,0x200,1e8c284600000000
48040,0x200,1e8c284600000000
48040,0x2B0,0000002455000000
48050,0x200,1e8c284600000000
48050,0x220,245503f200000000
48060,0x200,1e8d284600000000
48060,0x2B0,0000002456000000
48070,0x200,1e8d284600000000
48080,0x200,1e8d284600000000
48080,0x2B0,0000002456000000
48090,0x200,1e8d284600000000
48100,0x200,1e8e284600000000
48100,0x220,245703f200000000
48100,0x2B0,0000002457000000
48110,0x200,1e8e284600000000
48120,0x200,1e8e284600000000
48120,0x2B0,0000002458000000
48130,0x200,1e8f284600000000
48140,0x200,1e8f284600000000
48140,0x2B0,0000002458000000
48150,0x200,1e8f284600000000
48150,0x220,245903f200000000
48160,0x200,1e8f284600000000
48160,0x2B0,0000002459000000
48170,0x200,1e90284600000000
48180,0x200,1e90284600000000
48180,0x2B0,000000245a000000
48190,0x200,1e90284600000000
48200,0x200,1e91284600000000
48200,0x220,245a03f200000000
48200,0x2B0,000000245a000000
48210,0x200,1e91284600000000
48220,0x200,1e91284600000000
48220,0x2B0,000000245b000000
48230,0x200,1e91284600000000
48240,0x200,1e92284600000000
48240,0x2B0,000000245c000000
48250,0x200,1e92284600000000
48250,0x220,245c03f200000000
48260,0x200,1e92284600000000
48260,0x2B0,000000245c000000
48270,0x200,1e93284600000000
48280,0x200,1e93284600000000
48280,0x2B0,000000245d000000
48290,0x200,1e93284600000000
48300,0x200,1e94284600000000
48300,0x220,245e03f200000000
48300,0x2B0,000000245e000000
48310,0x200,1e94284600000000
48320,0x200,1e94284600000000
48320,0x2B0,000000245e000000
48330,0x200,1e94284600000000
48340,0x200,1e95284600000000
48340,0x2B0,000000245f000000
48350,0x200,1e95284600000000
48350,0x220,245f03f100000000
48360,0x200,1e95284600000000
48360,0x2B0,0000002460000000
48370,0x200,1e96284600000000
48380,0x200,1e96284600000000
48380,0x2B0,0000002461000000
48390,0x200,1e96284600000000
48400,0x200,1e96284600000000
48400,0x220,246103f100000000
48400,0x2B0,0000002461000000
48410,0x200,1e97284600000000
48420,0x200,1e97284600000000
48420,0x2B0,0000002462000000
48430,0x200,1e97284600000000
48440,0x200,1e98284600000000
48440,0x2B0,0000002463000000
48450,0x200,1e98284600000000
48450,0x220,246303f100000000
48460,0x200,1e98284600000000
48460,0x2B0,0000002463000000
48470,0x200,1e98284600000000
48480,0x200,1e99284600000000
48480,0x2B0,0000002464000000
48490,0x200,1e99284600000000
48500,0x200,1e99284600000000
48500,0x220,246503f100000000
48500,0x2B0,0000002465000000
48510,0x200,1e9a284600000000
48520,0x200,1e9a284600000000
48520,0x2B0,0000002465000000
48530,0x200,1e9a284600000000
48540,0x200,1e9a284600000000
48540,0x2B0,0000002466000000
48550,0x200,1e9b284600000000
48550,0x220,246603f100000000
48560,0x200,1e9b284600000000
48560,0x2B0,0000002467000000
48570,0x200,1e9b284600000000
48580,0x200,1e9c284600000000
48580,0x2B0,0000002467000000
48590,0x200,1e9c284600000000
48600,0x200,1e9c284600000000
48600,0x220,246803f100000000
48600,0x2B0,0000002468000000
48610,0x200,1e9c284600000000
48620,0x200,1e9d284600000000
48620,0x2B0,0000002469000000
48630,0x200,1e9d284600000000
48640,0x200,1e9d284600000000
48640,0x2B0,0000002469000000
48650,0x200,1e9e284600000000
48650,0x220,246a03f100000000
48660,0x200,1e9e284600000000
48660,0x2B0,000000246a000000
48670,0x200,1e9e284600000000
48680,0x200,1e9e284600000000
48680,0x2B0,000000246b000000
48690,0x200,1e9f284600000000
48700,0x200,1e9f284600000000
48700,0x220,246b03f100000000
48700,0x2B0,000000246b000000
48710,0x200,1e9f284600000000
48720,0x200,1ea0284600000000
48720,0x2B0,000000246c000000
48730,0x200,1ea0284600000000
48740,0x200,1ea0284600000000
48740,0x2B0,000000246d000000
48750,0x200,1ea0284600000000
48750,0x220,246d03f100000000
48760,0x200,1ea1284700000000
48760,0x2B0,000000246d000000
48770,0x200,1ea1284700000000
48780,0x200,1ea1284700000000
48780,0x2B0,000000246e000000
48790,0x200,1ea2284700000000
48800,0x200,1ea2284700000000
48800,0x220,246f03f100000000
48800,0x2B0,000000246f000000
48810,0x200,1ea2284700000000
48820,0x200,1ea2284700000000
48820,0x2B0,0000002470000000
48830,0x200,1ea3284700000000
48840,0x200,1ea3284700000000
48840,0x2B0,0000002470000000
48850,0x200,1ea3284700000000
48850,0x220,247103f100000000
48860,0x200,1ea4284700000000
48860,0x2B0,0000002471000000
48870,0x200,1ea4284700000000
48880,0x200,1ea4284700000000
48880,0x2B0,0000002472000000
48890,0x200,1ea4284700000000
48900,0x200,1ea5284700000000
48900,0x220,247203f100000000
48900,0x2B0,0000002472000000
48910,0x200,1ea5284700000000
48920,0x200,1ea5284700000000
48920,0x2B0,0000002473000000
48930,0x200,1ea6284700000000
48940,0x200,1ea6284700000000
48940,0x2B0,0000002474000000
48950,0x200,1ea6284700000000
48950,0x220,247403f100000000
48960,0x200,1ea6284700000000
48960,0x2B0,0000002474000000
48970,0x200,1ea7284700000000
48980,0x200,1ea7284700000000
48980,0x2B0,0000002475000000
48990,0x200,1ea7284700000000
49000,0x200,1ea8284700000000
49000,0x220,247603f100000000
49000,0x2B0,0000002476000000
49010,0x200,1ea8284700000000
49020,0x200,1ea8284700000000
49020,0x2B0,0000002476000000
49030,0x200,1ea8284700000000
49040,0x200,1ea9284700000000
49040,0x2B0,0000002477000000
49050,0x200,1ea9284700000000
49050,0x220,247703f100000000
49060,0x200,1ea9284700000000
49060,0x2B0,0000002478000000
49070,0x200,1eaa284700000000
49080,0x200,1eaa284700000000
49080,0x2B0,0000002478000000
49090,0x200,1eaa284700000000
49100,0x200,1eaa284700000000
49100,0x220,247903f100000000
49100,0x2B0,0000002479000000
49110,0x200,1eab284700000000
49120,0x200,1eab284700000000
49120,0x2B0,000000247a000000
49130,0x200,1eab284700000000
49140,0x200,1eac284700000000
49140,0x2B0,000000247a000000
49150,0x200,1eac284700000000
49150,0x220,247b03f100000000
49160,0x200,1eac284700000000
49160,0x2B0,000000247b000000
49170,0x200,1eac284700000000
49180,0x200,1ead284700000000
49180,0x2B0,000000247c000000
49190,0x200,1ead284700000000
49200,0x200,1ead284700000000
49200,0x220,247c03f100000000
49200,0x2B0,000000247c000000
49210,0x200,1eae284700000000
49220,0x200,1eae284700000000
49220,0x2B0,000000247d000000
49230,0x200,1eae284700000000
49240,0x200,1eae284700000000
49240,0x2B0,000000247e000000
49250,0x200,1eaf284700000000
49250,0x220,247e03f100000000
49260,0x200,1eaf284700000000
49260,0x2B0,000000247e000000
49270,0x200,1eaf284700000000
49280,0x200,1eb0284700000000
49280,0x2B0,000000247f000000
49290,0x200,1eb0284700000000
49300,0x200,1eb0284700000000
49300,0x220,248003f100000000
49300,0x2B0,0000002480000000
49310,0x200,1eb0284700000000
49320,0x200,1eb1284700000000
49320,0x2B0,0000002480000000
49330,0x200,1eb1284700000000
49340,0x200,1eb1284700000000
49340,0x2B0,0000002481000000
49350,0x200,1eb2284700000000
49350,0x220,248103f100000000
49360,0x200,1eb2284700000000
49360,0x2B0,0000002482000000
49370,0x200,1eb2284700000000
49380,0x200,1eb2284700000000
49380,0x2B0,0000002482000000
49390,0x200,1eb3284700000000
49400,0x200,1eb3284700000000
49400,0x220,248303f100000000
49400,0x2B0,0000002483000000
49410,0x200,1eb3284700000000
49420,0x200,1eb4284700000000
49420,0x2B0,0000002484000000
49430,0x200,1eb4284700000000
49440,0x200,1eb4284700000000
49440,0x2B0,0000002484000000
49450,0x200,1eb4284700000000
49450,0x220,248503f100000000
49460,0x200,1eb5284700000000
49460,0x2B0,0000002485000000
49470,0x200,1eb5284700000000
49480,0x200,1eb5284700000000
49480,0x2B0,0000002486000000
49490,0x200,1eb6284700000000
49500,0x200,1eb6284700000000
49500,0x220,248603f100000000
49500,0x2B0,0000002486000000
49510,0x200,1eb6284700000000
49520,0x200,1eb6284700000000
49520,0x2B0,0000002487000000
49530,0x200,1eb7284700000000
49540,0x200,1eb7284700000000
49540,0x2B0,0000002488000000
49550,0x200,1eb7284700000000
49550,0x220,248803f100000000
49560,0x200,1eb8284700000000
49560,0x2B0,0000002489000000
49570,0x200,1eb8284700000000
49580,0x200,1eb8284700000000
49580,0x2B0,0000002489000000
49590,0x200,1eb8284700000000
49600,0x200,1eb9284700000000
49600,0x220,248a03f100000000
49600,0x2B0,000000248a000000
49610,0x200,1eb9284700000000
49620,0x200,1eb9284700000000
49620,0x2B0,000000248b000000
49630,0x200,1eba284700000000
49640,0x200,1eba284700000000
49640,0x2B0,000000248b000000
49650,0x200,1eba284700000000
49650,0x220,248c03f100000000
49660,0x200,1eba284700000000
49660,0x2B0,000000248c000000
49670,0x200,1ebb284700000000
49680,0x200,1ebb284700000000
49680,0x2B0,000000248d000000
49690,0x200,1ebb284700000000
49700,0x200,1ebb284700000000
49700,0x220,248d03f100000000
49700,0x2B0,000000248d000000
49710,0x200,1ebc284700000000
49720,0x200,1ebc284700000000
49720,0x2B0,000000248e000000
49730,0x200,1ebc284700000000
49740,0x200,1ebd284700000000
49740,0x2B0,000000248f000000
49750,0x200,1ebd284700000000
49750,0x220,248f03f100000000
49760,0x200,1ebd284700000000
49760,0x2B0,000000248f000000
49770,0x200,1ebd284700000000
49780,0x200,1ebe284700000000
49780,0x2B0,0000002490000000
49790,0x200,1ebe284700000000
49800,0x200,1ebe284700000000
49800,0x220,249103f100000000
49800,0x2B0,0000002491000000
49810,0x200,1ebf284700000000
49820,0x200,1ebf284700000000
49820,0x2B0,0000002491000000
49830,0x200,1ebf284700000000
49840,0x200,1ebf284700000000
49840,0x2B0,0000002492000000
49850,0x200,1ec0284700000000
49850,0x220,249203f100000000
49860,0x200,1ec0284700000000
49860,0x2B0,0000002493000000
49870,0x200,1ec0284700000000
49880,0x200,1ec1284700000000
49880,0x2B0,0000002493000000
49890,0x200,1ec1284700000000
49900,0x200,1ec1284700000000
49900,0x220,249403f100000000
49900,0x2B0,0000002494000000
49910,0x200,1ec1284700000000
49920,0x200,1ec2284700000000
49920,0x2B0,0000002495000000
49930,0x200,1ec2284700000000
49940,0x200,1ec2284700000000
49940,0x2B0,0000002495000000
49950,0x200,1ec3284700000000
49950,0x220,249603f100000000
49960,0x200,1ec3284700000000
49960,0x2B0,0000002496000000
49970,0x200,1ec3284700000000
49980,0x200,1ec3284700000000
49980,0x2B0,0000002497000000
49990,0x200,1ec4284700000000
50000,0x200,1ec4284700000000
50000,0x220,249703f100000000
50000,0x2B0,0000002497000000
50010,0x200,1ec4284700000000
50020,0x200,1ec5284700000000
50020,0x2B0,0000002498000000
50030,0x200,1ec5284700000000
50040,0x200,1ec5284700000000
50040,0x2B0,0000002499000000
50050,0x200,1ec5284700000000
50050,0x220,249903f100000000
50060,0x200,1ec6284700000000
50060,0x2B0,0000002499000000
50070,0x200,1ec6284700000000
50080,0x200,1ec6284700000000
50080,0x2B0,000000249a000000
50090,0x200,1ec6284700000000
50100,0x200,1ec7284700000000
50100,0x220,249b03f100000000
50100,0x2B0,000000249b000000
50110,0x200,1ec7284700000000
50120,0x200,1ec7284700000000
50120,0x2B0,000000249b000000
50130,0x200,1ec8284700000000
50140,0x200,1ec8284700000000
50140,0x2B0,000000249c000000
50150,0x200,1ec8284700000000
50150,0x220,249c03f100000000
50160,0x200,1ec8284700000000
50160,0x2B0,000000249d000000
50170,0x200,1ec9284700000000
50180,0x200,1ec9284700000000
50180,0x2B0,000000249d000000
50190,0x200,1ec9284700000000
50200,0x200,1eca284700000000
50200,0x220,249e03f100000000
50200,0x2B0,000000249e000000
50210,0x200,1eca284700000000
50220,0x200,1eca284700000000
50220,0x2B0,000000249f000000
50230,0x200,1eca284700000000
50240,0x200,1ecb284700000000
50240,0x2B0,000000249f000000
50250,0x200,1ecb284700000000
50250,0x220,24a003f100000000
50260,0x200,1ecb284700000000
50260,0x2B0,00000024a0000000
50270,0x200,1ecc284700000000
50280,0x200,1ecc284700000000
50280,0x2B0,00000024a1000000
50290,0x200,1ecc284700000000
50300,0x200,1ecc284700000000
50300,0x220,24a103f100000000
50300,0x2B0,00000024a1000000
50310,0x200,1ecd284700000000
50320,0x200,1ecd284700000000
50320,0x2B0,00000024a2000000
50330,0x200,1ecd284700000000
50340,0x200,1ece284700000000
50340,0x2B0,00000024a3000000
50350,0x200,1ece284700000000
50350,0x220,24a303f100000000
50360,0x200,1ece284700000000
50360,0x2B0,00000024a3000000
50370,0x200,1ece284700000000
50380,0x200,1ecf284700000000
50380,0x2B0,00000024a4000000
50390,0x200,1ecf284700000000
50400,0x200,1ecf284700000000
50400,0x220,24a503f100000000
50400,0x2B0,00000024a5000000
50410,0x200,1ecf284700000000
50420,0x200,1ed0284700000000
50420,0x2B0,00000024a5000000
50430,0x200,1ed0284700000000
50440,0x200,1ed0284700000000
50440,0x2B0,00000024a6000000
50450,0x200,1ed1284700000000
50450,0x220,24a603f100000000
50460,0x200,1ed1284700000000
50460,0x2B0,00000024a7000000
50470,0x200,1ed1284700000000
50480,0x200,1ed1284700000000
50480,0x2B0,00000024a7000000
50490,0x200,1ed2284700000000
50500,0x200,1ed2284700000000
50500,0x220,24a803f100000000
50500,0x2B0,00000024a8000000
50510,0x200,1ed2284700000000
50520,0x200,1ed3284700000000
50520,0x2B0,00000024a9000000
50530,0x200,1ed3284700000000
50540,0x200,1ed3284700000000
50540,0x2B0,00000024a9000000
50550,0x200,1ed3284700000000
50550,0x220,24aa03f100000000
50560,0x200,1ed4284700000000
50560,0x2B0,00000024aa000000
50570,0x200,1ed4284700000000
50580,0x200,1ed4284700000000
50580,0x2B0,00000024ab000000
50590,0x200,1ed5284700000000
50600,0x200,1ed5284700000000
50600,0x220,24ab03f100000000
50600,0x2B0,00000024ab000000
50610,0x200,1ed5284700000000
50620,0x200,1ed5284700000000
50620,0x2B0,00000024ac000000
50630,0x200,1ed6284700000000
50640,0x200,1ed6284700000000
50640,0x2B0,00000024ad000000
50650,0x200,1ed6284700000000
50650,0x220,24ad03f100000000
50660,0x200,1ed6284700000000
50660,0x2B0,00000024ad000000
50670,0x200,1ed7284700000000
50680,0x200,1ed7284700000000
50680,0x2B0,00000024ae000000
50690,0x200,1ed7284700000000
50700,0x200,1ed8284700000000
50700,0x220,24af03f100000000
50700,0x2B0,00000024af000000
50710,0x200,1ed8284700000000
50720,0x200,1ed8284700000000
50720,0x2B0,00000024af000000
50730,0x200,1ed8284700000000
50740,0x200,1ed9284700000000
50740,0x2B0,00000024b0000000
50750,0x200,1ed9284700000000
50750,0x220,24b003f100000000
50760,0x200,1ed9284700000000
50760,0x2B0,00000024b1000000
50770,0x200,1eda284700000000
50780,0x200,1eda284700000000
50780,0x2B0,00000024b1000000
50790,0x200,1eda284700000000
50800,0x200,1eda284700000000
50800,0x220,24b203f100000000
50800,0x2B0,00000024b2000000
50810,0x200,1edb284700000000
50820,0x200,1edb284700000000
50820,0x2B0,00000024b2000000
50830,0x200,1edb284700000000
50840,0x200,1edb284700000000
50840,0x2B0,00000024b3000000
50850,0x200,1edc284700000000
50850,0x220,24b303f100000000
50860,0x200,1edc284700000000
50860,0x2B0,00000024b4000000
50870,0x200,1edc284700000000
50880,0x200,1edd284700000000
50880,0x2B0,00000024b4000000
50890,0x200,1edd284700000000
50900,0x200,1edd284700000000
50900,0x220,24b503f100000000
50900,0x2B0,00000024b5000000
50910,0x200,1edd284700000000
50920,0x200,1ede284700000000
50920,0x2B0,00000024b6000000
50930,0x200,1ede284700000000
50940,0x200,1ede284700000000
50940,0x2B0,00000024b6000000
50950,0x200,1edf284700000000
50950,0x220,24b703f100000000
50960,0x200,1edf284700000000
50960,0x2B0,00000024b7000000
50970,0x200,1edf284700000000
50980,0x200,1edf284700000000
50980,0x2B0,00000024b8000000
50990,0x200,1ee0284700000000
51000,0x200,1ee0284700000000
51000,0x220,24b803f100000000
51000,0x2B0,00000024b8000000
51010,0x200,1ee0284700000000
51020,0x200,1ee0284700000000
51020,0x2B0,00000024b9000000
51030,0x200,1ee1284700000000
51040,0x200,1ee1284700000000
51040,0x2B0,00000024ba000000
51050,0x200,1ee1284700000000
51050,0x220,24ba03f100000000
51060,0x200,1ee2284700000000
51060,0x2B0,00000024ba000000
51070,0x200,1ee2284700000000
51080,0x200,1ee2284700000000
51080,0x2B0,00000024bb000000
51090,0x200,1ee2284700000000
51100,0x200,1ee3284700000000
51100,0x220,24bc03f100000000
51100,0x2B0,00000024bc000000
51110,0x200,1ee3284700000000
51120,0x200,1ee3284700000000
51120,0x2B0,00000024bc000000
51130,0x200,1ee4284700000000
51140,0x200,1ee4284700000000
51140,0x2B0,00000024bd000000
51150,0x200,1ee4284700000000
51150,0x220,24bd03f100000000
51160,0x200,1ee4284700000000
51160,0x2B0,00000024be000000
51170,0x200,1ee5284700000000
51180,0x200,1ee5284700000000
51180,0x2B0,00000024be000000
51190,0x200,1ee5284700000000
51200,0x200,1ee5284700000000
51200,0x220,24bf03f100000000
51200,0x2B0,00000024bf000000
51210,0x200,1ee6284700000000
51220,0x200,1ee6284700000000
51220,0x2B0,00000024c0000000
51230,0x200,1ee6284700000000
51240,0x200,1ee7284700000000
51240,0x2B0,00000024c0000000
51250,0x200,1ee7284700000000
51250,0x220,24c103f100000000
51260,0x200,1ee7284700000000
51260,0x2B0,00000024c1000000
51270,0x200,1ee7284700000000
51280,0x200,1ee8284700000000
51280,0x2B0,00000024c2000000
51290,0x200,1ee8284700000000
51300,0x200,1ee8284700000000
51300,0x220,24c203f100000000
51300,0x2B0,00000024c2000000
51310,0x200,1ee9284700000000
51320,0x200,1ee9284700000000
51320,0x2B0,00000024c3000000
51330,0x200,1ee9284700000000
51340,0x200,1ee9284700000000
51340,0x2B0,00000024c4000000
51350,0x200,1eea284700000000
51350,0x220,24c403f100000000
51360,0x200,1eea284700000000
51360,0x2B0,00000024c4000000
51370,0x200,1eea284700000000
51380,0x200,1eea284700000000
51380,0x2B0,00000024c5000000
51390,0x200,1eeb284700000000
51400,0x200,1eeb284700000000
51400,0x220,24c603f100000000
51400,0x2B0,00000024c6000000
51410,0x200,1eeb284700000000
51420,0x200,1eec284700000000
51420,0x2B0,00000024c6000000
51430,0x200,1eec284700000000
51440,0x200,1eec284700000000
51440,0x2B0,00000024c7000000
51450,0x200,1eec284700000000
51450,0x220,24c703f100000000
51460,0x200,1eed284700000000
51460,0x2B0,00000024c8000000
51470,0x200,1eed284700000000
51480,0x200,1eed284700000000
51480,0x2B0,00000024c8000000
51490,0x200,1eed284700000000
51500,0x200,1eee284700000000
51500,0x220,24c903f100000000
51500,0x2B0,00000024c9000000
51510,0x200,1eee284700000000
51520,0x200,1eee284700000000
51520,0x2B0,00000024c9000000
51530,0x200,1eef284700000000
51540,0x200,1eef284700000000
51540,0x2B0,00000024ca000000
51550,0x200,1eef284700000000
51550,0x220,24ca03f100000000
51560,0x200,1eef284700000000
51560,0x2B0,00000024cb000000
51570,0x200,1ef0284700000000
51580,0x200,1ef0284700000000
51580,0x2B0,00000024cb000000
51590,0x200,1ef0284700000000
51600,0x200,1ef1284700000000
51600,0x220,24cc03f100000000
51600,0x2B0,00000024cc000000
51610,0x200,1ef1284700000000
51620,0x200,1ef1284700000000
51620,0x2B0,00000024cd000000
51630,0x200,1ef1284700000000
51640,0x200,1ef2284700000000
51640,0x2B0,00000024cd000000
51650,0x200,1ef2284700000000
51650,0x220,24ce03f100000000
51660,0x200,1ef2284700000000
51660,0x2B0,00000024ce000000
51670,0x200,1ef2284700000000
51680,0x200,1ef3284700000000
51680,0x2B0,00000024cf000000
51690,0x200,1ef3284700000000
51700,0x200,1ef3284700000000
51700,0x220,24cf03f100000000
51700,0x2B0,00000024cf000000
51710,0x200,1ef4284700000000
51720,0x200,1ef4284700000000
51720,0x2B0,00000024d0000000
51730,0x200,1ef4284700000000
51740,0x200,1ef4284700000000
51740,0x2B0,00000024d1000000
51750,0x200,1ef5284700000000
51750,0x220,24d103f100000000
51760,0x200,1ef5284700000000
51760,0x2B0,00000024d1000000
51770,0x200,1ef5284700000000
51780,0x200,1ef5284700000000
51780,0x2B0,00000024d2000000
51790,0x200,1ef6284700000000
51800,0x200,1ef6284700000000
51800,0x220,24d303f100000000
51800,0x2B0,00000024d3000000
51810,0x200,1ef6284700000000
51820,0x200,1ef7284700000000
51820,0x2B0,00000024d3000000
51830,0x200,1ef7284700000000
51840,0x200,1ef7284700000000
51840,0x2B0,00000024d4000000
51850,0x200,1ef7284700000000
51850,0x220,24d403f100000000
51860,0x200,1ef8284700000000
51860,0x2B0,00000024d5000000
51870,0x200,1ef8284700000000
51880,0x200,1ef8284700000000
51880,0x2B0,00000024d5000000
51890,0x200,1ef8284700000000
51900,0x200,1ef9284700000000
51900,0x220,24d603f100000000
51900,0x2B0,00000024d6000000
51910,0x200,1ef9284700000000
51920,0x200,1ef9284700000000
51920,0x2B0,00000024d7000000
51930,0x200,1efa284700000000
51940,0x200,1efa284700000000
51940,0x2B0,00000024d7000000
51950,0x200,1efa284700000000
51950,0x220,24d803f100000000
51960,0x200,1efa284700000000
51960,0x2B0,00000024d8000000
51970,0x200,1efb284700000000
51980,0x200,1efb284700000000
51980,0x2B0,00000024d8000000
51990,0x200,1efb284700000000
52000,0x200,1efb284700000000
52000,0x220,24d903f100000000
52000,0x2B0,00000024d9000000
52010,0x200,1efc284700000000
52020,0x200,1efc284700000000
52020,0x2B0,00000024da000000
52030,0x200,1efc284700000000
52040,0x200,1efd284700000000
52040,0x2B0,00000024da000000
52050,0x200,1efd284700000000
52050,0x220,24db03f100000000
52060,0x200,1efd284700000000
52060,0x2B0,00000024db000000
52070,0x200,1efd284700000000
52080,0x200,1efe284700000000
52080,0x2B0,00000024dc000000
52090,0x200,1efe284700000000
52100,0x200,1efe284700000000
52100,0x220,24dc03f100000000
52100,0x2B0,00000024dc000000
52110,0x200,1efe284700000000
52120,0x200,1eff284700000000
52120,0x2B0,00000024dd000000
52130,0x200,1eff284700000000
52140,0x200,1eff284700000000
52140,0x2B0,00000024de000000
52150,0x200,1f00284700000000
52150,0x220,24de03f100000000
52160,0x200,1f00284700000000
52160,0x2B0,00000024de000000
52170,0x200,1f00284700000000
52180,0x200,1f00284700000000
52180,0x2B0,00000024df000000
52190,0x200,1f01284700000000
52200,0x200,1f01284700000000
52200,0x220,24e003f100000000
52200,0x2B0,00000024e0000000
52210,0x200,1f01284700000000
52220,0x200,1f02284700000000
52220,0x2B0,00000024e0000000
52230,0x200,1f02284700000000
52240,0x200,1f02284700000000
52240,0x2B0,00000024e1000000
52250,0x200,1f02284700000000
52250,0x220,24e103f100000000
52260,0x200,1f03284700000000
52260,0x2B0,00000024e2000000
52270,0x200,1f03284700000000
52280,0x200,1f03284700000000
52280,0x2B0,00000024e2000000
52290,0x200,1f03284700000000
52300,0x200,1f04284700000000
52300,0x220,24e303f100000000
52300,0x2B0,00000024e3000000
52310,0x200,1f04284700000000
52320,0x200,1f04284700000000
52320,0x2B0,00000024e3000000
52330,0x200,1f05284700000000
52340,0x200,1f05284700000000
52340,0x2B0,00000024e4000000
52350,0x200,1f05284700000000
52350,0x220,24e403f100000000
52360,0x200,1f05284700000000
52360,0x2B0,00000024e5000000
52370,0x200,1f06284700000000
52380,0x200,1f06284700000000
52380,0x2B0,00000024e5000000
52390,0x200,1f06284700000000
52400,0x200,1f06284700000000
52400,0x220,24e603f100000000
52400,0x2B0,00000024e6000000
52410,0x200,1f07284700000000
52420,0x200,1f07284700000000
52420,0x2B0,00000024e7000000
52430,0x200,1f07284700000000
52440,0x200,1f07284700000000
52440,0x2B0,00000024e7000000
52450,0x200,1f08284700000000
52450,0x220,24e803f100000000
52460,0x200,1f08284700000000
52460,0x2B0,00000024e8000000
52470,0x200,1f08284700000000
52480,0x200,1f09284700000000
52480,0x2B0,00000024e9000000
52490,0x200,1f09284700000000
52500,0x200,1f09284700000000
52500,0x220,24e903f100000000
52500,0x2B0,00000024e9000000
52510,0x200,1f09284700000000
52520,0x200,1f0a284700000000
52520,0x2B0,00000024ea000000
52530,0x200,1f0a284700000000
52540,0x200,1f0a284700000000
52540,0x2B0,00000024eb000000
52550,0x200,1f0a284700000000
52550,0x220,24eb03f100000000
52560,0x200,1f0b284700000000
52560,0x2B0,00000024eb000000
52570,0x200,1f0b284700000000
52580,0x200,1f0b284700000000
52580,0x2B0,00000024ec000000
52590,0x200,1f0c284700000000
52600,0x200,1f0c284700000000
52600,0x220,24ed03f100000000
52600,0x2B0,00000024ed000000
52610,0x200,1f0c284700000000
52620,0x200,1f0c284700000000
52620,0x2B0,00000024ed000000
52630,0x200,1f0d284700000000
52640,0x200,1f0d284700000000
52640,0x2B0,00000024ee000000
52650,0x200,1f0d284700000000
52650,0x220,24ee03f100000000
52660,0x200,1f0d284700000000
52660,0x2B0,00000024ee000000
52670,0x200,1f0e284700000000
52680,0x200,1f0e284700000000
52680,0x2B0,00000024ef000000
52690,0x200,1f0e284700000000
52700,0x200,1f0f284700000000
52700,0x220,24f003f100000000
52700,0x2B0,00000024f0000000
52710,0x200,1f0f284700000000
52720,0x200,1f0f284700000000
52720,0x2B0,00000024f0000000
52730,0x200,1f0f284700000000
52740,0x200,1f10284700000000
52740,0x2B0,00000024f1000000
52750,0x200,1f10284700000000
52750,0x220,24f103f100000000
52760,0x200,1f10284700000000
52760,0x2B0,00000024f2000000
52770,0x200,1f10284700000000
52780,0x200,1f11284700000000
52780,0x2B0,00000024f2000000
52790,0x200,1f11284700000000
52800,0x200,1f11284700000000
52800,0x220,24f303f100000000
52800,0x2B0,00000024f3000000
52810,0x200,1f12284700000000
52820,0x200,1f12284700000000
52820,0x2B0,00000024f4000000
52830,0x200,1f12284700000000
52840,0x200,1f12284700000000
52840,0x2B0,00000024f4000000
52850,0x200,1f13284700000000
52850,0x220,24f503f100000000
52860,0x200,1f13284700000000
52860,0x2B0,00000024f5000000
52870,0x200,1f13284700000000
52880,0x200,1f13284700000000
52880,0x2B0,00000024f6000000
52890,0x200,1f14284700000000
52900,0x200,1f14284700000000
52900,0x220,24f603f100000000
52900,0x2B0,00000024f6000000
52910,0x200,1f14284700000000
52920,0x200,1f15284700000000
52920,0x2B0,00000024f7000000
52930,0x200,1f15284700000000
52940,0x200,1f15284700000000
52940,0x2B0,00000024f7000000
52950,0x200,1f15284700000000
52950,0x220,24f803f100000000
52960,0x200,1f16284700000000
52960,0x2B0,00000024f8000000
52970,0x200,1f16284700000000
52980,0x200,1f16284700000000
52980,0x2B0,00000024f9000000
52990,0x200,1f16284700000000
53000,0x200,1f17284700000000
53000,0x220,24f903f100000000
53000,0x2B0,00000024f9000000
53010,0x200,1f17284700000000
53020,0x200,1f17284700000000
53020,0x2B0,00000024fa000000
53030,0x200,1f17284700000000
53040,0x200,1f18284700000000
53040,0x2B0,00000024fb000000
53050,0x200,1f18284700000000
53050,0x220,24fb03f100000000
53060,0x200,1f18284700000000
53060,0x2B0,00000024fb000000
53070,0x200,1f19284700000000
53080,0x200,1f19284700000000
53080,0x2B0,00000024fc000000
53090,0x200,1f19284700000000
53100,0x200,1f19284700000000
53100,0x220,24fd03f100000000
53100,0x2B0,00000024fd000000
53110,0x200,1f1a284700000000
53120,0x200,1f1a284700000000
53120,0x2B0,00000024fd000000
53130,0x200,1f1a284700000000
53140,0x200,1f1a284700000000
53140,0x2B0,00000024fe000000
53150,0x200,1f1b284700000000
53150,0x220,24fe03f100000000
53160,0x200,1f1b284700000000
53160,0x2B0,00000024fe000000
53170,0x200,1f1b284700000000
53180,0x200,1f1c284700000000
53180,0x2B0,00000024ff000000
53190,0x200,1f1c284700000000
53200,0x200,1f1c284700000000
53200,0x220,250003f100000000
53200,0x2B0,0000002500000000
53210,0x200,1f1c284700000000
53220,0x200,1f1d284700000000
53220,0x2B0,0000002500000000
53230,0x200,1f1d284700000000
53240,0x200,1f1d284700000000
53240,0x2B0,0000002501000000
53250,0x200,1f1d284700000000
53250,0x220,250103f100000000
53260,0x200,1f1e284700000000
53260,0x2B0,0000002502000000
53270,0x200,1f1e284700000000
53280,0x200,1f1e284700000000
53280,0x2B0,0000002502000000
53290,0x200,1f1e284700000000
53300,0x200,1f1f284700000000
53300,0x220,250303f100000000
53300,0x2B0,0000002503000000
53310,0x200,1f1f284700000000
53320,0x200,1f1f284700000000
53320,0x2B0,0000002504000000
53330,0x200,1f20284700000000
53340,0x200,1f20284700000000
53340,0x2B0,0000002504000000
53350,0x200,1f20284700000000
53350,0x220,250503f100000000
53360,0x200,1f20284700000000
53360,0x2B0,0000002505000000
53370,0x200,1f21284700000000
53380,0x200,1f21284700000000
53380,0x2B0,0000002505000000
53390,0x200,1f21284700000000
53400,0x200,1f21284700000000
53400,0x220,250603f100000000
53400,0x2B0,0000002506000000
53410,0x200,1f22284700000000
53420,0x200,1f22284700000000
53420,0x2B0,0000002507000000
53430,0x200,1f22284700000000
53440,0x200,1f23284700000000
53440,0x2B0,0000002507000000
53450,0x200,1f23284700000000
53450,0x220,250803f100000000
53460,0x200,1f23284700000000
53460,0x2B0,0000002508000000
53470,0x200,1f23284700000000
53480,0x200,1f24284700000000
53480,0x2B0,0000002509000000
53490,0x200,1f24284700000000
53500,0x200,1f24284700000000
53500,0x220,250903f100000000
53500,0x2B0,0000002509000000
53510,0x200,1f24284700000000
53520,0x200,1f25284700000000
53520,0x2B0,000000250a000000
53530,0x200,1f25284700000000
53540,0x200,1f25284700000000
53540,0x2B0,000000250b000000
53550,0x200,1f25284700000000
53550,0x220,250b03f100000000
53560,0x200,1f26284700000000
53560,0x2B0,000000250b000000
53570,0x200,1f26284700000000
53580,0x200,1f26284700000000
53580,0x2B0,000000250c000000
53590,0x200,1f27284700000000
53600,0x200,1f27284700000000
53600,0x220,250c03f100000000
53600,0x2B0,000000250c000000
53610,0x200,1f27284700000000
53620,0x200,1f27284700000000
53620,0x2B0,000000250d000000
53630,0x200,1f28284700000000
53640,0x200,1f28284700000000
53640,0x2B0,000000250e000000
53650,0x200,1f28284700000000
53650,0x220,250e03f100000000
53660,0x200,1f28284700000000
53660,0x2B0,000000250e000000
53670,0x200,1f29284700000000
53680,0x200,1f29284700000000
53680,0x2B0,000000250f000000
53690,0x200,1f29284700000000
53700,0x200,1f29284700000000
53700,0x220,251003f100000000
53700,0x2B0,0000002510000000
53710,0x200,1f2a284700000000
53720,0x200,1f2a284700000000
53720,0x2B0,0000002510000000
53730,0x200,1f2a284700000000
53740,0x200,1f2b284700000000
53740,0x2B0,0000002511000000
53750,0x200,1f2b284700000000
53750,0x220,251103f100000000
53760,0x200,1f2b284700000000
53760,0x2B0,0000002512000000
53770,0x200,1f2b284700000000
53780,0x200,1f2c284700000000
53780,0x2B0,0000002512000000
53790,0x200,1f2c284700000000
53800,0x200,1f2c284700000000
53800,0x220,251303f100000000
53800,0x2B0,0000002513000000
53810,0x200,1f2c284700000000
53820,0x200,1f2d284700000000
53820,0x2B0,0000002513000000
53830,0x200,1f2d284700000000
53840,0x200,1f2d284700000000
53840,0x2B0,0000002514000000
53850,0x200,1f2d284800000000
53850,0x220,251403f100000000
53860,0x200,1f2e284800000000
53860,0x2B0,0000002515000000
53870,0x200,1f2e284800000000
53880,0x200,1f2e284800000000
53880,0x2B0,0000002515000000
53890,0x200,1f2f284800000000
53900,0x200,1f2f284800000000
53900,0x220,251603f100000000
53900,0x2B0,0000002516000000
53910,0x200,1f2f284800000000
53920,0x200,1f2f284800000000
53920,0x2B0,0000002517000000
53930,0x200,1f30284800000000
53940,0x200,1f30284800000000
53940,0x2B0,0000002517000000
53950,0x200,1f30284800000000
53950,0x220,251803f100000000
53960,0x200,1f30284800000000
53960,0x2B0,0000002518000000
53970,0x200,1f31284800000000
53980,0x200,1f31284800000000
53980,0x2B0,0000002519000000
53990,0x200,1f31284800000000
54000,0x200,1f31284800000000
54000,0x220,251903f100000000
54000,0x2B0,0000002519000000
54010,0x200,1f32284800000000
54020,0x200,1f32284800000000
54020,0x2B0,000000251a000000
54030,0x200,1f32284800000000
54040,0x200,1f33284800000000
54040,0x2B0,000000251a000000
54050,0x200,1f33284800000000
54050,0x220,251b03f100000000
54060,0x200,1f33284800000000
54060,0x2B0,000000251b000000
54070,0x200,1f33284800000000
54080,0x200,1f34284800000000
54080,0x2B0,000000251c000000
54090,0x200,1f34284800000000
54100,0x200,1f34284800000000
54100,0x220,251c03f100000000
54100,0x2B0,000000251c000000
54110,0x200,1f34284800000000
54120,0x200,1f35284800000000
54120,0x2B0,000000251d000000
54130,0x200,1f35284800000000
54140,0x200,1f35284800000000
54140,0x2B0,000000251e000000
54150,0x200,1f35284800000000
54150,0x220,251e03f100000000
54160,0x200,1f36284800000000
54160,0x2B0,000000251e000000
54170,0x200,1f36284800000000
54180,0x200,1f36284800000000
54180,0x2B0,000000251f000000
54190,0x200,1f37284800000000
54200,0x200,1f37284800000000
54200,0x220,251f03f100000000
54200,0x2B0,000000251f000000
54210,0x200,1f37284800000000
54220,0x200,1f37284800000000
54220,0x2B0,0000002520000000
54230,0x200,1f38284800000000
54240,0x200,1f38284800000000
54240,0x2B0,0000002521000000
54250,0x200,1f38284800000000
54250,0x220,252103f100000000
54260,0x200,1f38284800000000
54260,0x2B0,0000002521000000
54270,0x200,1f39284800000000
54280,0x200,1f39284800000000
54280,0x2B0,0000002522000000
54290,0x200,1f39284800000000
54300,0x200,1f39284800000000
54300,0x220,252303f100000000
54300,0x2B0,0000002523000000
54310,0x200,1f3a284800000000
54320,0x200,1f3a284800000000
54320,0x2B0,0000002523000000
54330,0x200,1f3a284800000000
54340,0x200,1f3a284800000000
54340,0x2B0,0000002524000000
54350,0x200,1f3b284800000000
54350,0x220,252403f100000000
54360,0x200,1f3b284800000000
54360,0x2B0,0000002524000000
54370,0x200,1f3b284800000000
54380,0x200,1f3c284800000000
54380,0x2B0,0000002525000000
54390,0x200,1f3c284800000000
54400,0x200,1f3c284800000000
54400,0x220,252603f100000000
54400,0x2B0,0000002526000000
54410,0x200,1f3c284800000000
54420,0x200,1f3d284800000000
54420,0x2B0,0000002526000000
54430,0x200,1f3d284800000000
54440,0x200,1f3d284800000000
54440,0x2B0,0000002527000000
54450,0x200,1f3d284800000000
54450,0x220,252703f100000000
54460,0x200,1f3e284800000000
54460,0x2B0,0000002528000000
54470,0x200,1f3e284800000000
54480,0x200,1f3e284800000000
54480,0x2B0,0000002528000000
54490,0x200,1f3e284800000000
54500,0x200,1f3f284800000000
54500,0x220,252903f100000000
54500,0x2B0,0000002529000000
54510,0x200,1f3f284800000000
54520,0x200,1f3f284800000000
54520,0x2B0,0000002529000000
54530,0x200,1f3f284800000000
54540,0x200,1f40284800000000
54540,0x2B0,000000252a000000
54550,0x200,1f40284800000000
54550,0x220,252a03f100000000
54560,0x200,1f40284800000000
54560,0x2B0,000000252b000000
54570,0x200,1f41284800000000
54580,0x200,1f41284800000000
54580,0x2B0,000000252b000000
54590,0x200,1f41284800000000
54600,0x200,1f41284800000000
54600,0x220,252c03f100000000
54600,0x2B0,000000252c000000
54610,0x200,1f42284800000000
54620,0x200,1f42284800000000
54620,0x2B0,000000252d000000
54630,0x200,1f42284800000000
54640,0x200,1f42284800000000
54640,0x2B0,000000252d000000
54650,0x200,1f43284800000000
54650,0x220,252e03f100000000
54660,0x200,1f43284800000000
54660,0x2B0,000000252e000000
54670,0x200,1f43284800000000
54680,0x200,1f43284800000000
54680,0x2B0,000000252e000000
54690,0x200,1f44284800000000
54700,0x200,1f44284800000000
54700,0x220,252f03f100000000
54700,0x2B0,000000252f000000
54710,0x200,1f44284800000000
54720,0x200,1f45284800000000
54720,0x2B0,0000002530000000
54730,0x200,1f45284800000000
54740,0x200,1f45284800000000
54740,0x2B0,0000002530000000
54750,0x200,1f45284800000000
54750,0x220,253103f100000000
54760,0x200,1f46284800000000
54760,0x2B0,0000002531000000
54770,0x200,1f46284800000000
54780,0x200,1f46284800000000
54780,0x2B0,0000002532000000
54790,0x200,1f46284800000000
54800,0x200,1f47284800000000
54800,0x220,253203f100000000
54800,0x2B0,0000002532000000
54810,0x200,1f47284800000000
54820,0x200,1f47284800000000
54820,0x2B0,0000002533000000
54830,0x200,1f47284800000000
54840,0x200,1f48284800000000
54840,0x2B0,0000002533000000
54850,0x200,1f48284800000000
54850,0x220,253403f100000000
54860,0x200,1f48284800000000
54860,0x2B0,0000002534000000
54870,0x200,1f48284800000000
54880,0x200,1f49284800000000
54880,0x2B0,0000002535000000
54890,0x200,1f49284800000000
54900,0x200,1f49284800000000
54900,0x220,253503f100000000
54900,0x2B0,0000002535000000
54910,0x200,1f4a284800000000
54920,0x200,1f4a284800000000
54920,0x2B0,0000002536000000
54930,0x200,1f4a284800000000
54940,0x200,1f4a284800000000
54940,0x2B0,0000002537000000
54950,0x200,1f4b284800000000
54950,0x220,253703f100000000
54960,0x200,1f4b284800000000
54960,0x2B0,0000002537000000
54970,0x200,1f4b284800000000
54980,0x200,1f4b284800000000
54980,0x2B0,0000002538000000
54990,0x200,1f4c284800000000
55000,0x200,1f4c284800000000
55000,0x220,253803f100000000
55000,0x2B0,0000002538000000
55010,0x200,1f4c284800000000
55020,0x200,1f4c284800000000
55020,0x2B0,0000002539000000
55030,0x200,1f4d284800000000
55040,0x200,1f4d284800000000
55040,0x2B0,000000253a000000
55050,0x200,1f4d284800000000
55050,0x220,253a03f100000000
55060,0x200,1f4d284800000000
55060,0x2B0,000000253a000000
55070,0x200,1f4e284800000000
55080,0x200,1f4e284800000000
55080,0x2B0,000000253b000000
55090,0x200,1f4e284800000000
55100,0x200,1f4e284800000000
55100,0x220,253c03f100000000
55100,0x2B0,000000253c000000
55110,0x200,1f4f284800000000
55120,0x200,1f4f284800000000
55120,0x2B0,000000253c000000
55130,0x200,1f4f284800000000
55140,0x200,1f50284800000000
55140,0x2B0,000000253d000000
55150,0x200,1f50284800000000
55150,0x220,253d03f100000000
55160,0x200,1f50284800000000
55160,0x2B0,000000253d000000
55170,0x200,1f50284800000000
55180,0x200,1f51284800000000
55180,0x2B0,000000253e000000
55190,0x200,1f51284800000000
55200,0x200,1f51284800000000
55200,0x220,253f03f100000000
55200,0x2B0,000000253f000000
55210,0x200,1f51284800000000
55220,0x200,1f52284800000000
55220,0x2B0,000000253f000000
55230,0x200,1f52284800000000
55240,0x200,1f52284800000000
55240,0x2B0,0000002540000000
55250,0x200,1f52284800000000
55250,0x220,254003f100000000
55260,0x200,1f53284800000000
55260,0x2B0,0000002541000000
55270,0x200,1f53284800000000
55280,0x200,1f53284800000000
55280,0x2B0,0000002541000000
55290,0x200,1f53284800000000
55300,0x200,1f54284800000000
55300,0x220,254203f100000000
55300,0x2B0,0000002542000000
55310,0x200,1f54284800000000
55320,0x200,1f54284800000000
55320,0x2B0,0000002542000000
55330,0x200,1f54284800000000
55340,0x200,1f55284800000000
55340,0x2B0,0000002543000000
55350,0x200,1f55284800000000
55350,0x220,254303f100000000
55360,0x200,1f55284800000000
55360,0x2B0,0000002544000000
55370,0x200,1f56284800000000
55380,0x200,1f56284800000000
55380,0x2B0,0000002544000000
55390,0x200,1f56284800000000
55400,0x200,1f56284800000000
55400,0x220,254503f100000000
55400,0x2B0,0000002545000000
55410,0x200,1f57284800000000
55420,0x200,1f57284800000000
55420,0x2B0,0000002545000000
55430,0x200,1f57284800000000
55440,0x200,1f57284800000000
55440,0x2B0,0000002546000000
55450,0x200,1f58284800000000
55450,0x220,254603f100000000
55460,0x200,1f58284800000000
55460,0x2B0,0000002547000000
55470,0x200,1f58284800000000
55480,0x200,1f58284800000000
55480,0x2B0,0000002547000000
55490,0x200,1f59284800000000
55500,0x200,1f59284800000000
55500,0x220,254803f100000000
55500,0x2B0,0000002548000000
55510,0x200,1f59284800000000
55520,0x200,1f59284800000000
55520,0x2B0,0000002549000000
55530,0x200,1f5a284800000000
55540,0x200,1f5a284800000000
55540,0x2B0,0000002549000000
55550,0x200,1f5a284800000000
55550,0x220,254903f100000000
55560,0x200,1f5a284800000000
55560,0x2B0,000000254a000000
55570,0x200,1f5b284800000000
55580,0x200,1f5b284800000000
55580,0x2B0,000000254a000000
55590,0x200,1f5b284800000000
55600,0x200,1f5c284800000000
55600,0x220,254b03f100000000
55600,0x2B0,000000254b000000
55610,0x200,1f5c284800000000
55620,0x200,1f5c284800000000
55620,0x2B0,000000254c000000
55630,0x200,1f5c284800000000
55640,0x200,1f5d284800000000
55640,0x2B0,000000254c000000
55650,0x200,1f5d284800000000
55650,0x220,254d03f100000000
55660,0x200,1f5d284800000000
55660,0x2B0,000000254d000000
55670,0x200,1f5d284800000000
55680,0x200,1f5e284800000000
55680,0x2B0,000000254e000000
55690,0x200,1f5e284800000000
55700,0x200,1f5e284800000000
55700,0x220,254e03f100000000
55700,0x2B0,000000254e000000
55710,0x200,1f5e284800000000
55720,0x200,1f5f284800000000
55720,0x2B0,000000254f000000
55730,0x200,1f5f284800000000
55740,0x200,1f5f284800000000
55740,0x2B0,000000254f000000
55750,0x200,1f5f284800000000
55750,0x220,255003f100000000
55760,0x200,1f60284800000000
55760,0x2B0,0000002550000000
55770,0x200,1f60284800000000
55780,0x200,1f60284800000000
55780,0x2B0,0000002551000000
55790,0x200,1f60284800000000
55800,0x200,1f61284800000000
55800,0x220,255103f100000000
55800,0x2B0,0000002551000000
55810,0x200,1f61284800000000
55820,0x200,1f61284800000000
55820,0x2B0,0000002552000000
55830,0x200,1f61284800000000
55840,0x200,1f62284800000000
55840,0x2B0,0000002552000000
55850,0x200,1f62284800000000
55850,0x220,255303f100000000
55860,0x200,1f62284800000000
55860,0x2B0,0000002553000000
55870,0x200,1f63284800000000
55880,0x200,1f63284800000000
55880,0x2B0,0000002554000000
55890,0x200,1f63284800000000
55900,0x200,1f63284800000000
55900,0x220,255403f100000000
55900,0x2B0,0000002554000000
55910,0x200,1f64284800000000
55920,0x200,1f64284800000000
55920,0x2B0,0000002555000000
55930,0x200,1f64284800000000
55940,0x200,1f64284800000000
55940,0x2B0,0000002555000000
55950,0x200,1f65284800000000
55950,0x220,255603f100000000
55960,0x200,1f65284800000000
55960,0x2B0,0000002556000000
55970,0x200,1f65284800000000
55980,0x200,1f65284800000000
55980,0x2B0,0000002557000000
55990,0x200,1f66284800000000
56000,0x200,1f66284800000000
56000,0x220,255703f100000000
56000,0x2B0,0000002557000000
56010,0x200,1f66284800000000
56020,0x200,1f66284800000000
56020,0x2B0,0000002558000000
56030,0x200,1f67284800000000
56040,0x200,1f67284800000000
56040,0x2B0,0000002559000000
56050,0x200,1f67284800000000
56050,0x220,255903f100000000
56060,0x200,1f67284800000000
56060,0x2B0,0000002559000000
56070,0x200,1f68284800000000
56080,0x200,1f68284800000000
56080,0x2B0,000000255a000000
56090,0x200,1f68284800000000
56100,0x200,1f68284800000000
56100,0x220,255a03f100000000
56100,0x2B0,000000255a000000
56110,0x200,1f69284800000000
56120,0x200,1f69284800000000
56120,0x2B0,000000255b000000
56130,0x200,1f69284800000000
56140,0x200,1f6a284800000000
56140,0x2B0,000000255c000000
56150,0x200,1f6a284800000000
56150,0x220,255c03f000000000
56160,0x200,1f6a284800000000
56160,0x2B0,000000255c000000
56170,0x200,1f6a284800000000
56180,0x200,1f6b284800000000
56180,0x2B0,000000255d000000
56190,0x200,1f6b284800000000
56200,0x200,1f6b284800000000
56200,0x220,255d03f000000000
56200,0x2B0,000000255d000000
56210,0x200,1f6b284800000000
56220,0x200,1f6c284800000000
56220,0x2B0,000000255e000000
56230,0x200,1f6c284800000000
56240,0x200,1f6c284800000000
56240,0x2B0,000000255f000000
56250,0x200,1f6c284800000000
56250,0x220,255f03f000000000
56260,0x200,1f6d284800000000
56260,0x2B0,000000255f000000
56270,0x200,1f6d284800000000
56280,0x200,1f6d284800000000
56280,0x2B0,0000002560000000
56290,0x200,1f6d284800000000
56300,0x200,1f6e284800000000
56300,0x220,256103f000000000
56300,0x2B0,0000002561000000
56310,0x200,1f6e284800000000
56320,0x200,1f6e284800000000
56320,0x2B0,0000002561000000
56330,0x200,1f6e284800000000
56340,0x200,1f6f284800000000
56340,0x2B0,0000002562000000
56350,0x200,1f6f284800000000
56350,0x220,256203f000000000
56360,0x200,1f6f284800000000
56360,0x2B0,0000002562000000
56370,0x200,1f6f284800000000
56380,0x200,1f70284800000000
56380,0x2B0,0000002563000000
56390,0x200,1f70284800000000
56400,0x200,1f70284800000000
56400,0x220,256403f000000000
56400,0x2B0,0000002564000000
56410,0x200,1f70284800000000
56420,0x200,1f71284800000000
56420,0x2B0,0000002564000000
56430,0x200,1f71284800000000
56440,0x200,1f71284800000000
56440,0x2B0,0000002565000000
56450,0x200,1f71284800000000
56450,0x220,256503f000000000
56460,0x200,1f72284800000000
56460,0x2B0,0000002565000000
56470,0x200,1f72284800000000
56480,0x200,1f72284800000000
56480,0x2B0,0000002566000000
56490,0x200,1f73284800000000
56500,0x200,1f73284800000000
56500,0x220,256703f000000000
56500,0x2B0,0000002567000000
56510,0x200,1f73284800000000
56520,0x200,1f73284800000000
56520,0x2B0,0000002567000000
56530,0x200,1f74284800000000
56540,0x200,1f74284800000000
56540,0x2B0,0000002568000000
56550,0x200,1f74284800000000
56550,0x220,256803f000000000
56560,0x200,1f74284800000000
56560,0x2B0,0000002568000000
56570,0x200,1f75284800000000
56580,0x200,1f75284800000000
56580,0x2B0,0000002569000000
56590,0x200,1f75284800000000
56600,0x200,1f75284800000000
56600,0x220,256a03f000000000
56600,0x2B0,000000256a000000
56610,0x200,1f76284800000000
56620,0x200,1f76284800000000
56620,0x2B0,000000256a000000
56630,0x200,1f76284800000000
56640,0x200,1f76284800000000
56640,0x2B0,000000256b000000
56650,0x200,1f77284800000000
56650,0x220,256b03f000000000
56660,0x200,1f77284800000000
56660,0x2B0,000000256b000000
56670,0x200,1f77284800000000
56680,0x200,1f77284800000000
56680,0x2B0,000000256c000000
56690,0x200,1f78284800000000
56700,0x200,1f78284800000000
56700,0x220,256d03f000000000
56700,0x2B0,000000256d000000
56710,0x200,1f78284800000000
56720,0x200,1f78284800000000
56720,0x2B0,000000256d000000
56730,0x200,1f79284800000000
56740,0x200,1f79284800000000
56740,0x2B0,000000256e000000
56750,0x200,1f79284800000000
56750,0x220,256e03f000000000
56760,0x200,1f79284800000000
56760,0x2B0,000000256e000000
56770,0x200,1f7a284800000000
56780,0x200,1f7a284800000000
56780,0x2B0,000000256f000000
56790,0x200,1f7a284800000000
56800,0x200,1f7a284800000000
56800,0x220,257003f000000000
56800,0x2B0,0000002570000000
56810,0x200,1f7b284800000000
56820,0x200,1f7b284800000000
56820,0x2B0,0000002570000000
56830,0x200,1f7b284800000000
56840,0x200,1f7b284800000000
56840,0x2B0,0000002571000000
56850,0x200,1f7c284800000000
56850,0x220,257103f000000000
56860,0x200,1f7c284800000000
56860,0x2B0,0000002572000000
56870,0x200,1f7c284800000000
56880,0x200,1f7c284800000000
56880,0x2B0,0000002572000000
56890,0x200,1f7d284800000000
56900,0x200,1f7d284800000000
56900,0x220,257303f000000000
56900,0x2B0,0000002573000000
56910,0x200,1f7d284800000000
56920,0x200,1f7e284800000000
56920,0x2B0,0000002573000000
56930,0x200,1f7e284800000000
56940,0x200,1f7e284800000000
56940,0x2B0,0000002574000000
56950,0x200,1f7e284800000000
56950,0x220,257403f000000000
56960,0x200,1f7f284800000000
56960,0x2B0,0000002575000000
56970,0x200,1f7f284800000000
56980,0x200,1f7f284800000000
56980,0x2B0,0000002575000000
56990,0x200,1f7f284800000000
57000,0x200,1f80284800000000
57000,0x220,257603f000000000
57000,0x2B0,0000002576000000
57010,0x200,1f80284800000000
57020,0x200,1f80284800000000
57020,0x2B0,0000002576000000
57030,0x200,1f80284800000000
57040,0x200,1f81284800000000
57040,0x2B0,0000002577000000
57050,0x200,1f81284800000000
57050,0x220,257703f000000000
57060,0x200,1f81284800000000
57060,0x2B0,0000002578000000
57070,0x200,1f81284800000000
57080,0x200,1f82284800000000
57080,0x2B0,0000002578000000
57090,0x200,1f82284800000000
57100,0x200,1f82284800000000
57100,0x220,257903f000000000
57100,0x2B0,0000002579000000
57110,0x200,1f82284800000000
57120,0x200,1f83284800000000
57120,0x2B0,0000002579000000
57130,0x200,1f83284800000000
57140,0x200,1f83284800000000
57140,0x2B0,000000257a000000
57150,0x200,1f83284800000000
57150,0x220,257a03f000000000
57160,0x200,1f84284800000000
57160,0x2B0,000000257b000000
57170,0x200,1f84284800000000
57180,0x200,1f84284800000000
57180,0x2B0,000000257b000000
57190,0x200,1f84284800000000
57200,0x200,1f85284800000000
57200,0x220,257c03f000000000
57200,0x2B0,000000257c000000
57210,0x200,1f85284800000000
57220,0x200,1f85284800000000
57220,0x2B0,000000257c000000
57230,0x200,1f85284800000000
57240,0x200,1f86284800000000
57240,0x2B0,000000257d000000
57250,0x200,1f86284800000000
57250,0x220,257d03f000000000
57260,0x200,1f86284800000000
57260,0x2B0,000000257e000000
57270,0x200,1f86284800000000
57280,0x200,1f87284800000000
57280,0x2B0,000000257e000000
57290,0x200,1f87284800000000
57300,0x200,1f87284800000000
57300,0x220,257f03f000000000
57300,0x2B0,000000257f000000
57310,0x200,1f87284800000000
57320,0x200,1f88284800000000
57320,0x2B0,000000257f000000
57330,0x200,1f88284800000000
57340,0x200,1f88284800000000
57340,0x2B0,0000002580000000
57350,0x200,1f88284800000000
57350,0x220,258003f000000000
57360,0x200,1f89284800000000
57360,0x2B0,0000002581000000
57370,0x200,1f89284800000000
57380,0x200,1f89284800000000
57380,0x2B0,0000002581000000
57390,0x200,1f89284800000000
57400,0x200,1f8a284800000000
57400,0x220,258203f000000000
57400,0x2B0,0000002582000000
57410,0x200,1f8a284800000000
57420,0x200,1f8a284800000000
57420,0x2B0,0000002582000000
57430,0x200,1f8a284800000000
57440,0x200,1f8b284800000000
57440,0x2B0,0000002583000000
57450,0x200,1f8b284800000000
57450,0x220,258303f000000000
57460,0x200,1f8b284800000000
57460,0x2B0,0000002584000000
57470,0x200,1f8b284800000000
57480,0x200,1f8c284800000000
57480,0x2B0,0000002584000000
57490,0x200,1f8c284800000000
57500,0x200,1f8c284800000000
57500,0x220,258503f000000000
57500,0x2B0,0000002585000000
57510,0x200,1f8c284800000000
57520,0x200,1f8d284800000000
57520,0x2B0,0000002585000000
57530,0x200,1f8d284800000000
57540,0x200,1f8d284800000000
57540,0x2B0,0000002586000000
57550,0x200,1f8d284800000000
57550,0x220,258603f000000000
57560,0x200,1f8e284800000000
57560,0x2B0,0000002587000000
57570,0x200,1f8e284800000000
57580,0x200,1f8e284800000000
57580,0x2B0,0000002587000000
57590,0x200,1f8f284800000000
57600,0x200,1f8f284800000000
57600,0x220,258803f000000000
57600,0x2B0,0000002588000000
57610,0x200,1f8f284800000000
57620,0x200,1f8f284800000000
57620,0x2B0,0000002588000000
57630,0x200,1f90284800000000
57640,0x200,1f90284800000000
57640,0x2B0,0000002589000000
57650,0x200,1f90284800000000
57650,0x220,258903f000000000
57660,0x200,1f90284800000000
57660,0x2B0,000000258a000000
57670,0x200,1f91284800000000
57680,0x200,1f91284800000000
57680,0x2B0,000000258a000000
57690,0x200,1f91284800000000
57700,0x200,1f91284800000000
57700,0x220,258b03f000000000
57700,0x2B0,000000258b000000
57710,0x200,1f92284800000000
57720,0x200,1f92284800000000
57720,0x2B0,000000258b000000
57730,0x200,1f92284800000000
57740,0x200,1f92284800000000
57740,0x2B0,000000258c000000
57750,0x200,1f93284800000000
57750,0x220,258c03f000000000
57760,0x200,1f93284800000000
57760,0x2B0,000000258d000000
57770,0x200,1f93284800000000
57780,0x200,1f93284800000000
57780,0x2B0,000000258d000000
57790,0x200,1f94284800000000
57800,0x200,1f94284800000000
57800,0x220,258e03f000000000
57800,0x2B0,000000258e000000
57810,0x200,1f94284800000000
57820,0x200,1f94284800000000
57820,0x2B0,000000258e000000
57830,0x200,1f95284800000000
57840,0x200,1f95284800000000
57840,0x2B0,000000258f000000
57850,0x200,1f95284800000000
57850,0x220,258f03f000000000
57860,0x200,1f95284800000000
57860,0x2B0,0000002590000000
57870,0x200,1f96284800000000
57880,0x200,1f96284800000000
57880,0x2B0,0000002590000000
57890,0x200,1f96284800000000
57900,0x200,1f96284800000000
57900,0x220,259103f000000000
57900,0x2B0,0000002591000000
57910,0x200,1f97284800000000
57920,0x200,1f97284800000000
57920,0x2B0,0000002591000000
57930,0x200,1f97284800000000
57940,0x200,1f97284800000000
57940,0x2B0,0000002592000000
57950,0x200,1f98284800000000
57950,0x220,259203f000000000
57960,0x200,1f98284800000000
57960,0x2B0,0000002593000000
57970,0x200,1f98284800000000
57980,0x200,1f98284800000000
57980,0x2B0,0000002593000000
57990,0x200,1f99284800000000
58000,0x200,1f99284800000000
58000,0x220,259403f000000000
58000,0x2B0,0000002594000000
58010,0x200,1f99284800000000
58020,0x200,1f99284800000000
58020,0x2B0,0000002594000000
58030,0x200,1f9a284800000000
58040,0x200,1f9a284800000000
58040,0x2B0,0000002595000000
58050,0x200,1f9a284800000000
58050,0x220,259503f000000000
58060,0x200,1f9a284800000000
58060,0x2B0,0000002596000000
58070,0x200,1f9b284800000000
58080,0x200,1f9b284800000000
58080,0x2B0,0000002596000000
58090,0x200,1f9b284800000000
58100,0x200,1f9b284800000000
58100,0x220,259703f000000000
58100,0x2B0,0000002597000000
58110,0x200,1f9c284800000000
58120,0x200,1f9c284800000000
58120,0x2B0,0000002597000000
58130,0x200,1f9c284800000000
58140,0x200,1f9c284800000000
58140,0x2B0,0000002598000000
58150,0x200,1f9d284800000000
58150,0x220,259803f000000000
58160,0x200,1f9d284800000000
58160,0x2B0,0000002599000000
58170,0x200,1f9d284800000000
58180,0x200,1f9d284800000000
58180,0x2B0,0000002599000000
58190,0x200,1f9e284800000000
58200,0x200,1f9e284800000000
58200,0x220,259a03f000000000
58200,0x2B0,000000259a000000
58210,0x200,1f9e284800000000
58220,0x200,1f9e284800000000
58220,0x2B0,000000259a000000
58230,0x200,1f9f284800000000
58240,0x200,1f9f284800000000
58240,0x2B0,000000259b000000
58250,0x200,1f9f284800000000
58250,0x220,259b03f000000000
58260,0x200,1f9f284800000000
58260,0x2B0,000000259b000000
58270,0x200,1fa0284800000000
58280,0x200,1fa0284800000000
58280,0x2B0,000000259c000000
58290,0x200,1fa0284800000000
58300,0x200,1fa0284800000000
58300,0x220,259d03f000000000
58300,0x2B0,000000259d000000
58310,0x200,1fa1284800000000
58320,0x200,1fa1284800000000
58320,0x2B0,000000259d000000
58330,0x200,1fa1284800000000
58340,0x200,1fa1284800000000
58340,0x2B0,000000259e000000
58350,0x200,1fa2284800000000
58350,0x220,259e03f000000000
58360,0x200,1fa2284800000000
58360,0x2B0,000000259e000000
58370,0x200,1fa2284800000000
58380,0x200,1fa2284800000000
58380,0x2B0,000000259f000000
58390,0x200,1fa3284800000000
58400,0x200,1fa3284800000000
58400,0x220,25a003f000000000
58400,0x2B0,00000025a0000000
58410,0x200,1fa3284800000000
58420,0x200,1fa3284800000000
58420,0x2B0,00000025a0000000
58430,0x200,1fa4284800000000
58440,0x200,1fa4284800000000
58440,0x2B0,00000025a1000000
58450,0x200,1fa4284800000000
58450,0x220,25a103f000000000
58460,0x200,1fa4284800000000
58460,0x2B0,00000025a1000000
58470,0x200,1fa5284800000000
58480,0x200,1fa5284800000000
58480,0x2B0,00000025a2000000
58490,0x200,1fa5284800000000
58500,0x200,1fa5284800000000
58500,0x220,25a303f000000000
58500,0x2B0,00000025a3000000
58510,0x200,1fa6284800000000
58520,0x200,1fa6284800000000
58520,0x2B0,00000025a3000000
58530,0x200,1fa6284800000000
58540,0x200,1fa6284800000000
58540,0x2B0,00000025a4000000
58550,0x200,1fa7284800000000
58550,0x220,25a403f000000000
58560,0x200,1fa7284800000000
58560,0x2B0,00000025a4000000
58570,0x200,1fa7284800000000
58580,0x200,1fa7284800000000
58580,0x2B0,00000025a5000000
58590,0x200,1fa8284800000000
58600,0x200,1fa8284800000000
58600,0x220,25a603f000000000
58600,0x2B0,00000025a6000000
58610,0x200,1fa8284800000000
58620,0x200,1fa8284800000000
58620,0x2B0,00000025a6000000
58630,0x200,1fa9284800000000
58640,0x200,1fa9284800000000
58640,0x2B0,00000025a7000000
58650,0x200,1fa9284800000000
58650,0x220,25a703f000000000
58660,0x200,1fa9284800000000
58660,0x2B0,00000025a7000000
58670,0x200,1faa284800000000
58680,0x200,1faa284800000000
58680,0x2B0,00000025a8000000
58690,0x200,1faa284800000000
58700,0x200,1faa284800000000
58700,0x220,25a803f000000000
58700,0x2B0,00000025a8000000
58710,0x200,1fab284800000000
58720,0x200,1fab284800000000
58720,0x2B0,00000025a9000000
58730,0x200,1fab284800000000
58740,0x200,1fab284800000000
58740,0x2B0,00000025aa000000
58750,0x200,1fac284800000000
58750,0x220,25aa03f000000000
58760,0x200,1fac284800000000
58760,0x2B0,00000025aa000000
58770,0x200,1fac284800000000
58780,0x200,1fac284800000000
58780,0x2B0,00000025ab000000
58790,0x200,1fad284800000000
58800,0x200,1fad284800000000
58800,0x220,25ab03f000000000
58800,0x2B0,00000025ab000000
58810,0x200,1fad284800000000
58820,0x200,1fad284800000000
58820,0x2B0,00000025ac000000
58830,0x200,1fae284800000000
58840,0x200,1fae284800000000
58840,0x2B0,00000025ad000000
58850,0x200,1fae284800000000
58850,0x220,25ad03f000000000
58860,0x200,1fae284800000000
58860,0x2B0,00000025ad000000
58870,0x200,1faf284800000000
58880,0x200,1faf284800000000
58880,0x2B0,00000025ae000000
58890,0x200,1faf284800000000
58900,0x200,1faf284800000000
58900,0x220,25ae03f000000000
58900,0x2B0,00000025ae000000
58910,0x200,1fb0284800000000
58920,0x200,1fb0284800000000
58920,0x2B0,00000025af000000
58930,0x200,1fb0284800000000
58940,0x200,1fb0284800000000
58940,0x2B0,00000025b0000000
58950,0x200,1fb1284800000000
58950,0x220,25b003f000000000
58960,0x200,1fb1284800000000
58960,0x2B0,00000025b0000000
58970,0x200,1fb1284800000000
58980,0x200,1fb1284800000000
58980,0x2B0,00000025b1000000
58990,0x200,1fb1284800000000
59000,0x200,1fb2284800000000
59000,0x220,25b103f000000000
59000,0x2B0,00000025b1000000
59010,0x200,1fb2284800000000
59020,0x200,1fb2284900000000
59020,0x2B0,00000025b2000000
59030,0x200,1fb2284900000000
59040,0x200,1fb3284900000000
59040,0x2B0,00000025b2000000
59050,0x200,1fb3284900000000
59050,0x220,25b303f000000000
59060,0x200,1fb3284900000000
59060,0x2B0,00000025b3000000
59070,0x200,1fb3284900000000
59080,0x200,1fb4284900000000
59080,0x2B0,00000025b4000000
59090,0x200,1fb4284900000000
59100,0x200,1fb4284900000000
59100,0x220,25b403f000000000
59100,0x2B0,00000025b4000000
59110,0x200,1fb4284900000000
59120,0x200,1fb5284900000000
59120,0x2B0,00000025b5000000
59130,0x200,1fb5284900000000
59140,0x200,1fb5284900000000
59140,0x2B0,00000025b5000000
59150,0x200,1fb5284900000000
59150,0x220,25b603f000000000
59160,0x200,1fb6284900000000
59160,0x2B0,00000025b6000000
59170,0x200,1fb6284900000000
59180,0x200,1fb6284900000000
59180,0x2B0,00000025b7000000
59190,0x200,1fb6284900000000
59200,0x200,1fb7284900000000
59200,0x220,25b703f000000000
59200,0x2B0,00000025b7000000
59210,0x200,1fb7284900000000
59220,0x200,1fb7284900000000
59220,0x2B0,00000025b8000000
59230,0x200,1fb7284900000000
59240,0x200,1fb8284900000000
59240,0x2B0,00000025b8000000
59250,0x200,1fb8284900000000
59250,0x220,25b903f000000000
59260,0x200,1fb8284900000000
59260,0x2B0,00000025b9000000
59270,0x200,1fb8284900000000
59280,0x200,1fb9284900000000
59280,0x2B0,00000025ba000000
59290,0x200,1fb9284900000000
59300,0x200,1fb9284900000000
59300,0x220,25ba03f000000000
59300,0x2B0,00000025ba000000
59310,0x200,1fb9284900000000
59320,0x200,1fba284900000000
59320,0x2B0,00000025bb000000
59330,0x200,1fba284900000000
59340,0x200,1fba284900000000
59340,0x2B0,00000025bb000000
59350,0x200,1fba284900000000
59350,0x220,25bc03f000000000
59360,0x200,1fbb284900000000
59360,0x2B0,00000025bc000000
59370,0x200,1fbb284900000000
59380,0x200,1fbb284900000000
59380,0x2B0,00000025bc000000
59390,0x200,1fbb284900000000
59400,0x200,1fbc284900000000
59400,0x220,25bd03f000000000
59400,0x2B0,00000025bd000000
59410,0x200,1fbc284900000000
59420,0x200,1fbc284900000000
59420,0x2B0,00000025be000000
59430,0x200,1fbc284900000000
59440,0x200,1fbd284900000000
59440,0x2B0,00000025be000000
59450,0x200,1fbd284900000000
59450,0x220,25be03f000000000
59460,0x200,1fbd284900000000
59460,0x2B0,00000025bf000000
59470,0x200,1fbd284900000000
59480,0x200,1fbe284900000000
59480,0x2B0,00000025bf000000
59490,0x200,1fbe284900000000
59500,0x200,1fbe284900000000
59500,0x220,25c003f000000000
59500,0x2B0,00000025c0000000
59510,0x200,1fbe284900000000
59520,0x200,1fbf284900000000
59520,0x2B0,00000025c1000000
59530,0x200,1fbf284900000000
59540,0x200,1fbf284900000000
59540,0x2B0,00000025c1000000
59550,0x200,1fbf284900000000
59550,0x220,25c103f000000000
59560,0x200,1fc0284900000000
59560,0x2B0,00000025c2000000
59570,0x200,1fc0284900000000
59580,0x200,1fc0284900000000
59580,0x2B0,00000025c2000000
59590,0x200,1fc0284900000000
59600,0x200,1fc1284900000000
59600,0x220,25c303f000000000
59600,0x2B0,00000025c3000000
59610,0x200,1fc1284900000000
59620,0x200,1fc1284900000000
59620,0x2B0,00000025c3000000
59630,0x200,1fc1284900000000
59640,0x200,1fc2284900000000
59640,0x2B0,00000025c4000000
59650,0x200,1fc2284900000000
59650,0x220,25c403f000000000
59660,0x200,1fc2284900000000
59660,0x2B0,00000025c5000000
59670,0x200,1fc2284900000000
59680,0x200,1fc2284900000000
59680,0x2B0,00000025c5000000
59690,0x200,1fc3284900000000
59700,0x200,1fc3284900000000
59700,0x220,25c603f000000000
59700,0x2B0,00000025c6000000
59710,0x200,1fc3284900000000
59720,0x200,1fc3284900000000
59720,0x2B0,00000025c6000000
59730,0x200,1fc4284900000000
59740,0x200,1fc4284900000000
59740,0x2B0,00000025c7000000
59750,0x200,1fc4284900000000
59750,0x220,25c703f000000000
59760,0x200,1fc4284900000000
59760,0x2B0,00000025c7000000
59770,0x200,1fc5284900000000
59780,0x200,1fc5284900000000
59780,0x2B0,00000025c8000000
59790,0x200,1fc5284900000000
59800,0x200,1fc5284900000000
59800,0x220,25c903f000000000
59800,0x2B0,00000025c9000000
59810,0x200,1fc6284900000000
59820,0x200,1fc6284900000000
59820,0x2B0,00000025c9000000
59830,0x200,1fc6284900000000
59840,0x200,1fc6284900000000
59840,0x2B0,00000025ca000000
59850,0x200,1fc7284900000000
59850,0x220,25ca03f000000000
59860,0x200,1fc7284900000000
59860,0x2B0,00000025ca000000
59870,0x200,1fc7284900000000
59880,0x200,1fc7284900000000
59880,0x2B0,00000025cb000000
59890,0x200,1fc8284900000000
59900,0x200,1fc8284900000000
59900,0x220,25cc03f000000000
59900,0x2B0,00000025cc000000
59910,0x200,1fc8284900000000
59920,0x200,1fc8284900000000
59920,0x2B0,00000025cc000000
59930,0x200,1fc9284900000000
59940,0x200,1fc9284900000000
59940,0x2B0,00000025cd000000
59950,0x200,1fc9284900000000
59950,0x220,25cd03f000000000
59960,0x200,1fc9284900000000
59960,0x2B0,00000025cd000000
59970,0x200,1fca284900000000
59980,0x200,1fca284900000000
59980,0x2B0,00000025ce000000
59990,0x200,1fca284900000000
60000,0x200,1fca284900000000
60000,0x220,25ce03f000000000
60000,0x2B0,00000025ce000000
60010,0x200,1fcb284900000000
60020,0x200,1fcb284900000000
60020,0x2B0,00000025cf000000
60030,0x200,1fcb284900000000
60040,0x200,1fcb284900000000
60040,0x2B0,00000025d0000000
60050,0x200,1fcc284900000000
60050,0x220,25d003f000000000
60060,0x200,1fcc284900000000
60060,0x2B0,00000025d0000000
60070,0x200,1fcc284900000000
60080,0x200,1fcc284900000000
60080,0x2B0,00000025d1000000
60090,0x200,1fcc284900000000
60100,0x200,1fcd284900000000
60100,0x220,25d103f000000000
60100,0x2B0,00000025d1000000
60110,0x200,1fcd284900000000
60120,0x200,1fcd284900000000
60120,0x2B0,00000025d2000000
60130,0x200,1fcd284900000000
60140,0x200,1fce284900000000
60140,0x2B0,00000025d2000000
60150,0x200,1fce284900000000
60150,0x220,25d303f000000000
60160,0x200,1fce284900000000
60160,0x2B0,00000025d3000000
60170,0x200,1fce284900000000
60180,0x200,1fcf284900000000
60180,0x2B0,00000025d4000000
60190,0x200,1fcf284900000000
60200,0x200,1fcf284900000000
60200,0x220,25d403f000000000
60200,0x2B0,00000025d4000000
60210,0x200,1fcf284900000000
60220,0x200,1fd0284900000000
60220,0x2B0,00000025d5000000
60230,0x200,1fd0284900000000
60240,0x200,1fd0284900000000
60240,0x2B0,00000025d5000000
60250,0x200,1fd0284900000000
60250,0x220,25d603f000000000
60260,0x200,1fd1284900000000
60260,0x2B0,00000025d6000000
60270,0x200,1fd1284900000000
60280,0x200,1fd1284900000000
60280,0x2B0,00000025d7000000
60290,0x200,1fd1284900000000
60300,0x200,1fd2284900000000
60300,0x220,25d703f000000000
60300,0x2B0,00000025d7000000
60310,0x200,1fd2284900000000
60320,0x200,1fd2284900000000
60320,0x2B0,00000025d8000000
60330,0x200,1fd2284900000000
60340,0x200,1fd3284900000000
60340,0x2B0,00000025d8000000
60350,0x200,1fd3284900000000
60350,0x220,25d903f000000000
60360,0x200,1fd3284900000000
60360,0x2B0,00000025d9000000
60370,0x200,1fd3284900000000
60380,0x200,1fd4284900000000
60380,0x2B0,00000025d9000000
60390,0x200,1fd4284900000000
60400,0x200,1fd4284900000000
60400,0x220,25da03f000000000
60400,0x2B0,00000025da000000
60410,0x200,1fd4284900000000
60420,0x200,1fd5284900000000
60420,0x2B0,00000025db000000
60430,0x200,1fd5284900000000
60440,0x200,1fd5284900000000
60440,0x2B0,00000025db000000
60450,0x200,1fd5284900000000
60450,0x220,25db03f000000000
60460,0x200,1fd5284900000000
60460,0x2B0,00000025dc000000
60470,0x200,1fd6284900000000
60480,0x200,1fd6284900000000
60480,0x2B0,00000025dc000000
60490,0x200,1fd6284900000000
60500,0x200,1fd6284900000000
60500,0x220,25dd03f000000000
60500,0x2B0,00000025dd000000
60510,0x200,1fd7284900000000
60520,0x200,1fd7284900000000
60520,0x2B0,00000025dd000000
60530,0x200,1fd7284900000000
60540,0x200,1fd7284900000000
60540,0x2B0,00000025de000000
60550,0x200,1fd8284900000000
60550,0x220,25de03f000000000
60560,0x200,1fd8284900000000
60560,0x2B0,00000025df000000
60570,0x200,1fd8284900000000
60580,0x200,1fd8284900000000
60580,0x2B0,00000025df000000
60590,0x200,1fd9284900000000
60600,0x200,1fd9284900000000
60600,0x220,25e003f000000000
60600,0x2B0,00000025e0000000
60610,0x200,1fd9284900000000
60620,0x200,1fd9284900000000
60620,0x2B0,00000025e0000000
60630,0x200,1fda284900000000
60640,0x200,1fda284900000000
60640,0x2B0,00000025e1000000
60650,0x200,1fda284900000000
60650,0x220,25e103f000000000
60660,0x200,1fda284900000000
60660,0x2B0,00000025e1000000
60670,0x200,1fdb284900000000
60680,0x200,1fdb284900000000
60680,0x2B0,00000025e2000000
60690,0x200,1fdb284900000000
60700,0x200,1fdb284900000000
60700,0x220,25e303f000000000
60700,0x2B0,00000025e3000000
60710,0x200,1fdc284900000000
60720,0x200,1fdc284900000000
60720,0x2B0,00000025e3000000
60730,0x200,1fdc284900000000
60740,0x200,1fdc284900000000
60740,0x2B0,00000025e4000000
60750,0x200,1fdc284900000000
60750,0x220,25e403f000000000
60760,0x200,1fdd284900000000
60760,0x2B0,00000025e4000000
60770,0x200,1fdd284900000000
60780,0x200,1fdd284900000000
60780,0x2B0,00000025e5000000
60790,0x200,1fdd284900000000
60800,0x200,1fde284900000000
60800,0x220,25e503f000000000
60800,0x2B0,00000025e5000000
60810,0x200,1fde284900000000
60820,0x200,1fde284900000000
60820,0x2B0,00000025e6000000
60830,0x200,1fde284900000000
60840,0x200,1fdf284900000000
60840,0x2B0,00000025e7000000
60850,0x200,1fdf284900000000
60850,0x220,25e703f000000000
60860,0x200,1fdf284900000000
60860,0x2B0,00000025e7000000
60870,0x200,1fdf284900000000
60880,0x200,1fe0284900000000
60880,0x2B0,00000025e8000000
60890,0x200,1fe0284900000000
60900,0x200,1fe0284900000000
60900,0x220,25e803f000000000
60900,0x2B0,00000025e8000000
60910,0x200,1fe0284900000000
60920,0x200,1fe1284900000000
60920,0x2B0,00000025e9000000
60930,0x200,1fe1284900000000
60940,0x200,1fe1284900000000
60940,0x2B0,00000025e9000000
60950,0x200,1fe1284900000000
60950,0x220,25ea03f000000000
60960,0x200,1fe2284900000000
60960,0x2B0,00000025ea000000
60970,0x200,1fe2284900000000
60980,0x200,1fe2284900000000
60980,0x2B0,00000025eb000000
60990,0x200,1fe2284900000000
61000,0x200,1fe2284900000000
61000,0x220,25eb03f000000000
61000,0x2B0,00000025eb000000
61010,0x200,1fe3284900000000
61020,0x200,1fe3284900000000
61020,0x2B0,00000025ec000000
61030,0x200,1fe3284900000000
61040,0x200,1fe3284900000000
61040,0x2B0,00000025ec000000
61050,0x200,1fe4284900000000
61050,0x220,25ed03f000000000
61060,0x200,1fe4284900000000
61060,0x2B0,00000025ed000000
61070,0x200,1fe4284900000000
61080,0x200,1fe4284900000000
61080,0x2B0,00000025ed000000
61090,0x200,1fe5284900000000
61100,0x200,1fe5284900000000
61100,0x220,25ee03f000000000
61100,0x2B0,00000025ee000000
61110,0x200,1fe5284900000000
61120,0x200,1fe5284900000000
61120,0x2B0,00000025ef000000
61130,0x200,1fe6284900000000
61140,0x200,1fe6284900000000
61140,0x2B0,00000025ef000000
61150,0x200,1fe6284900000000
61150,0x220,25ef03f000000000
61160,0x200,1fe6284900000000
61160,0x2B0,00000025f0000000
61170,0x200,1fe7284900000000
61180,0x200,1fe7284900000000
61180,0x2B0,00000025f0000000
61190,0x200,1fe7284900000000
61200,0x200,1fe7284900000000
61200,0x220,25f103f000000000
61200,0x2B0,00000025f1000000
61210,0x200,1fe8284900000000
61220,0x200,1fe8284900000000
61220,0x2B0,00000025f1000000
61230,0x200,1fe8284900000000
61240,0x200,1fe8284900000000
61240,0x2B0,00000025f2000000
61250,0x200,1fe8284900000000
61250,0x220,25f203f000000000
61260,0x200,1fe9284900000000
61260,0x2B0,00000025f3000000
61270,0x200,1fe9284900000000
61280,0x200,1fe9284900000000
61280,0x2B0,00000025f3000000
61290,0x200,1fe9284900000000
61300,0x200,1fea284900000000
61300,0x220,25f403f000000000
61300,0x2B0,00000025f4000000
61310,0x200,1fea284900000000
61320,0x200,1fea284900000000
61320,0x2B0,00000025f4000000
61330,0x200,1fea284900000000
61340,0x200,1feb284900000000
61340,0x2B0,00000025f5000000
61350,0x200,1feb284900000000
61350,0x220,25f503f000000000
61360,0x200,1feb284900000000
61360,0x2B0,00000025f5000000
61370,0x200,1feb284900000000
61380,0x200,1fec284900000000
61380,0x2B0,00000025f6000000
61390,0x200,1fec284900000000
61400,0x200,1fec284900000000
61400,0x220,25f603f000000000
61400,0x2B0,00000025f6000000
61410,0x200,1fec284900000000
61420,0x200,1fed284900000000
61420,0x2B0,00000025f7000000
61430,0x200,1fed284900000000
61440,0x200,1fed284900000000
61440,0x2B0,00000025f8000000
61450,0x200,1fed284900000000
61450,0x220,25f803f000000000
61460,0x200,1fee284900000000
61460,0x2B0,00000025f8000000
61470,0x200,1fee284900000000
61480,0x200,1fee284900000000
61480,0x2B0,00000025f9000000
61490,0x200,1fee284900000000
61500,0x200,1fee284900000000
61500,0x220,25f903f000000000
61500,0x2B0,00000025f9000000
61510,0x200,1fef284900000000
61520,0x200,1fef284900000000
61520,0x2B0,00000025fa000000
61530,0x200,1fef284900000000
61540,0x200,1fef284900000000
61540,0x2B0,00000025fa000000
61550,0x200,1ff0284900000000
61550,0x220,25fb03f000000000
61560,0x200,1ff0284900000000
61560,0x2B0,00000025fb000000
61570,0x200,1ff0284900000000
61580,0x200,1ff0284900000000
61580,0x2B0,00000025fc000000
61590,0x200,1ff1284900000000
61600,0x200,1ff1284900000000
61600,0x220,25fc03f000000000
61600,0x2B0,00000025fc000000
61610,0x200,1ff1284900000000
61620,0x200,1ff1284900000000
61620,0x2B0,00000025fd000000
61630,0x200,1ff2284900000000
61640,0x200,1ff2284900000000
61640,0x2B0,00000025fd000000
61650,0x200,1ff2284900000000
61650,0x220,25fe03f000000000
61660,0x200,1ff2284900000000
61660,0x2B0,00000025fe000000
61670,0x200,1ff3284900000000
61680,0x200,1ff3284900000000
61680,0x2B0,00000025fe000000
61690,0x200,1ff3284900000000
61700,0x200,1ff3284900000000
61700,0x220,25ff03f000000000
61700,0x2B0,00000025ff000000
61710,0x200,1ff3284900000000
61720,0x200,1ff4284900000000
61720,0x2B0,0000002600000000
61730,0x200,1ff4284900000000
61740,0x200,1ff4284900000000
61740,0x2B0,0000002600000000
61750,0x200,1ff4284900000000
61750,0x220,260003f000000000
61760,0x200,1ff5284900000000
61760,0x2B0,0000002601000000
61770,0x200,1ff5284900000000
61780,0x200,1ff5284900000000
61780,0x2B0,0000002601000000
61790,0x200,1ff5284900000000
61800,0x200,1ff6284900000000
61800,0x220,260203f000000000
61800,0x2B0,0000002602000000
61810,0x200,1ff6284900000000
61820,0x200,1ff6284900000000
61820,0x2B0,0000002602000000
61830,0x200,1ff6284900000000
61840,0x200,1ff7284900000000
61840,0x2B0,0000002603000000
61850,0x200,1ff7284900000000
61850,0x220,260303f000000000
61860,0x200,1ff7284900000000
61860,0x2B0,0000002603000000
61870,0x200,1ff7284900000000
61880,0x200,1ff7284900000000
61880,0x2B0,0000002604000000
61890,0x200,1ff8284900000000
61900,0x200,1ff8284900000000
61900,0x220,260503f000000000
61900,0x2B0,0000002605000000
61910,0x200,1ff8284900000000
61920,0x200,1ff8284900000000
61920,0x2B0,0000002605000000
61930,0x200,1ff9284900000000
61940,0x200,1ff9284900000000
61940,0x2B0,0000002606000000
61950,0x200,1ff9284900000000
61950,0x220,260603f000000000
61960,0x200,1ff9284900000000
61960,0x2B0,0000002606000000
61970,0x200,1ffa284900000000
61980,0x200,1ffa284900000000
61980,0x2B0,0000002607000000
61990,0x200,1ffa284900000000
62000,0x200,1ffa284900000000
62000,0x220,260703f000000000
62000,0x2B0,0000002607000000
62010,0x200,1ffb284900000000
62020,0x200,1ffb284900000000
62020,0x2B0,0000002608000000
62030,0x200,1ffb284900000000
62040,0x200,1ffb284900000000
62040,0x2B0,0000002609000000
62050,0x200,1ffc284900000000
62050,0x220,260903f000000000
62060,0x200,1ffc284900000000
62060,0x2B0,0000002609000000
62070,0x200,1ffc284900000000
62080,0x200,1ffc284900000000
62080,0x2B0,000000260a000000
62090,0x200,1ffc284900000000
62100,0x200,1ffd284900000000
62100,0x220,260a03f000000000
62100,0x2B0,000000260a000000
62110,0x200,1ffd284900000000
62120,0x200,1ffd284900000000
62120,0x2B0,000000260b000000
62130,0x200,1ffd284900000000
62140,0x200,1ffe284900000000
62140,0x2B0,000000260b000000
62150,0x200,1ffe284900000000
62150,0x220,260c03f000000000
62160,0x200,1ffe284900000000
62160,0x2B0,000000260c000000
62170,0x200,1ffe284900000000
62180,0x200,1fff284900000000
62180,0x2B0,000000260c000000
62190,0x200,1fff284900000000
62200,0x200,1fff284900000000
62200,0x220,260d03f000000000
62200,0x2B0,000000260d000000
62210,0x200,1fff284900000000
62220,0x200,2000284900000000
62220,0x2B0,000000260e000000
62230,0x200,2000284900000000
62240,0x200,2000284900000000
62240,0x2B0,000000260e000000
62250,0x200,2000284900000000
62250,0x220,260e03f000000000
62260,0x200,2000284900000000
62260,0x2B0,000000260f000000
62270,0x200,2001284900000000
62280,0x200,2001284900000000
62280,0x2B0,000000260f000000
62290,0x200,2001284900000000
62300,0x200,2001284900000000
62300,0x220,261003f000000000
62300,0x2B0,0000002610000000
62310,0x200,2002284900000000
62320,0x200,2002284900000000
62320,0x2B0,0000002610000000
62330,0x200,2002284900000000
62340,0x200,2002284900000000
62340,0x2B0,0000002611000000
62350,0x200,2003284900000000
62350,0x220,261103f000000000
62360,0x200,2003284900000000
62360,0x2B0,0000002611000000
62370,0x200,2003284900000000
62380,0x200,2003284900000000
62380,0x2B0,0000002612000000
62390,0x200,2004284900000000
62400,0x200,2004284900000000
62400,0x220,261303f000000000
62400,0x2B0,0000002613000000
62410,0x200,2004284900000000
62420,0x200,2004284900000000
62420,0x2B0,0000002613000000
62430,0x200,2004284900000000
62440,0x200,2005284900000000
62440,0x2B0,0000002614000000
62450,0x200,2005284900000000
62450,0x220,261403f000000000
62460,0x200,2005284900000000
62460,0x2B0,0000002614000000
62470,0x200,2005284900000000
62480,0x200,2006284900000000
62480,0x2B0,0000002615000000
62490,0x200,2006284900000000
62500,0x200,2006284900000000
62500,0x220,261503f000000000
62500,0x2B0,0000002615000000
62510,0x200,2006284900000000
62520,0x200,2007284900000000
62520,0x2B0,0000002616000000
62530,0x200,2007284900000000
62540,0x200,2007284900000000
62540,0x2B0,0000002617000000
62550,0x200,2007284900000000
62550,0x220,261703f000000000
62560,0x200,2008284900000000
62560,0x2B0,0000002617000000
62570,0x200,2008284900000000
62580,0x200,2008284900000000
62580,0x2B0,0000002618000000
62590,0x200,2008284900000000
62600,0x200,2008284900000000
62600,0x220,261803f000000000
62600,0x2B0,0000002618000000
62610,0x200,2009284900000000
62620,0x200,2009284900000000
62620,0x2B0,0000002619000000
62630,0x200,2009284900000000
62640,0x200,2009284900000000
62640,0x2B0,0000002619000000
62650,0x200,200a284900000000
62650,0x220,261a03f000000000
62660,0x200,200a284900000000
62660,0x2B0,000000261a000000
62670,0x200,200a284900000000
62680,0x200,200a284900000000
62680,0x2B0,000000261a000000
62690,0x200,200b284900000000
62700,0x200,200b284900000000
62700,0x220,261b03f000000000
62700,0x2B0,000000261b000000
62710,0x200,200b284900000000
62720,0x200,200b284900000000
62720,0x2B0,000000261c000000
62730,0x200,200c284900000000
62740,0x200,200c284900000000
62740,0x2B0,000000261c000000
62750,0x200,200c284900000000
62750,0x220,261c03f000000000
62760,0x200,200c284900000000
62760,0x2B0,000000261d000000
62770,0x200,200c284900000000
62780,0x200,200d284900000000
62780,0x2B0,000000261d000000
62790,0x200,200d284900000000
62800,0x200,200d284900000000
62800,0x220,261e03f000000000
62800,0x2B0,000000261e000000
62810,0x200,200d284900000000
62820,0x200,200e284900000000
62820,0x2B0,000000261e000000
62830,0x200,200e284900000000
62840,0x200,200e284900000000
62840,0x2B0,000000261f000000
62850,0x200,200e284900000000
62850,0x220,261f03f000000000
62860,0x200,200f284900000000
62860,0x2B0,000000261f000000
62870,0x200,200f284900000000
62880,0x200,200f284900000000
62880,0x2B0,0000002620000000
62890,0x200,200f284900000000
62900,0x200,2010284900000000
62900,0x220,262103f000000000
62900,0x2B0,0000002621000000
62910,0x200,2010284900000000
62920,0x200,2010284900000000
62920,0x2B0,0000002621000000
62930,0x200,2010284900000000
62940,0x200,2010284900000000
62940,0x2B0,0000002622000000
62950,0x200,2011284900000000
62950,0x220,262203f000000000
62960,0x200,2011284900000000
62960,0x2B0,0000002622000000
62970,0x200,2011284900000000
62980,0x200,2011284900000000
62980,0x2B0,0000002623000000
62990,0x200,2012284900000000
63000,0x200,2012284900000000
63000,0x220,262303f000000000
63000,0x2B0,0000002623000000
63010,0x200,2012284900000000
63020,0x200,2012284900000000
63020,0x2B0,0000002624000000
63030,0x200,2013284900000000
63040,0x200,2013284900000000
63040,0x2B0,0000002624000000
63050,0x200,2013284900000000
63050,0x220,262503f000000000
63060,0x200,2013284900000000
63060,0x2B0,0000002625000000
63070,0x200,2013284900000000
63080,0x200,2014284900000000
63080,0x2B0,0000002625000000
63090,0x200,2014284900000000
63100,0x200,2014284900000000
63100,0x220,262603f000000000
63100,0x2B0,0000002626000000
63110,0x200,2014284900000000
63120,0x200,2015284900000000
63120,0x2B0,0000002627000000
63130,0x200,2015284900000000
63140,0x200,2015284900000000
63140,0x2B0,0000002627000000
63150,0x200,2015284900000000
63150,0x220,262703f000000000
63160,0x200,2016284900000000
63160,0x2B0,0000002628000000
63170,0x200,2016284900000000
63180,0x200,2016284900000000
63180,0x2B0,0000002628000000
63190,0x200,2016284900000000
63200,0x200,2016284900000000
63200,0x220,262903f000000000
63200,0x2B0,0000002629000000
63210,0x200,2017284900000000
63220,0x200,2017284900000000
63220,0x2B0,0000002629000000
63230,0x200,2017284900000000
63240,0x200,2017284900000000
63240,0x2B0,000000262a000000
63250,0x200,2018284900000000
63250,0x220,262a03f000000000
63260,0x200,2018284900000000
63260,0x2B0,000000262a000000
63270,0x200,2018284900000000
63280,0x200,2018284900000000
63280,0x2B0,000000262b000000
63290,0x200,2019284900000000
63300,0x200,2019284900000000
63300,0x220,262c03f000000000
63300,0x2B0,000000262c000000
63310,0x200,2019284900000000
63320,0x200,2019284900000000
63320,0x2B0,000000262c000000
63330,0x200,201a284900000000
63340,0x200,201a284900000000
63340,0x2B0,000000262d000000
63350,0x200,201a284900000000
63350,0x220,262d03f000000000
63360,0x200,201a284900000000
63360,0x2B0,000000262d000000
63370,0x200,201a284900000000
63380,0x200,201b284900000000
63380,0x2B0,000000262e000000
63390,0x200,201b284900000000
63400,0x200,201b284900000000
63400,0x220,262e03f000000000
63400,0x2B0,000000262e000000
63410,0x200,201b284900000000
63420,0x200,201c284900000000
63420,0x2B0,000000262f000000
63430,0x200,201c284900000000
63440,0x200,201c284900000000
63440,0x2B0,000000262f000000
63450,0x200,201c284900000000
63450,0x220,263003f000000000
63460,0x200,201d284900000000
63460,0x2B0,0000002630000000
63470,0x200,201d284900000000
63480,0x200,201d284900000000
63480,0x2B0,0000002631000000
63490,0x200,201d284900000000
63500,0x200,201d284900000000
63500,0x220,263103f000000000
63500,0x2B0,0000002631000000
63510,0x200,201e284900000000
63520,0x200,201e284900000000
63520,0x2B0,0000002632000000
63530,0x200,201e284900000000
63540,0x200,201e284900000000
63540,0x2B0,0000002632000000
63550,0x200,201f284900000000
63550,0x220,263203f000000000
63560,0x200,201f284900000000
63560,0x2B0,0000002633000000
63570,0x200,201f284900000000
63580,0x200,201f284900000000
63580,0x2B0,0000002633000000
63590,0x200,2020284900000000
63600,0x200,2020284900000000
63600,0x220,263403f000000000
63600,0x2B0,0000002634000000
63610,0x200,2020284900000000
63620,0x200,2020284900000000
63620,0x2B0,0000002634000000
63630,0x200,2020284900000000
63640,0x200,2021284900000000
63640,0x2B0,0000002635000000
63650,0x200,2021284900000000
63650,0x220,263503f000000000
63660,0x200,2021284900000000
63660,0x2B0,0000002635000000
63670,0x200,2021284900000000
63680,0x200,2022284900000000
63680,0x2B0,0000002636000000
63690,0x200,2022284900000000
63700,0x200,2022284900000000
63700,0x220,263703f000000000
63700,0x2B0,0000002637000000
63710,0x200,2022284900000000
63720,0x200,2023284900000000
63720,0x2B0,0000002637000000
63730,0x200,2023284900000000
63740,0x200,2023284900000000
63740,0x2B0,0000002638000000
63750,0x200,2023284900000000
63750,0x220,263803f000000000
63760,0x200,2023284900000000
63760,0x2B0,0000002638000000
63770,0x200,2024284900000000
63780,0x200,2024284900000000
63780,0x2B0,0000002639000000
63790,0x200,2024284900000000
63800,0x200,2024284900000000
63800,0x220,263903f000000000
63800,0x2B0,0000002639000000
63810,0x200,2025284900000000
63820,0x200,2025284900000000
63820,0x2B0,000000263a000000
63830,0x200,2025284900000000
63840,0x200,2025284900000000
63840,0x2B0,000000263a000000
63850,0x200,2026284900000000
63850,0x220,263b03f000000000
63860,0x200,2026284900000000
63860,0x2B0,000000263b000000
63870,0x200,2026284900000000
63880,0x200,2026284900000000
63880,0x2B0,000000263b000000
63890,0x200,2026284900000000
63900,0x200,2027284900000000
63900,0x220,263c03f000000000
63900,0x2B0,000000263c000000
63910,0x200,2027284900000000
63920,0x200,2027284900000000
63920,0x2B0,000000263d000000
63930,0x200,2027284900000000
63940,0x200,2028284900000000
63940,0x2B0,000000263d000000
63950,0x200,2028284900000000
63950,0x220,263d03f000000000
63960,0x200,2028284900000000
63960,0x2B0,000000263e000000
63970,0x200,2028284900000000
63980,0x200,2029284900000000
63980,0x2B0,000000263e000000
63990,0x200,2029284900000000
64000,0x200,2029284900000000
64000,0x220,263f03f000000000
64000,0x2B0,000000263f000000
64010,0x200,2029284900000000
64020,0x200,2029284900000000
64020,0x2B0,000000263f000000
64030,0x200,202a284900000000
64040,0x200,202a284900000000
64040,0x2B0,0000002640000000
64050,0x200,202a284900000000
64050,0x220,264003f000000000
64060,0x200,202a284900000000
64060,0x2B0,0000002640000000
64070,0x200,202b284900000000
64080,0x200,202b284900000000
64080,0x2B0,0000002641000000
64090,0x200,202b284900000000
64100,0x200,202b284900000000
64100,0x220,264103f000000000
64100,0x2B0,0000002641000000
64110,0x200,202c284900000000
64120,0x200,202c284900000000
64120,0x2B0,0000002642000000
64130,0x200,202c284900000000
64140,0x200,202c284900000000
64140,0x2B0,0000002643000000
64150,0x200,202c284900000000
64150,0x220,264303f000000000
64160,0x200,202d284900000000
64160,0x2B0,0000002643000000
64170,0x200,202d284900000000
64180,0x200,202d284900000000
64180,0x2B0,0000002644000000
64190,0x200,202d284900000000
64200,0x200,202e284900000000
64200,0x220,264403f000000000
64200,0x2B0,0000002644000000
64210,0x200,202e284900000000
64220,0x200,202e284900000000
64220,0x2B0,0000002645000000
64230,0x200,202e284900000000
64240,0x200,202e284900000000
64240,0x2B0,0000002645000000
64250,0x200,202f284900000000
64250,0x220,264603f000000000
64260,0x200,202f284900000000
64260,0x2B0,0000002646000000
64270,0x200,202f284900000000
64280,0x200,202f284a00000000
64280,0x2B0,0000002646000000
64290,0x200,2030284a00000000
64300,0x200,2030284a00000000
64300,0x220,264703f000000000
64300,0x2B0,0000002647000000
64310,0x200,2030284a00000000
64320,0x200,2030284a00000000
64320,0x2B0,0000002647000000
64330,0x200,2031284a00000000
64340,0x200,2031284a00000000
64340,0x2B0,0000002648000000
64350,0x200,2031284a00000000
64350,0x220,264803f000000000
64360,0x200,2031284a00000000
64360,0x2B0,0000002649000000
64370,0x200,2031284a00000000
64380,0x200,2032284a00000000
64380,0x2B0,0000002649000000
64390,0x200,2032284a00000000
64400,0x200,2032284a00000000
64400,0x220,264a03f000000000
64400,0x2B0,000000264a000000
64410,0x200,2032284a00000000
64420,0x200,2033284a00000000
64420,0x2B0,000000264a000000
64430,0x200,2033284a00000000
64440,0x200,2033284a00000000
64440,0x2B0,000000264b000000
64450,0x200,2033284a00000000
64450,0x220,264b03f000000000
64460,0x200,2034284a00000000
64460,0x2B0,000000264b000000
64470,0x200,2034284a00000000
64480,0x200,2034284a00000000
64480,0x2B0,000000264c000000
64490,0x200,2034284a00000000
64500,0x200,2034284a00000000
64500,0x220,264c03f000000000
64500,0x2B0,000000264c000000
64510,0x200,2035284a00000000
64520,0x200,2035284a00000000
64520,0x2B0,000000264d000000
64530,0x200,2035284a00000000
64540,0x200,2035284a00000000
64540,0x2B0,000000264d000000
64550,0x200,2036284a00000000
64550,0x220,264e03f000000000
64560,0x200,2036284a00000000
64560,0x2B0,000000264e000000
64570,0x200,2036284a00000000
64580,0x200,2036284a00000000
64580,0x2B0,000000264e000000
64590,0x200,2036284a00000000
64600,0x200,2037284a00000000
64600,0x220,264f03f000000000
64600,0x2B0,000000264f000000
64610,0x200,2037284a00000000
64620,0x200,2037284a00000000
64620,0x2B0,0000002650000000
64630,0x200,2037284a00000000
64640,0x200,2038284a00000000
64640,0x2B0,0000002650000000
64650,0x200,2038284a00000000
64650,0x220,265003ef00000000
64660,0x200,2038284a00000000
64660,0x2B0,0000002651000000
64670,0x200,2038284a00000000
64680,0x200,2039284a00000000
64680,0x2B0,0000002651000000
64690,0x200,2039284a00000000
64700,0x200,2039284a00000000
64700,0x220,265203ef00000000
64700,0x2B0,0000002652000000
64710,0x200,2039284a00000000
64720,0x200,2039284a00000000
64720,0x2B0,0000002652000000
64730,0x200,203a284a00000000
64740,0x200,203a284a00000000
64740,0x2B0,0000002653000000
64750,0x200,203a284a00000000
64750,0x220,265303ef00000000
64760,0x200,203a284a00000000
64760,0x2B0,0000002653000000
64770,0x200,203b284a00000000
64780,0x200,203b284a00000000
64780,0x2B0,0000002654000000
64790,0x200,203b284a00000000
64800,0x200,203b284a00000000
64800,0x220,265403ef00000000
64800,0x2B0,0000002654000000
64810,0x200,203b284a00000000
64820,0x200,203c284a00000000
64820,0x2B0,0000002655000000
64830,0x200,203c284a00000000
64840,0x200,203c284a00000000
64840,0x2B0,0000002655000000
64850,0x200,203c284a00000000
64850,0x220,265603ef00000000
64860,0x200,203d284a00000000
64860,0x2B0,0000002656000000
64870,0x200,203d284a00000000
64880,0x200,203d284a00000000
64880,0x2B0,0000002657000000
64890,0x200,203d284a00000000
64900,0x200,203e284a00000000
64900,0x220,265703ef00000000
64900,0x2B0,0000002657000000
64910,0x200,203e284a00000000
64920,0x200,203e284a00000000
64920,0x2B0,0000002658000000
64930,0x200,203e284a00000000
64940,0x200,203e284a00000000
64940,0x2B0,0000002658000000
64950,0x200,203f284a00000000
64950,0x220,265803ef00000000
64960,0x200,203f284a00000000
64960,0x2B0,0000002659000000
64970,0x200,203f284a00000000
64980,0x200,203f284a00000000
64980,0x2B0,0000002659000000
64990,0x200,2040284a00000000
65000,0x200,20ec004a00000000
65000,0x220,2656037e00000000
65000,0x2B0,00000f2656000000
65010,0x200,218d004a00000000
65020,0x200,2223004a00000000
65020,0x2B0,00000f264e000000
65030,0x200,22b0004a00000000
65040,0x200,2334004a00000000
65040,0x2B0,00000f2646000000
65050,0x200,23af004a00000000
65050,0x220,2643037e00000000
65060,0x200,2423004a00000000
65060,0x2B0,00000f263f000000
65070,0x200,248f004a00000000
65080,0x200,24f4004a00000000
65080,0x2B0,00000f2637000000
65090,0x200,2552004a00000000
65100,0x200,25aa004a00000000
65100,0x220,2630037e00000000
65100,0x2B0,0bb80f2630000000
65110,0x200,25fd004a00000000
65120,0x200,264a004a00000000
65120,0x2B0,0bb80f2628000000
65130,0x200,2692004a00000000
65140,0x200,26d5004a00000000
65140,0x2B0,0bb80f2620000000
65150,0x200,2713004a00000000
65150,0x220,261c037e00000000
65160,0x200,274e004a00000000
65160,0x2B0,0bb80f2619000000
65170,0x200,2784004a00000000
65180,0x200,27b7004a00000000
65180,0x2B0,0bb80f2611000000
65190,0x200,27e7004a00000000
65200,0x200,2813004a00000000
65200,0x220,2609037e00000000
65200,0x2B0,0bb80f2609000000
65210,0x200,283c004a00000000
65220,0x200,2862004a00000000
65220,0x2B0,0bb80f2602000000
65230,0x200,2886004a00000000
65240,0x200,28a7004a00000000
65240,0x2B0,0bb80f25fa000000
65250,0x200,28c6004a00000000
65250,0x220,25f6037e00000000
65260,0x200,28e3004a00000000
65260,0x2B0,0bb80f25f3000000
65270,0x200,28fd004a00000000
65280,0x200,2916004a00000000
65280,0x2B0,0bb80f25eb000000
65290,0x200,292d004a00000000
65300,0x200,2942004a00000000
65300,0x220,25e3037e00000000
65300,0x2B0,0bb80f25e3000000
65310,0x200,2956004a00000000
65320,0x200,2968004a00000000
65320,0x2B0,0bb80f25dc000000
65330,0x200,2978004a00000000
65340,0x200,2988004a00000000
65340,0x2B0,0bb80f25d4000000
65350,0x200,2996004a00000000
65350,0x220,25d0037e00000000
65360,0x200,29a3004a00000000
65360,0x2B0,0bb80f25cd000000
65370,0x200,29af004a00000000
65380,0x200,29ba004a00000000
65380,0x2B0,0bb80f25c5000000
65390,0x200,29c4004a00000000
65400,0x200,29cd004a00000000
65400,0x220,25bd037e00000000
65400,0x2B0,0bb80f25bd000000
65410,0x200,29d5004a00000000
65420,0x200,29dc004a00000000
65420,0x2B0,0bb80f25b6000000
65430,0x200,29e3004a00000000
65440,0x200,29e9004a00000000
65440,0x2B0,0bb80f25ae000000
65450,0x200,29ef004a00000000
65450,0x220,25aa037f00000000
65460,0x200,29f3004a00000000
65460,0x2B0,0bb80f25a7000000
65470,0x200,29f8004a00000000
65480,0x200,29fb004a00000000
65480,0x2B0,0bb80f259f000000
65490,0x200,29fe004a00000000
65500,0x200,2a01004a00000000
65500,0x220,2597037f00000000
65500,0x2B0,0bb80f2597000000
65510,0x200,2a04004a00000000
65520,0x200,2a05004a00000000
65520,0x2B0,0bb80f2590000000
65530,0x200,2a07004a00000000
65540,0x200,2a08004a00000000
65540,0x2B0,0bb80f2588000000
65550,0x200,2a09004a00000000
65550,0x220,2584037f00000000
65560,0x200,2a09004a00000000
65560,0x2B0,0bb80f2581000000
65570,0x200,2a0a004a00000000
65580,0x200,2a09004a00000000
65580,0x2B0,0bb80f2579000000
65590,0x200,2a09004a00000000
65600,0x200,2a09004a00000000
65600,0x220,2571037f00000000
65600,0x2B0,0bb80f2571000000
65610,0x200,2a08004a00000000
65620,0x200,2a07004a00000000
65620,0x2B0,0bb80f256a000000
65630,0x200,2a05004a00000000
65640,0x200,2a04004a00000000
65640,0x2B0,0bb80f2562000000
65650,0x200,2a02004a00000000
65650,0x220,255f037f00000000
65660,0x200,2a01004a00000000
65660,0x2B0,0bb80f255b000000
65670,0x200,29ff004a00000000
65680,0x200,29fd004a00000000
65680,0x2B0,0bb80f2553000000
65690,0x200,29fa004a00000000
65700,0x200,29f8004a00000000
65700,0x220,254c037f00000000
65700,0x2B0,0bb80f254c000000
65710,0x200,29f6004a00000000
65720,0x200,29f3004a00000000
65720,0x2B0,0bb80f2544000000
65730,0x200,29f0004a00000000
65740,0x200,29ee004a00000000
65740,0x2B0,0bb80f253d000000
65750,0x200,29eb004a00000000
65750,0x220,2539037f00000000
65760,0x200,29e8004a00000000
65760,0x2B0,0bb80f2535000000
65770,0x200,29e5004a00000000
65780,0x200,29e2004a00000000
65780,0x2B0,0bb80f252d000000
65790,0x200,29df004a00000000
65800,0x200,29db004a00000000
65800,0x220,2526037f00000000
65800,0x2B0,0bb80f2526000000
65810,0x200,29d8004a00000000
65820,0x200,29d5004a00000000
65820,0x2B0,0bb80f251e000000
65830,0x200,29d1004a00000000
65840,0x200,29ce004a00000000
65840,0x2B0,0bb80f2517000000
65850,0x200,29ca004a00000000
65850,0x220,2513037f00000000
65860,0x200,29c7004a00000000
65860,0x2B0,0bb80f250f000000
65870,0x200,29c3004a00000000
65880,0x200,29c0004a00000000
65880,0x2B0,0bb80f2508000000
65890,0x200,29bc004a00000000
65900,0x200,29b8004a00000000
65900,0x220,2500037f00000000
65900,0x2B0,0bb80f2500000000
65910,0x200,29b4004a00000000
65920,0x200,29b1004a00000000
65920,0x2B0,0bb80f24f9000000
65930,0x200,29ad004a00000000
65940,0x200,29a9004a00000000
65940,0x2B0,0bb80f24f1000000
65950,0x200,29a5004a00000000
65950,0x220,24ed037f00000000
65960,0x200,29a1004a00000000
65960,0x2B0,0bb80f24ea000000
65970,0x200,299d004a00000000
65980,0x200,2999004a00000000
65980,0x2B0,0bb80f24e2000000
65990,0x200,2996004a00000000
66000,0x200,2992004a00000000
66000,0x220,24da037f00000000
66000,0x2B0,0bb80f24da000000
66010,0x200,298e004a00000000
66020,0x200,298a004a00000000
66020,0x2B0,0bb80f24d3000000
66030,0x200,2986004a00000000
66040,0x200,2982004a00000000
66040,0x2B0,0bb80f24cb000000
66050,0x200,297e004a00000000
66050,0x220,24c8037f00000000
66060,0x200,297a004a00000000
66060,0x2B0,0bb80f24c4000000
66070,0x200,2976004a00000000
66080,0x200,2971004a00000000
66080,0x2B0,0bb80f24bc000000
66090,0x200,296d004a00000000
66100,0x200,2969004a00000000
66100,0x220,24b5038000000000
66100,0x2B0,0bb80f24b5000000
66110,0x200,2965004a00000000
66120,0x200,2961004a00000000
66120,0x2B0,0bb80f24ad000000
66130,0x200,295d004a00000000
66140,0x200,2959004a00000000
66140,0x2B0,0bb80f24a6000000
66150,0x200,2955004a00000000
66150,0x220,24a2038000000000
66160,0x200,2951004a00000000
66160,0x2B0,0bb80f249e000000
66170,0x200,294d004a00000000
66180,0x200,2948004a00000000
66180,0x2B0,0bb80f2497000000
66190,0x200,2944004a00000000
66200,0x200,2940004a00000000
66200,0x220,248f038000000000
66200,0x2B0,0bb80f248f000000
66210,0x200,293c004a00000000
66220,0x200,2938004a00000000
66220,0x2B0,0bb80f2488000000
66230,0x200,2934004a00000000
66240,0x200,292f004a00000000
66240,0x2B0,0bb80f2480000000
66250,0x200,292b004a00000000
66250,0x220,247c038000000000
66260,0x200,2927004a00000000
66260,0x2B0,0bb80f2479000000
66270,0x200,2923004a00000000
66280,0x200,291f004a00000000
66280,0x2B0,0bb80f2471000000
66290,0x200,291b004a00000000
66300,0x200,2916004a00000000
66300,0x220,246a038000000000
66300,0x2B0,0bb80f246a000000
66310,0x200,2912004a00000000
66320,0x200,290e004a00000000
66320,0x2B0,0bb80f2462000000
66330,0x200,290a004a00000000
66340,0x200,2906004a00000000
66340,0x2B0,0bb80f245b000000
66350,0x200,2902004a00000000
66350,0x220,2457038000000000
66360,0x200,28fd004a00000000
66360,0x2B0,0bb80f2453000000
66370,0x200,28f9004a00000000
66380,0x200,28f5004a00000000
66380,0x2B0,0bb80f244c000000
66390,0x200,28f1004a00000000
66400,0x200,28ed004a00000000
66400,0x220,2444038000000000
66400,0x2B0,0bb80f2444000000
66410,0x200,28e8004a00000000
66420,0x200,28e4004a00000000
66420,0x2B0,0bb80f243d000000
66430,0x200,28e0004a00000000
66440,0x200,28dc004a00000000
66440,0x2B0,0bb80f2435000000
66450,0x200,28d8004a00000000
66450,0x220,2432038000000000
66460,0x200,28d4004a00000000
66460,0x2B0,0bb80f242e000000
66470,0x200,28cf004a00000000
66480,0x200,28cb004a00000000
66480,0x2B0,0bb80f2426000000
66490,0x200,28c7004a00000000
66500,0x200,28c3004a00000000
66500,0x220,241f038000000000
66500,0x2B0,0bb80f241f000000
66510,0x200,28bf004a00000000
66520,0x200,28ba004a00000000
66520,0x2B0,0bb80f2417000000
66530,0x200,28b6004a00000000
66540,0x200,28b2004a00000000
66540,0x2B0,0bb80f2410000000
66550,0x200,28ae004a00000000
66550,0x220,240c038000000000
66560,0x200,28aa004a00000000
66560,0x2B0,0bb80f2408000000
66570,0x200,28a5004a00000000
66580,0x200,28a1004a00000000
66580,0x2B0,0bb80f2401000000
66590,0x200,289d004a00000000
66600,0x200,2899004a00000000
66600,0x220,23fa038000000000
66600,0x2B0,0bb80f23fa000000
66610,0x200,2895004a00000000
66620,0x200,2890004a00000000
66620,0x2B0,0bb80f23f2000000
66630,0x200,288c004a00000000
66640,0x200,2888004a00000000
66640,0x2B0,0bb80f23eb000000
66650,0x200,2884004a00000000
66650,0x220,23e7038000000000
66660,0x200,2880004a00000000
66660,0x2B0,0bb80f23e3000000
66670,0x200,287c004a00000000
66680,0x200,2877004a00000000
66680,0x2B0,0bb80f23dc000000
66690,0x200,2873004a00000000
66700,0x200,286f004a00000000
66700,0x220,23d4038000000000
66700,0x2B0,0bb80f23d4000000
66710,0x200,286b004a00000000
66720,0x200,2867004a00000000
66720,0x2B0,0bb80f23cd000000
66730,0x200,2862004a00000000
66740,0x200,285e004a00000000
66740,0x2B0,0bb80f23c5000000
66750,0x200,285a004a00000000
66750,0x220,23c2038100000000
66760,0x200,2856004a00000000
66760,0x2B0,0bb80f23be000000
66770,0x200,2852004a00000000
66780,0x200,284d004a00000000
66780,0x2B0,0bb80f23b6000000
66790,0x200,2849004a00000000
66800,0x200,2845004a00000000
66800,0x220,23af038100000000
66800,0x2B0,0bb80f23af000000
66810,0x200,2841004a00000000
66820,0x200,283d004a00000000
66820,0x2B0,0bb80f23a8000000
66830,0x200,2839004a00000000
66840,0x200,2834004a00000000
66840,0x2B0,0bb80f23a0000000
66850,0x200,2830004a00000000
66850,0x220,239c038100000000
66860,0x200,282c004a00000000
66860,0x2B0,0bb80f2399000000
66870,0x200,2828004a00000000
66880,0x200,2824004a00000000
66880,0x2B0,0bb80f2391000000
66890,0x200,281f004a00000000
66900,0x200,281b004a00000000
66900,0x220,238a038100000000
66900,0x2B0,0bb80f238a000000
66910,0x200,2817004a00000000
66920,0x200,2813004a00000000
66920,0x2B0,0bb80f2382000000
66930,0x200,280f004a00000000
66940,0x200,280b004a00000000
66940,0x2B0,0bb80f237b000000
66950,0x200,2806004a00000000
66950,0x220,2377038100000000
66960,0x200,2802004a00000000
66960,0x2B0,0bb80f2373000000
66970,0x200,27fe004a00000000
66980,0x200,27fa004a00000000
66980,0x2B0,0bb80f236c000000
66990,0x200,27f6004a00000000
67000,0x200,27f2004a00000000
67000,0x220,2365038100000000
67000,0x2B0,0bb80f2365000000
67010,0x200,27ed004a00000000
67020,0x200,27e9004a00000000
67020,0x2B0,0bb80f235d000000
67030,0x200,27e5004a00000000
67040,0x200,27e1004a00000000
67040,0x2B0,0bb80f2356000000
67050,0x200,27dd004a00000000
67050,0x220,2352038100000000
67060,0x200,27d8004a00000000
67060,0x2B0,0bb80f234e000000
67070,0x200,27d4004a00000000
67080,0x200,27d0004a00000000
67080,0x2B0,0bb80f2347000000
67090,0x200,27cc004a00000000
67100,0x200,27c8004a00000000
67100,0x220,233f038100000000
67100,0x2B0,0bb80f233f000000
67110,0x200,27c4004a00000000
67120,0x200,27bf004a00000000
67120,0x2B0,0bb80f2338000000
67130,0x200,27bb004a00000000
67140,0x200,27b7004a00000000
67140,0x2B0,0bb80f2331000000
67150,0x200,27b3004a00000000
67150,0x220,232d038100000000
67160,0x200,27af004a00000000
67160,0x2B0,0bb80f2329000000
67170,0x200,27ab004a00000000
67180,0x200,27a7004a00000000
67180,0x2B0,0bb80f2322000000
67190,0x200,27a2004a00000000
67200,0x200,279e004a00000000
67200,0x220,231a038100000000
67200,0x2B0,0bb80f231a000000
67210,0x200,279a004a00000000
67220,0x200,2796004a00000000
67220,0x2B0,0bb80f2313000000
67230,0x200,2792004a00000000
67240,0x200,278e004a00000000
67240,0x2B0,0bb80f230c000000
67250,0x200,2789004a00000000
67250,0x220,2308038100000000
67260,0x200,2785004a00000000
67260,0x2B0,0bb80f2304000000
67270,0x200,2781004a00000000
67280,0x200,277d004a00000000
67280,0x2B0,0bb80f22fd000000
67290,0x200,2779004a00000000
67300,0x200,2775004a00000000
67300,0x220,22f5038100000000
67300,0x2B0,0bb80f22f5000000
67310,0x200,2770004a00000000
67320,0x200,276c004a00000000
67320,0x2B0,0bb80f22ee000000
67330,0x200,2768004a00000000
67340,0x200,2764004a00000000
67340,0x2B0,0bb80f22e7000000
67350,0x200,2760004a00000000
67350,0x220,22e3038100000000
67360,0x200,275c004a00000000
67360,0x2B0,0bb80f22df000000
67370,0x200,2758004a00000000
67380,0x200,2753004a00000000
67380,0x2B0,0bb80f22d8000000
67390,0x200,274f004a00000000
67400,0x200,274b004a00000000
67400,0x220,22d0038100000000
67400,0x2B0,0bb80f22d0000000
67410,0x200,2747004a00000000
67420,0x200,2743004a00000000
67420,0x2B0,0bb80f22c9000000
67430,0x200,273f004a00000000
67440,0x200,273a004a00000000
67440,0x2B0,0bb80f22c2000000
67450,0x200,2736004a00000000
67450,0x220,22be038100000000
67460,0x200,2732004a00000000
67460,0x2B0,0bb80f22ba000000
67470,0x200,272e004a00000000
67480,0x200,272a004a00000000
67480,0x2B0,0bb80f22b3000000
67490,0x200,2726004a00000000
67500,0x200,2722004a00000000
67500,0x220,22ac038200000000
67500,0x2B0,0bb80f22ac000000
67510,0x200,271d004a00000000
67520,0x200,2719004a00000000
67520,0x2B0,0bb80f22a4000000
67530,0x200,2715004a00000000
67540,0x200,2711004a00000000
67540,0x2B0,0bb80f229d000000
67550,0x200,270d004a00000000
67550,0x220,2299038200000000
67560,0x200,2709004a00000000
67560,0x2B0,0bb80f2295000000
67570,0x200,2705004a00000000
67580,0x200,2700004a00000000
67580,0x2B0,0bb80f228e000000
67590,0x200,26fc004a00000000
67600,0x200,26f8004a00000000
67600,0x220,2287038200000000
67600,0x2B0,0bb80f2287000000
67610,0x200,26f4004a00000000
67620,0x200,26f0004a00000000
67620,0x2B0,0bb80f227f000000
67630,0x200,26ec004a00000000
67640,0x200,26e8004a00000000
67640,0x2B0,0bb80f2278000000
67650,0x200,26e3004a00000000
67650,0x220,2274038200000000
67660,0x200,26df004a00000000
67660,0x2B0,0bb80f2271000000
67670,0x200,26db004a00000000
67680,0x200,26d7004a00000000
67680,0x2B0,0bb80f2269000000
67690,0x200,26d3004a00000000
67700,0x200,26cf004a00000000
67700,0x220,2262038200000000
67700,0x2B0,0bb80f2262000000
67710,0x200,26cb004a00000000
67720,0x200,26c7004a00000000
67720,0x2B0,0bb80f225b000000
67730,0x200,26c2004a00000000
67740,0x200,26be004a00000000
67740,0x2B0,0bb80f2253000000
67750,0x200,26ba004a00000000
67750,0x220,2250038200000000
67760,0x200,26b6004a00000000
67760,0x2B0,0bb80f224c000000
67770,0x200,26b2004a00000000
67780,0x200,26ae004a00000000
67780,0x2B0,0bb80f2245000000
67790,0x200,26aa004a00000000
67800,0x200,26a6004a00000000
67800,0x220,223d038200000000
67800,0x2B0,0bb80f223d000000
67810,0x200,26a1004a00000000
67820,0x200,269d004a00000000
67820,0x2B0,0bb80f2236000000
67830,0x200,2699004a00000000
67840,0x200,2695004a00000000
67840,0x2B0,0bb80f222e000000
67850,0x200,2691004a00000000
67850,0x220,222b038200000000
67860,0x200,268d004a00000000
67860,0x2B0,0bb80f2227000000
67870,0x200,2689004a00000000
67880,0x200,2685004a00000000
67880,0x2B0,0bb80f2220000000
67890,0x200,2680004a00000000
67900,0x200,267c004a00000000
67900,0x220,2218038200000000
67900,0x2B0,0bb80f2218000000
67910,0x200,2678004a00000000
67920,0x200,2674004a00000000
67920,0x2B0,0bb80f2211000000
67930,0x200,2670004a00000000
67940,0x200,266c004a00000000
67940,0x2B0,0bb80f220a000000
67950,0x200,2668004a00000000
67950,0x220,2206038200000000
67960,0x200,2664004a00000000
67960,0x2B0,0bb80f2202000000
67970,0x200,265f004a00000000
67980,0x200,265b004a00000000
67980,0x2B0,0bb80f21fb000000
67990,0x200,2657004a00000000
68000,0x200,2653004a00000000
68000,0x220,21f4038200000000
68000,0x2B0,0bb80f21f4000000
68010,0x200,264f004a00000000
68020,0x200,264b004a00000000
68020,0x2B0,0bb80f21ed000000
68030,0x200,2647004a00000000
68040,0x200,2643004a00000000
68040,0x2B0,0bb80f21e5000000
68050,0x200,263e004a00000000
68050,0x220,21e2038200000000
68060,0x200,263a004a00000000
68060,0x2B0,0bb80f21de000000
68070,0x200,2636004a00000000
68080,0x200,2632004a00000000
68080,0x2B0,0bb80f21d7000000
68090,0x200,262e004a00000000
68100,0x200,262a004a00000000
68100,0x220,21cf038200000000
68100,0x2B0,0bb80f21cf000000
68110,0x200,2626004a00000000
68120,0x200,2622004a00000000
68120,0x2B0,0bb80f21c8000000
68130,0x200,261e004a00000000
68140,0x200,2619004a00000000
68140,0x2B0,0bb80f21c1000000
68150,0x200,2615004a00000000
68150,0x220,21bd038200000000
68160,0x200,2611004a00000000
68160,0x2B0,0bb80f21b9000000
68170,0x200,260d004a00000000
68180,0x200,2609004a00000000
68180,0x2B0,0bb80f21b2000000
68190,0x200,2605004a00000000
68200,0x200,2601004a00000000
68200,0x220,21ab038300000000
68200,0x2B0,0bb80f21ab000000
68210,0x200,25fd004a00000000
68220,0x200,25f9004a00000000
68220,0x2B0,0bb80f21a3000000
68230,0x200,25f5004a00000000
68240,0x200,25f0004a00000000
68240,0x2B0,0bb80f219c000000
68250,0x200,25ec004a00000000
68250,0x220,2198038300000000
68260,0x200,25e8004a00000000
68260,0x2B0,0bb80f2195000000
68270,0x200,25e4004a00000000
68280,0x200,25e0004a00000000
68280,0x2B0,0bb80f218d000000
68290,0x200,25dc004a00000000
68300,0x200,25d8004a00000000
68300,0x220,2186038300000000
68300,0x2B0,0bb80f2186000000
68310,0x200,25d4004a00000000
68320,0x200,25d0004a00000000
68320,0x2B0,0bb80f217f000000
68330,0x200,25cb004a00000000
68340,0x200,25c7004a00000000
68340,0x2B0,0bb80f2178000000
68350,0x200,25c3004a00000000
68350,0x220,2174038300000000
68360,0x200,25bf004a00000000
68360,0x2B0,0bb80f2170000000
68370,0x200,25bb004a00000000
68380,0x200,25b7004a00000000
68380,0x2B0,0bb80f2169000000
68390,0x200,25b3004a00000000
68400,0x200,25af004a00000000
68400,0x220,2162038300000000
68400,0x2B0,0bb80f2162000000
68410,0x200,25ab004a00000000
68420,0x200,25a7004a00000000
68420,0x2B0,0bb80f215a000000
68430,0x200,25a3004a00000000
68440,0x200,259e004a00000000
68440,0x2B0,0bb80f2153000000
68450,0x200,259a004a00000000
68450,0x220,214f038300000000
68460,0x200,2596004a00000000
68460,0x2B0,0bb80f214c000000
68470,0x200,2592004a00000000
68480,0x200,258e004a00000000
68480,0x2B0,0bb80f2145000000
68490,0x200,258a004a00000000
68500,0x200,2586004a00000000
68500,0x220,213d038300000000
68500,0x2B0,0bb80f213d000000
68510,0x200,2582004a00000000
68520,0x200,257e004a00000000
68520,0x2B0,0bb80f2136000000
68530,0x200,257a004a00000000
68540,0x200,2576004a00000000
68540,0x2B0,0bb80f212f000000
68550,0x200,2571004a00000000
68550,0x220,212b038300000000
68560,0x200,256d004a00000000
68560,0x2B0,0bb80f2127000000
68570,0x200,2569004a00000000
68580,0x200,2565004a00000000
68580,0x2B0,0bb80f2120000000
68590,0x200,2561004a00000000
68600,0x200,255d004a00000000
68600,0x220,2119038300000000
68600,0x2B0,0bb80f2119000000
68610,0x200,2559004a00000000
68620,0x200,2555004a00000000
68620,0x2B0,0bb80f2112000000
68630,0x200,2551004a00000000
68640,0x200,254d004a00000000
68640,0x2B0,0bb80f210a000000
68650,0x200,2549004a00000000
68650,0x220,2107038300000000
68660,0x200,2545004a00000000
68660,0x2B0,0bb80f2103000000
68670,0x200,2540004a00000000
68680,0x200,253c004a00000000
68680,0x2B0,0bb80f20fc000000
68690,0x200,2538004a00000000
68700,0x200,2534004a00000000
68700,0x220,20f5038300000000
68700,0x2B0,0bb80f20f5000000
68710,0x200,2530004a00000000
68720,0x200,252c004a00000000
68720,0x2B0,0bb80f20ed000000
68730,0x200,2528004a00000000
68740,0x200,2524004a00000000
68740,0x2B0,0bb80f20e6000000
68750,0x200,2520004a00000000
68750,0x220,20e2038300000000
68760,0x200,251c004a00000000
68760,0x2B0,0bb80f20df000000
68770,0x200,2518004a00000000
68780,0x200,2514004a00000000
68780,0x2B0,0bb80f20d8000000
68790,0x200,2510004a00000000
68800,0x200,250b004a00000000
68800,0x220,20d0038300000000
68800,0x2B0,0bb80f20d0000000
68810,0x200,2507004a00000000
68820,0x200,2503004a00000000
68820,0x2B0,0bb80f20c9000000
68830,0x200,24ff004a00000000
68840,0x200,24fb004a00000000
68840,0x2B0,0bb80f20c2000000
68850,0x200,24f7004a00000000
68850,0x220,20be038300000000
68860,0x200,24f3004a00000000
68860,0x2B0,0bb80f20bb000000
68870,0x200,24ef004a00000000
68880,0x200,24eb004a00000000
68880,0x2B0,0bb80f20b3000000
68890,0x200,24e7004a00000000
68900,0x200,24e3004a00000000
68900,0x220,20ac038300000000
68900,0x2B0,0bb80f20ac000000
68910,0x200,24df004a00000000
68920,0x200,24db004a00000000
68920,0x2B0,0bb80f20a5000000
68930,0x200,24d7004a00000000
68940,0x200,24d2004a00000000
68940,0x2B0,0bb80f209e000000
68950,0x200,24ce004a00000000
68950,0x220,209a038300000000
68960,0x200,24ca004a00000000
68960,0x2B0,0bb80f2096000000
68970,0x200,24c6004a00000000
68980,0x200,24c2004a00000000
68980,0x2B0,0bb80f208f000000
68990,0x200,24be004a00000000
69000,0x200,24ba004a00000000
69000,0x220,2088038400000000
69000,0x2B0,0bb80f2088000000
69010,0x200,24b6004a00000000
69020,0x200,24b2004a00000000
69020,0x2B0,0bb80f2081000000
69030,0x200,24ae004a00000000
69040,0x200,24aa004a00000000
69040,0x2B0,0bb80f2079000000
69050,0x200,24a6004a00000000
69050,0x220,2076038400000000
69060,0x200,24a2004a00000000
69060,0x2B0,0bb80f2072000000
69070,0x200,249e004a00000000
69080,0x200,249a004a00000000
69080,0x2B0,0bb80f206b000000
69090,0x200,2495004a00000000
69100,0x200,2491004a00000000
69100,0x220,2064038400000000
69100,0x2B0,0bb80f2064000000
69110,0x200,248d004a00000000
69120,0x200,2489004a00000000
69120,0x2B0,0bb80f205d000000
69130,0x200,2485004a00000000
69140,0x200,2481004a00000000
69140,0x2B0,0bb80f2055000000
69150,0x200,247d004a00000000
69150,0x220,2052038400000000
69160,0x200,2479004a00000000
69160,0x2B0,0bb80f204e000000
69170,0x200,2475004a00000000
69180,0x200,2471004a00000000
69180,0x2B0,0bb80f2047000000
69190,0x200,246d004a00000000
69200,0x200,2469004a00000000
69200,0x220,2040038400000000
69200,0x2B0,0bb80f2040000000
69210,0x200,2465004a00000000
69220,0x200,2461004a00000000
69220,0x2B0,0bb80f2038000000
69230,0x200,245d004a00000000
69240,0x200,2459004a00000000
69240,0x2B0,0bb80f2031000000
69250,0x200,2455004a00000000
69250,0x220,202e038400000000
69260,0x200,2451004a00000000
69260,0x2B0,0bb80f202a000000
69270,0x200,244d004a00000000
69280,0x200,2448004a00000000
69280,0x2B0,0bb80f2023000000
69290,0x200,2444004a00000000
69300,0x200,2440004a00000000
69300,0x220,201c038400000000
69300,0x2B0,0bb80f201c000000
69310,0x200,243c004a00000000
69320,0x200,2438004a00000000
69320,0x2B0,0bb80f2014000000
69330,0x200,2434004a00000000
69340,0x200,2430004a00000000
69340,0x2B0,0bb80f200d000000
69350,0x200,242c004a00000000
69350,0x220,200a038400000000
69360,0x200,2428004a00000000
69360,0x2B0,0bb80f2006000000
69370,0x200,2424004a00000000
69380,0x200,2420004a00000000
69380,0x2B0,0bb80f1fff000000
69390,0x200,241c004a00000000
69400,0x200,2418004a00000000
69400,0x220,1ff8038400000000
69400,0x2B0,0bb80f1ff8000000
69410,0x200,2414004a00000000
69420,0x200,2410004a00000000
69420,0x2B0,0bb80f1ff0000000
69430,0x200,240c004a00000000
69440,0x200,2408004a00000000
69440,0x2B0,0bb80f1fe9000000
69450,0x200,2404004a00000000
69450,0x220,1fe6038400000000
69460,0x200,2400004a00000000
69460,0x2B0,0bb80f1fe2000000
69470,0x200,23fc004a00000000
69480,0x200,23f8004a00000000
69480,0x2B0,0bb80f1fdb000000
69490,0x200,23f4004a00000000
69500,0x200,23f0004a00000000
69500,0x220,1fd4038400000000
69500,0x2B0,0bb80f1fd4000000
69510,0x200,23eb004a00000000
69520,0x200,23e7004a00000000
69520,0x2B0,0bb80f1fcc000000
69530,0x200,23e3004a00000000
69540,0x200,23df004a00000000
69540,0x2B0,0bb80f1fc5000000
69550,0x200,23db004a00000000
69550,0x220,1fc2038400000000
69560,0x200,23d7004a00000000
69560,0x2B0,0bb80f1fbe000000
69570,0x200,23d3004a00000000
69580,0x200,23cf004a00000000
69580,0x2B0,0bb80f1fb7000000
69590,0x200,23cb004a00000000
69600,0x200,23c7004a00000000
69600,0x220,1fb0038400000000
69600,0x2B0,0bb80f1fb0000000
69610,0x200,23c3004a00000000
69620,0x200,23bf004a00000000
69620,0x2B0,0bb80f1fa9000000
69630,0x200,23bb004a00000000
69640,0x200,23b7004b00000000
69640,0x2B0,0bb80f1fa1000000
69650,0x200,23b3004b00000000
69650,0x220,1f9e038400000000
69660,0x200,23af004b00000000
69660,0x2B0,0bb80f1f9a000000
69670,0x200,23ab004b00000000
69680,0x200,23a7004b00000000
69680,0x2B0,0bb80f1f93000000
69690,0x200,23a3004b00000000
69700,0x200,239f004b00000000
69700,0x220,1f8c038400000000
69700,0x2B0,0bb80f1f8c000000
69710,0x200,239b004b00000000
69720,0x200,2397004b00000000
69720,0x2B0,0bb80f1f85000000
69730,0x200,2393004b00000000
69740,0x200,238f004b00000000
69740,0x2B0,0bb80f1f7e000000
69750,0x200,238b004b00000000
69750,0x220,1f7a038400000000
69760,0x200,2387004b00000000
69760,0x2B0,0bb80f1f76000000
69770,0x200,2383004b00000000
69780,0x200,237f004b00000000
69780,0x2B0,0bb80f1f6f000000
69790,0x200,237b004b00000000
69800,0x200,2377004b00000000
69800,0x220,1f68038500000000
69800,0x2B0,0bb80f1f68000000
69810,0x200,2373004b00000000
69820,0x200,236f004b00000000
69820,0x2B0,0bb80f1f61000000
69830,0x200,236b004b00000000
69840,0x200,2366004b00000000
69840,0x2B0,0bb80f1f5a000000
69850,0x200,2362004b00000000
69850,0x220,1f56038500000000
69860,0x200,235e004b00000000
69860,0x2B0,0bb80f1f53000000
69870,0x200,235a004b00000000
69880,0x200,2356004b00000000
69880,0x2B0,0bb80f1f4b000000
69890,0x200,2352004b00000000
69900,0x200,234e004b00000000
69900,0x220,1f44038500000000
69900,0x2B0,0bb80f1f44000000
69910,0x200,234a004b00000000
69920,0x200,2346004b00000000
69920,0x2B0,0bb80f1f3d000000
69930,0x200,2342004b00000000
69940,0x200,233e004b00000000
69940,0x2B0,0bb80f1f36000000
69950,0x200,233a004b00000000
69950,0x220,1f32038500000000
69960,0x200,2336004b00000000
69960,0x2B0,0bb80f1f2f000000
69970,0x200,2332004b00000000
69980,0x200,232e004b00000000
69980,0x2B0,0bb80f1f28000000
69990,0x200,232a004b00000000
70000,0x200,2326004b00000000
70000,0x220,1f21038500000000
70000,0x2B0,0bb80f1f21000000
70010,0x200,2322004b00000000
70020,0x200,231e004b00000000
70020,0x2B0,0bb80f1f19000000
70030,0x200,231a004b00000000
70040,0x200,2316004b00000000
70040,0x2B0,0bb80f1f12000000
70050,0x200,2312004b00000000
70050,0x220,1f0f038500000000
70060,0x200,230e004b00000000
70060,0x2B0,0bb80f1f0b000000
70070,0x200,230a004b00000000
70080,0x200,2306004b00000000
70080,0x2B0,0bb80f1f04000000
70090,0x200,2302004b00000000
70100,0x200,22fe004b00000000
70100,0x220,1efd038500000000
70100,0x2B0,0bb80f1efd000000
70110,0x200,22fa004b00000000
70120,0x200,22f6004b00000000
70120,0x2B0,0bb80f1ef6000000
70130,0x200,22f2004b00000000
70140,0x200,22ee004b00000000
70140,0x2B0,0bb80f1eef000000
70150,0x200,22ea004b00000000
70150,0x220,1eeb038500000000
70160,0x200,22e6004b00000000
70160,0x2B0,0bb80f1ee7000000
70170,0x200,22e2004b00000000
70180,0x200,22de004b00000000
70180,0x2B0,0bb80f1ee0000000
70190,0x200,22da004b00000000
70200,0x200,22d6004b00000000
70200,0x220,1ed9038500000000
70200,0x2B0,0bb80f1ed9000000
70210,0x200,22d2004b00000000
70220,0x200,22ce004b00000000
70220,0x2B0,0bb80f1ed2000000
70230,0x200,22ca004b00000000
70240,0x200,22c6004b00000000
70240,0x2B0,0bb80f1ecb000000
70250,0x200,22c2004b00000000
70250,0x220,1ec7038500000000
70260,0x200,22be004b00000000
70260,0x2B0,0bb80f1ec4000000
70270,0x200,22ba004b00000000
70280,0x200,22b6004b00000000
70280,0x2B0,0bb80f1ebd000000
70290,0x200,22b2004b00000000
70300,0x200,22ae004b00000000
70300,0x220,1eb6038500000000
70300,0x2B0,0bb80f1eb6000000
70310,0x200,22aa004b00000000
70320,0x200,22a6004b00000000
70320,0x2B0,0bb80f1eae000000
70330,0x200,22a2004b00000000
70340,0x200,229e004b00000000
70340,0x2B0,0bb80f1ea7000000
70350,0x200,229a004b00000000
70350,0x220,1ea4038500000000
70360,0x200,2296004b00000000
70360,0x2B0,0bb80f1ea0000000
70370,0x200,2292004b00000000
70380,0x200,228e004b00000000
70380,0x2B0,0bb80f1e99000000
70390,0x200,228a004b00000000
70400,0x200,2286004b00000000
70400,0x220,1e92038500000000
70400,0x2B0,0bb80f1e92000000
70410,0x200,2282004b00000000
70420,0x200,227e004b00000000
70420,0x2B0,0bb80f1e8b000000
70430,0x200,227a004b00000000
70440,0x200,2276004b00000000
70440,0x2B0,0bb80f1e84000000
70450,0x200,2272004b00000000
70450,0x220,1e80038500000000
70460,0x200,226e004b00000000
70460,0x2B0,0bb80f1e7d000000
70470,0x200,226a004b00000000
70480,0x200,2266004b00000000
70480,0x2B0,0bb80f1e76000000
70490,0x200,2262004b00000000
70500,0x200,225e004b00000000
70500,0x220,1e6e038500000000
70500,0x2B0,0bb80f1e6e000000
70510,0x200,225a004b00000000
70520,0x200,2256004b00000000
70520,0x2B0,0bb80f1e67000000
70530,0x200,2252004b00000000
70540,0x200,224e004b00000000
70540,0x2B0,0bb80f1e60000000
70550,0x200,224a004b00000000
70550,0x220,1e5d038500000000
70560,0x200,2246004b00000000
70560,0x2B0,0bb80f1e59000000
70570,0x200,2242004b00000000
70580,0x200,223e004b00000000
70580,0x2B0,0bb80f1e52000000
70590,0x200,223a004b00000000
70600,0x200,2236004b00000000
70600,0x220,1e4b038500000000
70600,0x2B0,0bb80f1e4b000000
70610,0x200,2232004b00000000
70620,0x200,222e004b00000000
70620,0x2B0,0bb80f1e44000000
70630,0x200,222a004b00000000
70640,0x200,2226004b00000000
70640,0x2B0,0bb80f1e3d000000
70650,0x200,2222004b00000000
70650,0x220,1e39038600000000
70660,0x200,221e004b00000000
70660,0x2B0,0bb80f1e36000000
70670,0x200,221a004b00000000
70680,0x200,2216004b00000000
70680,0x2B0,0bb80f1e2f000000
70690,0x200,2212004b00000000
70700,0x200,220e004b00000000
70700,0x220,1e28038600000000
70700,0x2B0,0bb80f1e28000000
70710,0x200,220a004b00000000
70720,0x200,2206004b00000000
70720,0x2B0,0bb80f1e20000000
70730,0x200,2203004b00000000
70740,0x200,21ff004b00000000
70740,0x2B0,0bb80f1e19000000
70750,0x200,21fb004b00000000
70750,0x220,1e16038600000000
70760,0x200,21f7004b00000000
70760,0x2B0,0bb80f1e12000000
70770,0x200,21f3004b00000000
70780,0x200,21ef004b00000000
70780,0x2B0,0bb80f1e0b000000
70790,0x200,21eb004b00000000
70800,0x200,21e7004b00000000
70800,0x220,1e04038600000000
70800,0x2B0,0bb80f1e04000000
70810,0x200,21e3004b00000000
70820,0x200,21df004b00000000
70820,0x2B0,0bb80f1dfd000000
70830,0x200,21db004b00000000
70840,0x200,21d7004b00000000
70840,0x2B0,0bb80f1df6000000
70850,0x200,21d3004b00000000
70850,0x220,1df2038600000000
70860,0x200,21cf004b00000000
70860,0x2B0,0bb80f1def000000
70870,0x200,21cb004b00000000
70880,0x200,21c7004b00000000
70880,0x2B0,0bb80f1de8000000
70890,0x200,21c3004b00000000
70900,0x200,21bf004b00000000
70900,0x220,1de1038600000000
70900,0x2B0,0bb80f1de1000000
70910,0x200,21bb004b00000000
70920,0x200,21b7004b00000000
70920,0x2B0,0bb80f1dda000000
70930,0x200,21b3004b00000000
70940,0x200,21af004b00000000
70940,0x2B0,0bb80f1dd3000000
70950,0x200,21ab004b00000000
70950,0x220,1dcf038600000000
70960,0x200,21a7004b00000000
70960,0x2B0,0bb80f1dcc000000
70970,0x200,21a3004b00000000
70980,0x200,219f004b00000000
70980,0x2B0,0bb80f1dc5000000
70990,0x200,219b004b00000000
71000,0x200,2197004b00000000
71000,0x220,1dbd038600000000
71000,0x2B0,0bb80f1dbd000000
71010,0x200,2193004b00000000
71020,0x200,218f004b00000000
71020,0x2B0,0bb80f1db6000000
71030,0x200,218b004b00000000
71040,0x200,2187004b00000000
71040,0x2B0,0bb80f1daf000000
71050,0x200,2183004b00000000
71050,0x220,1dac038600000000
71060,0x200,217f004b00000000
71060,0x2B0,0bb80f1da8000000
71070,0x200,217b004b00000000
71080,0x200,2178004b00000000
71080,0x2B0,0bb80f1da1000000
71090,0x200,2174004b00000000
71100,0x200,2170004b00000000
71100,0x220,1d9a038600000000
71100,0x2B0,0bb80f1d9a000000
71110,0x200,216c004b00000000
71120,0x200,2168004b00000000
71120,0x2B0,0bb80f1d93000000
71130,0x200,2164004b00000000
71140,0x200,2160004b00000000
71140,0x2B0,0bb80f1d8c000000
71150,0x200,215c004b00000000
71150,0x220,1d89038600000000
71160,0x200,2158004b00000000
71160,0x2B0,0bb80f1d85000000
71170,0x200,2154004b00000000
71180,0x200,2150004b00000000
71180,0x2B0,0bb80f1d7e000000
71190,0x200,214c004b00000000
71200,0x200,2148004b00000000
71200,0x220,1d77038600000000
71200,0x2B0,0bb80f1d77000000
71210,0x200,2144004b00000000
71220,0x200,2140004b00000000
71220,0x2B0,0bb80f1d70000000
71230,0x200,213c004b00000000
71240,0x200,2138004b00000000
71240,0x2B0,0bb80f1d69000000
71250,0x200,2134004b00000000
71250,0x220,1d65038600000000
71260,0x200,2130004b00000000
71260,0x2B0,0bb80f1d62000000
71270,0x200,212c004b00000000
71280,0x200,2128004b00000000
71280,0x2B0,0bb80f1d5b000000
71290,0x200,2124004b00000000
71300,0x200,2120004b00000000
71300,0x220,1d54038600000000
71300,0x2B0,0bb80f1d54000000
71310,0x200,211d004b00000000
71320,0x200,2119004b00000000
71320,0x2B0,0bb80f1d4d000000
71330,0x200,2115004b00000000
71340,0x200,2111004b00000000
71340,0x2B0,0bb80f1d46000000
71350,0x200,210d004b00000000
71350,0x220,1d42038600000000
71360,0x200,2109004b00000000
71360,0x2B0,0bb80f1d3f000000
71370,0x200,2105004b00000000
71380,0x200,2101004b00000000
71380,0x2B0,0bb80f1d38000000
71390,0x200,20fd004b00000000
71400,0x200,20f9004b00000000
71400,0x220,1d31038600000000
71400,0x2B0,0bb80f1d31000000
71410,0x200,20f5004b00000000
71420,0x200,20f1004b00000000
71420,0x2B0,0bb80f1d2a000000
71430,0x200,20ed004b00000000
71440,0x200,20e9004b00000000
71440,0x2B0,0bb80f1d23000000
71450,0x200,20e5004b00000000
71450,0x220,1d1f038600000000
71460,0x200,20e1004b00000000
71460,0x2B0,0bb80f1d1c000000
71470,0x200,20dd004b00000000
71480,0x200,20d9004b00000000
71480,0x2B0,0bb80f1d15000000
71490,0x200,20d5004b00000000
71500,0x200,20d2004b00000000
71500,0x220,1d0d038700000000
71500,0x2B0,0bb80f1d0d000000
71510,0x200,20ce004b00000000
71520,0x200,20ca004b00000000
71520,0x2B0,0bb80f1d06000000
71530,0x200,20c6004b00000000
71540,0x200,20c2004b00000000
71540,0x2B0,0bb80f1cff000000
71550,0x200,20be004b00000000
71550,0x220,1cfc038700000000
71560,0x200,20ba004b00000000
71560,0x2B0,0bb80f1cf8000000
71570,0x200,20b6004b00000000
71580,0x200,20b2004b00000000
71580,0x2B0,0bb80f1cf1000000
71590,0x200,20ae004b00000000
71600,0x200,20aa004b00000000
71600,0x220,1cea038700000000
71600,0x2B0,0bb80f1cea000000
71610,0x200,20a6004b00000000
71620,0x200,20a2004b00000000
71620,0x2B0,0bb80f1ce3000000
71630,0x200,209e004b00000000
71640,0x200,209a004b00000000
71640,0x2B0,0bb80f1cdc000000
71650,0x200,2096004b00000000
71650,0x220,1cd9038700000000
71660,0x200,2092004b00000000
71660,0x2B0,0bb80f1cd5000000
71670,0x200,208f004b00000000
71680,0x200,208b004b00000000
71680,0x2B0,0bb80f1cce000000
71690,0x200,2087004b00000000
71700,0x200,2083004b00000000
71700,0x220,1cc7038700000000
71700,0x2B0,0bb80f1cc7000000
71710,0x200,207f004b00000000
71720,0x200,207b004b00000000
71720,0x2B0,0bb80f1cc0000000
71730,0x200,2077004b00000000
71740,0x200,2073004b00000000
71740,0x2B0,0bb80f1cb9000000
71750,0x200,206f004b00000000
71750,0x220,1cb6038700000000
71760,0x200,206b004b00000000
71760,0x2B0,0bb80f1cb2000000
71770,0x200,2067004b00000000
71780,0x200,2063004b00000000
71780,0x2B0,0bb80f1cab000000
71790,0x200,205f004b00000000
71800,0x200,205b004b00000000
71800,0x220,1ca4038700000000
71800,0x2B0,0bb80f1ca4000000
71810,0x200,2057004b00000000
71820,0x200,2054004b00000000
71820,0x2B0,0bb80f1c9d000000
71830,0x200,2050004b00000000
71840,0x200,204c004b00000000
71840,0x2B0,0bb80f1c96000000
71850,0x200,2048004b00000000
71850,0x220,1c93038700000000
71860,0x200,2044004b00000000
71860,0x2B0,0bb80f1c8f000000
71870,0x200,2040004b00000000
71880,0x200,203c004b00000000
71880,0x2B0,0bb80f1c88000000
71890,0x200,2038004b00000000
71900,0x200,2034004b00000000
71900,0x220,1c81038700000000
71900,0x2B0,0bb80f1c81000000
71910,0x200,2030004b00000000
71920,0x200,202c004b00000000
71920,0x2B0,0bb80f1c7a000000
71930,0x200,2028004b00000000
71940,0x200,2024004b00000000
71940,0x2B0,0bb80f1c73000000
71950,0x200,2021004b00000000
71950,0x220,1c70038700000000
71960,0x200,201d004b00000000
71960,0x2B0,0bb80f1c6c000000
71970,0x200,2019004b00000000
71980,0x200,2015004b00000000
71980,0x2B0,0bb80f1c65000000
71990,0x200,2011004b00000000
72000,0x200,210b004b00000000
72000,0x220,1c5d035a00000000
72000,0x2B0,0bb8191c5d000000
72010,0x200,21f6004b00000000
72020,0x200,22d1004b00000000
72020,0x2B0,0bb8191c53000000
72030,0x200,239e004b00000000
72040,0x200,245d004b00000000
72040,0x2B0,0bb8191c48000000
72050,0x200,2510004b00000000
72050,0x220,1c43035a00000000
72060,0x200,25b7004b00000000
72060,0x2B0,0bb8191c3e000000
72070,0x200,2654004b00000000
72080,0x200,26e6004b00000000
72080,0x2B0,0bb8191c34000000
72090,0x200,276e004b00000000
72100,0x200,27ed004b00000000
72100,0x220,1c2a035a00000000
72100,0x2B0,1388191c2a000000
72110,0x200,2864004b00000000
72120,0x200,28d3004b00000000
72120,0x2B0,1388191c1f000000
72130,0x200,293a004b00000000
72140,0x200,299a004b00000000
72140,0x2B0,1388191c15000000
72150,0x200,29f4004b00000000
72150,0x220,1c10035a00000000
72160,0x200,2a48004b00000000
72160,0x2B0,1388191c0b000000
72170,0x200,2a96004b00000000
72180,0x200,2ade004b00000000
72180,0x2B0,1388191c01000000
72190,0x200,2b22004b00000000
72200,0x200,2b60004b00000000
72200,0x220,1bf6035a00000000
72200,0x2B0,1388191bf6000000
72210,0x200,2b9a004b00000000
72220,0x200,2bd1004b00000000
72220,0x2B0,1388191bec000000
72230,0x200,2c03004b00000000
72240,0x200,2c31004b00000000
72240,0x2B0,1388191be2000000
72250,0x200,2c5c004b00000000
72250,0x220,1bdd035a00000000
72260,0x200,2c84004b00000000
72260,0x2B0,1388191bd8000000
72270,0x200,2ca9004b00000000
72280,0x200,2cca004b00000000
72280,0x2B0,1388191bce000000
72290,0x200,2cea004b00000000
72300,0x200,2d07004b00000000
72300,0x220,1bc3035a00000000
72300,0x2B0,1388191bc3000000
72310,0x200,2d21004b00000000
72320,0x200,2d39004b00000000
72320,0x2B0,1388191bb9000000
72330,0x200,2d4f004b00000000
72340,0x200,2d64004b00000000
72340,0x2B0,1388191baf000000
72350,0x200,2d76004b00000000
72350,0x220,1baa035a00000000
72360,0x200,2d87004b00000000
72360,0x2B0,1388191ba5000000
72370,0x200,2d96004b00000000
72380,0x200,2da4004b00000000
72380,0x2B0,1388191b9a000000
72390,0x200,2db0004b00000000
72400,0x200,2dbb004b00000000
72400,0x220,1b90035a00000000
72400,0x2B0,1388191b90000000
72410,0x200,2dc5004b00000000
72420,0x200,2dcd004b00000000
72420,0x2B0,1388191b86000000
72430,0x200,2dd5004b00000000
72440,0x200,2ddc004b00000000
72440,0x2B0,1388191b7c000000
72450,0x200,2de1004b00000000
72450,0x220,1b77035a00000000
72460,0x200,2de6004b00000000
72460,0x2B0,1388191b72000000
72470,0x200,2dea004b00000000
72480,0x200,2ded004b00000000
72480,0x2B0,1388191b67000000
72490,0x200,2def004b00000000
72500,0x200,2df1004b00000000
72500,0x220,1b5d035a00000000
72500,0x2B0,1388191b5d000000
72510,0x200,2df2004b00000000
72520,0x200,2df2004b00000000
72520,0x2B0,1388191b53000000
72530,0x200,2df2004b00000000
72540,0x200,2df2004b00000000
72540,0x2B0,1388191b49000000
72550,0x200,2df1004b00000000
72550,0x220,1b44035a00000000
72560,0x200,2def004b00000000
72560,0x2B0,1388191b3f000000
72570,0x200,2ded004b00000000
72580,0x200,2dea004b00000000
72580,0x2B0,1388191b34000000
72590,0x200,2de8004b00000000
72600,0x200,2de4004b00000000
72600,0x220,1b2a035b00000000
72600,0x2B0,1388191b2a000000
72610,0x200,2de1004b00000000
72620,0x200,2ddd004b00000000
72620,0x2B0,1388191b20000000
72630,0x200,2dd9004b00000000
72640,0x200,2dd4004b00000000
72640,0x2B0,1388191b16000000
72650,0x200,2dd0004b00000000
72650,0x220,1b11035b00000000
72660,0x200,2dcb004b00000000
72660,0x2B0,1388191b0c000000
72670,0x200,2dc6004b00000000
72680,0x200,2dc0004b00000000
72680,0x2B0,1388191b02000000
72690,0x200,2dbb004b00000000
72700,0x200,2db5004b00000000
72700,0x220,1af7035b00000000
72700,0x2B0,1388191af7000000
72710,0x200,2daf004b00000000
72720,0x200,2da9004b00000000
72720,0x2B0,1388191aed000000
72730,0x200,2da3004b00000000
72740,0x200,2d9c004b00000000
72740,0x2B0,1388191ae3000000
72750,0x200,2d96004b00000000
72750,0x220,1ade035b00000000
72760,0x200,2d8f004b00000000
72760,0x2B0,1388191ad9000000
72770,0x200,2d89004b00000000
72780,0x200,2d82004b00000000
72780,0x2B0,1388191acf000000
72790,0x200,2d7b004b00000000
72800,0x200,2d74004b00000000
72800,0x220,1ac5035b00000000
72800,0x2B0,1388191ac5000000
72810,0x200,2d6c004b00000000
72820,0x200,2d65004b00000000
72820,0x2B0,1388191aba000000
72830,0x200,2d5e004b00000000
72840,0x200,2d56004b00000000
72840,0x2B0,1388191ab0000000
72850,0x200,2d4f004b00000000
72850,0x220,1aab035b00000000
72860,0x200,2d47004b00000000
72860,0x2B0,1388191aa6000000
72870,0x200,2d40004b00000000
72880,0x200,2d38004b00000000
72880,0x2B0,1388191a9c000000
72890,0x200,2d30004b00000000
72900,0x200,2d29004b00000000
72900,0x220,1a92035b00000000
72900,0x2B0,1388191a92000000
72910,0x200,2d21004b00000000
72920,0x200,2d19004b00000000
72920,0x2B0,1388191a88000000
72930,0x200,2d11004b00000000
72940,0x200,2d09004b00000000
72940,0x2B0,1388191a7d000000
72950,0x200,2d01004b00000000
72950,0x220,1a78035b00000000
72960,0x200,2cf9004b00000000
72960,0x2B0,1388191a73000000
72970,0x200,2cf1004b00000000
72980,0x200,2ce9004b00000000
72980,0x2B0,1388191a69000000
72990,0x200,2ce1004b00000000
73000,0x200,2cd9004b00000000
73000,0x220,1a5f035b00000000
73000,0x2B0,1388191a5f000000
73010,0x200,2cd0004b00000000
73020,0x200,2cc8004b00000000
73020,0x2B0,1388191a55000000
73030,0x200,2cc0004b00000000
73040,0x200,2cb8004b00000000
73040,0x2B0,1388191a4b000000
73050,0x200,2cb0004b00000000
73050,0x220,1a46035b00000000
73060,0x200,2ca7004b00000000
73060,0x2B0,1388191a41000000
73070,0x200,2c9f004b00000000
73080,0x200,2c97004b00000000
73080,0x2B0,1388191a36000000
73090,0x200,2c8e004b00000000
73100,0x200,2c86004b00000000
73100,0x220,1a2c035b00000000
73100,0x2B0,1388191a2c000000
73110,0x200,2c7e004b00000000
73120,0x200,2c75004b00000000
73120,0x2B0,1388191a22000000
73130,0x200,2c6d004b00000000
73140,0x200,2c65004b00000000
73140,0x2B0,1388191a18000000
73150,0x200,2c5c004b00000000
73150,0x220,1a13035b00000000
73160,0x200,2c54004b00000000
73160,0x2B0,1388191a0e000000
73170,0x200,2c4b004b00000000
73180,0x200,2c43004b00000000
73180,0x2B0,1388191a04000000
73190,0x200,2c3b004b00000000
73200,0x200,2c32004b00000000
73200,0x220,19fa035b00000000
73200,0x2B0,13881919fa000000
73210,0x200,2c2a004b00000000
73220,0x200,2c21004b00000000
73220,0x2B0,13881919ef000000
73230,0x200,2c19004b00000000
73240,0x200,2c10004b00000000
73240,0x2B0,13881919e5000000
73250,0x200,2c08004b00000000
73250,0x220,19e0035b00000000
73260,0x200,2c00004b00000000
73260,0x2B0,13881919db000000
73270,0x200,2bf7004b00000000
73280,0x200,2bef004b00000000
73280,0x2B0,13881919d1000000
73290,0x200,2be6004b00000000
73300,0x200,2bde004b00000000
73300,0x220,19c7035c00000000
73300,0x2B0,13881919c7000000
73310,0x200,2bd5004b00000000
73320,0x200,2bcd004b00000000
73320,0x2B0,13881919bd000000
73330,0x200,2bc4004b00000000
73340,0x200,2bbc004b00000000
73340,0x2B0,13881919b3000000
73350,0x200,2bb3004b00000000
73350,0x220,19ae035c00000000
73360,0x200,2bab004b00000000
73360,0x2B0,13881919a9000000
73370,0x200,2ba2004b00000000
73380,0x200,2b9a004b00000000
73380,0x2B0,138819199f000000
73390,0x200,2b92004b00000000
73400,0x200,2b89004b00000000
73400,0x220,1994035c00000000
73400,0x2B0,1388191994000000
73410,0x200,2b81004b00000000
73420,0x200,2b78004b00000000
73420,0x2B0,138819198a000000
73430,0x200,2b70004b00000000
73440,0x200,2b67004b00000000
73440,0x2B0,1388191980000000
73450,0x200,2b5f004b00000000
73450,0x220,197b035c00000000
73460,0x200,2b56004b00000000
73460,0x2B0,1388191976000000
73470,0x200,2b4e004b00000000
73480,0x200,2b45004b00000000
73480,0x2B0,138819196c000000
73490,0x200,2b3d004b00000000
73500,0x200,2b34004b00000000
73500,0x220,1962035c00000000
73500,0x2B0,1388191962000000
73510,0x200,2b2c004b00000000
73520,0x200,2b23004b00000000
73520,0x2B0,1388191958000000
73530,0x200,2b1b004b00000000
73540,0x200,2b12004b00000000
73540,0x2B0,138819194e000000
73550,0x200,2b0a004b00000000
73550,0x220,1949035c00000000
73560,0x200,2b01004b00000000
73560,0x2B0,1388191944000000
73570,0x200,2af9004b00000000
73580,0x200,2af0004b00000000
73580,0x2B0,138819193a000000
73590,0x200,2ae8004b00000000
73600,0x200,2adf004b00000000
73600,0x220,1930035c00000000
73600,0x2B0,1388191930000000
73610,0x200,2ad7004b00000000
73620,0x200,2ace004b00000000
73620,0x2B0,1388191925000000
73630,0x200,2ac6004b00000000
73640,0x200,2abd004b00000000
73640,0x2B0,138819191b000000
73650,0x200,2ab5004b00000000
73650,0x220,1916035c00000000
73660,0x200,2aac004b00000000
73660,0x2B0,1388191911000000
73670,0x200,2aa4004b00000000
73680,0x200,2a9b004b00000000
73680,0x2B0,1388191907000000
73690,0x200,2a93004b00000000
73700,0x200,2a8a004b00000000
73700,0x220,18fd035c00000000
73700,0x2B0,13881918fd000000
73710,0x200,2a82004b00000000
73720,0x200,2a79004b00000000
73720,0x2B0,13881918f3000000
73730,0x200,2a71004b00000000
73740,0x200,2a68004b00000000
73740,0x2B0,13881918e9000000
73750,0x200,2a60004b00000000
73750,0x220,18e4035c00000000
73760,0x200,2a58004b00000000
73760,0x2B0,13881918df000000
73770,0x200,2a4f004b00000000
73780,0x200,2a47004b00000000
73780,0x2B0,13881918d5000000
73790,0x200,2a3e004b00000000
73800,0x200,2a36004b00000000
73800,0x220,18cb035c00000000
73800,0x2B0,13881918cb000000
73810,0x200,2a2d004b00000000
73820,0x200,2a25004b00000000
73820,0x2B0,13881918c1000000
73830,0x200,2a1c004b00000000
73840,0x200,2a14004b00000000
73840,0x2B0,13881918b7000000
73850,0x200,2a0b004b00000000
73850,0x220,18b2035c00000000
73860,0x200,2a03004b00000000
73860,0x2B0,13881918ad000000
73870,0x200,29fa004b00000000
73880,0x200,29f2004b00000000
73880,0x2B0,13881918a3000000
73890,0x200,29e9004b00000000
73900,0x200,29e1004b00000000
73900,0x220,1899035c00000000
73900,0x2B0,1388191899000000
73910,0x200,29d8004b00000000
73920,0x200,29d0004b00000000
73920,0x2B0,138819188e000000
73930,0x200,29c7004b00000000
73940,0x200,29bf004b00000000
73940,0x2B0,1388191884000000
73950,0x200,29b7004b00000000
73950,0x220,187f035c00000000
73960,0x200,29ae004b00000000
73960,0x2B0,138819187a000000
73970,0x200,29a6004b00000000
73980,0x200,299d004b00000000
73980,0x2B0,1388191870000000
73990,0x200,2995004b00000000
74000,0x200,298c004b00000000
74000,0x220,1866035c00000000
74000,0x2B0,1388191866000000
74010,0x200,2984004b00000000
74020,0x200,297b004b00000000
74020,0x2B0,138819185c000000
74030,0x200,2973004b00000000
74040,0x200,296a004b00000000
74040,0x2B0,1388191852000000
74050,0x200,2962004b00000000
74050,0x220,184d035d00000000
74060,0x200,2959004b00000000
74060,0x2B0,1388191848000000
74070,0x200,2951004b00000000
74080,0x200,2949004b00000000
74080,0x2B0,138819183e000000
74090,0x200,2940004b00000000
74100,0x200,2938004b00000000
74100,0x220,1834035d00000000
74100,0x2B0,1388191834000000
74110,0x200,292f004b00000000
74120,0x200,2927004b00000000
74120,0x2B0,138819182a000000
74130,0x200,291e004b00000000
74140,0x200,2916004b00000000
74140,0x2B0,1388191820000000
74150,0x200,290d004b00000000
74150,0x220,181b035d00000000
74160,0x200,2905004b00000000
74160,0x2B0,1388191816000000
74170,0x200,28fc004b00000000
74180,0x200,28f4004b00000000
74180,0x2B0,138819180c000000
74190,0x200,28ec004b00000000
74200,0x200,28e3004b00000000
74200,0x220,1802035d00000000
74200,0x2B0,1388191802000000
74210,0x200,28db004b00000000
74220,0x200,28d2004b00000000
74220,0x2B0,13881917f8000000
74230,0x200,28ca004b00000000
74240,0x200,28c1004b00000000
74240,0x2B0,13881917ee000000
74250,0x200,28b9004b00000000
74250,0x220,17e9035d00000000
74260,0x200,28b0004b00000000
74260,0x2B0,13881917e4000000
74270,0x200,28a8004b00000000
74280,0x200,28a0004b00000000
74280,0x2B0,13881917da000000
74290,0x200,2897004b00000000
74300,0x200,288f004b00000000
74300,0x220,17d0035d00000000
74300,0x2B0,13881917d0000000
74310,0x200,2886004b00000000
74320,0x200,287e004b00000000
74320,0x2B0,13881917c6000000
74330,0x200,2875004b00000000
74340,0x200,286d004b00000000
74340,0x2B0,13881917bc000000
74350,0x200,2865004b00000000
74350,0x220,17b7035d00000000
74360,0x200,285c004b00000000
74360,0x2B0,13881917b2000000
74370,0x200,2854004b00000000
74380,0x200,284b004b00000000
74380,0x2B0,13881917a8000000
74390,0x200,2843004b00000000
74400,0x200,283a004b00000000
74400,0x220,179e035d00000000
74400,0x2B0,138819179e000000
74410,0x200,2832004b00000000
74420,0x200,282a004b00000000
74420,0x2B0,1388191794000000
74430,0x200,2821004b00000000
74440,0x200,2819004b00000000
74440,0x2B0,138819178a000000
74450,0x200,2810004b00000000
74450,0x220,1785035d00000000
74460,0x200,2808004b00000000
74460,0x2B0,1388191780000000
74470,0x200,27ff004b00000000
74480,0x200,27f7004b00000000
74480,0x2B0,1388191776000000
74490,0x200,27ef004b00000000
74500,0x200,27e6004b00000000
74500,0x220,176c035d00000000
74500,0x2B0,138819176c000000
74510,0x200,27de004b00000000
74520,0x200,27d5004b00000000
74520,0x2B0,1388191762000000
74530,0x200,27cd004b00000000
74540,0x200,27c4004b00000000
74540,0x2B0,1388191758000000
74550,0x200,27bc004b00000000
74550,0x220,1753035d00000000
74560,0x200,27b4004b00000000
74560,0x2B0,138819174e000000
74570,0x200,27ab004b00000000
74580,0x200,27a3004b00000000
74580,0x2B0,1388191744000000
74590,0x200,279a004b00000000
74600,0x200,2792004b00000000
74600,0x220,173a035d00000000
74600,0x2B0,138819173a000000
74610,0x200,278a004b00000000
74620,0x200,2781004b00000000
74620,0x2B0,1388191730000000
74630,0x200,2779004b00000000
74640,0x200,2770004b00000000
74640,0x2B0,1388191726000000
74650,0x200,2768004b00000000
74650,0x220,1721035d00000000
74660,0x200,275f004b00000000
74660,0x2B0,138819171c000000
74670,0x200,2757004b00000000
74680,0x200,274f004b00000000
74680,0x2B0,1388191712000000
74690,0x200,2746004b00000000
74700,0x200,273e004b00000000
74700,0x220,1708035d00000000
74700,0x2B0,1388191708000000
74710,0x200,2735004b00000000
74720,0x200,272d004b00000000
74720,0x2B0,13881916fe000000
74730,0x200,2725004b00000000
74740,0x200,271c004b00000000
74740,0x2B0,13881916f4000000
74750,0x200,2714004b00000000
74750,0x220,16ef035d00000000
74760,0x200,270b004b00000000
74760,0x2B0,13881916ea000000
74770,0x200,2703004b00000000
74780,0x200,26fb004b00000000
74780,0x2B0,13881916e0000000
74790,0x200,26f2004b00000000
74800,0x200,26ea004b00000000
74800,0x220,16d6035d00000000
74800,0x2B0,13881916d6000000
74810,0x200,26e1004b00000000
74820,0x200,26d9004b00000000
74820,0x2B0,13881916cc000000
74830,0x200,26d1004b00000000
74840,0x200,26c8004b00000000
74840,0x2B0,13881916c2000000
74850,0x200,26c0004b00000000
74850,0x220,16bd035e00000000
74860,0x200,26b7004b00000000
74860,0x2B0,13881916b8000000
74870,0x200,26af004b00000000
74880,0x200,26a7004b00000000
74880,0x2B0,13881916ae000000
74890,0x200,269e004b00000000
74900,0x200,2696004b00000000
74900,0x220,16a4035e00000000
74900,0x2B0,13881916a4000000
74910,0x200,268d004b00000000
74920,0x200,2685004b00000000
74920,0x2B0,138819169a000000
74930,0x200,267d004b00000000
74940,0x200,2674004b00000000
74940,0x2B0,1388191690000000
74950,0x200,266c004b00000000
74950,0x220,168b035e00000000
74960,0x200,2663004b00000000
74960,0x2B0,1388191686000000
74970,0x200,265b004b00000000
74980,0x200,2653004b00000000
74980,0x2B0,138819167c000000
74990,0x200,264a004b00000000
75000,0x200,2642004b00000000
75000,0x220,1672035e00000000
75000,0x2B0,1388191672000000
75010,0x200,263a004b00000000
75020,0x200,2631004b00000000
75020,0x2B0,1388191668000000
75030,0x200,2629004b00000000
75040,0x200,2620004b00000000
75040,0x2B0,138819165e000000
75050,0x200,2618004b00000000
75050,0x220,1659035e00000000
75060,0x200,2610004b00000000
75060,0x2B0,1388191654000000
75070,0x200,2607004b00000000
75080,0x200,25ff004b00000000
75080,0x2B0,138819164b000000
75090,0x200,25f6004c00000000
75100,0x200,25ee004c00000000
75100,0x220,1641035e00000000
75100,0x2B0,1388191641000000
75110,0x200,25e6004c00000000
75120,0x200,25dd004c00000000
75120,0x2B0,1388191637000000
75130,0x200,25d5004c00000000
75140,0x200,25cd004c00000000
75140,0x2B0,138819162d000000
75150,0x200,25c4004c00000000
75150,0x220,1628035e00000000
75160,0x200,25bc004c00000000
75160,0x2B0,1388191623000000
75170,0x200,25b3004c00000000
75180,0x200,25ab004c00000000
75180,0x2B0,1388191619000000
75190,0x200,25a3004c00000000
75200,0x200,259a004c00000000
75200,0x220,160f035e00000000
75200,0x2B0,138819160f000000
75210,0x200,2592004c00000000
75220,0x200,258a004c00000000
75220,0x2B0,1388191605000000
75230,0x200,2581004c00000000
75240,0x200,2579004c00000000
75240,0x2B0,13881915fb000000
75250,0x200,2571004c00000000
75250,0x220,15f6035e00000000
75260,0x200,2568004c00000000
75260,0x2B0,13881915f1000000
75270,0x200,2560004c00000000
75280,0x200,2557004c00000000
75280,0x2B0,13881915e7000000
75290,0x200,254f004c00000000
75300,0x200,2547004c00000000
75300,0x220,15dd035e00000000
75300,0x2B0,13881915dd000000
75310,0x200,253e004c00000000
75320,0x200,2536004c00000000
75320,0x2B0,13881915d3000000
75330,0x200,252e004c00000000
75340,0x200,2525004c00000000
75340,0x2B0,13881915c9000000
75350,0x200,251d004c00000000
75350,0x220,15c4035e00000000
75360,0x200,2515004c00000000
75360,0x2B0,13881915bf000000
75370,0x200,250c004c00000000
75380,0x200,2504004c00000000
75380,0x2B0,13881915b5000000
75390,0x200,24fb004c00000000
75400,0x200,24f3004c00000000
75400,0x220,15ac035e00000000
75400,0x2B0,13881915ac000000
75410,0x200,24eb004c00000000
75420,0x200,24e2004c00000000
75420,0x2B0,13881915a2000000
75430,0x200,24da004c00000000
75440,0x200,24d2004c00000000
75440,0x2B0,1388191598000000
75450,0x200,24c9004c00000000
75450,0x220,1593035e00000000
75460,0x200,24c1004c00000000
75460,0x2B0,138819158e000000
75470,0x200,24b9004c00000000
75480,0x200,24b0004c00000000
75480,0x2B0,1388191584000000
75490,0x200,24a8004c00000000
75500,0x200,24a0004c00000000
75500,0x220,157a035e00000000
75500,0x2B0,138819157a000000
75510,0x200,2497004c00000000
75520,0x200,248f004c00000000
75520,0x2B0,1388191570000000
75530,0x200,2487004c00000000
75540,0x200,247e004c00000000
75540,0x2B0,1388191566000000
75550,0x200,2476004c00000000
75550,0x220,1561035e00000000
75560,0x200,246e004c00000000
75560,0x2B0,138819155c000000
75570,0x200,2465004c00000000
75580,0x200,245d004c00000000
75580,0x2B0,1388191552000000
75590,0x200,2454004c00000000
75600,0x200,244c004c00000000
75600,0x220,1548035e00000000
75600,0x2B0,1388191548000000
75610,0x200,2444004c00000000
75620,0x200,243b004c00000000
75620,0x2B0,138819153f000000
75630,0x200,2433004c00000000
75640,0x200,242b004c00000000
75640,0x2B0,1388191535000000
75650,0x200,2422004c00000000
75650,0x220,1530035f00000000
75660,0x200,241a004c00000000
75660,0x2B0,138819152b000000
75670,0x200,2412004c00000000
75680,0x200,2409004c00000000
75680,0x2B0,1388191521000000
75690,0x200,2401004c00000000
75700,0x200,23f9004c00000000
75700,0x220,1517035f00000000
75700,0x2B0,1388191517000000
75710,0x200,23f0004c00000000
75720,0x200,23e8004c00000000
75720,0x2B0,138819150d000000
75730,0x200,23e0004c00000000
75740,0x200,23d7004c00000000
75740,0x2B0,1388191503000000
75750,0x200,23cf004c00000000
75750,0x220,14fe035f00000000
75760,0x200,23c7004c00000000
75760,0x2B0,13881914f9000000
75770,0x200,23be004c00000000
75780,0x200,23b6004c00000000
75780,0x2B0,13881914ef000000
75790,0x200,23ae004c00000000
75800,0x200,23a5004c00000000
75800,0x220,14e5035f00000000
75800,0x2B0,13881914e5000000
75810,0x200,239d004c00000000
75820,0x200,2395004c00000000
75820,0x2B0,13881914dc000000
75830,0x200,238c004c00000000
75840,0x200,2384004c00000000
75840,0x2B0,13881914d2000000
75850,0x200,237c004c00000000
75850,0x220,14cd035f00000000
75860,0x200,2373004c00000000
75860,0x2B0,13881914c8000000
75870,0x200,236b004c00000000
75880,0x200,2363004c00000000
75880,0x2B0,13881914be000000
75890,0x200,235b004c00000000
75900,0x200,2352004c00000000
75900,0x220,14b4035f00000000
75900,0x2B0,13881914b4000000
75910,0x200,234a004c00000000
75920,0x200,2342004c00000000
75920,0x2B0,13881914aa000000
75930,0x200,2339004c00000000
75940,0x200,2331004c00000000
75940,0x2B0,13881914a0000000
75950,0x200,2329004c00000000
75950,0x220,149b035f00000000
75960,0x200,2320004c00000000
75960,0x2B0,1388191496000000
75970,0x200,2318004c00000000
75980,0x200,2310004c00000000
75980,0x2B0,138819148d000000
75990,0x200,2307004c00000000
76000,0x200,22ff004c00000000
76000,0x220,1483035f00000000
76000,0x2B0,1388191483000000
76010,0x200,22f7004c00000000
76020,0x200,22ee004c00000000
76020,0x2B0,1388191479000000
76030,0x200,22e6004c00000000
76040,0x200,22de004c00000000
76040,0x2B0,138819146f000000
76050,0x200,22d5004c00000000
76050,0x220,146a035f00000000
76060,0x200,22cd004c00000000
76060,0x2B0,1388191465000000
76070,0x200,22c5004c00000000
76080,0x200,22bd004c00000000
76080,0x2B0,138819145b000000
76090,0x200,22b4004c00000000
76100,0x200,22ac004c00000000
76100,0x220,1451035f00000000
76100,0x2B0,1388191451000000
76110,0x200,22a4004c00000000
76120,0x200,229b004c00000000
76120,0x2B0,1388191448000000
76130,0x200,2293004c00000000
76140,0x200,228b004c00000000
76140,0x2B0,138819143e000000
76150,0x200,2282004c00000000
76150,0x220,1439035f00000000
76160,0x200,227a004c00000000
76160,0x2B0,1388191434000000
76170,0x200,2272004c00000000
76180,0x200,2269004c00000000
76180,0x2B0,138819142a000000
76190,0x200,2261004c00000000
76200,0x200,2259004c00000000
76200,0x220,1420035f00000000
76200,0x2B0,1388191420000000
76210,0x200,2251004c00000000
76220,0x200,2248004c00000000
76220,0x2B0,1388191416000000
76230,0x200,2240004c00000000
76240,0x200,2238004c00000000
76240,0x2B0,138819140c000000
76250,0x200,222f004c00000000
76250,0x220,1407035f00000000
76260,0x200,2227004c00000000
76260,0x2B0,1388191403000000
76270,0x200,221f004c00000000
76280,0x200,2216004c00000000
76280,0x2B0,13881913f9000000
76290,0x200,220e004c00000000
76300,0x200,2206004c00000000
76300,0x220,13ef035f00000000
76300,0x2B0,13881913ef000000
76310,0x200,21fe004c00000000
76320,0x200,21f5004c00000000
76320,0x2B0,13881913e5000000
76330,0x200,21ed004c00000000
76340,0x200,21e5004c00000000
76340,0x2B0,13881913db000000
76350,0x200,21dc004c00000000
76350,0x220,13d6035f00000000
76360,0x200,21d4004c00000000
76360,0x2B0,13881913d1000000
76370,0x200,21cc004c00000000
76380,0x200,21c4004c00000000
76380,0x2B0,13881913c7000000
76390,0x200,21bb004c00000000
76400,0x200,21b3004c00000000
76400,0x220,13be035f00000000
76400,0x2B0,13881913be000000
76410,0x200,21ab004c00000000
76420,0x200,21a2004c00000000
76420,0x2B0,13881913b4000000
76430,0x200,219a004c00000000
76440,0x200,2192004c00000000
76440,0x2B0,13881913aa000000
76450,0x200,218a004c00000000
76450,0x220,13a5035f00000000
76460,0x200,2181004c00000000
76460,0x2B0,13881913a0000000
76470,0x200,2179004c00000000
76480,0x200,2171004c00000000
76480,0x2B0,1388191396000000
76490,0x200,2168004c00000000
76500,0x200,2160004c00000000
76500,0x220,138c035f00000000
76500,0x2B0,138819138c000000
76510,0x200,2158004c00000000
76520,0x200,2150004c00000000
76520,0x2B0,1388191383000000
76530,0x200,2147004c00000000
76540,0x200,213f004c00000000
76540,0x2B0,1388191379000000
76550,0x200,2137004c00000000
76550,0x220,1374035f00000000
76560,0x200,212e004c00000000
76560,0x2B0,138819136f000000
76570,0x200,2126004c00000000
76580,0x200,211e004c00000000
76580,0x2B0,1388191365000000
76590,0x200,2116004c00000000
76600,0x200,210d004c00000000
76600,0x220,135b036000000000
76600,0x2B0,138819135b000000
76610,0x200,2105004c00000000
76620,0x200,20fd004c00000000
76620,0x2B0,1388191351000000
76630,0x200,20f5004c00000000
76640,0x200,20ec004c00000000
76640,0x2B0,1388191348000000
76650,0x200,20e4004c00000000
76650,0x220,1343036000000000
76660,0x200,20dc004c00000000
76660,0x2B0,138819133e000000
76670,0x200,20d3004c00000000
76680,0x200,20cb004c00000000
76680,0x2B0,1388191334000000
76690,0x200,20c3004c00000000
76700,0x200,20bb004c00000000
76700,0x220,132a036000000000
76700,0x2B0,138819132a000000
76710,0x200,20b2004c00000000
76720,0x200,20aa004c00000000
76720,0x2B0,1388191320000000
76730,0x200,20a2004c00000000
76740,0x200,209a004c00000000
76740,0x2B0,1388191317000000
76750,0x200,2091004c00000000
76750,0x220,1312036000000000
76760,0x200,2089004c00000000
76760,0x2B0,138819130d000000
76770,0x200,2081004c00000000
76780,0x200,2078004c00000000
76780,0x2B0,1388191303000000
76790,0x200,2070004c00000000
76800,0x200,2068004c00000000
76800,0x220,12f9036000000000
76800,0x2B0,13881912f9000000
76810,0x200,2060004c00000000
76820,0x200,2057004c00000000
76820,0x2B0,13881912ef000000
76830,0x200,204f004c00000000
76840,0x200,2047004c00000000
76840,0x2B0,13881912e5000000
76850,0x200,203f004c00000000
76850,0x220,12e1036000000000
76860,0x200,2036004c00000000
76860,0x2B0,13881912dc000000
76870,0x200,202e004c00000000
76880,0x200,2026004c00000000
76880,0x2B0,13881912d2000000
76890,0x200,201e004c00000000
76900,0x200,2015004c00000000
76900,0x220,12c8036000000000
76900,0x2B0,13881912c8000000
76910,0x200,200d004c00000000
76920,0x200,2005004c00000000
76920,0x2B0,13881912be000000
76930,0x200,1ffd004c00000000
76940,0x200,1ff4004c00000000
76940,0x2B0,13881912b4000000
76950,0x200,1fec004c00000000
76950,0x220,12b0036000000000
76960,0x200,1fe4004c00000000
76960,0x2B0,13881912ab000000
76970,0x200,1fdc004c00000000
76980,0x200,1fd3004c00000000
76980,0x2B0,13881912a1000000
76990,0x200,1fcb004c00000000
77000,0x200,1fc3004c00000000
77000,0x220,1297036000000000
77000,0x2B0,1388191297000000
77010,0x200,1fbb004c00000000
77020,0x200,1fb2004c00000000
77020,0x2B0,138819128d000000
77030,0x200,1faa004c00000000
77040,0x200,1fa2004c00000000
77040,0x2B0,1388191283000000
77050,0x200,1f9a004c00000000
77050,0x220,127f036000000000
77060,0x200,1f91004c00000000
77060,0x2B0,138819127a000000
77070,0x200,1f89004c00000000
77080,0x200,1f81004c00000000
77080,0x2B0,1388191270000000
77090,0x200,1f79004c00000000
77100,0x200,1f70004c00000000
77100,0x220,1266036000000000
77100,0x2B0,1388191266000000
77110,0x200,1f68004c00000000
77120,0x200,1f60004c00000000
77120,0x2B0,138819125c000000
77130,0x200,1f58004c00000000
77140,0x200,1f4f004c00000000
77140,0x2B0,1388191252000000
77150,0x200,1f47004c00000000
77150,0x220,124e036000000000
77160,0x200,1f3f004c00000000
77160,0x2B0,1388191249000000
77170,0x200,1f37004c00000000
77180,0x200,1f2e004c00000000
77180,0x2B0,138819123f000000
77190,0x200,1f26004c00000000
77200,0x200,1f1e004c00000000
77200,0x220,1235036000000000
77200,0x2B0,1388191235000000
77210,0x200,1f16004c00000000
77220,0x200,1f0d004c00000000
77220,0x2B0,138819122b000000
77230,0x200,1f05004c00000000
77240,0x200,1efd004c00000000
77240,0x2B0,1388191222000000
77250,0x200,1ef5004c00000000
77250,0x220,121d036000000000
77260,0x200,1eec004c00000000
77260,0x2B0,1388191218000000
77270,0x200,1ee4004c00000000
77280,0x200,1edc004c00000000
77280,0x2B0,138819120e000000
77290,0x200,1ed4004c00000000
77300,0x200,1ecc004c00000000
77300,0x220,1204036000000000
77300,0x2B0,1388191204000000
77310,0x200,1ec3004c00000000
77320,0x200,1ebb004c00000000
77320,0x2B0,13881911fa000000
77330,0x200,1eb3004c00000000
77340,0x200,1eab004c00000000
77340,0x2B0,13881911f1000000
77350,0x200,1ea2004c00000000
77350,0x220,11ec036000000000
77360,0x200,1e9a004c00000000
77360,0x2B0,13881911e7000000
77370,0x200,1e92004c00000000
77380,0x200,1e8a004c00000000
77380,0x2B0,13881911dd000000
77390,0x200,1e81004c00000000
77400,0x200,1e79004c00000000
77400,0x220,11d3036000000000
77400,0x2B0,13881911d3000000
77410,0x200,1e71004c00000000
77420,0x200,1e69004c00000000
77420,0x2B0,13881911ca000000
77430,0x200,1e61004c00000000
77440,0x200,1e58004c00000000
77440,0x2B0,13881911c0000000
77450,0x200,1e50004c00000000
77450,0x220,11bb036000000000
77460,0x200,1e48004c00000000
77460,0x2B0,13881911b6000000
77470,0x200,1e40004c00000000
77480,0x200,1e37004c00000000
77480,0x2B0,13881911ac000000
77490,0x200,1e2f004c00000000
77500,0x200,1e27004c00000000
77500,0x220,11a3036000000000
77500,0x2B0,13881911a3000000
77510,0x200,1e1f004c00000000
77520,0x200,1e17004c00000000
77520,0x2B0,1388191199000000
77530,0x200,1e0e004c00000000
77540,0x200,1e06004c00000000
77540,0x2B0,138819118f000000
77550,0x200,1dfe004c00000000
77550,0x220,118a036000000000
77560,0x200,1df6004c00000000
77560,0x2B0,1388191185000000
77570,0x200,1ded004c00000000
77580,0x200,1de5004c00000000
77580,0x2B0,138819117c000000
77590,0x200,1ddd004c00000000
77600,0x200,1dd5004c00000000
77600,0x220,1172036000000000
77600,0x2B0,1388191172000000
77610,0x200,1dcd004c00000000
77620,0x200,1dc4004c00000000
77620,0x2B0,1388191168000000
77630,0x200,1dbc004c00000000
77640,0x200,1db4004c00000000
77640,0x2B0,138819115e000000
77650,0x200,1dac004c00000000
77650,0x220,1159036100000000
77660,0x200,1da4004c00000000
77660,0x2B0,1388191154000000
77670,0x200,1d9b004c00000000
77680,0x200,1d93004c00000000
77680,0x2B0,138819114b000000
77690,0x200,1d8b004c00000000
77700,0x200,1d83004c00000000
77700,0x220,1141036100000000
77700,0x2B0,1388191141000000
77710,0x200,1d7a004c00000000
77720,0x200,1d72004c00000000
77720,0x2B0,1388191137000000
77730,0x200,1d6a004c00000000
77740,0x200,1d62004c00000000
77740,0x2B0,138819112d000000
77750,0x200,1d5a004c00000000
77750,0x220,1129036100000000
77760,0x200,1d51004c00000000
77760,0x2B0,1388191124000000
77770,0x200,1d49004c00000000
77780,0x200,1d41004c00000000
77780,0x2B0,138819111a000000
77790,0x200,1d39004c00000000
77800,0x200,1d31004c00000000
77800,0x220,1110036100000000
77800,0x2B0,1388191110000000
77810,0x200,1d28004c00000000
77820,0x200,1d20004c00000000
77820,0x2B0,1388191107000000
77830,0x200,1d18004c00000000
77840,0x200,1d10004c00000000
77840,0x2B0,13881910fd000000
77850,0x200,1d08004c00000000
77850,0x220,10f8036100000000
77860,0x200,1cff004c00000000
77860,0x2B0,13881910f3000000
77870,0x200,1cf7004c00000000
77880,0x200,1cef004c00000000
77880,0x2B0,13881910e9000000
77890,0x200,1ce7004c00000000
77900,0x200,1cdf004c00000000
77900,0x220,10e0036100000000
77900,0x2B0,13881910e0000000
77910,0x200,1cd6004c00000000
77920,0x200,1cce004c00000000
77920,0x2B0,13881910d6000000
77930,0x200,1cc6004c00000000
77940,0x200,1cbe004c00000000
77940,0x2B0,13881910cc000000
77950,0x200,1cb6004c00000000
77950,0x220,10c7036100000000
77960,0x200,1cad004c00000000
77960,0x2B0,13881910c2000000
77970,0x200,1ca5004c00000000
77980,0x200,1c9d004c00000000
77980,0x2B0,13881910b9000000
77990,0x200,1c95004c00000000
78000,0x200,1c8d004c00000000
78000,0x220,10af036100000000
78000,0x2B0,13881910af000000
78010,0x200,1c84004c00000000
78020,0x200,1c7c004c00000000
78020,0x2B0,13881910a5000000
78030,0x200,1c74004c00000000
78040,0x200,1c6c004c00000000
78040,0x2B0,138819109b000000
78050,0x200,1c64004c00000000
78050,0x220,1097036100000000
78060,0x200,1c5c004c00000000
78060,0x2B0,1388191092000000
78070,0x200,1c53004c00000000
78080,0x200,1c4b004c00000000
78080,0x2B0,1388191088000000
78090,0x200,1c43004c00000000
78100,0x200,1c3b004c00000000
78100,0x220,107e036100000000
78100,0x2B0,138819107e000000
78110,0x200,1c33004c00000000
78120,0x200,1c2a004c00000000
78120,0x2B0,1388191075000000
78130,0x200,1c22004c00000000
78140,0x200,1c1a004c00000000
78140,0x2B0,138819106b000000
78150,0x200,1c12004c00000000
78150,0x220,1066036100000000
78160,0x200,1c0a004c00000000
78160,0x2B0,1388191061000000
78170,0x200,1c01004c00000000
78180,0x200,1bf9004c00000000
78180,0x2B0,1388191057000000
78190,0x200,1bf1004c00000000
78200,0x200,1be9004c00000000
78200,0x220,104e036100000000
78200,0x2B0,138819104e000000
78210,0x200,1be1004c00000000
78220,0x200,1bd9004c00000000
78220,0x2B0,1388191044000000
78230,0x200,1bd0004c00000000
78240,0x200,1bc8004c00000000
78240,0x2B0,138819103a000000
78250,0x200,1bc0004c00000000
78250,0x220,1035036100000000
78260,0x200,1bb8004c00000000
78260,0x2B0,1388191031000000
78270,0x200,1bb0004c00000000
78280,0x200,1ba7004c00000000
78280,0x2B0,1388191027000000
78290,0x200,1b9f004c00000000
78300,0x200,1b97004c00000000
78300,0x220,101d036100000000
78300,0x2B0,138819101d000000
78310,0x200,1b8f004c00000000
78320,0x200,1b87004c00000000
78320,0x2B0,1388191013000000
78330,0x200,1b7f004c00000000
78340,0x200,1b76004c00000000
78340,0x2B0,138819100a000000
78350,0x200,1b6e004c00000000
78350,0x220,1005036100000000
78360,0x200,1b66004c00000000
78360,0x2B0,1388191000000000
78370,0x200,1b5e004c00000000
78380,0x200,1b56004c00000000
78380,0x2B0,1388190ff6000000
78390,0x200,1b4e004c00000000
78400,0x200,1b45004c00000000
78400,0x220,0fed036100000000
78400,0x2B0,1388190fed000000
78410,0x200,1b3d004c00000000
78420,0x200,1b35004c00000000
78420,0x2B0,1388190fe3000000
78430,0x200,1b2d004c00000000
78440,0x200,1b25004c00000000
78440,0x2B0,1388190fd9000000
78450,0x200,1b1c004c00000000
78450,0x220,0fd4036100000000
78460,0x200,1b14004c00000000
78460,0x2B0,1388190fcf000000
78470,0x200,1b0c004c00000000
78480,0x200,1b04004c00000000
78480,0x2B0,1388190fc6000000
78490,0x200,1afc004c00000000
78500,0x200,1af4004c00000000
78500,0x220,0fbc036100000000
78500,0x2B0,1388190fbc000000
78510,0x200,1aeb004c00000000
78520,0x200,1ae3004c00000000
78520,0x2B0,1388190fb2000000
78530,0x200,1adb004c00000000
78540,0x200,1ad3004c00000000
78540,0x2B0,1388190fa9000000
78550,0x200,1acb004c00000000
78550,0x220,0fa4036100000000
78560,0x200,1ac3004c00000000
78560,0x2B0,1388190f9f000000
78570,0x200,1aba004c00000000
78580,0x200,1ab2004c00000000
78580,0x2B0,1388190f95000000
78590,0x200,1aaa004c00000000
78600,0x200,1aa2004c00000000
78600,0x220,0f8c036100000000
78600,0x2B0,1388190f8c000000
78610,0x200,1a9a004c00000000
78620,0x200,1a92004c00000000
78620,0x2B0,1388190f82000000
78630,0x200,1a8a004c00000000
78640,0x200,1a81004c00000000
78640,0x2B0,1388190f78000000
78650,0x200,1a79004c00000000
78650,0x220,0f73036100000000
78660,0x200,1a71004c00000000
78660,0x2B0,1388190f6e000000
78670,0x200,1a69004c00000000
78680,0x200,1a61004c00000000
78680,0x2B0,1388190f65000000
78690,0x200,1a59004c00000000
78700,0x200,1a50004c00000000
78700,0x220,0f5b036100000000
78700,0x2B0,1388190f5b000000
78710,0x200,1a48004c00000000
78720,0x200,1a40004c00000000
78720,0x2B0,1388190f51000000
78730,0x200,1a38004c00000000
78740,0x200,1a30004c00000000
78740,0x2B0,1388190f48000000
78750,0x200,1a28004c00000000
78750,0x220,0f43036100000000
78760,0x200,1a1f004c00000000
78760,0x2B0,1388190f3e000000
78770,0x200,1a17004c00000000
78780,0x200,1a0f004c00000000
78780,0x2B0,1388190f34000000
78790,0x200,1a07004c00000000
78800,0x200,19ff004c00000000
78800,0x220,0f2b036200000000
78800,0x2B0,1388190f2b000000
78810,0x200,19f7004c00000000
78820,0x200,19ef004c00000000
78820,0x2B0,1388190f21000000
78830,0x200,19e6004c00000000
78840,0x200,19de004c00000000
78840,0x2B0,1388190f17000000
78850,0x200,19d6004c00000000
78850,0x220,0f12036200000000
78860,0x200,19ce004c00000000
78860,0x2B0,1388190f0e000000
78870,0x200,19c6004c00000000
78880,0x200,19be004c00000000
78880,0x2B0,1388190f04000000
78890,0x200,19b6004c00000000
78900,0x200,19ad004c00000000
78900,0x220,0efa036200000000
78900,0x2B0,1388190efa000000
78910,0x200,19a5004c00000000
78920,0x200,199d004c00000000
78920,0x2B0,1388190ef1000000
78930,0x200,1995004c00000000
78940,0x200,198d004c00000000
78940,0x2B0,1388190ee7000000
78950,0x200,1985004c00000000
78950,0x220,0ee2036200000000
78960,0x200,197c004c00000000
78960,0x2B0,1388190edd000000
78970,0x200,1974004c00000000
78980,0x200,196c004c00000000
78980,0x2B0,1388190ed4000000
78990,0x200,1964004c00000000
79000,0x200,195c004c00000000
79000,0x220,0eca036200000000
79000,0x2B0,1388190eca000000
79010,0x200,1954004c00000000
79020,0x200,194c004c00000000
79020,0x2B0,1388190ec0000000
79030,0x200,1943004c00000000
79040,0x200,193b004c00000000
79040,0x2B0,1388190eb7000000
79050,0x200,1933004c00000000
79050,0x220,0eb2036200000000
79060,0x200,192b004c00000000
79060,0x2B0,1388190ead000000
79070,0x200,1923004c00000000
79080,0x200,191b004c00000000
79080,0x2B0,1388190ea3000000
79090,0x200,1913004c00000000
79100,0x200,190a004c00000000
79100,0x220,0e9a036200000000
79100,0x2B0,1388190e9a000000
79110,0x200,1902004c00000000
79120,0x200,18fa004c00000000
79120,0x2B0,1388190e90000000
79130,0x200,18f2004c00000000
79140,0x200,18ea004c00000000
79140,0x2B0,1388190e86000000
79150,0x200,18e2004c00000000
79150,0x220,0e81036200000000
79160,0x200,18da004c00000000
79160,0x2B0,1388190e7d000000
79170,0x200,18d2004c00000000
79180,0x200,18c9004c00000000
79180,0x2B0,1388190e73000000
79190,0x200,18c1004c00000000
79200,0x200,18b9004c00000000
79200,0x220,0e69036200000000
79200,0x2B0,1388190e69000000
79210,0x200,18b1004c00000000
79220,0x200,18a9004c00000000
79220,0x2B0,1388190e60000000
79230,0x200,18a1004c00000000
79240,0x200,1899004c00000000
79240,0x2B0,1388190e56000000
79250,0x200,1890004c00000000
79250,0x220,0e51036200000000
79260,0x200,1888004c00000000
79260,0x2B0,1388190e4c000000
79270,0x200,1880004c00000000
79280,0x200,1878004c00000000
79280,0x2B0,1388190e43000000
79290,0x200,1870004c00000000
79300,0x200,1868004c00000000
79300,0x220,0e39036200000000
79300,0x2B0,1388190e39000000
79310,0x200,1860004c00000000
79320,0x200,1858004c00000000
79320,0x2B0,1388190e2f000000
79330,0x200,184f004c00000000
79340,0x200,1847004c00000000
79340,0x2B0,1388190e26000000
79350,0x200,183f004c00000000
79350,0x220,0e21036200000000
79360,0x200,1837004c00000000
79360,0x2B0,1388190e1c000000
79370,0x200,182f004c00000000
79380,0x200,1827004c00000000
79380,0x2B0,1388190e12000000
79390,0x200,181f004c00000000
79400,0x200,1817004c00000000
79400,0x220,0e09036200000000
79400,0x2B0,1388190e09000000
79410,0x200,180e004c00000000
79420,0x200,1806004c00000000
79420,0x2B0,1388190dff000000
79430,0x200,17fe004c00000000
79440,0x200,17f6004c00000000
79440,0x2B0,1388190df5000000
79450,0x200,17ee004c00000000
79450,0x220,0df1036200000000
79460,0x200,17e6004c00000000
79460,0x2B0,1388190dec000000
79470,0x200,17de004c00000000
79480,0x200,17d6004c00000000
79480,0x2B0,1388190de2000000
79490,0x200,17cd004c00000000
79500,0x200,17c5004c00000000
79500,0x220,0dd8036200000000
79500,0x2B0,1388190dd8000000
79510,0x200,17bd004c00000000
79520,0x200,17b5004c00000000
79520,0x2B0,1388190dcf000000
79530,0x200,17ad004c00000000
79540,0x200,17a5004c00000000
79540,0x2B0,1388190dc5000000
79550,0x200,179d004c00000000
79550,0x220,0dc0036200000000
79560,0x200,1795004c00000000
79560,0x2B0,1388190dbc000000
79570,0x200,178d004c00000000
79580,0x200,1784004c00000000
79580,0x2B0,1388190db2000000
79590,0x200,177c004c00000000
79600,0x200,1774004c00000000
79600,0x220,0da8036200000000
79600,0x2B0,1388190da8000000
79610,0x200,176c004c00000000
79620,0x200,1764004c00000000
79620,0x2B0,1388190d9f000000
79630,0x200,175c004c00000000
79640,0x200,1754004c00000000
79640,0x2B0,1388190d95000000
79650,0x200,174c004c00000000
79650,0x220,0d90036200000000
79660,0x200,1743004c00000000
79660,0x2B0,1388190d8b000000
79670,0x200,173b004c00000000
79680,0x200,1733004c00000000
79680,0x2B0,1388190d82000000
79690,0x200,172b004c00000000
79700,0x200,1723004c00000000
79700,0x220,0d78036200000000
79700,0x2B0,1388190d78000000
79710,0x200,171b004c00000000
79720,0x200,1713004c00000000
79720,0x2B0,1388190d6e000000
79730,0x200,170b004c00000000
79740,0x200,1703004c00000000
79740,0x2B0,1388190d65000000
79750,0x200,16fa004c00000000
79750,0x220,0d60036200000000
79760,0x200,16f2004c00000000
79760,0x2B0,1388190d5b000000
79770,0x200,16ea004c00000000
79780,0x200,16e2004c00000000
79780,0x2B0,1388190d52000000
79790,0x200,16da004c00000000
79800,0x200,16d2004c00000000
79800,0x220,0d48036200000000
79800,0x2B0,1388190d48000000
79810,0x200,16ca004c00000000
79820,0x200,16c2004c00000000
79820,0x2B0,1388190d3e000000
79830,0x200,16ba004c00000000
79840,0x200,16b2004c00000000
79840,0x2B0,1388190d35000000
79850,0x200,16a9004c00000000
79850,0x220,0d30036200000000
79860,0x200,16a1004c00000000
79860,0x2B0,1388190d2b000000
79870,0x200,1699004c00000000
79880,0x200,1691004c00000000
79880,0x2B0,1388190d21000000
79890,0x200,1689004c00000000
79900,0x200,1681004c00000000
79900,0x220,0d18036200000000
79900,0x2B0,1388190d18000000
79910,0x200,1679004c00000000
79920,0x200,1671004c00000000
79920,0x2B0,1388190d0e000000
79930,0x200,1669004c00000000
79940,0x200,1660004c00000000
79940,0x2B0,1388190d05000000
79950,0x200,1658004c00000000
79950,0x220,0d00036200000000
79960,0x200,1650004c00000000
79960,0x2B0,1388190cfb000000
79970,0x200,1648004c00000000
79980,0x200,1640004c00000000
79980,0x2B0,1388190cf1000000
79990,0x200,1638004c00000000
80000,0x200,1630004c00000000
80000,0x220,0ce8036200000000
80000,0x2B0,1388190ce8000000
80010,0x200,1628004c00000000
80020,0x200,1620004c00000000
80020,0x2B0,1388190cde000000
80030,0x200,1618004c00000000
80040,0x200,1610004c00000000
80040,0x2B0,1388190cd4000000
80050,0x200,1607004c00000000
80050,0x220,0cd0036200000000
80060,0x200,15ff004c00000000
80060,0x2B0,1388190ccb000000
80070,0x200,15f7004c00000000
80080,0x200,15ef004c00000000
80080,0x2B0,1388190cc1000000
80090,0x200,15e7004c00000000
80100,0x200,15df004c00000000
80100,0x220,0cb8036200000000
80100,0x2B0,1388190cb8000000
80110,0x200,15d7004c00000000
80120,0x200,15cf004c00000000
80120,0x2B0,1388190cae000000
80130,0x200,15c7004c00000000
80140,0x200,15bf004c00000000
80140,0x2B0,1388190ca4000000
80150,0x200,15b6004c00000000
80150,0x220,0ca0036300000000
80160,0x200,15ae004c00000000
80160,0x2B0,1388190c9b000000
80170,0x200,15a6004c00000000
80180,0x200,159e004c00000000
80180,0x2B0,1388190c91000000
80190,0x200,1596004c00000000
80200,0x200,158e004c00000000
80200,0x220,0c88036300000000
80200,0x2B0,1388190c88000000
80210,0x200,1586004c00000000
80220,0x200,157e004c00000000
80220,0x2B0,1388190c7e000000
80230,0x200,1576004c00000000
80240,0x200,156e004c00000000
80240,0x2B0,1388190c74000000
80250,0x200,1566004c00000000
80250,0x220,0c70036300000000
80260,0x200,155d004c00000000
80260,0x2B0,1388190c6b000000
80270,0x200,1555004c00000000
80280,0x200,154d004c00000000
80280,0x2B0,1388190c61000000
80290,0x200,1545004c00000000
80300,0x200,153d004c00000000
80300,0x220,0c58036300000000
80300,0x2B0,1388190c58000000
80310,0x200,1535004c00000000
80320,0x200,152d004c00000000
80320,0x2B0,1388190c4e000000
80330,0x200,1525004c00000000
80340,0x200,151d004c00000000
80340,0x2B0,1388190c44000000
80350,0x200,1515004c00000000
80350,0x220,0c40036300000000
80360,0x200,150d004c00000000
80360,0x2B0,1388190c3b000000
80370,0x200,1505004c00000000
80380,0x200,14fc004c00000000
80380,0x2B0,1388190c31000000
80390,0x200,14f4004c00000000
80400,0x200,14ec004c00000000
80400,0x220,0c28036300000000
80400,0x2B0,1388190c28000000
80410,0x200,14e4004c00000000
80420,0x200,14dc004c00000000
80420,0x2B0,1388190c1e000000
80430,0x200,14d4004c00000000
80440,0x200,14cc004c00000000
80440,0x2B0,1388190c14000000
80450,0x200,14c4004c00000000
80450,0x220,0c10036300000000
80460,0x200,14bc004c00000000
80460,0x2B0,1388190c0b000000
80470,0x200,14b4004c00000000
80480,0x200,14ac004c00000000
80480,0x2B0,1388190c01000000
80490,0x200,14a4004c00000000
80500,0x200,149b004c00000000
80500,0x220,0bf8036300000000
80500,0x2B0,1388190bf8000000
80510,0x200,1493004c00000000
80520,0x200,148b004c00000000
80520,0x2B0,1388190bee000000
80530,0x200,1483004c00000000
80540,0x200,147b004c00000000
80540,0x2B0,1388190be4000000
80550,0x200,1473004c00000000
80550,0x220,0be0036300000000
80560,0x200,146b004c00000000
80560,0x2B0,1388190bdb000000
80570,0x200,1463004c00000000
80580,0x200,145b004c00000000
80580,0x2B0,1388190bd1000000
80590,0x200,1453004c00000000
80600,0x200,144b004c00000000
80600,0x220,0bc8036300000000
80600,0x2B0,1388190bc8000000
80610,0x200,1443004c00000000
80620,0x200,143b004c00000000
80620,0x2B0,1388190bbe000000
80630,0x200,1432004c00000000
80640,0x200,142a004c00000000
80640,0x2B0,1388190bb4000000
80650,0x200,1422004d00000000
80650,0x220,0bb0036300000000
80660,0x200,141a004d00000000
80660,0x2B0,1388190bab000000
80670,0x200,1412004d00000000
80680,0x200,140a004d00000000
80680,0x2B0,1388190ba1000000
80690,0x200,1402004d00000000
80700,0x200,13fa004d00000000
80700,0x220,0b98036300000000
80700,0x2B0,1388190b98000000
80710,0x200,13f2004d00000000
80720,0x200,13ea004d00000000
80720,0x2B0,1388190b8e000000
80730,0x200,13e2004d00000000
80740,0x200,13da004d00000000
80740,0x2B0,1388190b84000000
80750,0x200,13d2004d00000000
80750,0x220,0b80036300000000
80760,0x200,13ca004d00000000
80760,0x2B0,1388190b7b000000
80770,0x200,13c1004d00000000
80780,0x200,13b9004d00000000
80780,0x2B0,1388190b71000000
80790,0x200,13b1004d00000000
80800,0x200,13a9004d00000000
80800,0x220,0b68036300000000
80800,0x2B0,1388190b68000000
80810,0x200,13a1004d00000000
80820,0x200,1399004d00000000
80820,0x2B0,1388190b5e000000
80830,0x200,1391004d00000000
80840,0x200,1389004d00000000
80840,0x2B0,1388190b55000000
80850,0x200,1381004d00000000
80850,0x220,0b50036300000000
80860,0x200,1379004d00000000
80860,0x2B0,1388190b4b000000
80870,0x200,1371004d00000000
80880,0x200,1369004d00000000
80880,0x2B0,1388190b41000000
80890,0x200,1361004d00000000
80900,0x200,1359004d00000000
80900,0x220,0b38036300000000
80900,0x2B0,1388190b38000000
80910,0x200,1351004d00000000
80920,0x200,1348004d00000000
80920,0x2B0,1388190b2e000000
80930,0x200,1340004d00000000
80940,0x200,1338004d00000000
80940,0x2B0,1388190b25000000
80950,0x200,1330004d00000000
80950,0x220,0b20036300000000
80960,0x200,1328004d00000000
80960,0x2B0,1388190b1b000000
80970,0x200,1320004d00000000
80980,0x200,1318004d00000000
80980,0x2B0,1388190b11000000
80990,0x200,1310004d00000000
81000,0x200,1308004d00000000
81000,0x220,0b08036300000000
81000,0x2B0,1388190b08000000
81010,0x200,1300004d00000000
81020,0x200,12f8004d00000000
81020,0x2B0,1388190afe000000
81030,0x200,12f0004d00000000
81040,0x200,12e8004d00000000
81040,0x2B0,1388190af5000000
81050,0x200,12e0004d00000000
81050,0x220,0af0036300000000
81060,0x200,12d8004d00000000
81060,0x2B0,1388190aeb000000
81070,0x200,12d0004d00000000
81080,0x200,12c7004d00000000
81080,0x2B0,1388190ae2000000
81090,0x200,12bf004d00000000
81100,0x200,12b7004d00000000
81100,0x220,0ad8036300000000
81100,0x2B0,1388190ad8000000
81110,0x200,12af004d00000000
81120,0x200,12a7004d00000000
81120,0x2B0,1388190ace000000
81130,0x200,129f004d00000000
81140,0x200,1297004d00000000
81140,0x2B0,1388190ac5000000
81150,0x200,128f004d00000000
81150,0x220,0ac0036300000000
81160,0x200,1287004d00000000
81160,0x2B0,1388190abb000000
81170,0x200,127f004d00000000
81180,0x200,1277004d00000000
81180,0x2B0,1388190ab2000000
81190,0x200,126f004d00000000
81200,0x200,1267004d00000000
81200,0x220,0aa8036300000000
81200,0x2B0,1388190aa8000000
81210,0x200,125f004d00000000
81220,0x200,1257004d00000000
81220,0x2B0,1388190a9f000000
81230,0x200,124f004d00000000
81240,0x200,1247004d00000000
81240,0x2B0,1388190a95000000
81250,0x200,123f004d00000000
81250,0x220,0a90036300000000
81260,0x200,1236004d00000000
81260,0x2B0,1388190a8b000000
81270,0x200,122e004d00000000
81280,0x200,1226004d00000000
81280,0x2B0,1388190a82000000
81290,0x200,121e004d00000000
81300,0x200,1216004d00000000
81300,0x220,0a78036300000000
81300,0x2B0,1388190a78000000
81310,0x200,120e004d00000000
81320,0x200,1206004d00000000
81320,0x2B0,1388190a6f000000
81330,0x200,11fe004d00000000
81340,0x200,11f6004d00000000
81340,0x2B0,1388190a65000000
81350,0x200,11ee004d00000000
81350,0x220,0a60036300000000
81360,0x200,11e6004d00000000
81360,0x2B0,1388190a5c000000
81370,0x200,11de004d00000000
81380,0x200,11d6004d00000000
81380,0x2B0,1388190a52000000
81390,0x200,11ce004d00000000
81400,0x200,11c6004d00000000
81400,0x220,0a49036300000000
81400,0x2B0,1388190a49000000
81410,0x200,11be004d00000000
81420,0x200,11b6004d00000000
81420,0x2B0,1388190a3f000000
81430,0x200,11ae004d00000000
81440,0x200,11a6004d00000000
81440,0x2B0,1388190a35000000
81450,0x200,119e004d00000000
81450,0x220,0a31036300000000
81460,0x200,1195004d00000000
81460,0x2B0,1388190a2c000000
81470,0x200,118d004d00000000
81480,0x200,1185004d00000000
81480,0x2B0,1388190a22000000
81490,0x200,117d004d00000000
81500,0x200,1175004d00000000
81500,0x220,0a19036300000000
81500,0x2B0,1388190a19000000
81510,0x200,116d004d00000000
81520,0x200,1165004d00000000
81520,0x2B0,1388190a0f000000
81530,0x200,115d004d00000000
81540,0x200,1155004d00000000
81540,0x2B0,1388190a06000000
81550,0x200,114d004d00000000
81550,0x220,0a01036300000000
81560,0x200,1145004d00000000
81560,0x2B0,13881909fc000000
81570,0x200,113d004d00000000
81580,0x200,1135004d00000000
81580,0x2B0,13881909f3000000
81590,0x200,112d004d00000000
81600,0x200,1125004d00000000
81600,0x220,09e9036300000000
81600,0x2B0,13881909e9000000
81610,0x200,111d004d00000000
81620,0x200,1115004d00000000
81620,0x2B0,13881909df000000
81630,0x200,110d004d00000000
81640,0x200,1105004d00000000
81640,0x2B0,13881909d6000000
81650,0x200,10fd004d00000000
81650,0x220,09d1036300000000
81660,0x200,10f5004d00000000
81660,0x2B0,13881909cc000000
81670,0x200,10ed004d00000000
81680,0x200,10e5004d00000000
81680,0x2B0,13881909c3000000
81690,0x200,10dc004d00000000
81700,0x200,10d4004d00000000
81700,0x220,09b9036300000000
81700,0x2B0,13881909b9000000
81710,0x200,10cc004d00000000
81720,0x200,10c4004d00000000
81720,0x2B0,13881909b0000000
81730,0x200,10bc004d00000000
81740,0x200,10b4004d00000000
81740,0x2B0,13881909a6000000
81750,0x200,10ac004d00000000
81750,0x220,09a1036300000000
81760,0x200,10a4004d00000000
81760,0x2B0,138819099d000000
81770,0x200,109c004d00000000
81780,0x200,1094004d00000000
81780,0x2B0,1388190993000000
81790,0x200,108c004d00000000
81800,0x200,1084004d00000000
81800,0x220,098a036300000000
81800,0x2B0,138819098a000000
81810,0x200,107c004d00000000
81820,0x200,1074004d00000000
81820,0x2B0,1388190980000000
81830,0x200,106c004d00000000
81840,0x200,1064004d00000000
81840,0x2B0,1388190976000000
81850,0x200,105c004d00000000
81850,0x220,0972036300000000
81860,0x200,1054004d00000000
81860,0x2B0,138819096d000000
81870,0x200,104c004d00000000
81880,0x200,1044004d00000000
81880,0x2B0,1388190963000000
81890,0x200,103c004d00000000
81900,0x200,1034004d00000000
81900,0x220,095a036300000000
81900,0x2B0,138819095a000000
81910,0x200,102c004d00000000
81920,0x200,1024004d00000000
81920,0x2B0,1388190950000000
81930,0x200,101c004d00000000
81940,0x200,1014004d00000000
81940,0x2B0,1388190947000000
81950,0x200,100c004d00000000
81950,0x220,0942036400000000
81960,0x200,1004004d00000000
81960,0x2B0,138819093d000000
81970,0x200,0ffb004d00000000
81980,0x200,0ff3004d00000000
81980,0x2B0,1388190934000000
81990,0x200,0feb004d00000000
82000,0x200,119e004d00000000
82000,0x220,0928031f00000000
82000,0x2B0,1388280928000000
82010,0x200,1334004d00000000
82020,0x200,14ae004d00000000
82020,0x2B0,1388280919000000
82030,0x200,160f004d00000000
82040,0x200,1757004d00000000
82040,0x2B0,138828090b000000
82050,0x200,1889004d00000000
82050,0x220,0904031f00000000
82060,0x200,19a5004d00000000
82060,0x2B0,13882808fc000000
82070,0x200,1aae004d00000000
82080,0x200,1ba4004d00000000
82080,0x2B0,13882808ee000000
82090,0x200,1c88004d00000000
82100,0x200,1d5c004d00000000
82100,0x220,08df031f00000000
82100,0x2B0,1f402808df000000
82110,0x200,1e20004d00000000
82120,0x200,1ed6004d00000000
82120,0x2B0,1f402808d1000000
82130,0x200,1f7f004d00000000
82140,0x200,201b004d00000000
82140,0x2B0,1f402808c3000000
82150,0x200,20ab004d00000000
82150,0x220,08bb031f00000000
82160,0x200,2130004d00000000
82160,0x2B0,1f402808b4000000
82170,0x200,21aa004d00000000
82180,0x200,221b004d00000000
82180,0x2B0,1f402808a6000000
82190,0x200,2283004d00000000
82200,0x200,22e1004d00000000
82200,0x220,0897031f00000000
82200,0x2B0,1f40280897000000
82210,0x200,2338004d00000000
82220,0x200,2388004d00000000
82220,0x2B0,1f40280889000000
82230,0x200,23d0004d00000000
82240,0x200,2411004d00000000
82240,0x2B0,1f4028087a000000
82250,0x200,244d004d00000000
82250,0x220,0873032000000000
82260,0x200,2482004d00000000
82260,0x2B0,1f4028086c000000
82270,0x200,24b2004d00000000
82280,0x200,24dd004d00000000
82280,0x2B0,1f4028085e000000
82290,0x200,2503004d00000000
82300,0x200,2524004d00000000
82300,0x220,084f032000000000
82300,0x2B0,1f4028084f000000
82310,0x200,2542004d00000000
82320,0x200,255b004d00000000
82320,0x2B0,1f40280841000000
82330,0x200,2570004d00000000
82340,0x200,2582004d00000000
82340,0x2B0,1f40280832000000
82350,0x200,2591004d00000000
82350,0x220,082b032000000000
82360,0x200,259d004d00000000
82360,0x2B0,1f40280824000000
82370,0x200,25a6004d00000000
82380,0x200,25ac004d00000000
82380,0x2B0,1f40280815000000
82390,0x200,25b0004d00000000
82400,0x200,25b1004d00000000
82400,0x220,0807032000000000
82400,0x2B0,1f40280807000000
82410,0x200,25b0004d00000000
82420,0x200,25ad004d00000000
82420,0x2B0,1f402807f9000000
82430,0x200,25a8004d00000000
82440,0x200,25a1004d00000000
82440,0x2B0,1f402807ea000000
82450,0x200,2599004d00000000
82450,0x220,07e3032000000000
82460,0x200,258f004d00000000
82460,0x2B0,1f402807dc000000
82470,0x200,2583004d00000000
82480,0x200,2576004d00000000
82480,0x2B0,1f402807cd000000
82490,0x200,2567004d00000000
82500,0x200,2558004d00000000
82500,0x220,07bf032000000000
82500,0x2B0,1f402807bf000000
82510,0x200,2547004d00000000
82520,0x200,2535004d00000000
82520,0x2B0,1f402807b0000000
82530,0x200,2522004d00000000
82540,0x200,250e004d00000000
82540,0x2B0,1f402807a2000000
82550,0x200,24f9004d00000000
82550,0x220,079b032000000000
82560,0x200,24e4004d00000000
82560,0x2B0,1f40280794000000
82570,0x200,24cd004d00000000
82580,0x200,24b6004d00000000
82580,0x2B0,1f40280785000000
82590,0x200,249e004d00000000
82600,0x200,2486004d00000000
82600,0x220,0777032000000000
82600,0x2B0,1f40280777000000
82610,0x200,246c004d00000000
82620,0x200,2453004d00000000
82620,0x2B0,1f40280768000000
82630,0x200,2438004d00000000
82640,0x200,241d004d00000000
82640,0x2B0,1f4028075a000000
82650,0x200,2402004d00000000
82650,0x220,0753032000000000
82660,0x200,23e6004d00000000
82660,0x2B0,1f4028074c000000
82670,0x200,23ca004d00000000
82680,0x200,23ae004d00000000
82680,0x2B0,1f4028073d000000
82690,0x200,2391004d00000000
82700,0x200,2373004d00000000
82700,0x220,072f032000000000
82700,0x2B0,1f4028072f000000
82710,0x200,2356004d00000000
82720,0x200,2338004d00000000
82720,0x2B0,1f40280720000000
82730,0x200,231a004d00000000
82740,0x200,22fb004d00000000
82740,0x2B0,1f40280712000000
82750,0x200,22dd004d00000000
82750,0x220,070b032000000000
82760,0x200,22be004d00000000
82760,0x2B0,1f40280703000000
82770,0x200,229e004d00000000
82780,0x200,227f004d00000000
82780,0x2B0,1f402806f5000000
82790,0x200,225f004d00000000
82800,0x200,2240004d00000000
82800,0x220,06e7032000000000
82800,0x2B0,1f402806e7000000
82810,0x200,2220004d00000000
82820,0x200,21ff004d00000000
82820,0x2B0,1f402806d8000000
82830,0x200,21df004d00000000
82840,0x200,21bf004d00000000
82840,0x2B0,1f402806ca000000
82850,0x200,219e004d00000000
82850,0x220,06c3032000000000
82860,0x200,217d004d00000000
82860,0x2B0,1f402806bb000000
82870,0x200,215c004d00000000
82880,0x200,213b004d00000000
82880,0x2B0,1f402806ad000000
82890,0x200,211a004d00000000
82900,0x200,20f9004d00000000
82900,0x220,069f032000000000
82900,0x2B0,1f4028069f000000
82910,0x200,20d8004d00000000
82920,0x200,20b6004d00000000
82920,0x2B0,1f40280690000000
82930,0x200,2095004d00000000
82940,0x200,2073004d00000000
82940,0x2B0,1f40280682000000
82950,0x200,2052004d00000000
82950,0x220,067b032000000000
82960,0x200,2030004d00000000
82960,0x2B0,1f40280673000000
82970,0x200,200e004d00000000
82980,0x200,1fec004d00000000
82980,0x2B0,1f40280665000000
82990,0x200,1fca004d00000000
83000,0x200,1fa8004d00000000
83000,0x220,0657032000000000
83000,0x2B0,1f40280657000000
83010,0x200,1f86004d00000000
83020,0x200,1f64004d00000000
83020,0x2B0,1f40280648000000
83030,0x200,1f42004d00000000
83040,0x200,1f20004d00000000
83040,0x2B0,1f4028063a000000
83050,0x200,1efe004d00000000
83050,0x220,0633032000000000
83060,0x200,1edb004d00000000
83060,0x2B0,1f4028062b000000
83070,0x200,1eb9004d00000000
83080,0x200,1e97004d00000000
83080,0x2B0,1f4028061d000000
83090,0x200,1e74004d00000000
83100,0x200,1e52004d00000000
83100,0x220,060f032000000000
83100,0x2B0,1f4028060f000000
83110,0x200,1e2f004d00000000
83120,0x200,1e0c004d00000000
83120,0x2B0,1f40280600000000
83130,0x200,1dea004d00000000
83140,0x200,1dc7004d00000000
83140,0x2B0,1f402805f2000000
83150,0x200,1da5004d00000000
83150,0x220,05eb032000000000
83160,0x200,1d82004d00000000
83160,0x2B0,1f402805e3000000
83170,0x200,1d5f004d00000000
83180,0x200,1d3c004d00000000
83180,0x2B0,1f402805d5000000
83190,0x200,1d19004d00000000
83200,0x200,1cf7004d00000000
83200,0x220,05c7032000000000
83200,0x2B0,1f402805c7000000
83210,0x200,1cd4004d00000000
83220,0x200,1cb1004d00000000
83220,0x2B0,1f402805b8000000
83230,0x200,1c8e004d00000000
83240,0x200,1c6b004d00000000
83240,0x2B0,1f402805aa000000
83250,0x200,1c48004d00000000
83250,0x220,05a3032000000000
83260,0x200,1c25004d00000000
83260,0x2B0,1f4028059b000000
83270,0x200,1c02004d00000000
83280,0x200,1bdf004d00000000
83280,0x2B0,1f4028058d000000
83290,0x200,1bbc004d00000000
83300,0x200,1b99004d00000000
83300,0x220,057f032000000000
83300,0x2B0,1f4028057f000000
83310,0x200,1b75004d00000000
83320,0x200,1b52004d00000000
83320,0x2B0,1f40280570000000
83330,0x200,1b2f004d00000000
83340,0x200,1b0c004d00000000
83340,0x2B0,1f40280562000000
83350,0x200,1ae9004d00000000
83350,0x220,055b032000000000
83360,0x200,1ac5004d00000000
83360,0x2B0,1f40280553000000
83370,0x200,1aa2004d00000000
83380,0x200,1a7f004d00000000
83380,0x2B0,1f40280545000000
83390,0x200,1a5b004d00000000
83400,0x200,1a38004d00000000
83400,0x220,0537032000000000
83400,0x2B0,1f40280537000000
83410,0x200,1a15004d00000000
83420,0x200,19f1004d00000000
83420,0x2B0,1f40280528000000
83430,0x200,19ce004d00000000
83440,0x200,19aa004d00000000
83440,0x2B0,1f4028051a000000
83450,0x200,1987004d00000000
83450,0x220,0513032000000000
83460,0x200,1963004d00000000
83460,0x2B0,1f4028050b000000
83470,0x200,1940004d00000000
83480,0x200,191c004d00000000
83480,0x2B0,1f402804fd000000
83490,0x200,18f9004d00000000
83500,0x200,18d5004d00000000
83500,0x220,04ef032000000000
83500,0x2B0,1f402804ef000000
83510,0x200,18b2004d00000000
83520,0x200,188e004d00000000
83520,0x2B0,1f402804e0000000
83530,0x200,186b004d00000000
83540,0x200,1847004d00000000
83540,0x2B0,1f402804d2000000
83550,0x200,1824004d00000000
83550,0x220,04cb032000000000
83560,0x200,1800004d00000000
83560,0x2B0,1f402804c4000000
83570,0x200,17dc004d00000000
83580,0x200,17b9004d00000000
83580,0x2B0,1f402804b5000000
83590,0x200,1795004d00000000
83600,0x200,1771004d00000000
83600,0x220,04a7032000000000
83600,0x2B0,1f402804a7000000
83610,0x200,174e004d00000000
83620,0x200,172a004d00000000
83620,0x2B0,1f40280498000000
83630,0x200,1706004d00000000
83640,0x200,16e3004d00000000
83640,0x2B0,1f4028048a000000
83650,0x200,16bf004d00000000
83650,0x220,0483032000000000
83660,0x200,169b004d00000000
83660,0x2B0,1f4028047c000000
83670,0x200,1678004d00000000
83680,0x200,1654004d00000000
83680,0x2B0,1f4028046d000000
83690,0x200,1630004d00000000
83700,0x200,160d004d00000000
83700,0x220,045f032000000000
83700,0x2B0,1f4028045f000000
83710,0x200,15e9004d00000000
83720,0x200,15c6004d00000000
83720,0x2B0,1f40280450000000
83730,0x200,15a2004d00000000
83740,0x200,157e004d00000000
83740,0x2B0,1f40280442000000
83750,0x200,155b004d00000000
83750,0x220,043b032000000000
83760,0x200,1537004d00000000
83760,0x2B0,1f40280434000000
83770,0x200,1514004d00000000
83780,0x200,14f0004d00000000
83780,0x2B0,1f40280425000000
83790,0x200,14cd004d00000000
83800,0x200,14a9004d00000000
83800,0x220,0417032000000000
83800,0x2B0,1f40280417000000
83810,0x200,1486004d00000000
83820,0x200,1462004d00000000
83820,0x2B0,1f40280409000000
83830,0x200,143f004d00000000
83840,0x200,141c004d00000000
83840,0x2B0,1f402803fa000000
83850,0x200,13f9004d00000000
83850,0x220,03f3032000000000
83860,0x200,13d5004d00000000
83860,0x2B0,1f402803ec000000
83870,0x200,13b2004d00000000
83880,0x200,138f004d00000000
83880,0x2B0,1f402803dd000000
83890,0x200,136c004d00000000
83900,0x200,1349004d00000000
83900,0x220,03cf032000000000
83900,0x2B0,1f402803cf000000
83910,0x200,1326004d00000000
83920,0x200,1303004d00000000
83920,0x2B0,1f402803c1000000
83930,0x200,12e1004d00000000
83940,0x200,12be004d00000000
83940,0x2B0,1f402803b2000000
83950,0x200,129b004d00000000
83950,0x220,03ab032000000000
83960,0x200,1279004d00000000
83960,0x2B0,1f402803a4000000
83970,0x200,1256004d00000000
83980,0x200,1234004d00000000
83980,0x2B0,1f40280396000000
83990,0x200,1212004d00000000
84000,0x200,11f0004d00000000
84000,0x220,0387032000000000
84000,0x2B0,1f40280387000000
84010,0x200,11ce004d00000000
84020,0x200,11ac004d00000000
84020,0x2B0,1f40280379000000
84030,0x200,118a004d00000000
84040,0x200,1168004d00000000
84040,0x2B0,1f4028036a000000
84050,0x200,1147004d00000000
84050,0x220,0363032000000000
84060,0x200,1125004d00000000
84060,0x2B0,1f4028035c000000
84070,0x200,1104004d00000000
84080,0x200,10e3004d00000000
84080,0x2B0,1f4028034e000000
84090,0x200,10c2004d00000000
84100,0x200,10a1004d00000000
84100,0x220,033f032000000000
84100,0x2B0,1f4028033f000000
84110,0x200,1081004d00000000
84120,0x200,1060004d00000000
84120,0x2B0,1f40280331000000
84130,0x200,1040004d00000000
84140,0x200,1020004d00000000
84140,0x2B0,1f40280323000000
84150,0x200,1000004d00000000
84150,0x220,031b032000000000
84160,0x200,0fe1004d00000000
84160,0x2B0,1f40280314000000
84170,0x200,0fc1004d00000000
84180,0x200,0fa2004d00000000
84180,0x2B0,1f40280306000000
84190,0x200,0f83004d00000000
84200,0x200,0f64004d00000000
84200,0x220,02f7032000000000
84200,0x2B0,1f402802f7000000
84210,0x200,0f46004d00000000
84220,0x200,0f27004d00000000
84220,0x2B0,1f402802e9000000
84230,0x200,0f09004d00000000
84240,0x200,0eec004d00000000
84240,0x2B0,1f402802db000000
84250,0x200,0ece004d00000000
84250,0x220,02d4032000000000
84260,0x200,0eb1004d00000000
84260,0x2B0,1f402802cc000000
84270,0x200,0e94004d00000000
84280,0x200,0e77004d00000000
84280,0x2B0,1f402802be000000
84290,0x200,0e5b004d00000000
84300,0x200,0e3f004d00000000
84300,0x220,02b0032000000000
84300,0x2B0,1f402802b0000000
84310,0x200,0e23004d00000000
84320,0x200,0e09004d00000000
84320,0x2B0,1f402802a1000000
84330,0x200,0df1004d00000000
84340,0x200,0dda004d00000000
84340,0x2B0,1f40280293000000
84350,0x200,0dc4004d00000000
84350,0x220,028c032000000000
84360,0x200,0db0004d00000000
84360,0x2B0,1f40280285000000
84370,0x200,0d9d004d00000000
84380,0x200,0d8b004d00000000
84380,0x2B0,1f40280276000000
84390,0x200,0d7a004d00000000
84400,0x200,0d6b004d00000000
84400,0x220,0268032000000000
84400,0x2B0,1f40280268000000
84410,0x200,0d5c004d00000000
84420,0x200,0d4e004d00000000
84420,0x2B0,1f40280259000000
84430,0x200,0d41004d00000000
84440,0x200,0d35004d00000000
84440,0x2B0,1f4028024b000000
84450,0x200,0d2a004d00000000
84450,0x220,0244032000000000
84460,0x200,0d1f004d00000000
84460,0x2B0,1f4028023d000000
84470,0x200,0d15004d00000000
84480,0x200,0d0c004d00000000
84480,0x2B0,1f4028022e000000
84490,0x200,0d03004d00000000
84500,0x200,0cfb004d00000000
84500,0x220,0220032000000000
84500,0x2B0,1f40280220000000
84510,0x200,0cf3004d00000000
84520,0x200,0cec004d00000000
84520,0x2B0,1f40280212000000
84530,0x200,0ce5004d00000000
84540,0x200,0cdf004d00000000
84540,0x2B0,1f40280203000000
84550,0x200,0cd9004d00000000
84550,0x220,01fc032000000000
84560,0x200,0cd4004d00000000
84560,0x2B0,1f402801f5000000
84570,0x200,0cce004d00000000
84580,0x200,0cc9004d00000000
84580,0x2B0,1f402801e6000000
84590,0x200,0cc5004d00000000
84600,0x200,0cc1004d00000000
84600,0x220,01d8032000000000
84600,0x2B0,1f402801d8000000
84610,0x200,0cbd004d00000000
84620,0x200,0cb9004d00000000
84620,0x2B0,1f402801ca000000
84630,0x200,0cb5004d00000000
84640,0x200,0cb2004d00000000
84640,0x2B0,1f402801bb000000
84650,0x200,0caf004d00000000
84650,0x220,01b4032000000000
84660,0x200,0cac004d00000000
84660,0x2B0,1f402801ad000000
84670,0x200,0ca9004d00000000
84680,0x200,0ca7004d00000000
84680,0x2B0,1f4028019f000000
84690,0x200,0ca4004d00000000
84700,0x200,0ca2004d00000000
84700,0x220,0190032000000000
84700,0x2B0,1f40280190000000
84710,0x200,0ca0004d00000000
84720,0x200,0c9e004d00000000
84720,0x2B0,1f40280182000000
84730,0x200,0c9c004d00000000
84740,0x200,0c9a004d00000000
84740,0x2B0,1f40280174000000
84750,0x200,0c99004d00000000
84750,0x220,016c032000000000
84760,0x200,0c97004d00000000
84760,0x2B0,1f40280165000000
84770,0x200,0c96004d00000000
84780,0x200,0c94004d00000000
84780,0x2B0,1f40280157000000
84790,0x200,0c93004d00000000
84800,0x200,0c92004d00000000
84800,0x220,0148032100000000
84800,0x2B0,1f40280148000000
84810,0x200,0c91004d00000000
84820,0x200,0c90004d00000000
84820,0x2B0,1f4028013a000000
84830,0x200,0c8f004d00000000
84840,0x200,0c8e004d00000000
84840,0x2B0,1f4028012c000000
84850,0x200,0c8d004d00000000
84850,0x220,0125032100000000
84860,0x200,0c8c004d00000000
84860,0x2B0,1f4028011d000000
84870,0x200,0c8b004d00000000
84880,0x200,0c8b004d00000000
84880,0x2B0,1f4028010f000000
84890,0x200,0c8a004d00000000
84900,0x200,0c89004d00000000
84900,0x220,0101032100000000
84900,0x2B0,1f40280101000000
84910,0x200,0c89004d00000000
84920,0x200,0c88004d00000000
84920,0x2B0,1f402800f2000000
84930,0x200,0c88004d00000000
84940,0x200,0c87004d00000000
84940,0x2B0,1f402800e4000000
84950,0x200,0c87004d00000000
84950,0x220,00dd032100000000
84960,0x200,0c86004d00000000
84960,0x2B0,1f402800d6000000
84970,0x200,0c86004d00000000
84980,0x200,0c86004d00000000
84980,0x2B0,1f402800c7000000
84990,0x200,0c85004d00000000
85000,0x200,0c85004d00000000
85000,0x220,00b9032100000000
85000,0x2B0,1f402800b9000000
85010,0x200,0c85004d00000000
85020,0x200,0c84004d00000000
85020,0x2B0,1f402800aa000000
85030,0x200,0c84004d00000000
85040,0x200,0c84004d00000000
85040,0x2B0,1f4028009c000000
85050,0x200,0c84004d00000000
85050,0x220,0095032100000000
85060,0x200,0c83004d00000000
85060,0x2B0,1f4028008e000000
85070,0x200,0c83004d00000000
85080,0x200,0c83004d00000000
85080,0x2B0,1f4028007f000000
85090,0x200,0c83004d00000000
85100,0x200,0c83004d00000000
85100,0x220,0071032100000000
85100,0x2B0,1f40280071000000
85110,0x200,0c82004d00000000
85120,0x200,0c82004d00000000
85120,0x2B0,1f40280063000000
85130,0x200,0c82004d00000000
85140,0x200,0c82004d00000000
85140,0x2B0,1f40280054000000
85150,0x200,0c82004d00000000
85150,0x220,004d032100000000
85160,0x200,0c82004d00000000
85160,0x2B0,1f40280046000000
85170,0x200,0c82004d00000000
85180,0x200,0c82004d00000000
85180,0x2B0,1f40280038000000
85190,0x200,0c81004d00000000
85200,0x200,0c81004d00000000
85200,0x220,0029032100000000
85200,0x2B0,1f40280029000000
85210,0x200,0c81004d00000000
85220,0x200,0c81004d00000000
85220,0x2B0,1f4028001b000000
85230,0x200,0c81004d00000000
85240,0x200,0c81004d00000000
85240,0x2B0,1f4028000c000000
85250,0x200,0c81004d00000000
85250,0x220,0005032100000000
85260,0x200,0c81004d00000000
85260,0x2B0,1f40280000000000
85270,0x200,0c81004d00000000
85280,0x200,0c81004d00000000
85280,0x2B0,1f40280000000000
85290,0x200,0c81004d00000000
85300,0x200,0c81004d00000000
85300,0x220,000003e800000000
85300,0x2B0,1f40280000000000
85310,0x200,0c81004d00000000
85320,0x200,0c81004d00000000
85320,0x2B0,1f40280000000000
85330,0x200,0c81004d00000000
85340,0x200,0c81004d00000000
85340,0x2B0,1f40280000000000
85350,0x200,0c81004d00000000
85350,0x220,000003e800000000
85360,0x200,0c80004d00000000
85360,0x2B0,1f40280000000000
85370,0x200,0c80004d00000000
85380,0x200,0c80004d00000000
85380,0x2B0,1f40280000000000
85390,0x200,0c80004d00000000
85400,0x200,0c80004d00000000
85400,0x220,000003e800000000
85400,0x2B0,1f40280000000000
85410,0x200,0c80004d00000000
85420,0x200,0c80004d00000000
85420,0x2B0,1f40280000000000
85430,0x200,0c80004d00000000
85440,0x200,0c80004d00000000
85440,0x2B0,1f40280000000000
85450,0x200,0c80004d00000000
85450,0x220,000003e800000000
85460,0x200,0c80004d00000000
85460,0x2B0,1f40280000000000
85470,0x200,0c80004d00000000
85480,0x200,0c80004d00000000
85480,0x2B0,1f40280000000000
85490,0x200,0c80004d00000000
85500,0x200,0c80004d00000000
85500,0x220,000003e800000000
85500,0x2B0,1f40280000000000
85510,0x200,0c80004d00000000
85520,0x200,0c80004d00000000
85520,0x2B0,1f40280000000000
85530,0x200,0c80004d00000000
85540,0x200,0c80004d00000000
85540,0x2B0,1f40280000000000
85550,0x200,0c80004d00000000
85550,0x220,000003e800000000
85560,0x200,0c80004d00000000
85560,0x2B0,1f40280000000000
85570,0x200,0c80004d00000000
85580,0x200,0c80004d00000000
85580,0x2B0,1f40280000000000
85590,0x200,0c80004d00000000
85600,0x200,0c80004d00000000
85600,0x220,000003e800000000
85600,0x2B0,1f40280000000000
85610,0x200,0c80004d00000000
85620,0x200,0c80004d00000000
85620,0x2B0,1f40280000000000
85630,0x200,0c80004d00000000
85640,0x200,0c80004d00000000
85640,0x2B0,1f40280000000000
85650,0x200,0c80004d00000000
85650,0x220,000003e800000000
85660,0x200,0c80004d00000000
85660,0x2B0,1f40280000000000
85670,0x200,0c80004d00000000
85680,0x200,0c80004d00000000
85680,0x2B0,1f40280000000000
85690,0x200,0c80004d00000000
85700,0x200,0c80004d00000000
85700,0x220,000003e800000000
85700,0x2B0,1f40280000000000
85710,0x200,0c80004d00000000
85720,0x200,0c80004d00000000
85720,0x2B0,1f40280000000000
85730,0x200,0c80004d00000000
85740,0x200,0c80004d00000000
85740,0x2B0,1f40280000000000
85750,0x200,0c80004d00000000
85750,0x220,000003e800000000
85760,0x200,0c80004d00000000
85760,0x2B0,1f40280000000000
85770,0x200,0c80004d00000000
85780,0x200,0c80004d00000000
85780,0x2B0,1f40280000000000
85790,0x200,0c80004d00000000
85800,0x200,0c80004d00000000
85800,0x220,000003e800000000
85800,0x2B0,1f40280000000000
85810,0x200,0c80004d00000000
85820,0x200,0c80004d00000000
85820,0x2B0,1f40280000000000
85830,0x200,0c80004d00000000
85840,0x200,0c80004d00000000
85840,0x2B0,1f40280000000000
85850,0x200,0c80004d00000000
85850,0x220,000003e800000000
85860,0x200,0c80004d00000000
85860,0x2B0,1f40280000000000
85870,0x200,0c80004d00000000
85880,0x200,0c80004d00000000
85880,0x2B0,1f40280000000000
85890,0x200,0c80004d00000000
85900,0x200,0c80004d00000000
85900,0x220,000003e800000000
85900,0x2B0,1f40280000000000
85910,0x200,0c80004d00000000
85920,0x200,0c80004d00000000
85920,0x2B0,1f40280000000000
85930,0x200,0c80004d00000000
85940,0x200,0c80004d00000000
85940,0x2B0,1f40280000000000
85950,0x200,0c80004d00000000
85950,0x220,000003e800000000
85960,0x200,0c80004d00000000
85960,0x2B0,1f40280000000000
85970,0x200,0c80004d00000000
85980,0x200,0c80004d00000000
85980,0x2B0,1f40280000000000
85990,0x200,0c80004d00000000
86000,0x200,0c80004d00000000
86000,0x220,000003e800000000
86000,0x2B0,1f40280000000000
86010,0x200,0c80004d00000000
86020,0x200,0c80004d00000000
86020,0x2B0,1f40280000000000
86030,0x200,0c80004d00000000
86040,0x200,0c80004d00000000
86040,0x2B0,1f40280000000000
86050,0x200,0c80004d00000000
86050,0x220,000003e800000000
86060,0x200,0c80004d00000000
86060,0x2B0,1f40280000000000
86070,0x200,0c80004d00000000
86080,0x200,0c80004d00000000
86080,0x2B0,1f40280000000000
86090,0x200,0c80004d00000000
86100,0x200,0c80004d00000000
86100,0x220,000003e800000000
86100,0x2B0,1f40280000000000
86110,0x200,0c80004d00000000
86120,0x200,0c80004d00000000
86120,0x2B0,1f40280000000000
86130,0x200,0c80004d00000000
86140,0x200,0c80004d00000000
86140,0x2B0,1f40280000000000
86150,0x200,0c80004d00000000
86150,0x220,000003e800000000
86160,0x200,0c80004d00000000
86160,0x2B0,1f40280000000000
86170,0x200,0c80004d00000000
86180,0x200,0c80004d00000000
86180,0x2B0,1f40280000000000
86190,0x200,0c80004d00000000
86200,0x200,0c80004d00000000
86200,0x220,000003e800000000
86200,0x2B0,1f40280000000000
86210,0x200,0c80004d00000000
86220,0x200,0c80004d00000000
86220,0x2B0,1f40280000000000
86230,0x200,0c80004d00000000
86240,0x200,0c80004d00000000
86240,0x2B0,1f40280000000000
86250,0x200,0c80004d00000000
86250,0x220,000003e800000000
86260,0x200,0c80004d00000000
86260,0x2B0,1f40280000000000
86270,0x200,0c80004d00000000
86280,0x200,0c80004d00000000
86280,0x2B0,1f40280000000000
86290,0x200,0c80004d00000000
86300,0x200,0c80004d00000000
86300,0x220,000003e800000000
86300,0x2B0,1f40280000000000
86310,0x200,0c80004e00000000
86320,0x200,0c80004e00000000
86320,0x2B0,1f40280000000000
86330,0x200,0c80004e00000000
86340,0x200,0c80004e00000000
86340,0x2B0,1f40280000000000
86350,0x200,0c80004e00000000
86350,0x220,000003e800000000
86360,0x200,0c80004e00000000
86360,0x2B0,1f40280000000000
86370,0x200,0c80004e00000000
86380,0x200,0c80004e00000000
86380,0x2B0,1f40280000000000
86390,0x200,0c80004e00000000
86400,0x200,0c80004e00000000
86400,0x220,000003e800000000
86400,0x2B0,1f40280000000000
86410,0x200,0c80004e00000000
86420,0x200,0c80004e00000000
86420,0x2B0,1f40280000000000
86430,0x200,0c80004e00000000
86440,0x200,0c80004e00000000
86440,0x2B0,1f40280000000000
86450,0x200,0c80004e00000000
86450,0x220,000003e800000000
86460,0x200,0c80004e00000000
86460,0x2B0,1f40280000000000
86470,0x200,0c80004e00000000
86480,0x200,0c80004e00000000
86480,0x2B0,1f40280000000000
86490,0x200,0c80004e00000000
86500,0x200,0c80004e00000000
86500,0x220,000003e800000000
86500,0x2B0,1f40280000000000
86510,0x200,0c80004e00000000
86520,0x200,0c80004e00000000
86520,0x2B0,1f40280000000000
86530,0x200,0c80004e00000000
86540,0x200,0c80004e00000000
86540,0x2B0,1f40280000000000
86550,0x200,0c80004e00000000
86550,0x220,000003e800000000
86560,0x200,0c80004e00000000
86560,0x2B0,1f40280000000000
86570,0x200,0c80004e00000000
86580,0x200,0c80004e00000000
86580,0x2B0,1f40280000000000
86590,0x200,0c80004e00000000
86600,0x200,0c80004e00000000
86600,0x220,000003e800000000
86600,0x2B0,1f40280000000000
86610,0x200,0c80004e00000000
86620,0x200,0c80004e00000000
86620,0x2B0,1f40280000000000
86630,0x200,0c80004e00000000
86640,0x200,0c80004e00000000
86640,0x2B0,1f40280000000000
86650,0x200,0c80004e00000000
86650,0x220,000003e800000000
86660,0x200,0c80004e00000000
86660,0x2B0,1f40280000000000
86670,0x200,0c80004e00000000
86680,0x200,0c80004e00000000
86680,0x2B0,1f40280000000000
86690,0x200,0c80004e00000000
86700,0x200,0c80004e00000000
86700,0x220,000003e800000000
86700,0x2B0,1f40280000000000
86710,0x200,0c80004e00000000
86720,0x200,0c80004e00000000
86720,0x2B0,1f40280000000000
86730,0x200,0c80004e00000000
86740,0x200,0c80004e00000000
86740,0x2B0,1f40280000000000
86750,0x200,0c80004e00000000
86750,0x220,000003e800000000
86760,0x200,0c80004e00000000
86760,0x2B0,1f40280000000000
86770,0x200,0c80004e00000000
86780,0x200,0c80004e00000000
86780,0x2B0,1f40280000000000
86790,0x200,0c80004e00000000
86800,0x200,0c80004e00000000
86800,0x220,000003e800000000
86800,0x2B0,1f40280000000000
86810,0x200,0c80004e00000000
86820,0x200,0c80004e00000000
86820,0x2B0,1f40280000000000
86830,0x200,0c80004e00000000
86840,0x200,0c80004e00000000
86840,0x2B0,1f40280000000000
86850,0x200,0c80004e00000000
86850,0x220,000003e800000000
86860,0x200,0c80004e00000000
86860,0x2B0,1f40280000000000
86870,0x200,0c80004e00000000
86880,0x200,0c80004e00000000
86880,0x2B0,1f40280000000000
86890,0x200,0c80004e00000000
86900,0x200,0c80004e00000000
86900,0x220,000003e800000000
86900,0x2B0,1f40280000000000
86910,0x200,0c80004e00000000
86920,0x200,0c80004e00000000
86920,0x2B0,1f40280000000000
86930,0x200,0c80004e00000000
86940,0x200,0c80004e00000000
86940,0x2B0,1f40280000000000
86950,0x200,0c80004e00000000
86950,0x220,000003e800000000
86960,0x200,0c80004e00000000
86960,0x2B0,1f40280000000000
86970,0x200,0c80004e00000000
86980,0x200,0c80004e00000000
86980,0x2B0,1f40280000000000
86990,0x200,0c80004e00000000
87000,0x200,0c80004e00000000
87000,0x220,000003e800000000
87000,0x2B0,1f40280000000000
87010,0x200,0c80004e00000000
87020,0x200,0c80004e00000000
87020,0x2B0,1f40280000000000
87030,0x200,0c80004e00000000
87040,0x200,0c80004e00000000
87040,0x2B0,1f40280000000000
87050,0x200,0c80004e00000000
87050,0x220,000003e800000000
87060,0x200,0c80004e00000000
87060,0x2B0,1f40280000000000
87070,0x200,0c80004e00000000
87080,0x200,0c80004e00000000
87080,0x2B0,1f40280000000000
87090,0x200,0c80004e00000000
87100,0x200,0c80004e00000000
87100,0x220,000003e800000000
87100,0x2B0,1f40280000000000
87110,0x200,0c80004e00000000
87120,0x200,0c80004e00000000
87120,0x2B0,1f40280000000000
87130,0x200,0c80004e00000000
87140,0x200,0c80004e00000000
87140,0x2B0,1f40280000000000
87150,0x200,0c80004e00000000
87150,0x220,000003e800000000
87160,0x200,0c80004e00000000
87160,0x2B0,1f40280000000000
87170,0x200,0c80004e00000000
87180,0x200,0c80004e00000000
87180,0x2B0,1f40280000000000
87190,0x200,0c80004e00000000
87200,0x200,0c80004e00000000
87200,0x220,000003e800000000
87200,0x2B0,1f40280000000000
87210,0x200,0c80004e00000000
87220,0x200,0c80004e00000000
87220,0x2B0,1f40280000000000
87230,0x200,0c80004e00000000
87240,0x200,0c80004e00000000
87240,0x2B0,1f40280000000000
87250,0x200,0c80004e00000000
87250,0x220,000003e800000000
87260,0x200,0c80004e00000000
87260,0x2B0,1f40280000000000
87270,0x200,0c80004e00000000
87280,0x200,0c80004e00000000
87280,0x2B0,1f40280000000000
87290,0x200,0c80004e00000000
87300,0x200,0c80004e00000000
87300,0x220,000003e800000000
87300,0x2B0,1f40280000000000
87310,0x200,0c80004e00000000
87320,0x200,0c80004e00000000
87320,0x2B0,1f40280000000000
87330,0x200,0c80004e00000000
87340,0x200,0c80004e00000000
87340,0x2B0,1f40280000000000
87350,0x200,0c80004e00000000
87350,0x220,000003e800000000
87360,0x200,0c80004e00000000
87360,0x2B0,1f40280000000000
87370,0x200,0c80004e00000000
87380,0x200,0c80004e00000000
87380,0x2B0,1f40280000000000
87390,0x200,0c80004e00000000
87400,0x200,0c80004e00000000
87400,0x220,000003e800000000
87400,0x2B0,1f40280000000000
87410,0x200,0c80004e00000000
87420,0x200,0c80004e00000000
87420,0x2B0,1f40280000000000
87430,0x200,0c80004e00000000
87440,0x200,0c80004e00000000
87440,0x2B0,1f40280000000000
87450,0x200,0c80004e00000000
87450,0x220,000003e800000000
87460,0x200,0c80004e00000000
87460,0x2B0,1f40280000000000
87470,0x200,0c80004e00000000
87480,0x200,0c80004e00000000
87480,0x2B0,1f40280000000000
87490,0x200,0c80004e00000000
87500,0x200,0c80004e00000000
87500,0x220,000003e800000000
87500,0x2B0,1f40280000000000
87510,0x200,0c80004e00000000
87520,0x200,0c80004e00000000
87520,0x2B0,1f40280000000000
87530,0x200,0c80004e00000000
87540,0x200,0c80004e00000000
87540,0x2B0,1f40280000000000
87550,0x200,0c80004e00000000
87550,0x220,000003e800000000
87560,0x200,0c80004e00000000
87560,0x2B0,1f40280000000000
87570,0x200,0c80004e00000000
87580,0x200,0c80004e00000000
87580,0x2B0,1f40280000000000
87590,0x200,0c80004e00000000
87600,0x200,0c80004e00000000
87600,0x220,000003e800000000
87600,0x2B0,1f40280000000000
87610,0x200,0c80004e00000000
87620,0x200,0c80004e00000000
87620,0x2B0,1f40280000000000
87630,0x200,0c80004e00000000
87640,0x200,0c80004e00000000
87640,0x2B0,1f40280000000000
87650,0x200,0c80004e00000000
87650,0x220,000003e800000000
87660,0x200,0c80004e00000000
87660,0x2B0,1f40280000000000
87670,0x200,0c80004e00000000
87680,0x200,0c80004e00000000
87680,0x2B0,1f40280000000000
87690,0x200,0c80004e00000000
87700,0x200,0c80004e00000000
87700,0x220,000003e800000000
87700,0x2B0,1f40280000000000
87710,0x200,0c80004e00000000
87720,0x200,0c80004e00000000
87720,0x2B0,1f40280000000000
87730,0x200,0c80004e00000000
87740,0x200,0c80004e00000000
87740,0x2B0,1f40280000000000
87750,0x200,0c80004e00000000
87750,0x220,000003e800000000
87760,0x200,0c80004e00000000
87760,0x2B0,1f40280000000000
87770,0x200,0c80004e00000000
87780,0x200,0c80004e00000000
87780,0x2B0,1f40280000000000
87790,0x200,0c80004e00000000
87800,0x200,0c80004e00000000
87800,0x220,000003e800000000
87800,0x2B0,1f40280000000000
87810,0x200,0c80004e00000000
87820,0x200,0c80004e00000000
87820,0x2B0,1f40280000000000
87830,0x200,0c80004e00000000
87840,0x200,0c80004e00000000
87840,0x2B0,1f40280000000000
87850,0x200,0c80004e00000000
87850,0x220,000003e800000000
87860,0x200,0c80004e00000000
87860,0x2B0,1f40280000000000
87870,0x200,0c80004e00000000
87880,0x200,0c80004e00000000
87880,0x2B0,1f40280000000000
87890,0x200,0c80004e00000000
87900,0x200,0c80004e00000000
87900,0x220,000003e800000000
87900,0x2B0,1f40280000000000
87910,0x200,0c80004e00000000
87920,0x200,0c80004e00000000
87920,0x2B0,1f40280000000000
87930,0x200,0c80004e00000000
87940,0x200,0c80004e00000000
87940,0x2B0,1f40280000000000
87950,0x200,0c80004e00000000
87950,0x220,000003e800000000
87960,0x200,0c80004e00000000
87960,0x2B0,1f40280000000000
87970,0x200,0c80004e00000000
87980,0x200,0c80004e00000000
87980,0x2B0,1f40280000000000
87990,0x200,0c80004e00000000
88000,0x200,0c80004e00000000
88000,0x220,000003e800000000
88000,0x2B0,1f40280000000000
88010,0x200,0c80004e00000000
88020,0x200,0c80004e00000000
88020,0x2B0,1f40280000000000
88030,0x200,0c80004e00000000
88040,0x200,0c80004e00000000
88040,0x2B0,1f40280000000000
88050,0x200,0c80004e00000000
88050,0x220,000003e800000000
88060,0x200,0c80004e00000000
88060,0x2B0,1f40280000000000
88070,0x200,0c80004e00000000
88080,0x200,0c80004e00000000
88080,0x2B0,1f40280000000000
88090,0x200,0c80004e00000000
88100,0x200,0c80004e00000000
88100,0x220,000003e800000000
88100,0x2B0,1f40280000000000
88110,0x200,0c80004e00000000
88120,0x200,0c80004e00000000
88120,0x2B0,1f40280000000000
88130,0x200,0c80004e00000000
88140,0x200,0c80004e00000000
88140,0x2B0,1f40280000000000
88150,0x200,0c80004e00000000
88150,0x220,000003e800000000
88160,0x200,0c80004e00000000
88160,0x2B0,1f40280000000000
88170,0x200,0c80004e00000000
88180,0x200,0c80004e00000000
88180,0x2B0,1f40280000000000
88190,0x200,0c80004e00000000
88200,0x200,0c80004e00000000
88200,0x220,000003e800000000
88200,0x2B0,1f40280000000000
88210,0x200,0c80004e00000000
88220,0x200,0c80004e00000000
88220,0x2B0,1f40280000000000
88230,0x200,0c80004e00000000
88240,0x200,0c80004e00000000
88240,0x2B0,1f40280000000000
88250,0x200,0c80004e00000000
88250,0x220,000003e800000000
88260,0x200,0c80004e00000000
88260,0x2B0,1f40280000000000
88270,0x200,0c80004e00000000
88280,0x200,0c80004e00000000
88280,0x2B0,1f40280000000000
88290,0x200,0c80004e00000000
88300,0x200,0c80004e00000000
88300,0x220,000003e800000000
88300,0x2B0,1f40280000000000
88310,0x200,0c80004e00000000
88320,0x200,0c80004e00000000
88320,0x2B0,1f40280000000000
88330,0x200,0c80004e00000000
88340,0x200,0c80004e00000000
88340,0x2B0,1f40280000000000
88350,0x200,0c80004e00000000
88350,0x220,000003e800000000
88360,0x200,0c80004e00000000
88360,0x2B0,1f40280000000000
88370,0x200,0c80004e00000000
88380,0x200,0c80004e00000000
88380,0x2B0,1f40280000000000
88390,0x200,0c80004e00000000
88400,0x200,0c80004e00000000
88400,0x220,000003e800000000
88400,0x2B0,1f40280000000000
88410,0x200,0c80004e00000000
88420,0x200,0c80004e00000000
88420,0x2B0,1f40280000000000
88430,0x200,0c80004e00000000
88440,0x200,0c80004e00000000
88440,0x2B0,1f40280000000000
88450,0x200,0c80004e00000000
88450,0x220,000003e800000000
88460,0x200,0c80004e00000000
88460,0x2B0,1f40280000000000
88470,0x200,0c80004e00000000
88480,0x200,0c80004e00000000
88480,0x2B0,1f40280000000000
88490,0x200,0c80004e00000000
88500,0x200,0c80004e00000000
88500,0x220,000003e800000000
88500,0x2B0,1f40280000000000
88510,0x200,0c80004e00000000
88520,0x200,0c80004e00000000
88520,0x2B0,1f40280000000000
88530,0x200,0c80004e00000000
88540,0x200,0c80004e00000000
88540,0x2B0,1f40280000000000
88550,0x200,0c80004e00000000
88550,0x220,000003e800000000
88560,0x200,0c80004e00000000
88560,0x2B0,1f40280000000000
88570,0x200,0c80004e00000000
88580,0x200,0c80004e00000000
88580,0x2B0,1f40280000000000
88590,0x200,0c80004e00000000
88600,0x200,0c80004e00000000
88600,0x220,000003e800000000
88600,0x2B0,1f40280000000000
88610,0x200,0c80004e00000000
88620,0x200,0c80004e00000000
88620,0x2B0,1f40280000000000
88630,0x200,0c80004e00000000
88640,0x200,0c80004e00000000
88640,0x2B0,1f40280000000000
88650,0x200,0c80004e00000000
88650,0x220,000003e800000000
88660,0x200,0c80004e00000000
88660,0x2B0,1f40280000000000
88670,0x200,0c80004e00000000
88680,0x200,0c80004e00000000
88680,0x2B0,1f40280000000000
88690,0x200,0c80004e00000000
88700,0x200,0c80004e00000000
88700,0x220,000003e800000000
88700,0x2B0,1f40280000000000
88710,0x200,0c80004e00000000
88720,0x200,0c80004e00000000
88720,0x2B0,1f40280000000000
88730,0x200,0c80004e00000000
88740,0x200,0c80004e00000000
88740,0x2B0,1f40280000000000
88750,0x200,0c80004e00000000
88750,0x220,000003e800000000
88760,0x200,0c80004e00000000
88760,0x2B0,1f40280000000000
88770,0x200,0c80004e00000000
88780,0x200,0c80004e00000000
88780,0x2B0,1f40280000000000
88790,0x200,0c80004e00000000
88800,0x200,0c80004e00000000
88800,0x220,000003e800000000
88800,0x2B0,1f40280000000000
88810,0x200,0c80004e00000000
88820,0x200,0c80004e00000000
88820,0x2B0,1f40280000000000
88830,0x200,0c80004e00000000
88840,0x200,0c80004e00000000
88840,0x2B0,1f40280000000000
88850,0x200,0c80004e00000000
88850,0x220,000003e800000000
88860,0x200,0c80004e00000000
88860,0x2B0,1f40280000000000
88870,0x200,0c80004e00000000
88880,0x200,0c80004e00000000
88880,0x2B0,1f40280000000000
88890,0x200,0c80004e00000000
88900,0x200,0c80004e00000000
88900,0x220,000003e800000000
88900,0x2B0,1f40280000000000
88910,0x200,0c80004e00000000
88920,0x200,0c80004e00000000
88920,0x2B0,1f40280000000000
88930,0x200,0c80004e00000000
88940,0x200,0c80004e00000000
88940,0x2B0,1f40280000000000
88950,0x200,0c80004e00000000
88950,0x220,000003e800000000
88960,0x200,0c80004e00000000
88960,0x2B0,1f40280000000000
88970,0x200,0c80004e00000000
88980,0x200,0c80004e00000000
88980,0x2B0,1f40280000000000
88990,0x200,0c80004e00000000
89000,0x200,0c80004e00000000
89000,0x220,000003e800000000
89000,0x2B0,1f40280000000000
89010,0x200,0c80004e00000000
89020,0x200,0c80004e00000000
89020,0x2B0,1f40280000000000
89030,0x200,0c80004e00000000
89040,0x200,0c80004e00000000
89040,0x2B0,1f40280000000000
89050,0x200,0c80004e00000000
89050,0x220,000003e800000000
89060,0x200,0c80004e00000000
89060,0x2B0,1f40280000000000
89070,0x200,0c80004e00000000
89080,0x200,0c80004e00000000
89080,0x2B0,1f40280000000000
89090,0x200,0c80004e00000000
89100,0x200,0c80004e00000000
89100,0x220,000003e800000000
89100,0x2B0,1f40280000000000
89110,0x200,0c80004e00000000
89120,0x200,0c80004e00000000
89120,0x2B0,1f40280000000000
89130,0x200,0c80004e00000000
89140,0x200,0c80004e00000000
89140,0x2B0,1f40280000000000
89150,0x200,0c80004e00000000
89150,0x220,000003e800000000
89160,0x200,0c80004e00000000
89160,0x2B0,1f40280000000000
89170,0x200,0c80004e00000000
89180,0x200,0c80004e00000000
89180,0x2B0,1f40280000000000
89190,0x200,0c80004e00000000
89200,0x200,0c80004e00000000
89200,0x220,000003e800000000
89200,0x2B0,1f40280000000000
89210,0x200,0c80004e00000000
89220,0x200,0c80004e00000000
89220,0x2B0,1f40280000000000
89230,0x200,0c80004e00000000
89240,0x200,0c80004e00000000
89240,0x2B0,1f40280000000000
89250,0x200,0c80004e00000000
89250,0x220,000003e800000000
89260,0x200,0c80004e00000000
89260,0x2B0,1f40280000000000
89270,0x200,0c80004e00000000
89280,0x200,0c80004e00000000
89280,0x2B0,1f40280000000000
89290,0x200,0c80004e00000000
89300,0x200,0c80004e00000000
89300,0x220,000003e800000000
89300,0x2B0,1f40280000000000
89310,0x200,0c80004e00000000
89320,0x200,0c80004e00000000
89320,0x2B0,1f40280000000000
89330,0x200,0c80004e00000000
89340,0x200,0c80004e00000000
89340,0x2B0,1f40280000000000
89350,0x200,0c80004e00000000
89350,0x220,000003e800000000
89360,0x200,0c80004e00000000
89360,0x2B0,1f40280000000000
89370,0x200,0c80004e00000000
89380,0x200,0c80004e00000000
89380,0x2B0,1f40280000000000
89390,0x200,0c80004e00000000
89400,0x200,0c80004e00000000
89400,0x220,000003e800000000
89400,0x2B0,1f40280000000000
89410,0x200,0c80004e00000000
89420,0x200,0c80004e00000000
89420,0x2B0,1f40280000000000
89430,0x200,0c80004e00000000
89440,0x200,0c80004e00000000
89440,0x2B0,1f40280000000000
89450,0x200,0c80004e00000000
89450,0x220,000003e800000000
89460,0x200,0c80004e00000000
89460,0x2B0,1f40280000000000
89470,0x200,0c80004e00000000
89480,0x200,0c80004e00000000
89480,0x2B0,1f40280000000000
89490,0x200,0c80004e00000000
89500,0x200,0c80004e00000000
89500,0x220,000003e800000000
89500,0x2B0,1f40280000000000
89510,0x200,0c80004e00000000
89520,0x200,0c80004e00000000
89520,0x2B0,1f40280000000000
89530,0x200,0c80004e00000000
89540,0x200,0c80004e00000000
89540,0x2B0,1f40280000000000
89550,0x200,0c80004e00000000
89550,0x220,000003e800000000
89560,0x200,0c80004e00000000
89560,0x2B0,1f40280000000000
89570,0x200,0c80004e00000000
89580,0x200,0c80004e00000000
89580,0x2B0,1f40280000000000
89590,0x200,0c80004e00000000
89600,0x200,0c80004e00000000
89600,0x220,000003e800000000
89600,0x2B0,1f40280000000000
89610,0x200,0c80004e00000000
89620,0x200,0c80004e00000000
89620,0x2B0,1f40280000000000
89630,0x200,0c80004e00000000
89640,0x200,0c80004e00000000
89640,0x2B0,1f40280000000000
89650,0x200,0c80004e00000000
89650,0x220,000003e800000000
89660,0x200,0c80004e00000000
89660,0x2B0,1f40280000000000
89670,0x200,0c80004e00000000
89680,0x200,0c80004e00000000
89680,0x2B0,1f40280000000000
89690,0x200,0c80004e00000000
89700,0x200,0c80004e00000000
89700,0x220,000003e800000000
89700,0x2B0,1f40280000000000
89710,0x200,0c80004e00000000
89720,0x200,0c80004e00000000
89720,0x2B0,1f40280000000000
89730,0x200,0c80004e00000000
89740,0x200,0c80004e00000000
89740,0x2B0,1f40280000000000
89750,0x200,0c80004e00000000
89750,0x220,000003e800000000
89760,0x200,0c80004e00000000
89760,0x2B0,1f40280000000000
89770,0x200,0c80004e00000000
89780,0x200,0c80004e00000000
89780,0x2B0,1f40280000000000
89790,0x200,0c80004e00000000
89800,0x200,0c80004e00000000
89800,0x220,000003e800000000
89800,0x2B0,1f40280000000000
89810,0x200,0c80004e00000000
89820,0x200,0c80004e00000000
89820,0x2B0,1f40280000000000
89830,0x200,0c80004e00000000
89840,0x200,0c80004e00000000
89840,0x2B0,1f40280000000000
89850,0x200,0c80004e00000000
89850,0x220,000003e800000000
89860,0x200,0c80004e00000000
89860,0x2B0,1f40280000000000
89870,0x200,0c80004e00000000
89880,0x200,0c80004e00000000
89880,0x2B0,1f40280000000000
89890,0x200,0c80004e00000000
89900,0x200,0c80004e00000000
89900,0x220,000003e800000000
89900,0x2B0,1f40280000000000
89910,0x200,0c80004e00000000
89920,0x200,0c80004e00000000
89920,0x2B0,1f40280000000000
89930,0x200,0c80004e00000000
89940,0x200,0c80004e00000000
89940,0x2B0,1f40280000000000
89950,0x200,0c80004e00000000
89950,0x220,000003e800000000
89960,0x200,0c80004e00000000
89960,0x2B0,1f40280000000000
89970,0x200,0c80004e00000000
89980,0x200,0c80004e00000000
89980,0x2B0,1f40280000000000
89990,0x200,0c80004e00000000
