timestamp_ms,can_id,payload_hex
0,0x100,0c80003c00000000
0,0x120,000003e800000000
0,0x1A0,0000000000000000
10,0x100,0c80003c00000000
20,0x100,0c80003c00000000
20,0x1A0,0000000000000000
30,0x100,0c80003c00000000
40,0x100,0c80003c00000000
40,0x1A0,0000000000000000
50,0x100,0c80003c00000000
50,0x120,000003e800000000
60,0x100,0c80003c00000000
60,0x1A0,0000000000000000
70,0x100,0c80003c00000000
80,0x100,0c80003c00000000
80,0x1A0,0000000000000000
90,0x100,0c80003c00000000
100,0x100,0c80003c00000000
100,0x120,000003e800000000
100,0x1A0,0000000000000000
110,0x100,0c80003c00000000
120,0x100,0c80003c00000000
120,0x1A0,0000000000000000
130,0x100,0c80003c00000000
140,0x100,0c80003c00000000
140,0x1A0,0000000000000000
150,0x100,0c80003c00000000
150,0x120,000003e800000000
160,0x100,0c80003c00000000
160,0x1A0,0000000000000000
170,0x100,0c80003c00000000
180,0x100,0c80003c00000000
180,0x1A0,0000000000000000
190,0x100,0c80003c00000000
200,0x100,0c80003c00000000
200,0x120,000003e800000000
200,0x1A0,0000000000000000
210,0x100,0c80003c00000000
220,0x100,0c80003c00000000
220,0x1A0,0000000000000000
230,0x100,0c80003c00000000
240,0x100,0c80003c00000000
240,0x1A0,0000000000000000
250,0x100,0c80003c00000000
250,0x120,000003e800000000
260,0x100,0c80003c00000000
260,0x1A0,0000000000000000
270,0x100,0c80003c00000000
280,0x100,0c80003c00000000
280,0x1A0,0000000000000000
290,0x100,0c80003c00000000
300,0x100,0c80003c00000000
300,0x120,000003e800000000
300,0x1A0,0000000000000000
310,0x100,0c80003c00000000
320,0x100,0c80003c00000000
320,0x1A0,0000000000000000
330,0x100,0c80003c00000000
340,0x100,0c80003c00000000
340,0x1A0,0000000000000000
350,0x100,0c80003c00000000
350,0x120,000003e800000000
360,0x100,0c80003c00000000
360,0x1A0,0000000000000000
370,0x100,0c80003c00000000
380,0x100,0c80003c00000000
380,0x1A0,0000000000000000
390,0x100,0c80003c00000000
400,0x100,0c80003c00000000
400,0x120,000003e800000000
400,0x1A0,0000000000000000
410,0x100,0c80003c00000000
420,0x100,0c80003c00000000
420,0x1A0,0000000000000000
430,0x100,0c80003c00000000
440,0x100,0c80003c00000000
440,0x1A0,0000000000000000
450,0x100,0c80003c00000000
450,0x120,000003e800000000
460,0x100,0c80003c00000000
460,0x1A0,0000000000000000
470,0x100,0c80003c00000000
480,0x100,0c80003c00000000
480,0x1A0,0000000000000000
490,0x100,0c80003c00000000
500,0x100,0c80003c00000000
500,0x120,000003e800000000
500,0x1A0,0000000000000000
510,0x100,0c80003c00000000
520,0x100,0c80003c00000000
520,0x1A0,0000000000000000
530,0x100,0c80003c00000000
540,0x100,0c80003c00000000
540,0x1A0,0000000000000000
550,0x100,0c80003c00000000
550,0x120,000003e800000000
560,0x100,0c80003c00000000
560,0x1A0,0000000000000000
570,0x100,0c80003c00000000
580,0x100,0c80003c00000000
580,0x1A0,0000000000000000
590,0x100,0c80003c00000000
600,0x100,0c80003c00000000
600,0x120,000003e800000000
600,0x1A0,0000000000000000
610,0x100,0c80003c00000000
620,0x100,0c80003c00000000
620,0x1A0,0000000000000000
630,0x100,0c80003c00000000
640,0x100,0c80003c00000000
640,0x1A0,0000000000000000
650,0x100,0c80003c00000000
650,0x120,000003e800000000
660,0x100,0c80003c00000000
660,0x1A0,0000000000000000
670,0x100,0c80003c00000000
680,0x100,0c80003c00000000
680,0x1A0,0000000000000000
690,0x100,0c80003c00000000
700,0x100,0c80003c00000000
700,0x120,000003e800000000
700,0x1A0,0000000000000000
710,0x100,0c80003c00000000
720,0x100,0c80003c00000000
720,0x1A0,0000000000000000
730,0x100,0c80003c00000000
740,0x100,0c80003c00000000
740,0x1A0,0000000000000000
750,0x100,0c80003c00000000
750,0x120,000003e800000000
760,0x100,0c80003c00000000
760,0x1A0,0000000000000000
770,0x100,0c80003c00000000
780,0x100,0c80003c00000000
780,0x1A0,0000000000000000
790,0x100,0c80003c00000000
800,0x100,0c80003c00000000
800,0x120,000003e800000000
800,0x1A0,0000000000000000
810,0x100,0c80003c00000000
820,0x100,0c80003c00000000
820,0x1A0,0000000000000000
830,0x100,0c80003c00000000
840,0x100,0c80003c00000000
840,0x1A0,0000000000000000
850,0x100,0c80003c00000000
850,0x120,000003e800000000
860,0x100,0c80003c00000000
860,0x1A0,0000000000000000
870,0x100,0c80003c00000000
880,0x100,0c80003c00000000
880,0x1A0,0000000000000000
890,0x100,0c80003c00000000
900,0x100,0c80003c00000000
900,0x120,000003e800000000
900,0x1A0,0000000000000000
910,0x100,0c80003c00000000
920,0x100,0c80003c00000000
920,0x1A0,0000000000000000
930,0x100,0c80003c00000000
940,0x100,0c80003c00000000
940,0x1A0,0000000000000000
950,0x100,0c80003c00000000
950,0x120,000003e800000000
960,0x100,0c80003c00000000
960,0x1A0,0000000000000000
970,0x100,0c80003c00000000
980,0x100,0c80003c00000000
980,0x1A0,0000000000000000
990,0x100,0c80003c00000000
1000,0x100,0c80003c00000000
1000,0x120,000003e800000000
1000,0x1A0,0000000000000000
1010,0x100,0c80003c00000000
1020,0x100,0c80003c00000000
1020,0x1A0,0000000000000000
1030,0x100,0c80003c00000000
1040,0x100,0c80003c00000000
1040,0x1A0,0000000000000000
1050,0x100,0c80003c00000000
1050,0x120,000003e800000000
1060,0x100,0c80003c00000000
1060,0x1A0,0000000000000000
1070,0x100,0c80003c00000000
1080,0x100,0c80003c00000000
1080,0x1A0,0000000000000000
1090,0x100,0c80003c00000000
1100,0x100,0c80003c00000000
1100,0x120,000003e800000000
1100,0x1A0,0000000000000000
1110,0x100,0c80003c00000000
1120,0x100,0c80003c00000000
1120,0x1A0,0000000000000000
1130,0x100,0c80003c00000000
1140,0x100,0c80003c00000000
1140,0x1A0,0000000000000000
1150,0x100,0c80003c00000000
1150,0x120,000003e800000000
1160,0x100,0c80003c00000000
1160,0x1A0,0000000000000000
1170,0x100,0c80003c00000000
1180,0x100,0c80003c00000000
1180,0x1A0,0000000000000000
1190,0x100,0c80003c00000000
1200,0x100,0c80003c00000000
1200,0x120,000003e800000000
1200,0x1A0,0000000000000000
1210,0x100,0c80003c00000000
1220,0x100,0c80003c00000000
1220,0x1A0,0000000000000000
1230,0x100,0c80003c00000000
1240,0x100,0c80003c00000000
1240,0x1A0,0000000000000000
1250,0x100,0c80003c00000000
1250,0x120,000003e800000000
1260,0x100,0c80003c00000000
1260,0x1A0,0000000000000000
1270,0x100,0c80003c00000000
1280,0x100,0c80003c00000000
1280,0x1A0,0000000000000000
1290,0x100,0c80003c00000000
1300,0x100,0c80003c00000000
1300,0x120,000003e800000000
1300,0x1A0,0000000000000000
1310,0x100,0c80003c00000000
1320,0x100,0c80003c00000000
1320,0x1A0,0000000000000000
1330,0x100,0c80003c00000000
1340,0x100,0c80003c00000000
1340,0x1A0,0000000000000000
1350,0x100,0c80003c00000000
1350,0x120,000003e800000000
1360,0x100,0c80003c00000000
1360,0x1A0,0000000000000000
1370,0x100,0c80003c00000000
1380,0x100,0c80003c00000000
1380,0x1A0,0000000000000000
1390,0x100,0c80003c00000000
1400,0x100,0c80003c00000000
1400,0x120,000003e800000000
1400,0x1A0,0000000000000000
1410,0x100,0c80003c00000000
1420,0x100,0c80003c00000000
1420,0x1A0,0000000000000000
1430,0x100,0c80003c00000000
1440,0x100,0c80003c00000000
1440,0x1A0,0000000000000000
1450,0x100,0c80003c00000000
1450,0x120,000003e800000000
1460,0x100,0c80003c00000000
1460,0x1A0,0000000000000000
1470,0x100,0c80003c00000000
1480,0x100,0c80003c00000000
1480,0x1A0,0000000000000000
1490,0x100,0c80003c00000000
1500,0x100,0c80003c00000000
1500,0x120,000003e800000000
1500,0x1A0,0000000000000000
1510,0x100,0c80003c00000000
1520,0x100,0c80003c00000000
1520,0x1A0,0000000000000000
1530,0x100,0c80003c00000000
1540,0x100,0c80003c00000000
1540,0x1A0,0000000000000000
1550,0x100,0c80003c00000000
1550,0x120,000003e800000000
1560,0x100,0c80003c00000000
1560,0x1A0,0000000000000000
1570,0x100,0c80003c00000000
1580,0x100,0c80003c00000000
1580,0x1A0,0000000000000000
1590,0x100,0c80003c00000000
1600,0x100,0c80003c00000000
1600,0x120,000003e800000000
1600,0x1A0,0000000000000000
1610,0x100,0c80003c00000000
1620,0x100,0c80003c00000000
1620,0x1A0,0000000000000000
1630,0x100,0c80003c00000000
1640,0x100,0c80003c00000000
1640,0x1A0,0000000000000000
1650,0x100,0c80003c00000000
1650,0x120,000003e800000000
1660,0x100,0c80003c00000000
1660,0x1A0,0000000000000000
1670,0x100,0c80003c00000000
1680,0x100,0c80003c00000000
1680,0x1A0,0000000000000000
1690,0x100,0c80003c00000000
1700,0x100,0c80003c00000000
1700,0x120,000003e800000000
1700,0x1A0,0000000000000000
1710,0x100,0c80003c00000000
1720,0x100,0c80003c00000000
1720,0x1A0,0000000000000000
1730,0x100,0c80003c00000000
1740,0x100,0c80003c00000000
1740,0x1A0,0000000000000000
1750,0x100,0c80003c00000000
1750,0x120,000003e800000000
1760,0x100,0c80003c00000000
1760,0x1A0,0000000000000000
1770,0x100,0c80003c00000000
1780,0x100,0c80003c00000000
1780,0x1A0,0000000000000000
1790,0x100,0c80003c00000000
1800,0x100,0c80003c00000000
1800,0x120,000003e800000000
1800,0x1A0,0000000000000000
1810,0x100,0c80003c00000000
1820,0x100,0c80003c00000000
1820,0x1A0,0000000000000000
1830,0x100,0c80003c00000000
1840,0x100,0c80003c00000000
1840,0x1A0,0000000000000000
1850,0x100,0c80003c00000000
1850,0x120,000003e800000000
1860,0x100,0c80003c00000000
1860,0x1A0,0000000000000000
1870,0x100,0c80003c00000000
1880,0x100,0c80003c00000000
1880,0x1A0,0000000000000000
1890,0x100,0c80003c00000000
1900,0x100,0c80003c00000000
1900,0x120,000003e800000000
1900,0x1A0,0000000000000000
1910,0x100,0c80003c00000000
1920,0x100,0c80003c00000000
1920,0x1A0,0000000000000000
1930,0x100,0c80003c00000000
1940,0x100,0c80003c00000000
1940,0x1A0,0000000000000000
1950,0x100,0c80003c00000000
1950,0x120,000003e800000000
1960,0x100,0c80003c00000000
1960,0x1A0,0000000000000000
1970,0x100,0c80003c00000000
1980,0x100,0c80003c00000000
1980,0x1A0,0000000000000000
1990,0x100,0c80003c00000000
2000,0x100,0c80003c00000000
2000,0x120,000003e800000000
2000,0x1A0,0000000000000000
2010,0x100,0c80003c00000000
2020,0x100,0c80003c00000000
2020,0x1A0,0000000000000000
2030,0x100,0c80003c00000000
2040,0x100,0c80003c00000000
2040,0x1A0,0000000000000000
2050,0x100,0c80003c00000000
2050,0x120,000003e800000000
2060,0x100,0c80003c00000000
2060,0x1A0,0000000000000000
2070,0x100,0c80003c00000000
2080,0x100,0c80003c00000000
2080,0x1A0,0000000000000000
2090,0x100,0c80003c00000000
2100,0x100,0c80003c00000000
2100,0x120,000003e800000000
2100,0x1A0,0000000000000000
2110,0x100,0c80003c00000000
2120,0x100,0c80003c00000000
2120,0x1A0,0000000000000000
2130,0x100,0c80003c00000000
2140,0x100,0c80003c00000000
2140,0x1A0,0000000000000000
2150,0x100,0c80003c00000000
2150,0x120,000003e800000000
2160,0x100,0c80003d00000000
2160,0x1A0,0000000000000000
2170,0x100,0c80003d00000000
2180,0x100,0c80003d00000000
2180,0x1A0,0000000000000000
2190,0x100,0c80003d00000000
2200,0x100,0c80003d00000000
2200,0x120,000003e800000000
2200,0x1A0,0000000000000000
2210,0x100,0c80003d00000000
2220,0x100,0c80003d00000000
2220,0x1A0,0000000000000000
2230,0x100,0c80003d00000000
2240,0x100,0c80003d00000000
2240,0x1A0,0000000000000000
2250,0x100,0c80003d00000000
2250,0x120,000003e800000000
2260,0x100,0c80003d00000000
2260,0x1A0,0000000000000000
2270,0x100,0c80003d00000000
2280,0x100,0c80003d00000000
2280,0x1A0,0000000000000000
2290,0x100,0c80003d00000000
2300,0x100,0c80003d00000000
2300,0x120,000003e800000000
2300,0x1A0,0000000000000000
2310,0x100,0c80003d00000000
2320,0x100,0c80003d00000000
2320,0x1A0,0000000000000000
2330,0x100,0c80003d00000000
2340,0x100,0c80003d00000000
2340,0x1A0,0000000000000000
2350,0x100,0c80003d00000000
2350,0x120,000003e800000000
2360,0x100,0c80003d00000000
2360,0x1A0,0000000000000000
2370,0x100,0c80003d00000000
2380,0x100,0c80003d00000000
2380,0x1A0,0000000000000000
2390,0x100,0c80003d00000000
2400,0x100,0c80003d00000000
2400,0x120,000003e800000000
2400,0x1A0,0000000000000000
2410,0x100,0c80003d00000000
2420,0x100,0c80003d00000000
2420,0x1A0,0000000000000000
2430,0x100,0c80003d00000000
2440,0x100,0c80003d00000000
2440,0x1A0,0000000000000000
2450,0x100,0c80003d00000000
2450,0x120,000003e800000000
2460,0x100,0c80003d00000000
2460,0x1A0,0000000000000000
2470,0x100,0c80003d00000000
2480,0x100,0c80003d00000000
2480,0x1A0,0000000000000000
2490,0x100,0c80003d00000000
2500,0x100,0c80003d00000000
2500,0x120,000003e800000000
2500,0x1A0,0000000000000000
2510,0x100,0c80003d00000000
2520,0x100,0c80003d00000000
2520,0x1A0,0000000000000000
2530,0x100,0c80003d00000000
2540,0x100,0c80003d00000000
2540,0x1A0,0000000000000000
2550,0x100,0c80003d00000000
2550,0x120,000003e800000000
2560,0x100,0c80003d00000000
2560,0x1A0,0000000000000000
2570,0x100,0c80003d00000000
2580,0x100,0c80003d00000000
2580,0x1A0,0000000000000000
2590,0x100,0c80003d00000000
2600,0x100,0c80003d00000000
2600,0x120,000003e800000000
2600,0x1A0,0000000000000000
2610,0x100,0c80003d00000000
2620,0x100,0c80003d00000000
2620,0x1A0,0000000000000000
2630,0x100,0c80003d00000000
2640,0x100,0c80003d00000000
2640,0x1A0,0000000000000000
2650,0x100,0c80003d00000000
2650,0x120,000003e800000000
2660,0x100,0c80003d00000000
2660,0x1A0,0000000000000000
2670,0x100,0c80003d00000000
2680,0x100,0c80003d00000000
2680,0x1A0,0000000000000000
2690,0x100,0c80003d00000000
2700,0x100,0c80003d00000000
2700,0x120,000003e800000000
2700,0x1A0,0000000000000000
2710,0x100,0c80003d00000000
2720,0x100,0c80003d00000000
2720,0x1A0,0000000000000000
2730,0x100,0c80003d00000000
2740,0x100,0c80003d00000000
2740,0x1A0,0000000000000000
2750,0x100,0c80003d00000000
2750,0x120,000003e800000000
2760,0x100,0c80003d00000000
2760,0x1A0,0000000000000000
2770,0x100,0c80003d00000000
2780,0x100,0c80003d00000000
2780,0x1A0,0000000000000000
2790,0x100,0c80003d00000000
2800,0x100,0c80003d00000000
2800,0x120,000003e800000000
2800,0x1A0,0000000000000000
2810,0x100,0c80003d00000000
2820,0x100,0c80003d00000000
2820,0x1A0,0000000000000000
2830,0x100,0c80003d00000000
2840,0x100,0c80003d00000000
2840,0x1A0,0000000000000000
2850,0x100,0c80003d00000000
2850,0x120,000003e800000000
2860,0x100,0c80003d00000000
2860,0x1A0,0000000000000000
2870,0x100,0c80003d00000000
2880,0x100,0c80003d00000000
2880,0x1A0,0000000000000000
2890,0x100,0c80003d00000000
2900,0x100,0c80003d00000000
2900,0x120,000003e800000000
2900,0x1A0,0000000000000000
2910,0x100,0c80003d00000000
2920,0x100,0c80003d00000000
2920,0x1A0,0000000000000000
2930,0x100,0c80003d00000000
2940,0x100,0c80003d00000000
2940,0x1A0,0000000000000000
2950,0x100,0c80003d00000000
2950,0x120,000003e800000000
2960,0x100,0c80003d00000000
2960,0x1A0,0000000000000000
2970,0x100,0c80003d00000000
2980,0x100,0c80003d00000000
2980,0x1A0,0000000000000000
2990,0x100,0c80003d00000000
3000,0x100,0da82d3d00000000
3000,0x120,000a04fb00000000
3000,0x1A0,000000000a000000
3010,0x100,0ebc2d3d00000000
3020,0x100,0fbd2d3d00000000
3020,0x1A0,000000001e000000
3030,0x100,10ac2d3d00000000
3040,0x100,118b2d3d00000000
3040,0x1A0,0000000031000000
3050,0x100,125b2d3d00000000
3050,0x120,003b04fb00000000
3060,0x100,131b2d3d00000000
3060,0x1A0,0000000045000000
3070,0x100,13ce2d3d00000000
3080,0x100,14742d3d00000000
3080,0x1A0,0000000059000000
3090,0x100,150e2d3d00000000
3100,0x100,159c2d3d00000000
3100,0x120,006d04fb00000000
3100,0x1A0,000000006d000000
3110,0x100,16202d3d00000000
3120,0x100,16992d3d00000000
3120,0x1A0,0000000081000000
3130,0x100,17082d3d00000000
3140,0x100,176f2d3d00000000
3140,0x1A0,0000000094000000
3150,0x100,17cd2d3d00000000
3150,0x120,009e04fb00000000
3160,0x100,18232d3d00000000
3160,0x1A0,00000000a8000000
3170,0x100,18712d3d00000000
3180,0x100,18b82d3d00000000
3180,0x1A0,00000000bc000000
3190,0x100,18f92d3d00000000
3200,0x100,19332d3d00000000
3200,0x120,00d004fb00000000
3200,0x1A0,00000000d0000000
3210,0x100,19672d3d00000000
3220,0x100,19952d3d00000000
3220,0x1A0,00000000e4000000
3230,0x100,19bd2d3d00000000
3240,0x100,19e12d3d00000000
3240,0x1A0,00000000f7000000
3250,0x100,1a002d3d00000000
3250,0x120,010104fb00000000
3260,0x100,1a1a2d3d00000000
3260,0x1A0,000000010b000000
3270,0x100,1a302d3d00000000
3280,0x100,1a412d3d00000000
3280,0x1A0,000000011f000000
3290,0x100,1a4f2d3d00000000
3300,0x100,1a592d3d00000000
3300,0x120,013304fb00000000
3300,0x1A0,0000000133000000
3310,0x100,1a5f2d3d00000000
3320,0x100,1a622d3d00000000
3320,0x1A0,0000000147000000
3330,0x100,1a622d3d00000000
3340,0x100,1a5f2d3d00000000
3340,0x1A0,000000015a000000
3350,0x100,1a592d3d00000000
3350,0x120,016404fb00000000
3360,0x100,1a512d3d00000000
3360,0x1A0,000000016e000000
3370,0x100,1a452d3d00000000
3380,0x100,1a382d3d00000000
3380,0x1A0,0000000182000000
3390,0x100,1a272d3d00000000
3400,0x100,1a152d3d00000000
3400,0x120,019604fb00000000
3400,0x1A0,0000000196000000
3410,0x100,1a012d3d00000000
3420,0x100,19eb2d3d00000000
3420,0x1A0,00000001a9000000
3430,0x100,19d22d3d00000000
3440,0x100,19b82d3d00000000
3440,0x1A0,00000001bd000000
3450,0x100,199d2d3d00000000
3450,0x120,01c704fb00000000
3460,0x100,197f2d3d00000000
3460,0x1A0,00000001d1000000
3470,0x100,19612d3d00000000
3480,0x100,19402d3d00000000
3480,0x1A0,00000001e5000000
3490,0x100,191f2d3d00000000
3500,0x100,18fc2d3d00000000
3500,0x120,01f904fb00000000
3500,0x1A0,00000001f9000000
3510,0x100,18d82d3d00000000
3520,0x100,18b32d3d00000000
3520,0x1A0,000000020c000000
3530,0x100,188d2d3d00000000
3540,0x100,18662d3d00000000
3540,0x1A0,0000000220000000
3550,0x100,183e2d3d00000000
3550,0x120,022a04fb00000000
3560,0x100,18162d3d00000000
3560,0x1A0,0000000234000000
3570,0x100,17ec2d3d00000000
3580,0x100,17c22d3d00000000
3580,0x1A0,0000000248000000
3590,0x100,17982d3d00000000
3600,0x100,176c2d3d00000000
3600,0x120,025c04fb00000000
3600,0x1A0,000000025c000000
3610,0x100,17412d3d00000000
3620,0x100,17152d3d00000000
3620,0x1A0,000000026f000000
3630,0x100,16e82d3d00000000
3640,0x100,16bb2d3d00000000
3640,0x1A0,0000000283000000
3650,0x100,168e2d3d00000000
3650,0x120,028d04fb00000000
3660,0x100,16612d3d00000000
3660,0x1A0,0000000297000000
3670,0x100,16342d3d00000000
3680,0x100,16062d3d00000000
3680,0x1A0,00000002ab000000
3690,0x100,15d82d3d00000000
3700,0x100,15ab2d3d00000000
3700,0x120,02bf04fb00000000
3700,0x1A0,00000002bf000000
3710,0x100,157f2d3d00000000
3720,0x100,15552d3d00000000
3720,0x1A0,00000002d2000000
3730,0x100,152e2d3d00000000
3740,0x100,15082d3d00000000
3740,0x1A0,00000002e6000000
3750,0x100,14e42d3d00000000
3750,0x120,02f004fb00000000
3760,0x100,14c22d3d00000000
3760,0x1A0,00000002fa000000
3770,0x100,14a12d3d00000000
3780,0x100,14832d3d00000000
3780,0x1A0,000000030e000000
3790,0x100,14662d3d00000000
3800,0x100,144b2d3d00000000
3800,0x120,032104fb00000000
3800,0x1A0,0000000321000000
3810,0x100,14322d3d00000000
3820,0x100,141a2d3d00000000
3820,0x1A0,0000000335000000
3830,0x100,14042d3d00000000
3840,0x100,13f02d3d00000000
3840,0x1A0,0000000349000000
3850,0x100,13dd2d3d00000000
3850,0x120,035304fb00000000
3860,0x100,13cc2d3d00000000
3860,0x1A0,000000035d000000
3870,0x100,13bd2d3d00000000
3880,0x100,13af2d3d00000000
3880,0x1A0,0000000371000000
3890,0x100,13a32d3d00000000
3900,0x100,13982d3d00000000
3900,0x120,038404fb00000000
3900,0x1A0,0000000384000000
3910,0x100,138e2d3d00000000
3920,0x100,13872d3d00000000
3920,0x1A0,0000000398000000
3930,0x100,13802d3d00000000
3940,0x100,137b2d3d00000000
3940,0x1A0,00000003ac000000
3950,0x100,13782d3d00000000
3950,0x120,03b604fb00000000
3960,0x100,13762d3d00000000
3960,0x1A0,00000003c0000000
3970,0x100,13752d3d00000000
3980,0x100,13752d3d00000000
3980,0x1A0,00000003d3000000
3990,0x100,13772d3d00000000
4000,0x100,137a2d3d00000000
4000,0x120,03e704fb00000000
4000,0x1A0,00000003e7000000
4010,0x100,137f2d3d00000000
4020,0x100,13842d3d00000000
4020,0x1A0,00000003fb000000
4030,0x100,138b2d3d00000000
4040,0x100,13932d3d00000000
4040,0x1A0,000000040f000000
4050,0x100,139c2d3d00000000
4050,0x120,041904fb00000000
4060,0x100,13a62d3d00000000
4060,0x1A0,0000000423000000
4070,0x100,13b22d3d00000000
4080,0x100,13be2d3d00000000
4080,0x1A0,0000000436000000
4090,0x100,13cc2d3d00000000
4100,0x100,13da2d3d00000000
4100,0x120,044a04fb00000000
4100,0x1A0,000000044a000000
4110,0x100,13ea2d3d00000000
4120,0x100,13fa2d3d00000000
4120,0x1A0,000000045e000000
4130,0x100,140c2d3d00000000
4140,0x100,141e2d3d00000000
4140,0x1A0,0000000472000000
4150,0x100,14322d3d00000000
4150,0x120,047c04fb00000000
4160,0x100,14462d3d00000000
4160,0x1A0,0000000485000000
4170,0x100,145b2d3d00000000
4180,0x100,14712d3d00000000
4180,0x1A0,0000000499000000
4190,0x100,14872d3d00000000
4200,0x100,149f2d3d00000000
4200,0x120,04ad04fb00000000
4200,0x1A0,00000004ad000000
4210,0x100,14b72d3d00000000
4220,0x100,14d02d3d00000000
4220,0x1A0,00000004c1000000
4230,0x100,14ea2d3d00000000
4240,0x100,15042d3d00000000
4240,0x1A0,00000004d4000000
4250,0x100,15202d3d00000000
4250,0x120,04de04fb00000000
4260,0x100,153b2d3d00000000
4260,0x1A0,00000004e8000000
4270,0x100,15582d3d00000000
4280,0x100,15752d3d00000000
4280,0x1A0,00000004fc000000
4290,0x100,15922d3d00000000
4300,0x100,15b12d3d00000000
4300,0x120,051004fb00000000
4300,0x1A0,0000000510000000
4310,0x100,15cf2d3d00000000
4320,0x100,15ef2d3d00000000
4320,0x1A0,0000000524000000
4330,0x100,160f2d3d00000000
4340,0x100,162f2d3d00000000
4340,0x1A0,0000000537000000
4350,0x100,16502d3d00000000
4350,0x120,054104fb00000000
4360,0x100,16712d3d00000000
4360,0x1A0,000000054b000000
4370,0x100,16932d3d00000000
4380,0x100,16b52d3d00000000
4380,0x1A0,000000055f000000
4390,0x100,16d82d3d00000000
4400,0x100,16fb2d3d00000000
4400,0x120,057304fa00000000
4400,0x1A0,0000000573000000
4410,0x100,171f2d3d00000000
4420,0x100,17432d3d00000000
4420,0x1A0,0000000586000000
4430,0x100,17672d3d00000000
4440,0x100,178b2d3d00000000
4440,0x1A0,000000059a000000
4450,0x100,17b02d3d00000000
4450,0x120,05a404fa00000000
4460,0x100,17d62d3d00000000
4460,0x1A0,00000005ae000000
4470,0x100,17fb2d3d00000000
4480,0x100,18212d3d00000000
4480,0x1A0,00000005c2000000
4490,0x100,18472d3d00000000
4500,0x100,186e2d3d00000000
4500,0x120,05d504fa00000000
4500,0x1A0,00000005d5000000
4510,0x100,18952d3d00000000
4520,0x100,18bc2d3d00000000
4520,0x1A0,00000005e9000000
4530,0x100,18e32d3d00000000
4540,0x100,190b2d3d00000000
4540,0x1A0,00000005fd000000
4550,0x100,19322d3d00000000
4550,0x120,060704fa00000000
4560,0x100,195a2d3d00000000
4560,0x1A0,0000000611000000
4570,0x100,19832d3d00000000
4580,0x100,19ab2d3d00000000
4580,0x1A0,0000000624000000
4590,0x100,19d42d3d00000000
4600,0x100,19fd2d3d00000000
4600,0x120,063804fa00000000
4600,0x1A0,0000000638000000
4610,0x100,1a262d3d00000000
4620,0x100,1a4f2d3d00000000
4620,0x1A0,000000064c000000
4630,0x100,1a782d3d00000000
4640,0x100,1aa22d3d00000000
4640,0x1A0,0000000660000000
4650,0x100,1acb2d3d00000000
4650,0x120,066a04fa00000000
4660,0x100,1af52d3d00000000
4660,0x1A0,0000000673000000
4670,0x100,1b1f2d3d00000000
4680,0x100,1b492d3d00000000
4680,0x1A0,0000000687000000
4690,0x100,1b732d3d00000000
4700,0x100,1b9e2d3d00000000
4700,0x120,069b04fa00000000
4700,0x1A0,000000069b000000
4710,0x100,1bc82d3d00000000
4720,0x100,1bf32d3d00000000
4720,0x1A0,00000006af000000
4730,0x100,1c1e2d3d00000000
4740,0x100,1c482d3d00000000
4740,0x1A0,00000006c2000000
4750,0x100,1c732d3d00000000
4750,0x120,06cc04fa00000000
4760,0x100,1c9e2d3d00000000
4760,0x1A0,00000006d6000000
4770,0x100,1cc92d3d00000000
4780,0x100,1cf52d3d00000000
4780,0x1A0,00000006ea000000
4790,0x100,1d202d3d00000000
4800,0x100,1d4b2d3d00000000
4800,0x120,06fe04fa00000000
4800,0x1A0,00000006fe000000
4810,0x100,1d772d3d00000000
4820,0x100,1da22d3d00000000
4820,0x1A0,0000000711000000
4830,0x100,1dce2d3d00000000
4840,0x100,1df92d3d00000000
4840,0x1A0,0000000725000000
4850,0x100,1e252d3d00000000
4850,0x120,072f04fa00000000
4860,0x100,1e512d3d00000000
4860,0x1A0,0000000739000000
4870,0x100,1e7d2d3d00000000
4880,0x100,1ea92d3d00000000
4880,0x1A0,000000074d000000
4890,0x100,1ed52d3d00000000
4900,0x100,1f012d3d00000000
4900,0x120,076004fa00000000
4900,0x1A0,0000000760000000
4910,0x100,1f2d2d3d00000000
4920,0x100,1f592d3d00000000
4920,0x1A0,0000000774000000
4930,0x100,1f852d3d00000000
4940,0x100,1fb12d3d00000000
4940,0x1A0,0000000788000000
4950,0x100,1fdd2d3d00000000
4950,0x120,079204fa00000000
4960,0x100,20092d3d00000000
4960,0x1A0,000000079c000000
4970,0x100,20362d3d00000000
4980,0x100,20622d3d00000000
4980,0x1A0,00000007af000000
4990,0x100,208e2d3d00000000
5000,0x100,20bb2d3d00000000
5000,0x120,07c304fa00000000
5000,0x1A0,00000007c3000000
5010,0x100,20e72d3d00000000
5020,0x100,21142d3d00000000
5020,0x1A0,00000007d7000000
5030,0x100,21402d3d00000000
5040,0x100,216c2d3d00000000
5040,0x1A0,00000007eb000000
5050,0x100,21992d3d00000000
5050,0x120,07f404fa00000000
5060,0x100,21c62d3d00000000
5060,0x1A0,00000007fe000000
5070,0x100,21f22d3d00000000
5080,0x100,221f2d3d00000000
5080,0x1A0,0000000812000000
5090,0x100,224b2d3d00000000
5100,0x100,22782d3d00000000
5100,0x120,082604fa00000000
5100,0x1A0,0000000826000000
5110,0x100,22a42d3d00000000
5120,0x100,22d12d3d00000000
5120,0x1A0,0000000839000000
5130,0x100,22fe2d3d00000000
5140,0x100,232a2d3d00000000
5140,0x1A0,000000084d000000
5150,0x100,23572d3d00000000
5150,0x120,085704fa00000000
5160,0x100,23842d3d00000000
5160,0x1A0,0000000861000000
5170,0x100,23b12d3d00000000
5180,0x100,23dd2d3d00000000
5180,0x1A0,0000000875000000
5190,0x100,240a2d3d00000000
5200,0x100,24372d3d00000000
5200,0x120,088804fa00000000
5200,0x1A0,0000000888000000
5210,0x100,24642d3d00000000
5220,0x100,24902d3d00000000
5220,0x1A0,000000089c000000
5230,0x100,24bd2d3d00000000
5240,0x100,24ea2d3d00000000
5240,0x1A0,00000008b0000000
5250,0x100,25172d3d00000000
5250,0x120,08ba04fa00000000
5260,0x100,25432d3d00000000
5260,0x1A0,00000008c3000000
5270,0x100,25702d3d00000000
5280,0x100,259d2d3d00000000
5280,0x1A0,00000008d7000000
5290,0x100,25ca2d3d00000000
5300,0x100,25f72d3d00000000
5300,0x120,08eb04fa00000000
5300,0x1A0,00000008eb000000
5310,0x100,26232d3d00000000
5320,0x100,26502d3d00000000
5320,0x1A0,00000008ff000000
5330,0x100,267d2d3d00000000
5340,0x100,26aa2d3d00000000
5340,0x1A0,0000000912000000
5350,0x100,26d72d3d00000000
5350,0x120,091c04fa00000000
5360,0x100,27042d3d00000000
5360,0x1A0,0000000926000000
5370,0x100,27302d3d00000000
5380,0x100,275d2d3d00000000
5380,0x1A0,000000093a000000
5390,0x100,278a2d3d00000000
5400,0x100,27b72d3d00000000
5400,0x120,094d04fa00000000
5400,0x1A0,000000094d000000
5410,0x100,27e42d3d00000000
5420,0x100,28112d3d00000000
5420,0x1A0,0000000961000000
5430,0x100,283e2d3d00000000
5440,0x100,286a2d3d00000000
5440,0x1A0,0000000975000000
5450,0x100,28972d3d00000000
5450,0x120,097f04fa00000000
5460,0x100,28c42d3d00000000
5460,0x1A0,0000000989000000
5470,0x100,28f12d3d00000000
5480,0x100,291e2d3d00000000
5480,0x1A0,000000099c000000
5490,0x100,294b2d3d00000000
5500,0x100,29782d3d00000000
5500,0x120,09b004fa00000000
5500,0x1A0,00000009b0000000
5510,0x100,29a42d3d00000000
5520,0x100,29d12d3d00000000
5520,0x1A0,00000009c4000000
5530,0x100,29fe2d3d00000000
5540,0x100,2a2b2d3d00000000
5540,0x1A0,00000009d7000000
5550,0x100,2a582d3d00000000
5550,0x120,09e104fa00000000
5560,0x100,2a852d3d00000000
5560,0x1A0,00000009eb000000
5570,0x100,2ab22d3d00000000
5580,0x100,2ade2d3d00000000
5580,0x1A0,00000009ff000000
5590,0x100,2b0b2d3d00000000
5600,0x100,2b382d3d00000000
5600,0x120,0a1204fa00000000
5600,0x1A0,0000000a12000000
5610,0x100,2b652d3d00000000
5620,0x100,2b922d3d00000000
5620,0x1A0,0000000a26000000
5630,0x100,2bbf2d3d00000000
5640,0x100,2bec2d3d00000000
5640,0x1A0,0000000a3a000000
5650,0x100,2c182d3d00000000
5650,0x120,0a4404f900000000
5660,0x100,2c452d3d00000000
5660,0x1A0,0000000a4e000000
5670,0x100,2c722d3d00000000
5680,0x100,2c9f2d3d00000000
5680,0x1A0,0000000a61000000
5690,0x100,2ccc2d3d00000000
5700,0x100,2cf92d3d00000000
5700,0x120,0a7504f900000000
5700,0x1A0,0000000a75000000
5710,0x100,2d252d3d00000000
5720,0x100,2d522d3d00000000
5720,0x1A0,0000000a89000000
5730,0x100,2d7f2d3d00000000
5740,0x100,2dac2d3d00000000
5740,0x1A0,0000000a9c000000
5750,0x100,2dd92d3d00000000
5750,0x120,0aa604f900000000
5760,0x100,2e062d3d00000000
5760,0x1A0,0000000ab0000000
5770,0x100,2e322d3d00000000
5780,0x100,2e5f2d3d00000000
5780,0x1A0,0000000ac4000000
5790,0x100,2e8c2d3d00000000
5800,0x100,2eb92d3d00000000
5800,0x120,0ad704f900000000
5800,0x1A0,0000000ad7000000
5810,0x100,2ee62d3d00000000
5820,0x100,2f132d3d00000000
5820,0x1A0,0000000aeb000000
5830,0x100,2f3f2d3d00000000
5840,0x100,2f6c2d3d00000000
5840,0x1A0,0000000aff000000
5850,0x100,2f992d3d00000000
5850,0x120,0b0904f900000000
5860,0x100,2fc62d3d00000000
5860,0x1A0,0000000b12000000
5870,0x100,2ff32d3d00000000
5880,0x100,301f2d3d00000000
5880,0x1A0,0000000b26000000
5890,0x100,304c2d3d00000000
5900,0x100,30792d3d00000000
5900,0x120,0b3a04f900000000
5900,0x1A0,0000000b3a000000
5910,0x100,30a62d3d00000000
5920,0x100,30d32d3d00000000
5920,0x1A0,0000000b4d000000
5930,0x100,30ff2d3d00000000
5940,0x100,312c2d3d00000000
5940,0x1A0,0000000b61000000
5950,0x100,31592d3d00000000
5950,0x120,0b6b04f900000000
5960,0x100,31862d3d00000000
5960,0x1A0,0000000b75000000
5970,0x100,31b32d3d00000000
5980,0x100,31df2d3d00000000
5980,0x1A0,0000000b88000000
5990,0x100,320c2d3d00000000
6000,0x100,32392d3d00000000
6000,0x120,0b9c04f900000000
6000,0x1A0,0000000b9c000000
6010,0x100,32662d3d00000000
6020,0x100,32932d3d00000000
6020,0x1A0,0000000bb0000000
6030,0x100,32bf2d3d00000000
6040,0x100,32ec2d3d00000000
6040,0x1A0,0000000bc3000000
6050,0x100,33192d3d00000000
6050,0x120,0bcd04f900000000
6060,0x100,33462d3d00000000
6060,0x1A0,0000000bd7000000
6070,0x100,33722d3d00000000
6080,0x100,339f2d3d00000000
6080,0x1A0,0000000beb000000
6090,0x100,33cc2d3d00000000
6100,0x100,33f92d3d00000000
6100,0x120,0bfe04f900000000
6100,0x1A0,0000000bfe000000
6110,0x100,34262d3d00000000
6120,0x100,34522d3d00000000
6120,0x1A0,0000000c12000000
6130,0x100,347f2d3d00000000
6140,0x100,34ac2d3d00000000
6140,0x1A0,0000000c26000000
6150,0x100,34d92d3d00000000
6150,0x120,0c2f04f900000000
6160,0x100,35052d3d00000000
6160,0x1A0,0000000c39000000
6170,0x100,35322d3d00000000
6180,0x100,355f2d3d00000000
6180,0x1A0,0000000c4d000000
6190,0x100,358c2d3d00000000
6200,0x100,35b82d3d00000000
6200,0x120,0c6104f900000000
6200,0x1A0,0000000c61000000
6210,0x100,35e52d3d00000000
6220,0x100,36122d3d00000000
6220,0x1A0,0000000c74000000
6230,0x100,363f2d3d00000000
6240,0x100,366b2d3d00000000
6240,0x1A0,0000000c88000000
6250,0x100,36982d3d00000000
6250,0x120,0c9204f900000000
6260,0x100,36c52d3d00000000
6260,0x1A0,0000000c9b000000
6270,0x100,36f12d3d00000000
6280,0x100,371e2d3d00000000
6280,0x1A0,0000000caf000000
6290,0x100,374b2d3d00000000
6300,0x100,37782d3d00000000
6300,0x120,0cc304f900000000
6300,0x1A0,0000000cc3000000
6310,0x100,37a42d3d00000000
6320,0x100,37d12d3d00000000
6320,0x1A0,0000000cd6000000
6330,0x100,37fe2d3d00000000
6340,0x100,382b2d3d00000000
6340,0x1A0,0000000cea000000
6350,0x100,38572d3d00000000
6350,0x120,0cf404f900000000
6360,0x100,38842d3d00000000
6360,0x1A0,0000000cfe000000
6370,0x100,38b12d3d00000000
6380,0x100,38dd2d3d00000000
6380,0x1A0,0000000d11000000
6390,0x100,390a2d3d00000000
6400,0x100,39372d3d00000000
6400,0x120,0d2504f900000000
6400,0x1A0,0000000d25000000
6410,0x100,39632d3d00000000
6420,0x100,39902d3d00000000
6420,0x1A0,0000000d38000000
6430,0x100,39bd2d3d00000000
6440,0x100,39ea2d3d00000000
6440,0x1A0,0000000d4c000000
6450,0x100,3a162d3d00000000
6450,0x120,0d5604f800000000
6460,0x100,3a432d3d00000000
6460,0x1A0,0000000d60000000
6470,0x100,3a702d3d00000000
6480,0x100,3a9c2d3d00000000
6480,0x1A0,0000000d73000000
6490,0x100,3ac92d3d00000000
6500,0x100,3af62d3e00000000
6500,0x120,0d8704f800000000
6500,0x1A0,0000000d87000000
6510,0x100,3b222d3e00000000
6520,0x100,3b4f2d3e00000000
6520,0x1A0,0000000d9b000000
6530,0x100,3b7c2d3e00000000
6540,0x100,3ba82d3e00000000
6540,0x1A0,0000000dae000000
6550,0x100,3bd52d3e00000000
6550,0x120,0db804f800000000
6560,0x100,3c022d3e00000000
6560,0x1A0,0000000dc2000000
6570,0x100,3c2e2d3e00000000
6580,0x100,3c5b2d3e00000000
6580,0x1A0,0000000dd5000000
6590,0x100,3c882d3e00000000
6600,0x100,3cb42d3e00000000
6600,0x120,0de904f800000000
6600,0x1A0,0000000de9000000
6610,0x100,3ce12d3e00000000
6620,0x100,3d0e2d3e00000000
6620,0x1A0,0000000dfd000000
6630,0x100,3d3a2d3e00000000
6640,0x100,3d672d3e00000000
6640,0x1A0,0000000e10000000
6650,0x100,3d932d3e00000000
6650,0x120,0e1a04f800000000
6660,0x100,3dc02d3e00000000
6660,0x1A0,0000000e24000000
6670,0x100,3ded2d3e00000000
6680,0x100,3e192d3e00000000
6680,0x1A0,0000000e37000000
6690,0x100,3e462d3e00000000
6700,0x100,3e732d3e00000000
6700,0x120,0e4b04f800000000
6700,0x1A0,0000000e4b000000
6710,0x100,3e9f2d3e00000000
6720,0x100,3ecc2d3e00000000
6720,0x1A0,0000000e5f000000
6730,0x100,3ef92d3e00000000
6740,0x100,3f252d3e00000000
6740,0x1A0,0000000e72000000
6750,0x100,3f522d3e00000000
6750,0x120,0e7c04f800000000
6760,0x100,3f7e2d3e00000000
6760,0x1A0,0000000e86000000
6770,0x100,3fab2d3e00000000
6780,0x100,3fd82d3e00000000
6780,0x1A0,0000000e99000000
6790,0x100,40042d3e00000000
6800,0x100,40312d3e00000000
6800,0x120,0ead04f800000000
6800,0x1A0,0000000ead000000
6810,0x100,405d2d3e00000000
6820,0x100,408a2d3e00000000
6820,0x1A0,0000000ec0000000
6830,0x100,40b72d3e00000000
6840,0x100,40e32d3e00000000
6840,0x1A0,0000000ed4000000
6850,0x100,41102d3e00000000
6850,0x120,0ede04f800000000
6860,0x100,413c2d3e00000000
6860,0x1A0,0000000ee8000000
6870,0x100,41692d3e00000000
6880,0x100,41962d3e00000000
6880,0x1A0,0000000efb000000
6890,0x100,41c22d3e00000000
6900,0x100,41ef2d3e00000000
6900,0x120,0f0f04f800000000
6900,0x1A0,0000000f0f000000
6910,0x100,421b2d3e00000000
6920,0x100,42482d3e00000000
6920,0x1A0,0000000f22000000
6930,0x100,42742d3e00000000
6940,0x100,42a12d3e00000000
6940,0x1A0,0000000f36000000
6950,0x100,42ce2d3e00000000
6950,0x120,0f4004f800000000
6960,0x100,42fa2d3e00000000
6960,0x1A0,0000000f49000000
6970,0x100,43272d3e00000000
6980,0x100,43532d3e00000000
6980,0x1A0,0000000f5d000000
6990,0x100,43802d3e00000000
7000,0x100,43ac2d3e00000000
7000,0x120,0f7104f800000000
7000,0x1A0,0000000f71000000
7010,0x100,43d92d3e00000000
7020,0x100,44062d3e00000000
7020,0x1A0,0000000f84000000
7030,0x100,44322d3e00000000
7040,0x100,445f2d3e00000000
7040,0x1A0,0000000f98000000
7050,0x100,448b2d3e00000000
7050,0x120,0fa104f800000000
7060,0x100,44b82d3e00000000
7060,0x1A0,0000000fab000000
7070,0x100,44e42d3e00000000
7080,0x100,45112d3e00000000
7080,0x1A0,0000000fbf000000
7090,0x100,453d2d3e00000000
7100,0x100,456a2d3e00000000
7100,0x120,0fd204f700000000
7100,0x1A0,0000000fd2000000
7110,0x100,45962d3e00000000
7120,0x100,45c32d3e00000000
7120,0x1A0,0000000fe6000000
7130,0x100,45ef2d3e00000000
7140,0x100,461c2d3e00000000
7140,0x1A0,0000000ff9000000
7150,0x100,46482d3e00000000
7150,0x120,100304f700000000
7160,0x100,46752d3e00000000
7160,0x1A0,000000100d000000
7170,0x100,46a12d3e00000000
7180,0x100,46ce2d3e00000000
7180,0x1A0,0000001020000000
7190,0x100,46fb2d3e00000000
7200,0x100,47272d3e00000000
7200,0x120,103404f700000000
7200,0x1A0,0000001034000000
7210,0x100,47542d3e00000000
7220,0x100,47802d3e00000000
7220,0x1A0,0000001048000000
7230,0x100,47ad2d3e00000000
7240,0x100,47d92d3e00000000
7240,0x1A0,000000105b000000
7250,0x100,48052d3e00000000
7250,0x120,106504f700000000
7260,0x100,48322d3e00000000
7260,0x1A0,000000106f000000
7270,0x100,485e2d3e00000000
7280,0x100,488b2d3e00000000
7280,0x1A0,0000001082000000
7290,0x100,48b72d3e00000000
7300,0x100,48e42d3e00000000
7300,0x120,109604f700000000
7300,0x1A0,0000001096000000
7310,0x100,49102d3e00000000
7320,0x100,493d2d3e00000000
7320,0x1A0,00000010a9000000
7330,0x100,49692d3e00000000
7340,0x100,49962d3e00000000
7340,0x1A0,00000010bd000000
7350,0x100,49c22d3e00000000
7350,0x120,10c604f700000000
7360,0x100,49ef2d3e00000000
7360,0x1A0,00000010d0000000
7370,0x100,4a1b2d3e00000000
7380,0x100,4a482d3e00000000
7380,0x1A0,00000010e4000000
7390,0x100,4a742d3e00000000
7400,0x100,4aa12d3e00000000
7400,0x120,10f704f700000000
7400,0x1A0,00000010f7000000
7410,0x100,4acd2d3e00000000
7420,0x100,4af92d3e00000000
7420,0x1A0,000000110b000000
7430,0x100,4b262d3e00000000
7440,0x100,4b522d3e00000000
7440,0x1A0,000000111e000000
7450,0x100,4b7f2d3e00000000
7450,0x120,112804f700000000
7460,0x100,4bab2d3e00000000
7460,0x1A0,0000001132000000
7470,0x100,4bd82d3e00000000
7480,0x100,4c042d3e00000000
7480,0x1A0,0000001145000000
7490,0x100,4c302d3e00000000
7500,0x100,4c5d2d3e00000000
7500,0x120,115904f700000000
7500,0x1A0,0000001159000000
7510,0x100,4c892d3e00000000
7520,0x100,4cb62d3e00000000
7520,0x1A0,000000116c000000
7530,0x100,4ce22d3e00000000
7540,0x100,4d0f2d3e00000000
7540,0x1A0,0000001180000000
7550,0x100,4d3b2d3e00000000
7550,0x120,118a04f700000000
7560,0x100,4d672d3e00000000
7560,0x1A0,0000001193000000
7570,0x100,4d942d3e00000000
7580,0x100,4dc02d3e00000000
7580,0x1A0,00000011a7000000
7590,0x100,4ded2d3e00000000
7600,0x100,4e192d3e00000000
7600,0x120,11ba04f700000000
7600,0x1A0,00000011ba000000
7610,0x100,4e452d3e00000000
7620,0x100,4e722d3e00000000
7620,0x1A0,00000011ce000000
7630,0x100,4e9e2d3e00000000
7640,0x100,4eca2d3e00000000
7640,0x1A0,00000011e1000000
7650,0x100,4ef72d3e00000000
7650,0x120,11eb04f700000000
7660,0x100,4f232d3e00000000
7660,0x1A0,00000011f5000000
7670,0x100,4f502d3e00000000
7680,0x100,4f7c2d3e00000000
7680,0x1A0,0000001208000000
7690,0x100,4fa82d3e00000000
7700,0x100,4fd52d3e00000000
7700,0x120,121c04f600000000
7700,0x1A0,000000121c000000
7710,0x100,50012d3e00000000
7720,0x100,502d2d3e00000000
7720,0x1A0,000000122f000000
7730,0x100,505a2d3e00000000
7740,0x100,50862d3e00000000
7740,0x1A0,0000001243000000
7750,0x100,50b22d3e00000000
7750,0x120,124c04f600000000
7760,0x100,50df2d3e00000000
7760,0x1A0,0000001256000000
7770,0x100,510b2d3e00000000
7780,0x100,51372d3e00000000
7780,0x1A0,0000001269000000
7790,0x100,51642d3e00000000
7800,0x100,51902d3e00000000
7800,0x120,127d04f600000000
7800,0x1A0,000000127d000000
7810,0x100,51bc2d3e00000000
7820,0x100,51e92d3e00000000
7820,0x1A0,0000001290000000
7830,0x100,52152d3e00000000
7840,0x100,52412d3e00000000
7840,0x1A0,00000012a4000000
7850,0x100,526e2d3e00000000
7850,0x120,12ae04f600000000
7860,0x100,529a2d3e00000000
7860,0x1A0,00000012b7000000
7870,0x100,52c62d3e00000000
7880,0x100,52f32d3e00000000
7880,0x1A0,00000012cb000000
7890,0x100,531f2d3e00000000
7900,0x100,534b2d3e00000000
7900,0x120,12de04f600000000
7900,0x1A0,00000012de000000
7910,0x100,53782d3e00000000
7920,0x100,53a42d3e00000000
7920,0x1A0,00000012f2000000
7930,0x100,53d02d3e00000000
7940,0x100,53fc2d3e00000000
7940,0x1A0,0000001305000000
7950,0x100,54292d3e00000000
7950,0x120,130f04f600000000
7960,0x100,54552d3e00000000
7960,0x1A0,0000001318000000
7970,0x100,54812d3e00000000
7980,0x100,54ae2d3e00000000
7980,0x1A0,000000132c000000
7990,0x100,54da2d3e00000000
8000,0x100,5292233e00000000
8000,0x120,1339045100000000
8000,0x1A0,0000001339000000
8010,0x100,506f233e00000000
8020,0x100,4e6f233e00000000
8020,0x1A0,0000001341000000
8030,0x100,4c90233e00000000
8040,0x100,4acf233e00000000
8040,0x1A0,0000001348000000
8050,0x100,492b233e00000000
8050,0x120,134c045100000000
8060,0x100,47a2233e00000000
8060,0x1A0,0000001350000000
8070,0x100,4631233e00000000
8080,0x100,44d9233e00000000
8080,0x1A0,0000001358000000
8090,0x100,4396233e00000000
8100,0x100,4269233e00000000
8100,0x120,135f045100000000
8100,0x1A0,000000135f000000
8110,0x100,414f233e00000000
8120,0x100,4047233e00000000
8120,0x1A0,0000001367000000
8130,0x100,3f50233e00000000
8140,0x100,3e69233e00000000
8140,0x1A0,000000136e000000
8150,0x100,3d91233e00000000
8150,0x120,1372045100000000
8160,0x100,3cc7233e00000000
8160,0x1A0,0000001376000000
8170,0x100,3c0a233e00000000
8180,0x100,3b5a233e00000000
8180,0x1A0,000000137d000000
8190,0x100,3ab6233e00000000
8200,0x100,3a1c233e00000000
8200,0x120,1385045100000000
8200,0x1A0,0000001385000000
8210,0x100,398c233e00000000
8220,0x100,3906233e00000000
8220,0x1A0,000000138c000000
8230,0x100,388a233e00000000
8240,0x100,3815233e00000000
8240,0x1A0,0000001394000000
8250,0x100,37a8233e00000000
8250,0x120,1398045100000000
8260,0x100,3743233e00000000
8260,0x1A0,000000139b000000
8270,0x100,36e4233e00000000
8280,0x100,368d233e00000000
8280,0x1A0,00000013a3000000
8290,0x100,363b233e00000000
8300,0x100,35ef233e00000000
8300,0x120,13aa045000000000
8300,0x1A0,00000013aa000000
8310,0x100,35a8233e00000000
8320,0x100,3566233e00000000
8320,0x1A0,00000013b2000000
8330,0x100,3529233e00000000
8340,0x100,34f0233e00000000
8340,0x1A0,00000013b9000000
8350,0x100,34bc233e00000000
8350,0x120,13bd045000000000
8360,0x100,348b233e00000000
8360,0x1A0,00000013c1000000
8370,0x100,345e233e00000000
8380,0x100,3435233e00000000
8380,0x1A0,00000013c8000000
8390,0x100,340e233e00000000
8400,0x100,33eb233e00000000
8400,0x120,13d0045000000000
8400,0x1A0,00000013d0000000
8410,0x100,33ca233e00000000
8420,0x100,33ac233e00000000
8420,0x1A0,00000013d8000000
8430,0x100,3391233e00000000
8440,0x100,3377233e00000000
8440,0x1A0,00000013df000000
8450,0x100,3360233e00000000
8450,0x120,13e3045000000000
8460,0x100,334b233e00000000
8460,0x1A0,00000013e7000000
8470,0x100,3338233e00000000
8480,0x100,3327233e00000000
8480,0x1A0,00000013ee000000
8490,0x100,3317233e00000000
8500,0x100,3309233e00000000
8500,0x120,13f6045000000000
8500,0x1A0,00000013f6000000
8510,0x100,32fd233e00000000
8520,0x100,32f1233e00000000
8520,0x1A0,00000013fd000000
8530,0x100,32e7233e00000000
8540,0x100,32df233e00000000
8540,0x1A0,0000001405000000
8550,0x100,32d7233e00000000
8550,0x120,1408045000000000
8560,0x100,32d1233e00000000
8560,0x1A0,000000140c000000
8570,0x100,32cb233e00000000
8580,0x100,32c6233e00000000
8580,0x1A0,0000001414000000
8590,0x100,32c3233e00000000
8600,0x100,32c0233e00000000
8600,0x120,141b045000000000
8600,0x1A0,000000141b000000
8610,0x100,32be233e00000000
8620,0x100,32bc233e00000000
8620,0x1A0,0000001423000000
8630,0x100,32bc233e00000000
8640,0x100,32bc233e00000000
8640,0x1A0,000000142a000000
8650,0x100,32bc233e00000000
8650,0x120,142e045000000000
8660,0x100,32bd233e00000000
8660,0x1A0,0000001432000000
8670,0x100,32bf233e00000000
8680,0x100,32c1233e00000000
8680,0x1A0,0000001439000000
8690,0x100,32c3233e00000000
8700,0x100,32c6233e00000000
8700,0x120,1441045000000000
8700,0x1A0,0000001441000000
8710,0x100,32ca233e00000000
8720,0x100,32cd233e00000000
8720,0x1A0,0000001448000000
8730,0x100,32d2233e00000000
8740,0x100,32d6233e00000000
8740,0x1A0,0000001450000000
8750,0x100,32db233e00000000
8750,0x120,1453045000000000
8760,0x100,32e0233e00000000
8760,0x1A0,0000001457000000
8770,0x100,32e5233e00000000
8780,0x100,32eb233e00000000
8780,0x1A0,000000145f000000
8790,0x100,32f0233e00000000
8800,0x100,32f7233e00000000
8800,0x120,1466045000000000
8800,0x1A0,0000001466000000
8810,0x100,32fd233e00000000
8820,0x100,3303233e00000000
8820,0x1A0,000000146e000000
8830,0x100,330a233e00000000
8840,0x100,3311233e00000000
8840,0x1A0,0000001475000000
8850,0x100,3318233e00000000
8850,0x120,1479045000000000
8860,0x100,331f233e00000000
8860,0x1A0,000000147d000000
8870,0x100,3326233e00000000
8880,0x100,332d233e00000000
8880,0x1A0,0000001484000000
8890,0x100,3335233e00000000
8900,0x100,333d233e00000000
8900,0x120,148c045000000000
8900,0x1A0,000000148c000000
8910,0x100,3344233e00000000
8920,0x100,334c233e00000000
8920,0x1A0,0000001493000000
8930,0x100,3354233e00000000
8940,0x100,335c233e00000000
8940,0x1A0,000000149b000000
8950,0x100,3364233e00000000
8950,0x120,149e045000000000
8960,0x100,336d233e00000000
8960,0x1A0,00000014a2000000
8970,0x100,3375233e00000000
8980,0x100,337d233e00000000
8980,0x1A0,00000014aa000000
8990,0x100,3386233e00000000
9000,0x100,338e233e00000000
9000,0x120,14b1045000000000
9000,0x1A0,00000014b1000000
9010,0x100,3397233e00000000
9020,0x100,339f233e00000000
9020,0x1A0,00000014b8000000
9030,0x100,33a8233e00000000
9040,0x100,33b1233e00000000
9040,0x1A0,00000014c0000000
9050,0x100,33b9233e00000000
9050,0x120,14c4045000000000
9060,0x100,33c2233e00000000
9060,0x1A0,00000014c7000000
9070,0x100,33cb233e00000000
9080,0x100,33d4233e00000000
9080,0x1A0,00000014cf000000
9090,0x100,33dd233e00000000
9100,0x100,33e6233e00000000
9100,0x120,14d6045000000000
9100,0x1A0,00000014d6000000
9110,0x100,33ef233e00000000
9120,0x100,33f8233e00000000
9120,0x1A0,00000014de000000
9130,0x100,3401233e00000000
9140,0x100,340a233e00000000
9140,0x1A0,00000014e5000000
9150,0x100,3413233e00000000
9150,0x120,14e9045000000000
9160,0x100,341c233e00000000
9160,0x1A0,00000014ed000000
9170,0x100,3425233e00000000
9180,0x100,342e233e00000000
9180,0x1A0,00000014f4000000
9190,0x100,3437233e00000000
9200,0x100,3440233e00000000
9200,0x120,14fc045000000000
9200,0x1A0,00000014fc000000
9210,0x100,344a233e00000000
9220,0x100,3453233e00000000
9220,0x1A0,0000001503000000
9230,0x100,345c233e00000000
9240,0x100,3465233e00000000
9240,0x1A0,000000150b000000
9250,0x100,346e233e00000000
9250,0x120,150e045000000000
9260,0x100,3478233e00000000
9260,0x1A0,0000001512000000
9270,0x100,3481233e00000000
9280,0x100,348a233e00000000
9280,0x1A0,000000151a000000
9290,0x100,3493233e00000000
9300,0x100,349d233e00000000
9300,0x120,1521045000000000
9300,0x1A0,0000001521000000
9310,0x100,34a6233e00000000
9320,0x100,34af233e00000000
9320,0x1A0,0000001529000000
9330,0x100,34b8233e00000000
9340,0x100,34c2233e00000000
9340,0x1A0,0000001530000000
9350,0x100,34cb233e00000000
9350,0x120,1534045000000000
9360,0x100,34d4233e00000000
9360,0x1A0,0000001538000000
9370,0x100,34de233e00000000
9380,0x100,34e7233e00000000
9380,0x1A0,000000153f000000
9390,0x100,34f0233e00000000
9400,0x100,34fa233e00000000
9400,0x120,1546045000000000
9400,0x1A0,0000001546000000
9410,0x100,3503233e00000000
9420,0x100,350c233e00000000
9420,0x1A0,000000154e000000
9430,0x100,3516233e00000000
9440,0x100,351f233e00000000
9440,0x1A0,0000001555000000
9450,0x100,3528233e00000000
9450,0x120,1559045000000000
9460,0x100,3532233e00000000
9460,0x1A0,000000155d000000
9470,0x100,353b233e00000000
9480,0x100,3544233e00000000
9480,0x1A0,0000001564000000
9490,0x100,354e233e00000000
9500,0x100,3557233e00000000
9500,0x120,156c045000000000
9500,0x1A0,000000156c000000
9510,0x100,3560233e00000000
9520,0x100,356a233e00000000
9520,0x1A0,0000001573000000
9530,0x100,3573233e00000000
9540,0x100,357c233e00000000
9540,0x1A0,000000157b000000
9550,0x100,3586233e00000000
9550,0x120,157e044f00000000
9560,0x100,358f233e00000000
9560,0x1A0,0000001582000000
9570,0x100,3598233e00000000
9580,0x100,35a2233e00000000
9580,0x1A0,000000158a000000
9590,0x100,35ab233e00000000
9600,0x100,35b5233e00000000
9600,0x120,1591044f00000000
9600,0x1A0,0000001591000000
9610,0x100,35be233e00000000
9620,0x100,35c7233e00000000
9620,0x1A0,0000001598000000
9630,0x100,35d1233e00000000
9640,0x100,35da233e00000000
9640,0x1A0,00000015a0000000
9650,0x100,35e3233e00000000
9650,0x120,15a4044f00000000
9660,0x100,35ed233e00000000
9660,0x1A0,00000015a7000000
9670,0x100,35f6233e00000000
9680,0x100,35ff233e00000000
9680,0x1A0,00000015af000000
9690,0x100,3609233e00000000
9700,0x100,3612233e00000000
9700,0x120,15b6044f00000000
9700,0x1A0,00000015b6000000
9710,0x100,361c233e00000000
9720,0x100,3625233e00000000
9720,0x1A0,00000015be000000
9730,0x100,362e233e00000000
9740,0x100,3638233e00000000
9740,0x1A0,00000015c5000000
9750,0x100,3641233e00000000
9750,0x120,15c9044f00000000
9760,0x100,364a233e00000000
9760,0x1A0,00000015cc000000
9770,0x100,3654233e00000000
9780,0x100,365d233e00000000
9780,0x1A0,00000015d4000000
9790,0x100,3666233e00000000
9800,0x100,3670233e00000000
9800,0x120,15db044f00000000
9800,0x1A0,00000015db000000
9810,0x100,3679233e00000000
9820,0x100,3682233e00000000
9820,0x1A0,00000015e3000000
9830,0x100,368c233e00000000
9840,0x100,3695233e00000000
9840,0x1A0,00000015ea000000
9850,0x100,369f233e00000000
9850,0x120,15ee044f00000000
9860,0x100,36a8233e00000000
9860,0x1A0,00000015f2000000
9870,0x100,36b1233e00000000
9880,0x100,36bb233e00000000
9880,0x1A0,00000015f9000000
9890,0x100,36c4233e00000000
9900,0x100,36cd233e00000000
9900,0x120,1601044f00000000
9900,0x1A0,0000001601000000
9910,0x100,36d7233e00000000
9920,0x100,36e0233e00000000
9920,0x1A0,0000001608000000
9930,0x100,36e9233e00000000
9940,0x100,36f3233e00000000
9940,0x1A0,000000160f000000
9950,0x100,36fc233e00000000
9950,0x120,1613044f00000000
9960,0x100,3705233e00000000
9960,0x1A0,0000001617000000
9970,0x100,370f233e00000000
9980,0x100,3718233e00000000
9980,0x1A0,000000161e000000
9990,0x100,3721233e00000000
10000,0x100,372b233e00000000
10000,0x120,1626044f00000000
10000,0x1A0,0000001626000000
10010,0x100,3734233e00000000
10020,0x100,373d233e00000000
10020,0x1A0,000000162d000000
10030,0x100,3747233e00000000
10040,0x100,3750233e00000000
10040,0x1A0,0000001634000000
10050,0x100,375a233e00000000
10050,0x120,1638044f00000000
10060,0x100,3763233e00000000
10060,0x1A0,000000163c000000
10070,0x100,376c233e00000000
10080,0x100,3776233e00000000
10080,0x1A0,0000001643000000
10090,0x100,377f233e00000000
10100,0x100,3788233e00000000
10100,0x120,164b044f00000000
10100,0x1A0,000000164b000000
10110,0x100,3792233e00000000
10120,0x100,379b233e00000000
10120,0x1A0,0000001652000000
10130,0x100,37a4233e00000000
10140,0x100,37ae233e00000000
10140,0x1A0,000000165a000000
10150,0x100,37b7233e00000000
10150,0x120,165d044f00000000
10160,0x100,37c0233e00000000
10160,0x1A0,0000001661000000
10170,0x100,37ca233e00000000
10180,0x100,37d3233e00000000
10180,0x1A0,0000001668000000
10190,0x100,37dc233e00000000
10200,0x100,37e6233e00000000
10200,0x120,1670044f00000000
10200,0x1A0,0000001670000000
10210,0x100,37ef233e00000000
10220,0x100,37f8233e00000000
10220,0x1A0,0000001677000000
10230,0x100,3802233e00000000
10240,0x100,380b233e00000000
10240,0x1A0,000000167f000000
10250,0x100,3814233e00000000
10250,0x120,1682044f00000000
10260,0x100,381e233e00000000
10260,0x1A0,0000001686000000
10270,0x100,3827233e00000000
10280,0x100,3830233e00000000
10280,0x1A0,000000168d000000
10290,0x100,383a233e00000000
10300,0x100,3843233e00000000
10300,0x120,1695044f00000000
10300,0x1A0,0000001695000000
10310,0x100,384c233e00000000
10320,0x100,3855233e00000000
10320,0x1A0,000000169c000000
10330,0x100,385f233e00000000
10340,0x100,3868233e00000000
10340,0x1A0,00000016a4000000
10350,0x100,3871233e00000000
10350,0x120,16a7044f00000000
10360,0x100,387b233e00000000
10360,0x1A0,00000016ab000000
10370,0x100,3884233e00000000
10380,0x100,388d233e00000000
10380,0x1A0,00000016b2000000
10390,0x100,3897233e00000000
10400,0x100,38a0233e00000000
10400,0x120,16ba044f00000000
10400,0x1A0,00000016ba000000
10410,0x100,38a9233e00000000
10420,0x100,38b3233e00000000
10420,0x1A0,00000016c1000000
10430,0x100,38bc233e00000000
10440,0x100,38c5233e00000000
10440,0x1A0,00000016c9000000
10450,0x100,38cf233e00000000
10450,0x120,16cc044f00000000
10460,0x100,38d8233e00000000
10460,0x1A0,00000016d0000000
10470,0x100,38e1233e00000000
10480,0x100,38eb233e00000000
10480,0x1A0,00000016d7000000
10490,0x100,38f4233e00000000
10500,0x100,38fd233e00000000
10500,0x120,16df044f00000000
10500,0x1A0,00000016df000000
10510,0x100,3906233e00000000
10520,0x100,3910233e00000000
10520,0x1A0,00000016e6000000
10530,0x100,3919233e00000000
10540,0x100,3922233e00000000
10540,0x1A0,00000016ee000000
10550,0x100,392c233e00000000
10550,0x120,16f1044f00000000
10560,0x100,3935233e00000000
10560,0x1A0,00000016f5000000
10570,0x100,393e233e00000000
10580,0x100,3948233e00000000
10580,0x1A0,00000016fc000000
10590,0x100,3951233e00000000
10600,0x100,395a233e00000000
10600,0x120,1704044f00000000
10600,0x1A0,0000001704000000
10610,0x100,3963233e00000000
10620,0x100,396d233e00000000
10620,0x1A0,000000170b000000
10630,0x100,3976233e00000000
10640,0x100,397f233e00000000
10640,0x1A0,0000001712000000
10650,0x100,3989233e00000000
10650,0x120,1716044f00000000
10660,0x100,3992233e00000000
10660,0x1A0,000000171a000000
10670,0x100,399b233e00000000
10680,0x100,39a5233e00000000
10680,0x1A0,0000001721000000
10690,0x100,39ae233e00000000
10700,0x100,39b7233e00000000
10700,0x120,1729044e00000000
10700,0x1A0,0000001729000000
10710,0x100,39c0233e00000000
10720,0x100,39ca233e00000000
10720,0x1A0,0000001730000000
10730,0x100,39d3233e00000000
10740,0x100,39dc233e00000000
10740,0x1A0,0000001737000000
10750,0x100,39e6233e00000000
10750,0x120,173b044e00000000
10760,0x100,39ef233e00000000
10760,0x1A0,000000173f000000
10770,0x100,39f8233e00000000
10780,0x100,3a01233e00000000
10780,0x1A0,0000001746000000
10790,0x100,3a0b233e00000000
10800,0x100,3a14233e00000000
10800,0x120,174d044e00000000
10800,0x1A0,000000174d000000
10810,0x100,3a1d233e00000000
10820,0x100,3a27233e00000000
10820,0x1A0,0000001755000000
10830,0x100,3a30233e00000000
10840,0x100,3a39233e00000000
10840,0x1A0,000000175c000000
10850,0x100,3a42233e00000000
10850,0x120,1760044e00000000
10860,0x100,3a4c233e00000000
10860,0x1A0,0000001764000000
10870,0x100,3a55233e00000000
10880,0x100,3a5e233e00000000
10880,0x1A0,000000176b000000
10890,0x100,3a68233e00000000
10900,0x100,3a71233e00000000
10900,0x120,1772044e00000000
10900,0x1A0,0000001772000000
10910,0x100,3a7a233e00000000
10920,0x100,3a83233f00000000
10920,0x1A0,000000177a000000
10930,0x100,3a8d233f00000000
10940,0x100,3a96233f00000000
10940,0x1A0,0000001781000000
10950,0x100,3a9f233f00000000
10950,0x120,1785044e00000000
10960,0x100,3aa8233f00000000
10960,0x1A0,0000001788000000
10970,0x100,3ab2233f00000000
10980,0x100,3abb233f00000000
10980,0x1A0,0000001790000000
10990,0x100,3ac4233f00000000
11000,0x100,3acd233f00000000
11000,0x120,1797044e00000000
11000,0x1A0,0000001797000000
11010,0x100,3ad7233f00000000
11020,0x100,3ae0233f00000000
11020,0x1A0,000000179e000000
11030,0x100,3ae9233f00000000
11040,0x100,3af3233f00000000
11040,0x1A0,00000017a6000000
11050,0x100,3afc233f00000000
11050,0x120,17aa044e00000000
11060,0x100,3b05233f00000000
11060,0x1A0,00000017ad000000
11070,0x100,3b0e233f00000000
11080,0x100,3b18233f00000000
11080,0x1A0,00000017b5000000
11090,0x100,3b21233f00000000
11100,0x100,3b2a233f00000000
11100,0x120,17bc044e00000000
11100,0x1A0,00000017bc000000
11110,0x100,3b33233f00000000
11120,0x100,3b3d233f00000000
11120,0x1A0,00000017c3000000
11130,0x100,3b46233f00000000
11140,0x100,3b4f233f00000000
11140,0x1A0,00000017cb000000
11150,0x100,3b58233f00000000
11150,0x120,17ce044e00000000
11160,0x100,3b62233f00000000
11160,0x1A0,00000017d2000000
11170,0x100,3b6b233f00000000
11180,0x100,3b74233f00000000
11180,0x1A0,00000017d9000000
11190,0x100,3b7d233f00000000
11200,0x100,3b87233f00000000
11200,0x120,17e1044e00000000
11200,0x1A0,00000017e1000000
11210,0x100,3b90233f00000000
11220,0x100,3b99233f00000000
11220,0x1A0,00000017e8000000
11230,0x100,3ba2233f00000000
11240,0x100,3bac233f00000000
11240,0x1A0,00000017ef000000
11250,0x100,3bb5233f00000000
11250,0x120,17f3044e00000000
11260,0x100,3bbe233f00000000
11260,0x1A0,00000017f7000000
11270,0x100,3bc7233f00000000
11280,0x100,3bd1233f00000000
11280,0x1A0,00000017fe000000
11290,0x100,3bda233f00000000
11300,0x100,3be3233f00000000
11300,0x120,1805044e00000000
11300,0x1A0,0000001805000000
11310,0x100,3bec233f00000000
11320,0x100,3bf6233f00000000
11320,0x1A0,000000180d000000
11330,0x100,3bff233f00000000
11340,0x100,3c08233f00000000
11340,0x1A0,0000001814000000
11350,0x100,3c11233f00000000
11350,0x120,1818044e00000000
11360,0x100,3c1b233f00000000
11360,0x1A0,000000181b000000
11370,0x100,3c24233f00000000
11380,0x100,3c2d233f00000000
11380,0x1A0,0000001823000000
11390,0x100,3c36233f00000000
11400,0x100,3c3f233f00000000
11400,0x120,182a044e00000000
11400,0x1A0,000000182a000000
11410,0x100,3c49233f00000000
11420,0x100,3c52233f00000000
11420,0x1A0,0000001831000000
11430,0x100,3c5b233f00000000
11440,0x100,3c64233f00000000
11440,0x1A0,0000001839000000
11450,0x100,3c6e233f00000000
11450,0x120,183c044e00000000
11460,0x100,3c77233f00000000
11460,0x1A0,0000001840000000
11470,0x100,3c80233f00000000
11480,0x100,3c89233f00000000
11480,0x1A0,0000001847000000
11490,0x100,3c93233f00000000
11500,0x100,3c9c233f00000000
11500,0x120,184f044e00000000
11500,0x1A0,000000184f000000
11510,0x100,3ca5233f00000000
11520,0x100,3cae233f00000000
11520,0x1A0,0000001856000000
11530,0x100,3cb7233f00000000
11540,0x100,3cc1233f00000000
11540,0x1A0,000000185d000000
11550,0x100,3cca233f00000000
11550,0x120,1861044e00000000
11560,0x100,3cd3233f00000000
11560,0x1A0,0000001865000000
11570,0x100,3cdc233f00000000
11580,0x100,3ce6233f00000000
11580,0x1A0,000000186c000000
11590,0x100,3cef233f00000000
11600,0x100,3cf8233f00000000
11600,0x120,1873044e00000000
11600,0x1A0,0000001873000000
11610,0x100,3d01233f00000000
11620,0x100,3d0a233f00000000
11620,0x1A0,000000187b000000
11630,0x100,3d14233f00000000
11640,0x100,3d1d233f00000000
11640,0x1A0,0000001882000000
11650,0x100,3d26233f00000000
11650,0x120,1886044e00000000
11660,0x100,3d2f233f00000000
11660,0x1A0,0000001889000000
11670,0x100,3d38233f00000000
11680,0x100,3d42233f00000000
11680,0x1A0,0000001890000000
11690,0x100,3d4b233f00000000
11700,0x100,3d54233f00000000
11700,0x120,1898044e00000000
11700,0x1A0,0000001898000000
11710,0x100,3d5d233f00000000
11720,0x100,3d66233f00000000
11720,0x1A0,000000189f000000
11730,0x100,3d70233f00000000
11740,0x100,3d79233f00000000
11740,0x1A0,00000018a6000000
11750,0x100,3d82233f00000000
11750,0x120,18aa044d00000000
11760,0x100,3d8b233f00000000
11760,0x1A0,00000018ae000000
11770,0x100,3d95233f00000000
11780,0x100,3d9e233f00000000
11780,0x1A0,00000018b5000000
11790,0x100,3da7233f00000000
11800,0x100,3db0233f00000000
11800,0x120,18bc044d00000000
11800,0x1A0,00000018bc000000
11810,0x100,3db9233f00000000
11820,0x100,3dc3233f00000000
11820,0x1A0,00000018c4000000
11830,0x100,3dcc233f00000000
11840,0x100,3dd5233f00000000
11840,0x1A0,00000018cb000000
11850,0x100,3dde233f00000000
11850,0x120,18cf044d00000000
11860,0x100,3de7233f00000000
11860,0x1A0,00000018d2000000
11870,0x100,3df0233f00000000
11880,0x100,3dfa233f00000000
11880,0x1A0,00000018da000000
11890,0x100,3e03233f00000000
11900,0x100,3e0c233f00000000
11900,0x120,18e1044d00000000
11900,0x1A0,00000018e1000000
11910,0x100,3e15233f00000000
11920,0x100,3e1e233f00000000
11920,0x1A0,00000018e8000000
11930,0x100,3e28233f00000000
11940,0x100,3e31233f00000000
11940,0x1A0,00000018ef000000
11950,0x100,3e3a233f00000000
11950,0x120,18f3044d00000000
11960,0x100,3e43233f00000000
11960,0x1A0,00000018f7000000
11970,0x100,3e4c233f00000000
11980,0x100,3e56233f00000000
11980,0x1A0,00000018fe000000
11990,0x100,3e5f233f00000000
12000,0x100,3e68233f00000000
12000,0x120,1905044d00000000
12000,0x1A0,0000001905000000
12010,0x100,3e71233f00000000
12020,0x100,3e7a233f00000000
12020,0x1A0,000000190d000000
12030,0x100,3e83233f00000000
12040,0x100,3e8d233f00000000
12040,0x1A0,0000001914000000
12050,0x100,3e96233f00000000
12050,0x120,1918044d00000000
12060,0x100,3e9f233f00000000
12060,0x1A0,000000191b000000
12070,0x100,3ea8233f00000000
12080,0x100,3eb1233f00000000
12080,0x1A0,0000001922000000
12090,0x100,3ebb233f00000000
12100,0x100,3ec4233f00000000
12100,0x120,192a044d00000000
12100,0x1A0,000000192a000000
12110,0x100,3ecd233f00000000
12120,0x100,3ed6233f00000000
12120,0x1A0,0000001931000000
12130,0x100,3edf233f00000000
12140,0x100,3ee8233f00000000
12140,0x1A0,0000001938000000
12150,0x100,3ef2233f00000000
12150,0x120,193c044d00000000
12160,0x100,3efb233f00000000
12160,0x1A0,0000001940000000
12170,0x100,3f04233f00000000
12180,0x100,3f0d233f00000000
12180,0x1A0,0000001947000000
12190,0x100,3f16233f00000000
12200,0x100,3f1f233f00000000
12200,0x120,194e044d00000000
12200,0x1A0,000000194e000000
12210,0x100,3f29233f00000000
12220,0x100,3f32233f00000000
12220,0x1A0,0000001955000000
12230,0x100,3f3b233f00000000
12240,0x100,3f44233f00000000
12240,0x1A0,000000195d000000
12250,0x100,3f4d233f00000000
12250,0x120,1960044d00000000
12260,0x100,3f56233f00000000
12260,0x1A0,0000001964000000
12270,0x100,3f5f233f00000000
12280,0x100,3f69233f00000000
12280,0x1A0,000000196b000000
12290,0x100,3f72233f00000000
12300,0x100,3f7b233f00000000
12300,0x120,1972044d00000000
12300,0x1A0,0000001972000000
12310,0x100,3f84233f00000000
12320,0x100,3f8d233f00000000
12320,0x1A0,000000197a000000
12330,0x100,3f96233f00000000
12340,0x100,3fa0233f00000000
12340,0x1A0,0000001981000000
12350,0x100,3fa9233f00000000
12350,0x120,1985044d00000000
12360,0x100,3fb2233f00000000
12360,0x1A0,0000001988000000
12370,0x100,3fbb233f00000000
12380,0x100,3fc4233f00000000
12380,0x1A0,0000001990000000
12390,0x100,3fcd233f00000000
12400,0x100,3fd6233f00000000
12400,0x120,1997044d00000000
12400,0x1A0,0000001997000000
12410,0x100,3fe0233f00000000
12420,0x100,3fe9233f00000000
12420,0x1A0,000000199e000000
12430,0x100,3ff2233f00000000
12440,0x100,3ffb233f00000000
12440,0x1A0,00000019a5000000
12450,0x100,4004233f00000000
12450,0x120,19a9044d00000000
12460,0x100,400d233f00000000
12460,0x1A0,00000019ad000000
12470,0x100,4016233f00000000
12480,0x100,4020233f00000000
12480,0x1A0,00000019b4000000
12490,0x100,4029233f00000000
12500,0x100,4032233f00000000
12500,0x120,19bb044d00000000
12500,0x1A0,00000019bb000000
12510,0x100,403b233f00000000
12520,0x100,4044233f00000000
12520,0x1A0,00000019c2000000
12530,0x100,404d233f00000000
12540,0x100,4056233f00000000
12540,0x1A0,00000019ca000000
12550,0x100,4060233f00000000
12550,0x120,19cd044d00000000
12560,0x100,4069233f00000000
12560,0x1A0,00000019d1000000
12570,0x100,4072233f00000000
12580,0x100,407b233f00000000
12580,0x1A0,00000019d8000000
12590,0x100,4084233f00000000
12600,0x100,408d233f00000000
12600,0x120,19df044d00000000
12600,0x1A0,00000019df000000
12610,0x100,4096233f00000000
12620,0x100,409f233f00000000
12620,0x1A0,00000019e7000000
12630,0x100,40a9233f00000000
12640,0x100,40b2233f00000000
12640,0x1A0,00000019ee000000
12650,0x100,40bb233f00000000
12650,0x120,19f1044d00000000
12660,0x100,40c4233f00000000
12660,0x1A0,00000019f5000000
12670,0x100,40cd233f00000000
12680,0x100,40d6233f00000000
12680,0x1A0,00000019fc000000
12690,0x100,40df233f00000000
12700,0x100,40e8233f00000000
12700,0x120,1a04044d00000000
12700,0x1A0,0000001a04000000
12710,0x100,40f2233f00000000
12720,0x100,40fb233f00000000
12720,0x1A0,0000001a0b000000
12730,0x100,4104233f00000000
12740,0x100,410d233f00000000
12740,0x1A0,0000001a12000000
12750,0x100,4116233f00000000
12750,0x120,1a16044c00000000
12760,0x100,411f233f00000000
12760,0x1A0,0000001a19000000
12770,0x100,4128233f00000000
12780,0x100,4131233f00000000
12780,0x1A0,0000001a20000000
12790,0x100,413a233f00000000
12800,0x100,4144233f00000000
12800,0x120,1a28044c00000000
12800,0x1A0,0000001a28000000
12810,0x100,414d233f00000000
12820,0x100,4156233f00000000
12820,0x1A0,0000001a2f000000
12830,0x100,415f233f00000000
12840,0x100,4168233f00000000
12840,0x1A0,0000001a36000000
12850,0x100,4171233f00000000
12850,0x120,1a3a044c00000000
12860,0x100,417a233f00000000
12860,0x1A0,0000001a3d000000
12870,0x100,4183233f00000000
12880,0x100,418c233f00000000
12880,0x1A0,0000001a45000000
12890,0x100,4196233f00000000
12900,0x100,419f233f00000000
12900,0x120,1a4c044c00000000
12900,0x1A0,0000001a4c000000
12910,0x100,41a8233f00000000
12920,0x100,41b1233f00000000
12920,0x1A0,0000001a53000000
12930,0x100,41ba233f00000000
12940,0x100,41c3233f00000000
12940,0x1A0,0000001a5a000000
12950,0x100,41cc233f00000000
12950,0x120,1a5e044c00000000
12960,0x100,41d5233f00000000
12960,0x1A0,0000001a62000000
12970,0x100,41de233f00000000
12980,0x100,41e7233f00000000
12980,0x1A0,0000001a69000000
12990,0x100,41f1233f00000000
13000,0x100,41fa233f00000000
13000,0x120,1a70044c00000000
13000,0x1A0,0000001a70000000
13010,0x100,4203233f00000000
13020,0x100,420c233f00000000
13020,0x1A0,0000001a77000000
13030,0x100,4215233f00000000
13040,0x100,421e233f00000000
13040,0x1A0,0000001a7e000000
13050,0x100,4227233f00000000
13050,0x120,1a82044c00000000
13060,0x100,4230233f00000000
13060,0x1A0,0000001a86000000
13070,0x100,4239233f00000000
13080,0x100,4242233f00000000
13080,0x1A0,0000001a8d000000
13090,0x100,424b233f00000000
13100,0x100,4254233f00000000
13100,0x120,1a94044c00000000
13100,0x1A0,0000001a94000000
13110,0x100,425e233f00000000
13120,0x100,4267233f00000000
13120,0x1A0,0000001a9b000000
13130,0x100,4270233f00000000
13140,0x100,4279233f00000000
13140,0x1A0,0000001aa2000000
13150,0x100,4282233f00000000
13150,0x120,1aa6044c00000000
13160,0x100,428b233f00000000
13160,0x1A0,0000001aaa000000
13170,0x100,4294233f00000000
13180,0x100,429d233f00000000
13180,0x1A0,0000001ab1000000
13190,0x100,42a6233f00000000
13200,0x100,42af233f00000000
13200,0x120,1ab8044c00000000
13200,0x1A0,0000001ab8000000
13210,0x100,42b8233f00000000
13220,0x100,42c1233f00000000
13220,0x1A0,0000001abf000000
13230,0x100,42ca233f00000000
13240,0x100,42d4233f00000000
13240,0x1A0,0000001ac6000000
13250,0x100,42dd233f00000000
13250,0x120,1aca044c00000000
13260,0x100,42e6233f00000000
13260,0x1A0,0000001ace000000
13270,0x100,42ef233f00000000
13280,0x100,42f8233f00000000
13280,0x1A0,0000001ad5000000
13290,0x100,4301233f00000000
13300,0x100,430a233f00000000
13300,0x120,1adc044c00000000
13300,0x1A0,0000001adc000000
13310,0x100,4313233f00000000
13320,0x100,431c233f00000000
13320,0x1A0,0000001ae3000000
13330,0x100,4325233f00000000
13340,0x100,432e233f00000000
13340,0x1A0,0000001aea000000
13350,0x100,4337233f00000000
13350,0x120,1aee044c00000000
13360,0x100,4340233f00000000
13360,0x1A0,0000001af2000000
13370,0x100,4349233f00000000
13380,0x100,4352233f00000000
13380,0x1A0,0000001af9000000
13390,0x100,435b233f00000000
13400,0x100,4365233f00000000
13400,0x120,1b00044c00000000
13400,0x1A0,0000001b00000000
13410,0x100,436e233f00000000
13420,0x100,4377233f00000000
13420,0x1A0,0000001b07000000
13430,0x100,4380233f00000000
13440,0x100,4389233f00000000
13440,0x1A0,0000001b0e000000
13450,0x100,4392233f00000000
13450,0x120,1b12044c00000000
13460,0x100,439b233f00000000
13460,0x1A0,0000001b16000000
13470,0x100,43a4233f00000000
13480,0x100,43ad233f00000000
13480,0x1A0,0000001b1d000000
13490,0x100,43b6233f00000000
13500,0x100,43bf233f00000000
13500,0x120,1b24044c00000000
13500,0x1A0,0000001b24000000
13510,0x100,43c8233f00000000
13520,0x100,43d1233f00000000
13520,0x1A0,0000001b2b000000
13530,0x100,43da233f00000000
13540,0x100,43e3233f00000000
13540,0x1A0,0000001b32000000
13550,0x100,43ec233f00000000
13550,0x120,1b36044c00000000
13560,0x100,43f5233f00000000
13560,0x1A0,0000001b39000000
13570,0x100,43fe233f00000000
13580,0x100,4407233f00000000
13580,0x1A0,0000001b41000000
13590,0x100,4410233f00000000
13600,0x100,4419233f00000000
13600,0x120,1b48044c00000000
13600,0x1A0,0000001b48000000
13610,0x100,4423233f00000000
13620,0x100,442c233f00000000
13620,0x1A0,0000001b4f000000
13630,0x100,4435233f00000000
13640,0x100,443e233f00000000
13640,0x1A0,0000001b56000000
13650,0x100,4447233f00000000
13650,0x120,1b5a044c00000000
13660,0x100,4450233f00000000
13660,0x1A0,0000001b5d000000
13670,0x100,4459233f00000000
13680,0x100,4462233f00000000
13680,0x1A0,0000001b64000000
13690,0x100,446b233f00000000
13700,0x100,4474233f00000000
13700,0x120,1b6c044c00000000
13700,0x1A0,0000001b6c000000
13710,0x100,447d233f00000000
13720,0x100,4486233f00000000
13720,0x1A0,0000001b73000000
13730,0x100,448f233f00000000
13740,0x100,4498233f00000000
13740,0x1A0,0000001b7a000000
13750,0x100,44a1233f00000000
13750,0x120,1b7e044b00000000
13760,0x100,44aa233f00000000
13760,0x1A0,0000001b81000000
13770,0x100,44b3233f00000000
13780,0x100,44bc233f00000000
13780,0x1A0,0000001b88000000
13790,0x100,44c5233f00000000
13800,0x100,44ce233f00000000
13800,0x120,1b8f044b00000000
13800,0x1A0,0000001b8f000000
13810,0x100,44d7233f00000000
13820,0x100,44e0233f00000000
13820,0x1A0,0000001b97000000
13830,0x100,44e9233f00000000
13840,0x100,44f2233f00000000
13840,0x1A0,0000001b9e000000
13850,0x100,44fb233f00000000
13850,0x120,1ba1044b00000000
13860,0x100,4504233f00000000
13860,0x1A0,0000001ba5000000
13870,0x100,450d233f00000000
13880,0x100,4516233f00000000
13880,0x1A0,0000001bac000000
13890,0x100,451f233f00000000
13900,0x100,4528233f00000000
13900,0x120,1bb3044b00000000
13900,0x1A0,0000001bb3000000
13910,0x100,4531233f00000000
13920,0x100,453a233f00000000
13920,0x1A0,0000001bba000000
13930,0x100,4543233f00000000
13940,0x100,454c233f00000000
13940,0x1A0,0000001bc2000000
13950,0x100,4555233f00000000
13950,0x120,1bc5044b00000000
13960,0x100,455e233f00000000
13960,0x1A0,0000001bc9000000
13970,0x100,4567233f00000000
13980,0x100,4570233f00000000
13980,0x1A0,0000001bd0000000
13990,0x100,4579233f00000000
14000,0x100,4582233f00000000
14000,0x120,1bd7044b00000000
14000,0x1A0,0000001bd7000000
14010,0x100,458b233f00000000
14020,0x100,4594233f00000000
14020,0x1A0,0000001bde000000
14030,0x100,459d233f00000000
14040,0x100,45a6233f00000000
14040,0x1A0,0000001be5000000
14050,0x100,45af233f00000000
14050,0x120,1be9044b00000000
14060,0x100,45b8233f00000000
14060,0x1A0,0000001bec000000
14070,0x100,45c1233f00000000
14080,0x100,45ca233f00000000
14080,0x1A0,0000001bf4000000
14090,0x100,45d3233f00000000
14100,0x100,45dc233f00000000
14100,0x120,1bfb044b00000000
14100,0x1A0,0000001bfb000000
14110,0x100,45e5233f00000000
14120,0x100,45ee233f00000000
14120,0x1A0,0000001c02000000
14130,0x100,45f7233f00000000
14140,0x100,4600233f00000000
14140,0x1A0,0000001c09000000
14150,0x100,4609233f00000000
14150,0x120,1c0d044b00000000
14160,0x100,4612233f00000000
14160,0x1A0,0000001c10000000
14170,0x100,461b233f00000000
14180,0x100,4624233f00000000
14180,0x1A0,0000001c17000000
14190,0x100,462d233f00000000
14200,0x100,4636233f00000000
14200,0x120,1c1e044b00000000
14200,0x1A0,0000001c1e000000
14210,0x100,463f233f00000000
14220,0x100,4648233f00000000
14220,0x1A0,0000001c25000000
14230,0x100,4651233f00000000
14240,0x100,465a233f00000000
14240,0x1A0,0000001c2d000000
14250,0x100,4663233f00000000
14250,0x120,1c30044b00000000
14260,0x100,466c233f00000000
14260,0x1A0,0000001c34000000
14270,0x100,4675233f00000000
14280,0x100,467e233f00000000
14280,0x1A0,0000001c3b000000
14290,0x100,4687233f00000000
14300,0x100,4690233f00000000
14300,0x120,1c42044b00000000
14300,0x1A0,0000001c42000000
14310,0x100,4699233f00000000
14320,0x100,46a2233f00000000
14320,0x1A0,0000001c49000000
14330,0x100,46ab233f00000000
14340,0x100,46b4233f00000000
14340,0x1A0,0000001c50000000
14350,0x100,46bd233f00000000
14350,0x120,1c54044b00000000
14360,0x100,46c5233f00000000
14360,0x1A0,0000001c57000000
14370,0x100,46ce233f00000000
14380,0x100,46d7233f00000000
14380,0x1A0,0000001c5e000000
14390,0x100,46e0233f00000000
14400,0x100,46e9233f00000000
14400,0x120,1c66044b00000000
14400,0x1A0,0000001c66000000
14410,0x100,46f2233f00000000
14420,0x100,46fb233f00000000
14420,0x1A0,0000001c6d000000
14430,0x100,4704233f00000000
14440,0x100,470d233f00000000
14440,0x1A0,0000001c74000000
14450,0x100,4716233f00000000
14450,0x120,1c77044b00000000
14460,0x100,471f233f00000000
14460,0x1A0,0000001c7b000000
14470,0x100,4728233f00000000
14480,0x100,4731233f00000000
14480,0x1A0,0000001c82000000
14490,0x100,473a233f00000000
14500,0x100,4743233f00000000
14500,0x120,1c89044b00000000
14500,0x1A0,0000001c89000000
14510,0x100,474c233f00000000
14520,0x100,4755233f00000000
14520,0x1A0,0000001c90000000
14530,0x100,475e233f00000000
14540,0x100,4767233f00000000
14540,0x1A0,0000001c97000000
14550,0x100,4770233f00000000
14550,0x120,1c9b044b00000000
14560,0x100,4779233f00000000
14560,0x1A0,0000001c9e000000
14570,0x100,4782233f00000000
14580,0x100,478a233f00000000
14580,0x1A0,0000001ca5000000
14590,0x100,4793233f00000000
14600,0x100,479c233f00000000
14600,0x120,1cad044b00000000
14600,0x1A0,0000001cad000000
14610,0x100,47a5233f00000000
14620,0x100,47ae233f00000000
14620,0x1A0,0000001cb4000000
14630,0x100,47b7233f00000000
14640,0x100,47c0233f00000000
14640,0x1A0,0000001cbb000000
14650,0x100,47c9233f00000000
14650,0x120,1cbe044b00000000
14660,0x100,47d2233f00000000
14660,0x1A0,0000001cc2000000
14670,0x100,47db233f00000000
14680,0x100,47e4233f00000000
14680,0x1A0,0000001cc9000000
14690,0x100,47ed233f00000000
14700,0x100,47f6233f00000000
14700,0x120,1cd0044a00000000
14700,0x1A0,0000001cd0000000
14710,0x100,47ff233f00000000
14720,0x100,4808233f00000000
14720,0x1A0,0000001cd7000000
14730,0x100,4811233f00000000
14740,0x100,4819233f00000000
14740,0x1A0,0000001cde000000
14750,0x100,4822233f00000000
14750,0x120,1ce2044a00000000
14760,0x100,482b233f00000000
14760,0x1A0,0000001ce5000000
14770,0x100,4834233f00000000
14780,0x100,483d233f00000000
14780,0x1A0,0000001cec000000
14790,0x100,4846233f00000000
14800,0x100,484f233f00000000
14800,0x120,1cf3044a00000000
14800,0x1A0,0000001cf3000000
14810,0x100,4858233f00000000
14820,0x100,4861233f00000000
14820,0x1A0,0000001cfb000000
14830,0x100,486a233f00000000
14840,0x100,4873233f00000000
14840,0x1A0,0000001d02000000
14850,0x100,487c233f00000000
14850,0x120,1d05044a00000000
14860,0x100,4884233f00000000
14860,0x1A0,0000001d09000000
14870,0x100,488d233f00000000
14880,0x100,4896233f00000000
14880,0x1A0,0000001d10000000
14890,0x100,489f233f00000000
14900,0x100,48a8233f00000000
14900,0x120,1d17044a00000000
14900,0x1A0,0000001d17000000
14910,0x100,48b1233f00000000
14920,0x100,48ba233f00000000
14920,0x1A0,0000001d1e000000
14930,0x100,48c3233f00000000
14940,0x100,48cc233f00000000
14940,0x1A0,0000001d25000000
14950,0x100,48d5233f00000000
14950,0x120,1d29044a00000000
14960,0x100,48de233f00000000
14960,0x1A0,0000001d2c000000
14970,0x100,48e6233f00000000
14980,0x100,48ef233f00000000
14980,0x1A0,0000001d33000000
14990,0x100,48f8233f00000000
15000,0x100,48ff003f00000000
15000,0x120,1d2f031300000000
15000,0x1A0,0000231d2f000000
15010,0x100,4905003f00000000
15020,0x100,4909003f00000000
15020,0x1A0,0000231d20000000
15030,0x100,490b003f00000000
15040,0x100,490c003f00000000
15040,0x1A0,0000231d10000000
15050,0x100,490c003f00000000
15050,0x120,1d09031300000000
15060,0x100,490b003f00000000
15060,0x1A0,0000231d01000000
15070,0x100,4909003f00000000
15080,0x100,4905003f00000000
15080,0x1A0,0000231cf2000000
15090,0x100,4901003f00000000
15100,0x100,48fb003f00000000
15100,0x120,1ce2031300000000
15100,0x1A0,1b58231ce2000000
15110,0x100,48f5003f00000000
15120,0x100,48ee003f00000000
15120,0x1A0,1b58231cd3000000
15130,0x100,48e6003f00000000
15140,0x100,48dd003f00000000
15140,0x1A0,1b58231cc4000000
15150,0x100,48d4003f00000000
15150,0x120,1cbc031300000000
15160,0x100,48ca003f00000000
15160,0x1A0,1b58231cb4000000
15170,0x100,48c0003f00000000
15180,0x100,48b5003f00000000
15180,0x1A0,1b58231ca5000000
15190,0x100,48a9003f00000000
15200,0x100,489d003f00000000
15200,0x120,1c96031300000000
15200,0x1A0,1b58231c96000000
15210,0x100,4891003f00000000
15220,0x100,4884003f00000000
15220,0x1A0,1b58231c86000000
15230,0x100,4877003f00000000
15240,0x100,4869003f00000000
15240,0x1A0,1b58231c77000000
15250,0x100,485b003f00000000
15250,0x120,1c70031400000000
15260,0x100,484d003f00000000
15260,0x1A0,1b58231c68000000
15270,0x100,483e003f00000000
15280,0x100,482f003f00000000
15280,0x1A0,1b58231c59000000
15290,0x100,4820003f00000000
15300,0x100,4810003f00000000
15300,0x120,1c49031400000000
15300,0x1A0,1b58231c49000000
15310,0x100,4801003f00000000
15320,0x100,47f1003f00000000
15320,0x1A0,1b58231c3a000000
15330,0x100,47e1003f00000000
15340,0x100,47d0003f00000000
15340,0x1A0,1b58231c2b000000
15350,0x100,47c0003f00000000
15350,0x120,1c23031400000000
15360,0x100,47af003f00000000
15360,0x1A0,1b58231c1b000000
15370,0x100,479e003f00000000
15380,0x100,478e003f00000000
15380,0x1A0,1b58231c0c000000
15390,0x100,477c004000000000
15400,0x100,476b004000000000
15400,0x120,1bfd031400000000
15400,0x1A0,1b58231bfd000000
15410,0x100,475a004000000000
15420,0x100,4748004000000000
15420,0x1A0,1b58231bee000000
15430,0x100,4737004000000000
15440,0x100,4725004000000000
15440,0x1A0,1b58231bde000000
15450,0x100,4713004000000000
15450,0x120,1bd7031400000000
15460,0x100,4701004000000000
15460,0x1A0,1b58231bcf000000
15470,0x100,46ef004000000000
15480,0x100,46dd004000000000
15480,0x1A0,1b58231bc0000000
15490,0x100,46cb004000000000
15500,0x100,46b9004000000000
15500,0x120,1bb1031400000000
15500,0x1A0,1b58231bb1000000
15510,0x100,46a7004000000000
15520,0x100,4695004000000000
15520,0x1A0,1b58231ba1000000
15530,0x100,4682004000000000
15540,0x100,4670004000000000
15540,0x1A0,1b58231b92000000
15550,0x100,465d004000000000
15550,0x120,1b8b031400000000
15560,0x100,464b004000000000
15560,0x1A0,1b58231b83000000
15570,0x100,4638004000000000
15580,0x100,4626004000000000
15580,0x1A0,1b58231b74000000
15590,0x100,4613004000000000
15600,0x100,4601004000000000
15600,0x120,1b64031400000000
15600,0x1A0,1b58231b64000000
15610,0x100,45ee004000000000
15620,0x100,45db004000000000
15620,0x1A0,1b58231b55000000
15630,0x100,45c9004000000000
15640,0x100,45b6004000000000
15640,0x1A0,1b58231b46000000
15650,0x100,45a3004000000000
15650,0x120,1b3e031400000000
15660,0x100,4590004000000000
15660,0x1A0,1b58231b37000000
15670,0x100,457d004000000000
15680,0x100,456a004000000000
15680,0x1A0,1b58231b27000000
15690,0x100,4558004000000000
15700,0x100,4545004000000000
15700,0x120,1b18031500000000
15700,0x1A0,1b58231b18000000
15710,0x100,4532004000000000
15720,0x100,451f004000000000
15720,0x1A0,1b58231b09000000
15730,0x100,450c004000000000
15740,0x100,44f9004000000000
15740,0x1A0,1b58231afa000000
15750,0x100,44e6004000000000
15750,0x120,1af2031500000000
15760,0x100,44d3004000000000
15760,0x1A0,1b58231aeb000000
15770,0x100,44c0004000000000
15780,0x100,44ad004000000000
15780,0x1A0,1b58231adb000000
15790,0x100,449a004000000000
15800,0x100,4487004000000000
15800,0x120,1acc031500000000
15800,0x1A0,1b58231acc000000
15810,0x100,4474004000000000
15820,0x100,4461004000000000
15820,0x1A0,1b58231abd000000
15830,0x100,444e004000000000
15840,0x100,443b004000000000
15840,0x1A0,1b58231aae000000
15850,0x100,4428004000000000
15850,0x120,1aa6031500000000
15860,0x100,4415004000000000
15860,0x1A0,1b58231a9f000000
15870,0x100,4402004000000000
15880,0x100,43ef004000000000
15880,0x1A0,1b58231a8f000000
15890,0x100,43dc004000000000
15900,0x100,43c9004000000000
15900,0x120,1a80031500000000
15900,0x1A0,1b58231a80000000
15910,0x100,43b6004000000000
15920,0x100,43a3004000000000
15920,0x1A0,1b58231a71000000
15930,0x100,4390004000000000
15940,0x100,437c004000000000
15940,0x1A0,1b58231a62000000
15950,0x100,4369004000000000
15950,0x120,1a5a031500000000
15960,0x100,4356004000000000
15960,0x1A0,1b58231a53000000
15970,0x100,4343004000000000
15980,0x100,4330004000000000
15980,0x1A0,1b58231a43000000
15990,0x100,431d004000000000
16000,0x100,430a004000000000
16000,0x120,1a34031500000000
16000,0x1A0,1b58231a34000000
16010,0x100,42f7004000000000
16020,0x100,42e4004000000000
16020,0x1A0,1b58231a25000000
16030,0x100,42d1004000000000
16040,0x100,42be004000000000
16040,0x1A0,1b58231a16000000
16050,0x100,42ab004000000000
16050,0x120,1a0e031500000000
16060,0x100,4298004000000000
16060,0x1A0,1b58231a07000000
16070,0x100,4285004000000000
16080,0x100,4271004000000000
16080,0x1A0,1b582319f8000000
16090,0x100,425e004000000000
16100,0x100,424b004000000000
16100,0x120,19e8031500000000
16100,0x1A0,1b582319e8000000
16110,0x100,4238004000000000
16120,0x100,4225004000000000
16120,0x1A0,1b582319d9000000
16130,0x100,4212004000000000
16140,0x100,41ff004000000000
16140,0x1A0,1b582319ca000000
16150,0x100,41ec004000000000
16150,0x120,19c3031600000000
16160,0x100,41d9004000000000
16160,0x1A0,1b582319bb000000
16170,0x100,41c6004000000000
16180,0x100,41b3004000000000
16180,0x1A0,1b582319ac000000
16190,0x100,41a0004000000000
16200,0x100,418d004000000000
16200,0x120,199d031600000000
16200,0x1A0,1b5823199d000000
16210,0x100,417a004000000000
16220,0x100,4166004000000000
16220,0x1A0,1b5823198e000000
16230,0x100,4153004000000000
16240,0x100,4140004000000000
16240,0x1A0,1b5823197e000000
16250,0x100,412d004000000000
16250,0x120,1977031600000000
16260,0x100,411a004000000000
16260,0x1A0,1b5823196f000000
16270,0x100,4107004000000000
16280,0x100,40f4004000000000
16280,0x1A0,1b58231960000000
16290,0x100,40e1004000000000
16300,0x100,40ce004000000000
16300,0x120,1951031600000000
16300,0x1A0,1b58231951000000
16310,0x100,40bb004000000000
16320,0x100,40a8004000000000
16320,0x1A0,1b58231942000000
16330,0x100,4095004000000000
16340,0x100,4082004000000000
16340,0x1A0,1b58231933000000
16350,0x100,406f004000000000
16350,0x120,192b031600000000
16360,0x100,405c004000000000
16360,0x1A0,1b58231924000000
16370,0x100,4049004000000000
16380,0x100,4036004000000000
16380,0x1A0,1b58231915000000
16390,0x100,4023004000000000
16400,0x100,4010004000000000
16400,0x120,1905031600000000
16400,0x1A0,1b58231905000000
16410,0x100,3ffc004000000000
16420,0x100,3fe9004000000000
16420,0x1A0,1b582318f6000000
16430,0x100,3fd6004000000000
16440,0x100,3fc3004000000000
16440,0x1A0,1b582318e7000000
16450,0x100,3fb0004000000000
16450,0x120,18e0031600000000
16460,0x100,3f9d004000000000
16460,0x1A0,1b582318d8000000
16470,0x100,3f8a004000000000
16480,0x100,3f77004000000000
16480,0x1A0,1b582318c9000000
16490,0x100,3f64004000000000
16500,0x100,3f51004000000000
16500,0x120,18ba031600000000
16500,0x1A0,1b582318ba000000
16510,0x100,3f3e004000000000
16520,0x100,3f2b004000000000
16520,0x1A0,1b582318ab000000
16530,0x100,3f18004000000000
16540,0x100,3f05004000000000
16540,0x1A0,1b5823189c000000
16550,0x100,3ef2004000000000
16550,0x120,1894031600000000
16560,0x100,3edf004000000000
16560,0x1A0,1b5823188d000000
16570,0x100,3ecc004000000000
16580,0x100,3eb9004000000000
16580,0x1A0,1b5823187e000000
16590,0x100,3ea6004000000000
16600,0x100,3e93004000000000
16600,0x120,186e031600000000
16600,0x1A0,1b5823186e000000
16610,0x100,3e80004000000000
16620,0x100,3e6d004000000000
16620,0x1A0,1b5823185f000000
16630,0x100,3e5a004000000000
16640,0x100,3e47004000000000
16640,0x1A0,1b58231850000000
16650,0x100,3e34004000000000
16650,0x120,1849031700000000
16660,0x100,3e21004000000000
16660,0x1A0,1b58231841000000
16670,0x100,3e0e004000000000
16680,0x100,3dfb004000000000
16680,0x1A0,1b58231832000000
16690,0x100,3de8004000000000
16700,0x100,3dd5004000000000
16700,0x120,1823031700000000
16700,0x1A0,1b58231823000000
16710,0x100,3dc2004000000000
16720,0x100,3daf004000000000
16720,0x1A0,1b58231814000000
16730,0x100,3d9c004000000000
16740,0x100,3d89004000000000
16740,0x1A0,1b58231805000000
16750,0x100,3d76004000000000
16750,0x120,17fd031700000000
16760,0x100,3d63004000000000
16760,0x1A0,1b582317f6000000
16770,0x100,3d50004000000000
16780,0x100,3d3d004000000000
16780,0x1A0,1b582317e7000000
16790,0x100,3d2a004000000000
16800,0x100,3d17004000000000
16800,0x120,17d8031700000000
16800,0x1A0,1b582317d8000000
16810,0x100,3d04004000000000
16820,0x100,3cf2004000000000
16820,0x1A0,1b582317c9000000
16830,0x100,3cdf004000000000
16840,0x100,3ccc004000000000
16840,0x1A0,1b582317ba000000
16850,0x100,3cb9004000000000
16850,0x120,17b2031700000000
16860,0x100,3ca6004000000000
16860,0x1A0,1b582317ab000000
16870,0x100,3c93004000000000
16880,0x100,3c80004000000000
16880,0x1A0,1b5823179b000000
16890,0x100,3c6d004000000000
16900,0x100,3c5a004000000000
16900,0x120,178c031700000000
16900,0x1A0,1b5823178c000000
16910,0x100,3c47004000000000
16920,0x100,3c34004000000000
16920,0x1A0,1b5823177d000000
16930,0x100,3c21004000000000
16940,0x100,3c0e004000000000
16940,0x1A0,1b5823176e000000
16950,0x100,3bfb004000000000
16950,0x120,1767031700000000
16960,0x100,3be8004000000000
16960,0x1A0,1b5823175f000000
16970,0x100,3bd5004000000000
16980,0x100,3bc2004000000000
16980,0x1A0,1b58231750000000
16990,0x100,3baf004000000000
17000,0x100,3b9c004000000000
17000,0x120,1741031700000000
17000,0x1A0,1b58231741000000
17010,0x100,3b8a004000000000
17020,0x100,3b77004000000000
17020,0x1A0,1b58231732000000
17030,0x100,3b64004000000000
17040,0x100,3b51004000000000
17040,0x1A0,1b58231723000000
17050,0x100,3b3e004000000000
17050,0x120,171c031700000000
17060,0x100,3b2b004000000000
17060,0x1A0,1b58231714000000
17070,0x100,3b18004000000000
17080,0x100,3b05004000000000
17080,0x1A0,1b58231705000000
17090,0x100,3af2004000000000
17100,0x100,3adf004000000000
17100,0x120,16f6031700000000
17100,0x1A0,1b582316f6000000
17110,0x100,3acc004000000000
17120,0x100,3ab9004000000000
17120,0x1A0,1b582316e7000000
17130,0x100,3aa6004000000000
17140,0x100,3a94004000000000
17140,0x1A0,1b582316d8000000
17150,0x100,3a81004000000000
17150,0x120,16d1031800000000
17160,0x100,3a6e004000000000
17160,0x1A0,1b582316c9000000
17170,0x100,3a5b004000000000
17180,0x100,3a48004000000000
17180,0x1A0,1b582316ba000000
17190,0x100,3a35004000000000
17200,0x100,3a22004000000000
17200,0x120,16ab031800000000
17200,0x1A0,1b582316ab000000
17210,0x100,3a0f004000000000
17220,0x100,39fc004000000000
17220,0x1A0,1b5823169c000000
17230,0x100,39e9004000000000
17240,0x100,39d7004000000000
17240,0x1A0,1b5823168d000000
17250,0x100,39c4004000000000
17250,0x120,1686031800000000
17260,0x100,39b1004000000000
17260,0x1A0,1b5823167e000000
17270,0x100,399e004000000000
17280,0x100,398b004000000000
17280,0x1A0,1b5823166f000000
17290,0x100,3978004000000000
17300,0x100,3965004000000000
17300,0x120,1660031800000000
17300,0x1A0,1b58231660000000
17310,0x100,3952004000000000
17320,0x100,3940004000000000
17320,0x1A0,1b58231651000000
17330,0x100,392d004000000000
17340,0x100,391a004000000000
17340,0x1A0,1b58231642000000
17350,0x100,3907004000000000
17350,0x120,163b031800000000
17360,0x100,38f4004000000000
17360,0x1A0,1b58231633000000
17370,0x100,38e1004000000000
17380,0x100,38ce004000000000
17380,0x1A0,1b58231624000000
17390,0x100,38bb004000000000
17400,0x100,38a9004000000000
17400,0x120,1615031800000000
17400,0x1A0,1b58231615000000
17410,0x100,3896004000000000
17420,0x100,3883004000000000
17420,0x1A0,1b58231606000000
17430,0x100,3870004000000000
17440,0x100,385d004000000000
17440,0x1A0,1b582315f7000000
17450,0x100,384a004000000000
17450,0x120,15f0031800000000
17460,0x100,3837004000000000
17460,0x1A0,1b582315e8000000
17470,0x100,3825004000000000
17480,0x100,3812004000000000
17480,0x1A0,1b582315d9000000
17490,0x100,37ff004000000000
17500,0x100,37ec004000000000
17500,0x120,15ca031800000000
17500,0x1A0,1b582315ca000000
17510,0x100,37d9004000000000
17520,0x100,37c6004000000000
17520,0x1A0,1b582315bb000000
17530,0x100,37b3004000000000
17540,0x100,37a1004000000000
17540,0x1A0,1b582315ac000000
17550,0x100,378e004000000000
17550,0x120,15a5031800000000
17560,0x100,377b004000000000
17560,0x1A0,1b5823159d000000
17570,0x100,3768004000000000
17580,0x100,3755004000000000
17580,0x1A0,1b5823158e000000
17590,0x100,3742004000000000
17600,0x100,3730004000000000
17600,0x120,1580031800000000
17600,0x1A0,1b58231580000000
17610,0x100,371d004000000000
17620,0x100,370a004000000000
17620,0x1A0,1b58231571000000
17630,0x100,36f7004000000000
17640,0x100,36e4004000000000
17640,0x1A0,1b58231562000000
17650,0x100,36d1004000000000
17650,0x120,155a031800000000
17660,0x100,36bf004000000000
17660,0x1A0,1b58231553000000
17670,0x100,36ac004000000000
17680,0x100,3699004000000000
17680,0x1A0,1b58231544000000
17690,0x100,3686004000000000
17700,0x100,3673004000000000
17700,0x120,1535031800000000
17700,0x1A0,1b58231535000000
17710,0x100,3660004000000000
17720,0x100,364e004000000000
17720,0x1A0,1b58231526000000
17730,0x100,363b004000000000
17740,0x100,3628004000000000
17740,0x1A0,1b58231517000000
17750,0x100,3615004000000000
17750,0x120,150f031900000000
17760,0x100,3602004000000000
17760,0x1A0,1b58231508000000
17770,0x100,35f0004000000000
17780,0x100,35dd004000000000
17780,0x1A0,1b582314f9000000
17790,0x100,35ca004000000000
17800,0x100,35b7004000000000
17800,0x120,14ea031900000000
17800,0x1A0,1b582314ea000000
17810,0x100,35a4004000000000
17820,0x100,3592004000000000
17820,0x1A0,1b582314db000000
17830,0x100,357f004000000000
17840,0x100,356c004000000000
17840,0x1A0,1b582314cc000000
17850,0x100,3559004000000000
17850,0x120,14c5031900000000
17860,0x100,3546004000000000
17860,0x1A0,1b582314bd000000
17870,0x100,3534004000000000
17880,0x100,3521004000000000
17880,0x1A0,1b582314ae000000
17890,0x100,350e004000000000
17900,0x100,34fb004000000000
17900,0x120,149f031900000000
17900,0x1A0,1b5823149f000000
17910,0x100,34e8004000000000
17920,0x100,34d6004000000000
17920,0x1A0,1b58231491000000
17930,0x100,34c3004000000000
17940,0x100,34b0004000000000
17940,0x1A0,1b58231482000000
17950,0x100,349d004000000000
17950,0x120,147a031900000000
17960,0x100,348b004000000000
17960,0x1A0,1b58231473000000
17970,0x100,3478004000000000
17980,0x100,3465004000000000
17980,0x1A0,1b58231464000000
17990,0x100,3452004000000000
18000,0x100,343f004000000000
18000,0x120,1455031900000000
18000,0x1A0,1b58231455000000
18010,0x100,342d004000000000
18020,0x100,341a004000000000
18020,0x1A0,1b58231446000000
18030,0x100,3407004000000000
18040,0x100,33f4004000000000
18040,0x1A0,1b58231437000000
18050,0x100,33e2004000000000
18050,0x120,1430031900000000
18060,0x100,33cf004000000000
18060,0x1A0,1b58231428000000
18070,0x100,33bc004000000000
18080,0x100,33a9004000000000
18080,0x1A0,1b58231419000000
18090,0x100,3397004000000000
18100,0x100,3384004000000000
18100,0x120,140a031900000000
18100,0x1A0,1b5823140a000000
18110,0x100,3371004000000000
18120,0x100,335e004000000000
18120,0x1A0,1b582313fc000000
18130,0x100,334c004000000000
18140,0x100,3339004000000000
18140,0x1A0,1b582313ed000000
18150,0x100,3326004000000000
18150,0x120,13e5031900000000
18160,0x100,3313004000000000
18160,0x1A0,1b582313de000000
18170,0x100,3301004000000000
18180,0x100,32ee004000000000
18180,0x1A0,1b582313cf000000
18190,0x100,32db004000000000
18200,0x100,32c8004000000000
18200,0x120,13c0031900000000
18200,0x1A0,1b582313c0000000
18210,0x100,32b6004000000000
18220,0x100,32a3004000000000
18220,0x1A0,1b582313b1000000
18230,0x100,3290004000000000
18240,0x100,327d004000000000
18240,0x1A0,1b582313a2000000
18250,0x100,326b004000000000
18250,0x120,139b031900000000
18260,0x100,3258004000000000
18260,0x1A0,1b58231393000000
18270,0x100,3245004000000000
18280,0x100,3232004000000000
18280,0x1A0,1b58231384000000
18290,0x100,3220004000000000
18300,0x100,320d004000000000
18300,0x120,1376031900000000
18300,0x1A0,1b58231376000000
18310,0x100,31fa004000000000
18320,0x100,31e8004000000000
18320,0x1A0,1b58231367000000
18330,0x100,31d5004000000000
18340,0x100,31c2004000000000
18340,0x1A0,1b58231358000000
18350,0x100,31af004000000000
18350,0x120,1350031a00000000
18360,0x100,319d004000000000
18360,0x1A0,1b58231349000000
18370,0x100,318a004000000000
18380,0x100,3177004000000000
18380,0x1A0,1b5823133a000000
18390,0x100,3165004000000000
18400,0x100,3152004000000000
18400,0x120,132b031a00000000
18400,0x1A0,1b5823132b000000
18410,0x100,313f004000000000
18420,0x100,312c004000000000
18420,0x1A0,1b5823131c000000
18430,0x100,311a004000000000
18440,0x100,3107004000000000
18440,0x1A0,1b5823130e000000
18450,0x100,30f4004000000000
18450,0x120,1306031a00000000
18460,0x100,30e2004000000000
18460,0x1A0,1b582312ff000000
18470,0x100,30cf004000000000
18480,0x100,30bc004000000000
18480,0x1A0,1b582312f0000000
18490,0x100,30a9004000000000
18500,0x100,3097004000000000
18500,0x120,12e1031a00000000
18500,0x1A0,1b582312e1000000
18510,0x100,3084004000000000
18520,0x100,3071004000000000
18520,0x1A0,1b582312d2000000
18530,0x100,305f004000000000
18540,0x100,304c004000000000
18540,0x1A0,1b582312c3000000
18550,0x100,3039004000000000
18550,0x120,12bc031a00000000
18560,0x100,3027004000000000
18560,0x1A0,1b582312b4000000
18570,0x100,3014004000000000
18580,0x100,3001004000000000
18580,0x1A0,1b582312a6000000
18590,0x100,2fef004000000000
18600,0x100,2fdc004000000000
18600,0x120,1297031a00000000
18600,0x1A0,1b58231297000000
18610,0x100,2fc9004000000000
18620,0x100,2fb6004000000000
18620,0x1A0,1b58231288000000
18630,0x100,2fa4004000000000
18640,0x100,2f91004000000000
18640,0x1A0,1b58231279000000
18650,0x100,2f7e004000000000
18650,0x120,1272031a00000000
18660,0x100,2f6c004000000000
18660,0x1A0,1b5823126a000000
18670,0x100,2f59004000000000
18680,0x100,2f46004000000000
18680,0x1A0,1b5823125b000000
18690,0x100,2f34004000000000
18700,0x100,2f21004000000000
18700,0x120,124d031a00000000
18700,0x1A0,1b5823124d000000
18710,0x100,2f0e004000000000
18720,0x100,2efc004000000000
18720,0x1A0,1b5823123e000000
18730,0x100,2ee9004000000000
18740,0x100,2ed6004000000000
18740,0x1A0,1b5823122f000000
18750,0x100,2ec4004000000000
18750,0x120,1228031a00000000
18760,0x100,2eb1004000000000
18760,0x1A0,1b58231220000000
18770,0x100,2e9e004000000000
18780,0x100,2e8c004000000000
18780,0x1A0,1b58231211000000
18790,0x100,2e79004000000000
18800,0x100,2e66004000000000
18800,0x120,1202031a00000000
18800,0x1A0,1b58231202000000
18810,0x100,2e54004000000000
18820,0x100,2e41004000000000
18820,0x1A0,1b582311f4000000
18830,0x100,2e2e004000000000
18840,0x100,2e1c004000000000
18840,0x1A0,1b582311e5000000
18850,0x100,2e09004000000000
18850,0x120,11dd031a00000000
18860,0x100,2df6004000000000
18860,0x1A0,1b582311d6000000
18870,0x100,2de4004000000000
18880,0x100,2dd1004000000000
18880,0x1A0,1b582311c7000000
18890,0x100,2dbe004000000000
18900,0x100,2dac004000000000
18900,0x120,11b8031a00000000
18900,0x1A0,1b582311b8000000
18910,0x100,2d99004000000000
18920,0x100,2d87004000000000
18920,0x1A0,1b582311aa000000
18930,0x100,2d74004000000000
18940,0x100,2d61004000000000
18940,0x1A0,1b5823119b000000
18950,0x100,2d4f004000000000
18950,0x120,1193031a00000000
18960,0x100,2d3c004000000000
18960,0x1A0,1b5823118c000000
18970,0x100,2d29004000000000
18980,0x100,2d17004000000000
18980,0x1A0,1b5823117d000000
18990,0x100,2d04004000000000
19000,0x100,2cf1004000000000
19000,0x120,116e031a00000000
19000,0x1A0,1b5823116e000000
19010,0x100,2cdf004000000000
19020,0x100,2ccc004000000000
19020,0x1A0,1b58231160000000
19030,0x100,2cba004000000000
19040,0x100,2ca7004000000000
19040,0x1A0,1b58231151000000
19050,0x100,2c94004000000000
19050,0x120,1149031b00000000
19060,0x100,2c82004000000000
19060,0x1A0,1b58231142000000
19070,0x100,2c6f004000000000
19080,0x100,2c5c004000000000
19080,0x1A0,1b58231133000000
19090,0x100,2c4a004000000000
19100,0x100,2c37004000000000
19100,0x120,1124031b00000000
19100,0x1A0,1b58231124000000
19110,0x100,2c25004000000000
19120,0x100,2c12004000000000
19120,0x1A0,1b58231116000000
19130,0x100,2bff004000000000
19140,0x100,2bed004000000000
19140,0x1A0,1b58231107000000
19150,0x100,2bda004000000000
19150,0x120,10ff031b00000000
19160,0x100,2bc7004000000000
19160,0x1A0,1b582310f8000000
19170,0x100,2bb5004000000000
19180,0x100,2ba2004000000000
19180,0x1A0,1b582310e9000000
19190,0x100,2b90004000000000
19200,0x100,2b7d004000000000
19200,0x120,10db031b00000000
19200,0x1A0,1b582310db000000
19210,0x100,2b6a004000000000
19220,0x100,2b58004000000000
19220,0x1A0,1b582310cc000000
19230,0x100,2b45004000000000
19240,0x100,2b33004000000000
19240,0x1A0,1b582310bd000000
19250,0x100,2b20004000000000
19250,0x120,10b6031b00000000
19260,0x100,2b0d004000000000
19260,0x1A0,1b582310ae000000
19270,0x100,2afb004000000000
19280,0x100,2ae8004000000000
19280,0x1A0,1b5823109f000000
19290,0x100,2ad6004000000000
19300,0x100,2ac3004000000000
19300,0x120,1091031b00000000
19300,0x1A0,1b58231091000000
19310,0x100,2ab0004000000000
19320,0x100,2a9e004000000000
19320,0x1A0,1b58231082000000
19330,0x100,2a8b004000000000
19340,0x100,2a79004000000000
19340,0x1A0,1b58231073000000
19350,0x100,2a66004000000000
19350,0x120,106c031b00000000
19360,0x100,2a53004000000000
19360,0x1A0,1b58231064000000
19370,0x100,2a41004000000000
19380,0x100,2a2e004000000000
19380,0x1A0,1b58231056000000
19390,0x100,2a1c004000000000
19400,0x100,2a09004000000000
19400,0x120,1047031b00000000
19400,0x1A0,1b58231047000000
19410,0x100,29f7004000000000
19420,0x100,29e4004000000000
19420,0x1A0,1b58231038000000
19430,0x100,29d1004000000000
19440,0x100,29bf004000000000
19440,0x1A0,1b58231029000000
19450,0x100,29ac004000000000
19450,0x120,1022031b00000000
19460,0x100,299a004000000000
19460,0x1A0,1b5823101b000000
19470,0x100,2987004000000000
19480,0x100,2975004000000000
19480,0x1A0,1b5823100c000000
19490,0x100,2962004000000000
19500,0x100,294f004000000000
19500,0x120,0ffd031b00000000
19500,0x1A0,1b58230ffd000000
19510,0x100,293d004000000000
19520,0x100,292a004000000000
19520,0x1A0,1b58230fee000000
19530,0x100,2918004000000000
19540,0x100,2905004000000000
19540,0x1A0,1b58230fe0000000
19550,0x100,28f3004000000000
19550,0x120,0fd8031b00000000
19560,0x100,28e0004000000000
19560,0x1A0,1b58230fd1000000
19570,0x100,28cd004000000000
19580,0x100,28bb004000000000
19580,0x1A0,1b58230fc2000000
19590,0x100,28a8004000000000
19600,0x100,2896004000000000
19600,0x120,0fb3031b00000000
19600,0x1A0,1b58230fb3000000
19610,0x100,2883004000000000
19620,0x100,2871004000000000
19620,0x1A0,1b58230fa5000000
19630,0x100,285e004000000000
19640,0x100,284b004000000000
19640,0x1A0,1b58230f96000000
19650,0x100,2839004000000000
19650,0x120,0f8e031b00000000
19660,0x100,2826004000000000
19660,0x1A0,1b58230f87000000
19670,0x100,2814004000000000
19680,0x100,2801004000000000
19680,0x1A0,1b58230f78000000
19690,0x100,27ef004000000000
19700,0x100,27dc004000000000
19700,0x120,0f6a031b00000000
19700,0x1A0,1b58230f6a000000
19710,0x100,27ca004000000000
19720,0x100,27b7004000000000
19720,0x1A0,1b58230f5b000000
19730,0x100,27a5004000000000
19740,0x100,2792004000000000
19740,0x1A0,1b58230f4c000000
19750,0x100,277f004000000000
19750,0x120,0f45031b00000000
19760,0x100,276d004000000000
19760,0x1A0,1b58230f3d000000
19770,0x100,275a004000000000
19780,0x100,2748004000000000
19780,0x1A0,1b58230f2f000000
19790,0x100,2735004000000000
19800,0x100,2723004000000000
19800,0x120,0f20031b00000000
19800,0x1A0,1b58230f20000000
19810,0x100,2710004000000000
19820,0x100,26fe004000000000
19820,0x1A0,1b58230f11000000
19830,0x100,26eb004000000000
19840,0x100,26d9004000000000
19840,0x1A0,1b58230f03000000
19850,0x100,26c6004000000000
19850,0x120,0efb031c00000000
19860,0x100,26b4004000000000
19860,0x1A0,1b58230ef4000000
19870,0x100,26a1004000000000
19880,0x100,268e004000000000
19880,0x1A0,1b58230ee5000000
19890,0x100,267c004000000000
19900,0x100,2669004000000000
19900,0x120,0ed6031c00000000
19900,0x1A0,1b58230ed6000000
19910,0x100,2657004000000000
19920,0x100,2644004000000000
19920,0x1A0,1b58230ec8000000
19930,0x100,2632004000000000
19940,0x100,261f004100000000
19940,0x1A0,1b58230eb9000000
19950,0x100,260d004100000000
19950,0x120,0eb2031c00000000
19960,0x100,25fa004100000000
19960,0x1A0,1b58230eaa000000
19970,0x100,25e8004100000000
19980,0x100,25d5004100000000
19980,0x1A0,1b58230e9c000000
19990,0x100,25c3004100000000
20000,0x100,25b0004100000000
20000,0x120,0e8d031c00000000
20000,0x1A0,1b58230e8d000000
20010,0x100,259e004100000000
20020,0x100,258b004100000000
20020,0x1A0,1b58230e7e000000
20030,0x100,2579004100000000
20040,0x100,2566004100000000
20040,0x1A0,1b58230e6f000000
20050,0x100,2554004100000000
20050,0x120,0e68031c00000000
20060,0x100,2541004100000000
20060,0x1A0,1b58230e61000000
20070,0x100,252f004100000000
20080,0x100,251c004100000000
20080,0x1A0,1b58230e52000000
20090,0x100,250a004100000000
20100,0x100,24f7004100000000
20100,0x120,0e43031c00000000
20100,0x1A0,1b58230e43000000
20110,0x100,24e5004100000000
20120,0x100,24d2004100000000
20120,0x1A0,1b58230e35000000
20130,0x100,24c0004100000000
20140,0x100,24ad004100000000
20140,0x1A0,1b58230e26000000
20150,0x100,249b004100000000
20150,0x120,0e1f031c00000000
20160,0x100,2488004100000000
20160,0x1A0,1b58230e17000000
20170,0x100,2476004100000000
20180,0x100,2463004100000000
20180,0x1A0,1b58230e09000000
20190,0x100,2451004100000000
20200,0x100,243e004100000000
20200,0x120,0dfa031c00000000
20200,0x1A0,1b58230dfa000000
20210,0x100,242c004100000000
20220,0x100,2419004100000000
20220,0x1A0,1b58230deb000000
20230,0x100,2407004100000000
20240,0x100,23f4004100000000
20240,0x1A0,1b58230ddc000000
20250,0x100,23e2004100000000
20250,0x120,0dd5031c00000000
20260,0x100,23cf004100000000
20260,0x1A0,1b58230dce000000
20270,0x100,23bd004100000000
20280,0x100,23aa004100000000
20280,0x1A0,1b58230dbf000000
20290,0x100,2398004100000000
20300,0x100,2385004100000000
20300,0x120,0db0031c00000000
20300,0x1A0,1b58230db0000000
20310,0x100,2373004100000000
20320,0x100,2360004100000000
20320,0x1A0,1b58230da2000000
20330,0x100,234e004100000000
20340,0x100,233b004100000000
20340,0x1A0,1b58230d93000000
20350,0x100,2329004100000000
20350,0x120,0d8c031c00000000
20360,0x100,2316004100000000
20360,0x1A0,1b58230d84000000
20370,0x100,2304004100000000
20380,0x100,22f1004100000000
20380,0x1A0,1b58230d76000000
20390,0x100,22df004100000000
20400,0x100,22cc004100000000
20400,0x120,0d67031c00000000
20400,0x1A0,1b58230d67000000
20410,0x100,22ba004100000000
20420,0x100,22a7004100000000
20420,0x1A0,1b58230d58000000
20430,0x100,2295004100000000
20440,0x100,2282004100000000
20440,0x1A0,1b58230d4a000000
20450,0x100,2270004100000000
20450,0x120,0d42031c00000000
20460,0x100,225e004100000000
20460,0x1A0,1b58230d3b000000
20470,0x100,224b004100000000
20480,0x100,2239004100000000
20480,0x1A0,1b58230d2c000000
20490,0x100,2226004100000000
20500,0x100,2214004100000000
20500,0x120,0d1e031c00000000
20500,0x1A0,1b58230d1e000000
20510,0x100,2201004100000000
20520,0x100,21ef004100000000
20520,0x1A0,1b58230d0f000000
20530,0x100,21dc004100000000
20540,0x100,21ca004100000000
20540,0x1A0,1b58230d00000000
20550,0x100,21b7004100000000
20550,0x120,0cf9031c00000000
20560,0x100,21a5004100000000
20560,0x1A0,1b58230cf2000000
20570,0x100,2192004100000000
20580,0x100,2180004100000000
20580,0x1A0,1b58230ce3000000
20590,0x100,216e004100000000
20600,0x100,215b004100000000
20600,0x120,0cd4031c00000000
20600,0x1A0,1b58230cd4000000
20610,0x100,2149004100000000
20620,0x100,2136004100000000
20620,0x1A0,1b58230cc6000000
20630,0x100,2124004100000000
20640,0x100,2111004100000000
20640,0x1A0,1b58230cb7000000
20650,0x100,20ff004100000000
20650,0x120,0cb0031c00000000
20660,0x100,20ec004100000000
20660,0x1A0,1b58230ca8000000
20670,0x100,20da004100000000
20680,0x100,20c7004100000000
20680,0x1A0,1b58230c9a000000
20690,0x100,20b5004100000000
20700,0x100,20a3004100000000
20700,0x120,0c8b031c00000000
20700,0x1A0,1b58230c8b000000
20710,0x100,2090004100000000
20720,0x100,207e004100000000
20720,0x1A0,1b58230c7c000000
20730,0x100,206b004100000000
20740,0x100,2059004100000000
20740,0x1A0,1b58230c6e000000
20750,0x100,2046004100000000
20750,0x120,0c66031d00000000
20760,0x100,2034004100000000
20760,0x1A0,1b58230c5f000000
20770,0x100,2021004100000000
20780,0x100,200f004100000000
20780,0x1A0,1b58230c50000000
20790,0x100,1ffd004100000000
20800,0x100,1fea004100000000
20800,0x120,0c42031d00000000
20800,0x1A0,1b58230c42000000
20810,0x100,1fd8004100000000
20820,0x100,1fc5004100000000
20820,0x1A0,1b58230c33000000
20830,0x100,1fb3004100000000
20840,0x100,1fa0004100000000
20840,0x1A0,1b58230c24000000
20850,0x100,1f8e004100000000
20850,0x120,0c1d031d00000000
20860,0x100,1f7b004100000000
20860,0x1A0,1b58230c16000000
20870,0x100,1f69004100000000
20880,0x100,1f57004100000000
20880,0x1A0,1b58230c07000000
20890,0x100,1f44004100000000
20900,0x100,1f32004100000000
20900,0x120,0bf9031d00000000
20900,0x1A0,1b58230bf9000000
20910,0x100,1f1f004100000000
20920,0x100,1f0d004100000000
20920,0x1A0,1b58230bea000000
20930,0x100,1efa004100000000
20940,0x100,1ee8004100000000
20940,0x1A0,1b58230bdb000000
20950,0x100,1ed6004100000000
20950,0x120,0bd4031d00000000
20960,0x100,1ec3004100000000
20960,0x1A0,1b58230bcd000000
20970,0x100,1eb1004100000000
20980,0x100,1e9e004100000000
20980,0x1A0,1b58230bbe000000
20990,0x100,1e8c004100000000
21000,0x100,1e79004100000000
21000,0x120,0baf031d00000000
21000,0x1A0,1b58230baf000000
21010,0x100,1e67004100000000
21020,0x100,1e55004100000000
21020,0x1A0,1b58230ba1000000
21030,0x100,1e42004100000000
21040,0x100,1e30004100000000
21040,0x1A0,1b58230b92000000
21050,0x100,1e1d004100000000
21050,0x120,0b8b031d00000000
21060,0x100,1e0b004100000000
21060,0x1A0,1b58230b83000000
21070,0x100,1df9004100000000
21080,0x100,1de6004100000000
21080,0x1A0,1b58230b75000000
21090,0x100,1dd4004100000000
21100,0x100,1dc1004100000000
21100,0x120,0b66031d00000000
21100,0x1A0,1b58230b66000000
21110,0x100,1daf004100000000
21120,0x100,1d9c004100000000
21120,0x1A0,1b58230b58000000
21130,0x100,1d8a004100000000
21140,0x100,1d78004100000000
21140,0x1A0,1b58230b49000000
21150,0x100,1d65004100000000
21150,0x120,0b42031d00000000
21160,0x100,1d53004100000000
21160,0x1A0,1b58230b3a000000
21170,0x100,1d40004100000000
21180,0x100,1d2e004100000000
21180,0x1A0,1b58230b2c000000
21190,0x100,1d1c004100000000
21200,0x100,1d09004100000000
21200,0x120,0b1d031d00000000
21200,0x1A0,1b58230b1d000000
21210,0x100,1cf7004100000000
21220,0x100,1ce4004100000000
21220,0x1A0,1b58230b0e000000
21230,0x100,1cd2004100000000
21240,0x100,1cc0004100000000
21240,0x1A0,1b58230b00000000
21250,0x100,1cad004100000000
21250,0x120,0af9031d00000000
21260,0x100,1c9b004100000000
21260,0x1A0,1b58230af1000000
21270,0x100,1c88004100000000
21280,0x100,1c76004100000000
21280,0x1A0,1b58230ae3000000
21290,0x100,1c63004100000000
21300,0x100,1c51004100000000
21300,0x120,0ad4031d00000000
21300,0x1A0,1b58230ad4000000
21310,0x100,1c3f004100000000
21320,0x100,1c2c004100000000
21320,0x1A0,1b58230ac5000000
21330,0x100,1c1a004100000000
21340,0x100,1c07004100000000
21340,0x1A0,1b58230ab7000000
21350,0x100,1bf5004100000000
21350,0x120,0aaf031d00000000
21360,0x100,1be3004100000000
21360,0x1A0,1b58230aa8000000
21370,0x100,1bd0004100000000
21380,0x100,1bbe004100000000
21380,0x1A0,1b58230a9a000000
21390,0x100,1bab004100000000
21400,0x100,1b99004100000000
21400,0x120,0a8b031d00000000
21400,0x1A0,1b58230a8b000000
21410,0x100,1b87004100000000
21420,0x100,1b74004100000000
21420,0x1A0,1b58230a7c000000
21430,0x100,1b62004100000000
21440,0x100,1b4f004100000000
21440,0x1A0,1b58230a6e000000
21450,0x100,1b3d004100000000
21450,0x120,0a66031d00000000
21460,0x100,1b2b004100000000
21460,0x1A0,1b58230a5f000000
21470,0x100,1b18004100000000
21480,0x100,1b06004100000000
21480,0x1A0,1b58230a51000000
21490,0x100,1af4004100000000
21500,0x100,1ae1004100000000
21500,0x120,0a42031d00000000
21500,0x1A0,1b58230a42000000
21510,0x100,1acf004100000000
21520,0x100,1abc004100000000
21520,0x1A0,1b58230a33000000
21530,0x100,1aaa004100000000
21540,0x100,1a98004100000000
21540,0x1A0,1b58230a25000000
21550,0x100,1a85004100000000
21550,0x120,0a1d031d00000000
21560,0x100,1a73004100000000
21560,0x1A0,1b58230a16000000
21570,0x100,1a60004100000000
21580,0x100,1a4e004100000000
21580,0x1A0,1b58230a08000000
21590,0x100,1a3c004100000000
21600,0x100,1a29004100000000
21600,0x120,09f9031d00000000
21600,0x1A0,1b582309f9000000
21610,0x100,1a17004100000000
21620,0x100,1a04004100000000
21620,0x1A0,1b582309ea000000
21630,0x100,19f2004100000000
21640,0x100,19e0004100000000
21640,0x1A0,1b582309dc000000
21650,0x100,19cd004100000000
21650,0x120,09d4031d00000000
21660,0x100,19bb004100000000
21660,0x1A0,1b582309cd000000
21670,0x100,19a9004100000000
21680,0x100,1996004100000000
21680,0x1A0,1b582309bf000000
21690,0x100,1984004100000000
21700,0x100,1971004100000000
21700,0x120,09b0031d00000000
21700,0x1A0,1b582309b0000000
21710,0x100,195f004100000000
21720,0x100,194d004100000000
21720,0x1A0,1b582309a1000000
21730,0x100,193a004100000000
21740,0x100,1928004100000000
21740,0x1A0,1b58230993000000
21750,0x100,1915004100000000
21750,0x120,098b031d00000000
21760,0x100,1903004100000000
21760,0x1A0,1b58230984000000
21770,0x100,18f1004100000000
21780,0x100,18de004100000000
21780,0x1A0,1b58230976000000
21790,0x100,18cc004100000000
21800,0x100,18ba004100000000
21800,0x120,0967031d00000000
21800,0x1A0,1b58230967000000
21810,0x100,18a7004100000000
21820,0x100,1895004100000000
21820,0x1A0,1b58230958000000
21830,0x100,1882004100000000
21840,0x100,1870004100000000
21840,0x1A0,1b5823094a000000
21850,0x100,185e004100000000
21850,0x120,0943031d00000000
21860,0x100,184b004100000000
21860,0x1A0,1b5823093b000000
21870,0x100,1839004100000000
21880,0x100,1827004100000000
21880,0x1A0,1b5823092d000000
21890,0x100,1814004100000000
21900,0x100,1802004100000000
21900,0x120,091e031d00000000
21900,0x1A0,1b5823091e000000
21910,0x100,17ef004100000000
21920,0x100,17dd004100000000
21920,0x1A0,1b5823090f000000
21930,0x100,17cb004100000000
21940,0x100,17b8004100000000
21940,0x1A0,1b58230901000000
21950,0x100,17a6004100000000
21950,0x120,08fa031e00000000
21960,0x100,1793004100000000
21960,0x1A0,1b582308f2000000
21970,0x100,1781004100000000
21980,0x100,176f004100000000
21980,0x1A0,1b582308e4000000
21990,0x100,175c004100000000
22000,0x100,1869004100000000
22000,0x120,08d302e800000000
22000,0x1A0,1b582d08d3000000
22010,0x100,1962004100000000
22020,0x100,1a49004100000000
22020,0x1A0,1b582d08c1000000
22030,0x100,1b1f004100000000
22040,0x100,1be5004100000000
22040,0x1A0,1b582d08ae000000
22050,0x100,1c9c004100000000
22050,0x120,08a502e800000000
22060,0x100,1d45004100000000
22060,0x1A0,1b582d089c000000
22070,0x100,1de0004100000000
22080,0x100,1e70004100000000
22080,0x1A0,1b582d088a000000
22090,0x100,1ef3004100000000
22100,0x100,1f6c004100000000
22100,0x120,087702e800000000
22100,0x1A0,23282d0877000000
22110,0x100,1fdb004100000000
22120,0x100,2040004100000000
22120,0x1A0,23282d0865000000
22130,0x100,209c004100000000
22140,0x100,20f0004100000000
22140,0x1A0,23282d0852000000
22150,0x100,213c004100000000
22150,0x120,084902e800000000
22160,0x100,2180004100000000
22160,0x1A0,23282d0840000000
22170,0x100,21be004100000000
22180,0x100,21f5004100000000
22180,0x1A0,23282d082e000000
22190,0x100,2226004100000000
22200,0x100,2251004100000000
22200,0x120,081b02e800000000
22200,0x1A0,23282d081b000000
22210,0x100,2277004100000000
22220,0x100,2298004100000000
22220,0x1A0,23282d0809000000
22230,0x100,22b5004100000000
22240,0x100,22cc004100000000
22240,0x1A0,23282d07f6000000
22250,0x100,22e0004100000000
22250,0x120,07ed02e800000000
22260,0x100,22f0004100000000
22260,0x1A0,23282d07e4000000
22270,0x100,22fc004100000000
22280,0x100,2305004100000000
22280,0x1A0,23282d07d2000000
22290,0x100,230b004100000000
22300,0x100,230d004100000000
22300,0x120,07bf02e800000000
22300,0x1A0,23282d07bf000000
22310,0x100,230d004100000000
22320,0x100,230a004100000000
22320,0x1A0,23282d07ad000000
22330,0x100,2305004100000000
22340,0x100,22fd004100000000
22340,0x1A0,23282d079a000000
22350,0x100,22f3004100000000
22350,0x120,079102e800000000
22360,0x100,22e8004100000000
22360,0x1A0,23282d0788000000
22370,0x100,22da004100000000
22380,0x100,22ca004100000000
22380,0x1A0,23282d0776000000
22390,0x100,22b9004100000000
22400,0x100,22a6004100000000
22400,0x120,076302e900000000
22400,0x1A0,23282d0763000000
22410,0x100,2292004100000000
22420,0x100,227c004100000000
22420,0x1A0,23282d0751000000
22430,0x100,2265004100000000
22440,0x100,224d004100000000
22440,0x1A0,23282d073e000000
22450,0x100,2234004100000000
22450,0x120,073502e900000000
22460,0x100,2219004100000000
22460,0x1A0,23282d072c000000
22470,0x100,21fe004100000000
22480,0x100,21e2004100000000
22480,0x1A0,23282d071a000000
22490,0x100,21c4004100000000
22500,0x100,21a6004100000000
22500,0x120,070702e900000000
22500,0x1A0,23282d0707000000
22510,0x100,2187004100000000
22520,0x100,2168004100000000
22520,0x1A0,23282d06f5000000
22530,0x100,2147004100000000
22540,0x100,2127004100000000
22540,0x1A0,23282d06e2000000
22550,0x100,2105004100000000
22550,0x120,06d902e900000000
22560,0x100,20e3004100000000
22560,0x1A0,23282d06d0000000
22570,0x100,20c0004100000000
22580,0x100,209d004100000000
22580,0x1A0,23282d06be000000
22590,0x100,2079004100000000
22600,0x100,2055004100000000
22600,0x120,06ab02e900000000
22600,0x1A0,23282d06ab000000
22610,0x100,2031004100000000
22620,0x100,200c004100000000
22620,0x1A0,23282d0699000000
22630,0x100,1fe6004100000000
22640,0x100,1fc1004100000000
22640,0x1A0,23282d0687000000
22650,0x100,1f9b004100000000
22650,0x120,067d02e900000000
22660,0x100,1f75004100000000
22660,0x1A0,23282d0674000000
22670,0x100,1f4e004100000000
22680,0x100,1f27004100000000
22680,0x1A0,23282d0662000000
22690,0x100,1f00004100000000
22700,0x100,1ed9004100000000
22700,0x120,064f02e900000000
22700,0x1A0,23282d064f000000
22710,0x100,1eb1004100000000
22720,0x100,1e89004100000000
22720,0x1A0,23282d063d000000
22730,0x100,1e61004100000000
22740,0x100,1e39004100000000
22740,0x1A0,23282d062b000000
22750,0x100,1e11004100000000
22750,0x120,062102e900000000
22760,0x100,1de8004100000000
22760,0x1A0,23282d0618000000
22770,0x100,1dbf004100000000
22780,0x100,1d96004100000000
22780,0x1A0,23282d0606000000
22790,0x100,1d6d004100000000
22800,0x100,1d44004100000000
22800,0x120,05f402e900000000
22800,0x1A0,23282d05f4000000
22810,0x100,1d1b004100000000
22820,0x100,1cf1004100000000
22820,0x1A0,23282d05e1000000
22830,0x100,1cc8004100000000
22840,0x100,1c9e004100000000
22840,0x1A0,23282d05cf000000
22850,0x100,1c74004100000000
22850,0x120,05c602e900000000
22860,0x100,1c4a004100000000
22860,0x1A0,23282d05bc000000
22870,0x100,1c20004100000000
22880,0x100,1bf6004100000000
22880,0x1A0,23282d05aa000000
22890,0x100,1bcc004100000000
22900,0x100,1ba2004100000000
22900,0x120,059802e900000000
22900,0x1A0,23282d0598000000
22910,0x100,1b77004100000000
22920,0x100,1b4d004100000000
22920,0x1A0,23282d0585000000
22930,0x100,1b22004100000000
22940,0x100,1af8004100000000
22940,0x1A0,23282d0573000000
22950,0x100,1acd004100000000
22950,0x120,056a02e900000000
22960,0x100,1aa2004100000000
22960,0x1A0,23282d0561000000
22970,0x100,1a77004100000000
22980,0x100,1a4c004100000000
22980,0x1A0,23282d054e000000
22990,0x100,1a21004100000000
23000,0x100,19f7004100000000
23000,0x120,053c02e900000000
23000,0x1A0,23282d053c000000
23010,0x100,19cb004100000000
23020,0x100,19a0004100000000
23020,0x1A0,23282d0529000000
23030,0x100,1975004100000000
23040,0x100,194a004100000000
23040,0x1A0,23282d0517000000
23050,0x100,191f004100000000
23050,0x120,050e02e900000000
23060,0x100,18f3004100000000
23060,0x1A0,23282d0505000000
23070,0x100,18c8004100000000
23080,0x100,189d004100000000
23080,0x1A0,23282d04f2000000
23090,0x100,1871004100000000
23100,0x100,1846004100000000
23100,0x120,04e002e900000000
23100,0x1A0,23282d04e0000000
23110,0x100,181a004100000000
23120,0x100,17ef004100000000
23120,0x1A0,23282d04ce000000
23130,0x100,17c3004100000000
23140,0x100,1798004100000000
23140,0x1A0,23282d04bb000000
23150,0x100,176c004100000000
23150,0x120,04b202e900000000
23160,0x100,1741004100000000
23160,0x1A0,23282d04a9000000
23170,0x100,1715004100000000
23180,0x100,16ea004100000000
23180,0x1A0,23282d0497000000
23190,0x100,16be004100000000
23200,0x100,1692004100000000
23200,0x120,048402e900000000
23200,0x1A0,23282d0484000000
23210,0x100,1667004100000000
23220,0x100,163b004100000000
23220,0x1A0,23282d0472000000
23230,0x100,160f004100000000
23240,0x100,15e4004100000000
23240,0x1A0,23282d045f000000
23250,0x100,15b8004100000000
23250,0x120,045602e900000000
23260,0x100,158c004100000000
23260,0x1A0,23282d044d000000
23270,0x100,1561004100000000
23280,0x100,1535004100000000
23280,0x1A0,23282d043b000000
23290,0x100,150a004100000000
23300,0x100,14de004100000000
23300,0x120,042802e900000000
23300,0x1A0,23282d0428000000
23310,0x100,14b3004100000000
23320,0x100,1487004100000000
23320,0x1A0,23282d0416000000
23330,0x100,145c004100000000
23340,0x100,1431004100000000
23340,0x1A0,23282d0404000000
23350,0x100,1405004100000000
23350,0x120,03fa02e900000000
23360,0x100,13da004100000000
23360,0x1A0,23282d03f1000000
23370,0x100,13af004100000000
23380,0x100,1384004100000000
23380,0x1A0,23282d03df000000
23390,0x100,1359004100000000
23400,0x100,132e004100000000
23400,0x120,03cd02e900000000
23400,0x1A0,23282d03cd000000
23410,0x100,1303004100000000
23420,0x100,12d8004100000000
23420,0x1A0,23282d03ba000000
23430,0x100,12ae004100000000
23440,0x100,1283004100000000
23440,0x1A0,23282d03a8000000
23450,0x100,1259004100000000
23450,0x120,039f02e900000000
23460,0x100,122f004100000000
23460,0x1A0,23282d0396000000
23470,0x100,1205004100000000
23480,0x100,11db004100000000
23480,0x1A0,23282d0383000000
23490,0x100,11b1004100000000
23500,0x100,1188004100000000
23500,0x120,037102e900000000
23500,0x1A0,23282d0371000000
23510,0x100,115e004100000000
23520,0x100,1135004100000000
23520,0x1A0,23282d035e000000
23530,0x100,110c004100000000
23540,0x100,10e4004100000000
23540,0x1A0,23282d034c000000
23550,0x100,10bb004100000000
23550,0x120,034302e900000000
23560,0x100,1093004100000000
23560,0x1A0,23282d033a000000
23570,0x100,106b004100000000
23580,0x100,1043004100000000
23580,0x1A0,23282d0327000000
23590,0x100,101c004100000000
23600,0x100,0ff5004100000000
23600,0x120,031502e900000000
23600,0x1A0,23282d0315000000
23610,0x100,0fce004100000000
23620,0x100,0fa8004100000000
23620,0x1A0,23282d0303000000
23630,0x100,0f81004100000000
23640,0x100,0f5c004100000000
23640,0x1A0,23282d02f0000000
23650,0x100,0f36004100000000
23650,0x120,02e702e900000000
23660,0x100,0f11004100000000
23660,0x1A0,23282d02de000000
23670,0x100,0eed004100000000
23680,0x100,0ec8004100000000
23680,0x1A0,23282d02cc000000
23690,0x100,0ea4004100000000
23700,0x100,0e82004100000000
23700,0x120,02b902e900000000
23700,0x1A0,23282d02b9000000
23710,0x100,0e62004100000000
23720,0x100,0e44004100000000
23720,0x1A0,23282d02a7000000
23730,0x100,0e28004100000000
23740,0x100,0e0d004100000000
23740,0x1A0,23282d0295000000
23750,0x100,0df4004100000000
23750,0x120,028b02e900000000
23760,0x100,0ddd004100000000
23760,0x1A0,23282d0282000000
23770,0x100,0dc7004100000000
23780,0x100,0db3004100000000
23780,0x1A0,23282d0270000000
23790,0x100,0da0004100000000
23800,0x100,0d8e004100000000
23800,0x120,025e02e900000000
23800,0x1A0,23282d025e000000
23810,0x100,0d7d004100000000
23820,0x100,0d6d004100000000
23820,0x1A0,23282d024b000000
23830,0x100,0d5e004100000000
23840,0x100,0d50004100000000
23840,0x1A0,23282d0239000000
23850,0x100,0d43004100000000
23850,0x120,023002e900000000
23860,0x100,0d37004100000000
23860,0x1A0,23282d0227000000
23870,0x100,0d2c004100000000
23880,0x100,0d21004100000000
23880,0x1A0,23282d0214000000
23890,0x100,0d17004100000000
23900,0x100,0d0d004100000000
23900,0x120,020202e900000000
23900,0x1A0,23282d0202000000
23910,0x100,0d05004100000000
23920,0x100,0cfc004100000000
23920,0x1A0,23282d01f0000000
23930,0x100,0cf5004100000000
23940,0x100,0ced004100000000
23940,0x1A0,23282d01dd000000
23950,0x100,0ce6004100000000
23950,0x120,01d402e900000000
23960,0x100,0ce0004100000000
23960,0x1A0,23282d01cb000000
23970,0x100,0cda004100000000
23980,0x100,0cd4004100000000
23980,0x1A0,23282d01b9000000
23990,0x100,0ccf004100000000
24000,0x100,0cca004100000000
24000,0x120,01a602e900000000
24000,0x1A0,23282d01a6000000
24010,0x100,0cc6004100000000
24020,0x100,0cc1004100000000
24020,0x1A0,23282d0194000000
24030,0x100,0cbd004100000000
24040,0x100,0cb9004100000000
24040,0x1A0,23282d0182000000
24050,0x100,0cb6004100000000
24050,0x120,017802e900000000
24060,0x100,0cb2004100000000
24060,0x1A0,23282d016f000000
24070,0x100,0caf004100000000
24080,0x100,0cac004100000000
24080,0x1A0,23282d015d000000
24090,0x100,0ca9004100000000
24100,0x100,0ca7004100000000
24100,0x120,014a02e900000000
24100,0x1A0,23282d014a000000
24110,0x100,0ca4004100000000
24120,0x100,0ca2004100000000
24120,0x1A0,23282d0138000000
24130,0x100,0ca0004100000000
24140,0x100,0c9e004100000000
24140,0x1A0,23282d0126000000
24150,0x100,0c9c004100000000
24150,0x120,011d02e900000000
24160,0x100,0c9a004100000000
24160,0x1A0,23282d0113000000
24170,0x100,0c99004100000000
24180,0x100,0c97004100000000
24180,0x1A0,23282d0101000000
24190,0x100,0c96004100000000
24200,0x100,0c94004100000000
24200,0x120,00ef02e900000000
24200,0x1A0,23282d00ef000000
24210,0x100,0c93004100000000
24220,0x100,0c92004100000000
24220,0x1A0,23282d00dc000000
24230,0x100,0c91004100000000
24240,0x100,0c90004100000000
24240,0x1A0,23282d00ca000000
24250,0x100,0c8f004100000000
24250,0x120,00c102e900000000
24260,0x100,0c8e004100000000
24260,0x1A0,23282d00b8000000
24270,0x100,0c8d004100000000
24280,0x100,0c8c004100000000
24280,0x1A0,23282d00a5000000
24290,0x100,0c8b004100000000
24300,0x100,0c8b004100000000
24300,0x120,009302e900000000
24300,0x1A0,23282d0093000000
24310,0x100,0c8a004100000000
24320,0x100,0c89004100000000
24320,0x1A0,23282d0081000000
24330,0x100,0c89004100000000
24340,0x100,0c88004100000000
24340,0x1A0,23282d006e000000
24350,0x100,0c88004100000000
24350,0x120,006502e900000000
24360,0x100,0c87004100000000
24360,0x1A0,23282d005c000000
24370,0x100,0c87004100000000
24380,0x100,0c86004100000000
24380,0x1A0,23282d004a000000
24390,0x100,0c86004100000000
24400,0x100,0c86004100000000
24400,0x120,003702e900000000
24400,0x1A0,23282d0037000000
24410,0x100,0c85004100000000
24420,0x100,0c85004100000000
24420,0x1A0,23282d0025000000
24430,0x100,0c85004100000000
24440,0x100,0c84004100000000
24440,0x1A0,23282d0013000000
24450,0x100,0c84004100000000
24450,0x120,000a02e900000000
24460,0x100,0c84004100000000
24460,0x1A0,23282d0000000000
24470,0x100,0c84004100000000
24480,0x100,0c83004100000000
24480,0x1A0,23282d0000000000
24490,0x100,0c83004100000000
24500,0x100,0c83004100000000
24500,0x120,000003e800000000
24500,0x1A0,23282d0000000000
24510,0x100,0c83004100000000
24520,0x100,0c83004100000000
24520,0x1A0,23282d0000000000
24530,0x100,0c82004100000000
24540,0x100,0c82004100000000
24540,0x1A0,23282d0000000000
24550,0x100,0c82004200000000
24550,0x120,000003e800000000
24560,0x100,0c82004200000000
24560,0x1A0,23282d0000000000
24570,0x100,0c82004200000000
24580,0x100,0c82004200000000
24580,0x1A0,23282d0000000000
24590,0x100,0c82004200000000
24600,0x100,0c82004200000000
24600,0x120,000003e800000000
24600,0x1A0,23282d0000000000
24610,0x100,0c81004200000000
24620,0x100,0c81004200000000
24620,0x1A0,23282d0000000000
24630,0x100,0c81004200000000
24640,0x100,0c81004200000000
24640,0x1A0,23282d0000000000
24650,0x100,0c81004200000000
24650,0x120,000003e800000000
24660,0x100,0c81004200000000
24660,0x1A0,23282d0000000000
24670,0x100,0c81004200000000
24680,0x100,0c81004200000000
24680,0x1A0,23282d0000000000
24690,0x100,0c81004200000000
24700,0x100,0c81004200000000
24700,0x120,000003e800000000
24700,0x1A0,23282d0000000000
24710,0x100,0c81004200000000
24720,0x100,0c81004200000000
24720,0x1A0,23282d0000000000
24730,0x100,0c81004200000000
24740,0x100,0c81004200000000
24740,0x1A0,23282d0000000000
24750,0x100,0c81004200000000
24750,0x120,000003e800000000
24760,0x100,0c81004200000000
24760,0x1A0,23282d0000000000
24770,0x100,0c81004200000000
24780,0x100,0c80004200000000
24780,0x1A0,23282d0000000000
24790,0x100,0c80004200000000
24800,0x100,0c80004200000000
24800,0x120,000003e800000000
24800,0x1A0,23282d0000000000
24810,0x100,0c80004200000000
24820,0x100,0c80004200000000
24820,0x1A0,23282d0000000000
24830,0x100,0c80004200000000
24840,0x100,0c80004200000000
24840,0x1A0,23282d0000000000
24850,0x100,0c80004200000000
24850,0x120,000003e800000000
24860,0x100,0c80004200000000
24860,0x1A0,23282d0000000000
24870,0x100,0c80004200000000
24880,0x100,0c80004200000000
24880,0x1A0,23282d0000000000
24890,0x100,0c80004200000000
24900,0x100,0c80004200000000
24900,0x120,000003e800000000
24900,0x1A0,23282d0000000000
24910,0x100,0c80004200000000
24920,0x100,0c80004200000000
24920,0x1A0,23282d0000000000
24930,0x100,0c80004200000000
24940,0x100,0c80004200000000
24940,0x1A0,23282d0000000000
24950,0x100,0c80004200000000
24950,0x120,000003e800000000
24960,0x100,0c80004200000000
24960,0x1A0,23282d0000000000
24970,0x100,0c80004200000000
24980,0x100,0c80004200000000
24980,0x1A0,23282d0000000000
24990,0x100,0c80004200000000
25000,0x100,0c80004200000000
25000,0x120,000003e800000000
25000,0x1A0,2328000000000000
25010,0x100,0c80004200000000
25020,0x100,0c80004200000000
25020,0x1A0,2328000000000000
25030,0x100,0c80004200000000
25040,0x100,0c80004200000000
25040,0x1A0,2328000000000000
25050,0x100,0c80004200000000
25050,0x120,000003e800000000
25060,0x100,0c80004200000000
25060,0x1A0,2328000000000000
25070,0x100,0c80004200000000
25080,0x100,0c80004200000000
25080,0x1A0,2328000000000000
25090,0x100,0c80004200000000
25100,0x100,0c80004200000000
25100,0x120,000003e800000000
25100,0x1A0,0000000000000000
25110,0x100,0c80004200000000
25120,0x100,0c80004200000000
25120,0x1A0,0000000000000000
25130,0x100,0c80004200000000
25140,0x100,0c80004200000000
25140,0x1A0,0000000000000000
25150,0x100,0c80004200000000
25150,0x120,000003e800000000
25160,0x100,0c80004200000000
25160,0x1A0,0000000000000000
25170,0x100,0c80004200000000
25180,0x100,0c80004200000000
25180,0x1A0,0000000000000000
25190,0x100,0c80004200000000
25200,0x100,0c80004200000000
25200,0x120,000003e800000000
25200,0x1A0,0000000000000000
25210,0x100,0c80004200000000
25220,0x100,0c80004200000000
25220,0x1A0,0000000000000000
25230,0x100,0c80004200000000
25240,0x100,0c80004200000000
25240,0x1A0,0000000000000000
25250,0x100,0c80004200000000
25250,0x120,000003e800000000
25260,0x100,0c80004200000000
25260,0x1A0,0000000000000000
25270,0x100,0c80004200000000
25280,0x100,0c80004200000000
25280,0x1A0,0000000000000000
25290,0x100,0c80004200000000
25300,0x100,0c80004200000000
25300,0x120,000003e800000000
25300,0x1A0,0000000000000000
25310,0x100,0c80004200000000
25320,0x100,0c80004200000000
25320,0x1A0,0000000000000000
25330,0x100,0c80004200000000
25340,0x100,0c80004200000000
25340,0x1A0,0000000000000000
25350,0x100,0c80004200000000
25350,0x120,000003e800000000
25360,0x100,0c80004200000000
25360,0x1A0,0000000000000000
25370,0x100,0c80004200000000
25380,0x100,0c80004200000000
25380,0x1A0,0000000000000000
25390,0x100,0c80004200000000
25400,0x100,0c80004200000000
25400,0x120,000003e800000000
25400,0x1A0,0000000000000000
25410,0x100,0c80004200000000
25420,0x100,0c80004200000000
25420,0x1A0,0000000000000000
25430,0x100,0c80004200000000
25440,0x100,0c80004200000000
25440,0x1A0,0000000000000000
25450,0x100,0c80004200000000
25450,0x120,000003e800000000
25460,0x100,0c80004200000000
25460,0x1A0,0000000000000000
25470,0x100,0c80004200000000
25480,0x100,0c80004200000000
25480,0x1A0,0000000000000000
25490,0x100,0c80004200000000
25500,0x100,0c80004200000000
25500,0x120,000003e800000000
25500,0x1A0,0000000000000000
25510,0x100,0c80004200000000
25520,0x100,0c80004200000000
25520,0x1A0,0000000000000000
25530,0x100,0c80004200000000
25540,0x100,0c80004200000000
25540,0x1A0,0000000000000000
25550,0x100,0c80004200000000
25550,0x120,000003e800000000
25560,0x100,0c80004200000000
25560,0x1A0,0000000000000000
25570,0x100,0c80004200000000
25580,0x100,0c80004200000000
25580,0x1A0,0000000000000000
25590,0x100,0c80004200000000
25600,0x100,0c80004200000000
25600,0x120,000003e800000000
25600,0x1A0,0000000000000000
25610,0x100,0c80004200000000
25620,0x100,0c80004200000000
25620,0x1A0,0000000000000000
25630,0x100,0c80004200000000
25640,0x100,0c80004200000000
25640,0x1A0,0000000000000000
25650,0x100,0c80004200000000
25650,0x120,000003e800000000
25660,0x100,0c80004200000000
25660,0x1A0,0000000000000000
25670,0x100,0c80004200000000
25680,0x100,0c80004200000000
25680,0x1A0,0000000000000000
25690,0x100,0c80004200000000
25700,0x100,0c80004200000000
25700,0x120,000003e800000000
25700,0x1A0,0000000000000000
25710,0x100,0c80004200000000
25720,0x100,0c80004200000000
25720,0x1A0,0000000000000000
25730,0x100,0c80004200000000
25740,0x100,0c80004200000000
25740,0x1A0,0000000000000000
25750,0x100,0c80004200000000
25750,0x120,000003e800000000
25760,0x100,0c80004200000000
25760,0x1A0,0000000000000000
25770,0x100,0c80004200000000
25780,0x100,0c80004200000000
25780,0x1A0,0000000000000000
25790,0x100,0c80004200000000
25800,0x100,0c80004200000000
25800,0x120,000003e800000000
25800,0x1A0,0000000000000000
25810,0x100,0c80004200000000
25820,0x100,0c80004200000000
25820,0x1A0,0000000000000000
25830,0x100,0c80004200000000
25840,0x100,0c80004200000000
25840,0x1A0,0000000000000000
25850,0x100,0c80004200000000
25850,0x120,000003e800000000
25860,0x100,0c80004200000000
25860,0x1A0,0000000000000000
25870,0x100,0c80004200000000
25880,0x100,0c80004200000000
25880,0x1A0,0000000000000000
25890,0x100,0c80004200000000
25900,0x100,0c80004200000000
25900,0x120,000003e800000000
25900,0x1A0,0000000000000000
25910,0x100,0c80004200000000
25920,0x100,0c80004200000000
25920,0x1A0,0000000000000000
25930,0x100,0c80004200000000
25940,0x100,0c80004200000000
25940,0x1A0,0000000000000000
25950,0x100,0c80004200000000
25950,0x120,000003e800000000
25960,0x100,0c80004200000000
25960,0x1A0,0000000000000000
25970,0x100,0c80004200000000
25980,0x100,0c80004200000000
25980,0x1A0,0000000000000000
25990,0x100,0c80004200000000
26000,0x100,0c80004200000000
26000,0x120,000003e800000000
26000,0x1A0,0000000000000000
26010,0x100,0c80004200000000
26020,0x100,0c80004200000000
26020,0x1A0,0000000000000000
26030,0x100,0c80004200000000
26040,0x100,0c80004200000000
26040,0x1A0,0000000000000000
26050,0x100,0c80004200000000
26050,0x120,000003e800000000
26060,0x100,0c80004200000000
26060,0x1A0,0000000000000000
26070,0x100,0c80004200000000
26080,0x100,0c80004200000000
26080,0x1A0,0000000000000000
26090,0x100,0c80004200000000
26100,0x100,0c80004200000000
26100,0x120,000003e800000000
26100,0x1A0,0000000000000000
26110,0x100,0c80004200000000
26120,0x100,0c80004200000000
26120,0x1A0,0000000000000000
26130,0x100,0c80004200000000
26140,0x100,0c80004200000000
26140,0x1A0,0000000000000000
26150,0x100,0c80004200000000
26150,0x120,000003e800000000
26160,0x100,0c80004200000000
26160,0x1A0,0000000000000000
26170,0x100,0c80004200000000
26180,0x100,0c80004200000000
26180,0x1A0,0000000000000000
26190,0x100,0c80004200000000
26200,0x100,0c80004200000000
26200,0x120,000003e800000000
26200,0x1A0,0000000000000000
26210,0x100,0c80004200000000
26220,0x100,0c80004200000000
26220,0x1A0,0000000000000000
26230,0x100,0c80004200000000
26240,0x100,0c80004200000000
26240,0x1A0,0000000000000000
26250,0x100,0c80004200000000
26250,0x120,000003e800000000
26260,0x100,0c80004200000000
26260,0x1A0,0000000000000000
26270,0x100,0c80004200000000
26280,0x100,0c80004200000000
26280,0x1A0,0000000000000000
26290,0x100,0c80004200000000
26300,0x100,0c80004200000000
26300,0x120,000003e800000000
26300,0x1A0,0000000000000000
26310,0x100,0c80004200000000
26320,0x100,0c80004200000000
26320,0x1A0,0000000000000000
26330,0x100,0c80004200000000
26340,0x100,0c80004200000000
26340,0x1A0,0000000000000000
26350,0x100,0c80004200000000
26350,0x120,000003e800000000
26360,0x100,0c80004200000000
26360,0x1A0,0000000000000000
26370,0x100,0c80004200000000
26380,0x100,0c80004200000000
26380,0x1A0,0000000000000000
26390,0x100,0c80004200000000
26400,0x100,0c80004200000000
26400,0x120,000003e800000000
26400,0x1A0,0000000000000000
26410,0x100,0c80004200000000
26420,0x100,0c80004200000000
26420,0x1A0,0000000000000000
26430,0x100,0c80004200000000
26440,0x100,0c80004200000000
26440,0x1A0,0000000000000000
26450,0x100,0c80004200000000
26450,0x120,000003e800000000
26460,0x100,0c80004200000000
26460,0x1A0,0000000000000000
26470,0x100,0c80004200000000
26480,0x100,0c80004200000000
26480,0x1A0,0000000000000000
26490,0x100,0c80004200000000
26500,0x100,0c80004200000000
26500,0x120,000003e800000000
26500,0x1A0,0000000000000000
26510,0x100,0c80004200000000
26520,0x100,0c80004200000000
26520,0x1A0,0000000000000000
26530,0x100,0c80004200000000
26540,0x100,0c80004200000000
26540,0x1A0,0000000000000000
26550,0x100,0c80004200000000
26550,0x120,000003e800000000
26560,0x100,0c80004200000000
26560,0x1A0,0000000000000000
26570,0x100,0c80004200000000
26580,0x100,0c80004200000000
26580,0x1A0,0000000000000000
26590,0x100,0c80004200000000
26600,0x100,0c80004200000000
26600,0x120,000003e800000000
26600,0x1A0,0000000000000000
26610,0x100,0c80004200000000
26620,0x100,0c80004200000000
26620,0x1A0,0000000000000000
26630,0x100,0c80004200000000
26640,0x100,0c80004200000000
26640,0x1A0,0000000000000000
26650,0x100,0c80004200000000
26650,0x120,000003e800000000
26660,0x100,0c80004200000000
26660,0x1A0,0000000000000000
26670,0x100,0c80004200000000
26680,0x100,0c80004200000000
26680,0x1A0,0000000000000000
26690,0x100,0c80004200000000
26700,0x100,0c80004200000000
26700,0x120,000003e800000000
26700,0x1A0,0000000000000000
26710,0x100,0c80004200000000
26720,0x100,0c80004200000000
26720,0x1A0,0000000000000000
26730,0x100,0c80004200000000
26740,0x100,0c80004200000000
26740,0x1A0,0000000000000000
26750,0x100,0c80004200000000
26750,0x120,000003e800000000
26760,0x100,0c80004200000000
26760,0x1A0,0000000000000000
26770,0x100,0c80004200000000
26780,0x100,0c80004200000000
26780,0x1A0,0000000000000000
26790,0x100,0c80004200000000
26800,0x100,0c80004200000000
26800,0x120,000003e800000000
26800,0x1A0,0000000000000000
26810,0x100,0c80004200000000
26820,0x100,0c80004200000000
26820,0x1A0,0000000000000000
26830,0x100,0c80004200000000
26840,0x100,0c80004200000000
26840,0x1A0,0000000000000000
26850,0x100,0c80004200000000
26850,0x120,000003e800000000
26860,0x100,0c80004200000000
26860,0x1A0,0000000000000000
26870,0x100,0c80004200000000
26880,0x100,0c80004200000000
26880,0x1A0,0000000000000000
26890,0x100,0c80004200000000
26900,0x100,0c80004200000000
26900,0x120,000003e800000000
26900,0x1A0,0000000000000000
26910,0x100,0c80004200000000
26920,0x100,0c80004200000000
26920,0x1A0,0000000000000000
26930,0x100,0c80004200000000
26940,0x100,0c80004200000000
26940,0x1A0,0000000000000000
26950,0x100,0c80004200000000
26950,0x120,000003e800000000
26960,0x100,0c80004200000000
26960,0x1A0,0000000000000000
26970,0x100,0c80004200000000
26980,0x100,0c80004200000000
26980,0x1A0,0000000000000000
26990,0x100,0c80004200000000
27000,0x100,0c80004200000000
27000,0x120,000003e800000000
27000,0x1A0,0000000000000000
27010,0x100,0c80004200000000
27020,0x100,0c80004200000000
27020,0x1A0,0000000000000000
27030,0x100,0c80004200000000
27040,0x100,0c80004200000000
27040,0x1A0,0000000000000000
27050,0x100,0c80004200000000
27050,0x120,000003e800000000
27060,0x100,0c80004200000000
27060,0x1A0,0000000000000000
27070,0x100,0c80004200000000
27080,0x100,0c80004200000000
27080,0x1A0,0000000000000000
27090,0x100,0c80004200000000
27100,0x100,0c80004200000000
27100,0x120,000003e800000000
27100,0x1A0,0000000000000000
27110,0x100,0c80004200000000
27120,0x100,0c80004200000000
27120,0x1A0,0000000000000000
27130,0x100,0c80004200000000
27140,0x100,0c80004200000000
27140,0x1A0,0000000000000000
27150,0x100,0c80004200000000
27150,0x120,000003e800000000
27160,0x100,0c80004200000000
27160,0x1A0,0000000000000000
27170,0x100,0c80004200000000
27180,0x100,0c80004200000000
27180,0x1A0,0000000000000000
27190,0x100,0c80004200000000
27200,0x100,0c80004200000000
27200,0x120,000003e800000000
27200,0x1A0,0000000000000000
27210,0x100,0c80004200000000
27220,0x100,0c80004200000000
27220,0x1A0,0000000000000000
27230,0x100,0c80004200000000
27240,0x100,0c80004200000000
27240,0x1A0,0000000000000000
27250,0x100,0c80004200000000
27250,0x120,000003e800000000
27260,0x100,0c80004200000000
27260,0x1A0,0000000000000000
27270,0x100,0c80004200000000
27280,0x100,0c80004200000000
27280,0x1A0,0000000000000000
27290,0x100,0c80004200000000
27300,0x100,0c80004200000000
27300,0x120,000003e800000000
27300,0x1A0,0000000000000000
27310,0x100,0c80004200000000
27320,0x100,0c80004200000000
27320,0x1A0,0000000000000000
27330,0x100,0c80004200000000
27340,0x100,0c80004200000000
27340,0x1A0,0000000000000000
27350,0x100,0c80004200000000
27350,0x120,000003e800000000
27360,0x100,0c80004200000000
27360,0x1A0,0000000000000000
27370,0x100,0c80004200000000
27380,0x100,0c80004200000000
27380,0x1A0,0000000000000000
27390,0x100,0c80004200000000
27400,0x100,0c80004200000000
27400,0x120,000003e800000000
27400,0x1A0,0000000000000000
27410,0x100,0c80004200000000
27420,0x100,0c80004200000000
27420,0x1A0,0000000000000000
27430,0x100,0c80004200000000
27440,0x100,0c80004200000000
27440,0x1A0,0000000000000000
27450,0x100,0c80004200000000
27450,0x120,000003e800000000
27460,0x100,0c80004200000000
27460,0x1A0,0000000000000000
27470,0x100,0c80004200000000
27480,0x100,0c80004200000000
27480,0x1A0,0000000000000000
27490,0x100,0c80004200000000
27500,0x100,0c80004200000000
27500,0x120,000003e800000000
27500,0x1A0,0000000000000000
27510,0x100,0c80004200000000
27520,0x100,0c80004200000000
27520,0x1A0,0000000000000000
27530,0x100,0c80004200000000
27540,0x100,0c80004200000000
27540,0x1A0,0000000000000000
27550,0x100,0c80004200000000
27550,0x120,000003e800000000
27560,0x100,0c80004200000000
27560,0x1A0,0000000000000000
27570,0x100,0c80004200000000
27580,0x100,0c80004200000000
27580,0x1A0,0000000000000000
27590,0x100,0c80004200000000
27600,0x100,0c80004200000000
27600,0x120,000003e800000000
27600,0x1A0,0000000000000000
27610,0x100,0c80004200000000
27620,0x100,0c80004200000000
27620,0x1A0,0000000000000000
27630,0x100,0c80004200000000
27640,0x100,0c80004200000000
27640,0x1A0,0000000000000000
27650,0x100,0c80004200000000
27650,0x120,000003e800000000
27660,0x100,0c80004200000000
27660,0x1A0,0000000000000000
27670,0x100,0c80004200000000
27680,0x100,0c80004200000000
27680,0x1A0,0000000000000000
27690,0x100,0c80004200000000
27700,0x100,0c80004200000000
27700,0x120,000003e800000000
27700,0x1A0,0000000000000000
27710,0x100,0c80004200000000
27720,0x100,0c80004200000000
27720,0x1A0,0000000000000000
27730,0x100,0c80004200000000
27740,0x100,0c80004200000000
27740,0x1A0,0000000000000000
27750,0x100,0c80004200000000
27750,0x120,000003e800000000
27760,0x100,0c80004200000000
27760,0x1A0,0000000000000000
27770,0x100,0c80004200000000
27780,0x100,0c80004200000000
27780,0x1A0,0000000000000000
27790,0x100,0c80004200000000
27800,0x100,0c80004200000000
27800,0x120,000003e800000000
27800,0x1A0,0000000000000000
27810,0x100,0c80004200000000
27820,0x100,0c80004200000000
27820,0x1A0,0000000000000000
27830,0x100,0c80004200000000
27840,0x100,0c80004200000000
27840,0x1A0,0000000000000000
27850,0x100,0c80004200000000
27850,0x120,000003e800000000
27860,0x100,0c80004200000000
27860,0x1A0,0000000000000000
27870,0x100,0c80004200000000
27880,0x100,0c80004200000000
27880,0x1A0,0000000000000000
27890,0x100,0c80004200000000
27900,0x100,0c80004200000000
27900,0x120,000003e800000000
27900,0x1A0,0000000000000000
27910,0x100,0c80004200000000
27920,0x100,0c80004200000000
27920,0x1A0,0000000000000000
27930,0x100,0c80004200000000
27940,0x100,0c80004200000000
27940,0x1A0,0000000000000000
27950,0x100,0c80004200000000
27950,0x120,000003e800000000
27960,0x100,0c80004200000000
27960,0x1A0,0000000000000000
27970,0x100,0c80004200000000
27980,0x100,0c80004200000000
27980,0x1A0,0000000000000000
27990,0x100,0c80004200000000
28000,0x100,0c80004200000000
28000,0x120,000003e800000000
28000,0x1A0,0000000000000000
28010,0x100,0c80004200000000
28020,0x100,0c80004200000000
28020,0x1A0,0000000000000000
28030,0x100,0c80004200000000
28040,0x100,0c80004200000000
28040,0x1A0,0000000000000000
28050,0x100,0c80004200000000
28050,0x120,000003e800000000
28060,0x100,0c80004200000000
28060,0x1A0,0000000000000000
28070,0x100,0c80004200000000
28080,0x100,0c80004200000000
28080,0x1A0,0000000000000000
28090,0x100,0c80004200000000
28100,0x100,0c80004200000000
28100,0x120,000003e800000000
28100,0x1A0,0000000000000000
28110,0x100,0c80004200000000
28120,0x100,0c80004200000000
28120,0x1A0,0000000000000000
28130,0x100,0c80004200000000
28140,0x100,0c80004200000000
28140,0x1A0,0000000000000000
28150,0x100,0c80004200000000
28150,0x120,000003e800000000
28160,0x100,0c80004200000000
28160,0x1A0,0000000000000000
28170,0x100,0c80004200000000
28180,0x100,0c80004200000000
28180,0x1A0,0000000000000000
28190,0x100,0c80004200000000
28200,0x100,0c80004200000000
28200,0x120,000003e800000000
28200,0x1A0,0000000000000000
28210,0x100,0c80004200000000
28220,0x100,0c80004200000000
28220,0x1A0,0000000000000000
28230,0x100,0c80004200000000
28240,0x100,0c80004200000000
28240,0x1A0,0000000000000000
28250,0x100,0c80004200000000
28250,0x120,000003e800000000
28260,0x100,0c80004200000000
28260,0x1A0,0000000000000000
28270,0x100,0c80004200000000
28280,0x100,0c80004200000000
28280,0x1A0,0000000000000000
28290,0x100,0c80004200000000
28300,0x100,0c80004200000000
28300,0x120,000003e800000000
28300,0x1A0,0000000000000000
28310,0x100,0c80004200000000
28320,0x100,0c80004200000000
28320,0x1A0,0000000000000000
28330,0x100,0c80004200000000
28340,0x100,0c80004200000000
28340,0x1A0,0000000000000000
28350,0x100,0c80004200000000
28350,0x120,000003e800000000
28360,0x100,0c80004200000000
28360,0x1A0,0000000000000000
28370,0x100,0c80004200000000
28380,0x100,0c80004200000000
28380,0x1A0,0000000000000000
28390,0x100,0c80004200000000
28400,0x100,0c80004200000000
28400,0x120,000003e800000000
28400,0x1A0,0000000000000000
28410,0x100,0c80004200000000
28420,0x100,0c80004200000000
28420,0x1A0,0000000000000000
28430,0x100,0c80004200000000
28440,0x100,0c80004200000000
28440,0x1A0,0000000000000000
28450,0x100,0c80004200000000
28450,0x120,000003e800000000
28460,0x100,0c80004200000000
28460,0x1A0,0000000000000000
28470,0x100,0c80004200000000
28480,0x100,0c80004200000000
28480,0x1A0,0000000000000000
28490,0x100,0c80004200000000
28500,0x100,0c80004200000000
28500,0x120,000003e800000000
28500,0x1A0,0000000000000000
28510,0x100,0c80004200000000
28520,0x100,0c80004200000000
28520,0x1A0,0000000000000000
28530,0x100,0c80004200000000
28540,0x100,0c80004200000000
28540,0x1A0,0000000000000000
28550,0x100,0c80004200000000
28550,0x120,000003e800000000
28560,0x100,0c80004200000000
28560,0x1A0,0000000000000000
28570,0x100,0c80004200000000
28580,0x100,0c80004200000000
28580,0x1A0,0000000000000000
28590,0x100,0c80004200000000
28600,0x100,0c80004200000000
28600,0x120,000003e800000000
28600,0x1A0,0000000000000000
28610,0x100,0c80004200000000
28620,0x100,0c80004200000000
28620,0x1A0,0000000000000000
28630,0x100,0c80004200000000
28640,0x100,0c80004200000000
28640,0x1A0,0000000000000000
28650,0x100,0c80004200000000
28650,0x120,000003e800000000
28660,0x100,0c80004200000000
28660,0x1A0,0000000000000000
28670,0x100,0c80004200000000
28680,0x100,0c80004200000000
28680,0x1A0,0000000000000000
28690,0x100,0c80004200000000
28700,0x100,0c80004200000000
28700,0x120,000003e800000000
28700,0x1A0,0000000000000000
28710,0x100,0c80004200000000
28720,0x100,0c80004200000000
28720,0x1A0,0000000000000000
28730,0x100,0c80004200000000
28740,0x100,0c80004200000000
28740,0x1A0,0000000000000000
28750,0x100,0c80004200000000
28750,0x120,000003e800000000
28760,0x100,0c80004200000000
28760,0x1A0,0000000000000000
28770,0x100,0c80004200000000
28780,0x100,0c80004200000000
28780,0x1A0,0000000000000000
28790,0x100,0c80004200000000
28800,0x100,0c80004200000000
28800,0x120,000003e800000000
28800,0x1A0,0000000000000000
28810,0x100,0c80004200000000
28820,0x100,0c80004200000000
28820,0x1A0,0000000000000000
28830,0x100,0c80004200000000
28840,0x100,0c80004200000000
28840,0x1A0,0000000000000000
28850,0x100,0c80004200000000
28850,0x120,000003e800000000
28860,0x100,0c80004200000000
28860,0x1A0,0000000000000000
28870,0x100,0c80004200000000
28880,0x100,0c80004200000000
28880,0x1A0,0000000000000000
28890,0x100,0c80004200000000
28900,0x100,0c80004200000000
28900,0x120,000003e800000000
28900,0x1A0,0000000000000000
28910,0x100,0c80004200000000
28920,0x100,0c80004200000000
28920,0x1A0,0000000000000000
28930,0x100,0c80004200000000
28940,0x100,0c80004200000000
28940,0x1A0,0000000000000000
28950,0x100,0c80004200000000
28950,0x120,000003e800000000
28960,0x100,0c80004200000000
28960,0x1A0,0000000000000000
28970,0x100,0c80004200000000
28980,0x100,0c80004200000000
28980,0x1A0,0000000000000000
28990,0x100,0c80004200000000
29000,0x100,0c80004200000000
29000,0x120,000003e800000000
29000,0x1A0,0000000000000000
29010,0x100,0c80004200000000
29020,0x100,0c80004200000000
29020,0x1A0,0000000000000000
29030,0x100,0c80004200000000
29040,0x100,0c80004200000000
29040,0x1A0,0000000000000000
29050,0x100,0c80004200000000
29050,0x120,000003e800000000
29060,0x100,0c80004200000000
29060,0x1A0,0000000000000000
29070,0x100,0c80004200000000
29080,0x100,0c80004200000000
29080,0x1A0,0000000000000000
29090,0x100,0c80004200000000
29100,0x100,0c80004200000000
29100,0x120,000003e800000000
29100,0x1A0,0000000000000000
29110,0x100,0c80004200000000
29120,0x100,0c80004200000000
29120,0x1A0,0000000000000000
29130,0x100,0c80004200000000
29140,0x100,0c80004200000000
29140,0x1A0,0000000000000000
29150,0x100,0c80004200000000
29150,0x120,000003e800000000
29160,0x100,0c80004200000000
29160,0x1A0,0000000000000000
29170,0x100,0c80004200000000
29180,0x100,0c80004200000000
29180,0x1A0,0000000000000000
29190,0x100,0c80004200000000
29200,0x100,0c80004200000000
29200,0x120,000003e800000000
29200,0x1A0,0000000000000000
29210,0x100,0c80004200000000
29220,0x100,0c80004200000000
29220,0x1A0,0000000000000000
29230,0x100,0c80004200000000
29240,0x100,0c80004300000000
29240,0x1A0,0000000000000000
29250,0x100,0c80004300000000
29250,0x120,000003e800000000
29260,0x100,0c80004300000000
29260,0x1A0,0000000000000000
29270,0x100,0c80004300000000
29280,0x100,0c80004300000000
29280,0x1A0,0000000000000000
29290,0x100,0c80004300000000
29300,0x100,0c80004300000000
29300,0x120,000003e800000000
29300,0x1A0,0000000000000000
29310,0x100,0c80004300000000
29320,0x100,0c80004300000000
29320,0x1A0,0000000000000000
29330,0x100,0c80004300000000
29340,0x100,0c80004300000000
29340,0x1A0,0000000000000000
29350,0x100,0c80004300000000
29350,0x120,000003e800000000
29360,0x100,0c80004300000000
29360,0x1A0,0000000000000000
29370,0x100,0c80004300000000
29380,0x100,0c80004300000000
29380,0x1A0,0000000000000000
29390,0x100,0c80004300000000
29400,0x100,0c80004300000000
29400,0x120,000003e800000000
29400,0x1A0,0000000000000000
29410,0x100,0c80004300000000
29420,0x100,0c80004300000000
29420,0x1A0,0000000000000000
29430,0x100,0c80004300000000
29440,0x100,0c80004300000000
29440,0x1A0,0000000000000000
29450,0x100,0c80004300000000
29450,0x120,000003e800000000
29460,0x100,0c80004300000000
29460,0x1A0,0000000000000000
29470,0x100,0c80004300000000
29480,0x100,0c80004300000000
29480,0x1A0,0000000000000000
29490,0x100,0c80004300000000
29500,0x100,0c80004300000000
29500,0x120,000003e800000000
29500,0x1A0,0000000000000000
29510,0x100,0c80004300000000
29520,0x100,0c80004300000000
29520,0x1A0,0000000000000000
29530,0x100,0c80004300000000
29540,0x100,0c80004300000000
29540,0x1A0,0000000000000000
29550,0x100,0c80004300000000
29550,0x120,000003e800000000
29560,0x100,0c80004300000000
29560,0x1A0,0000000000000000
29570,0x100,0c80004300000000
29580,0x100,0c80004300000000
29580,0x1A0,0000000000000000
29590,0x100,0c80004300000000
29600,0x100,0c80004300000000
29600,0x120,000003e800000000
29600,0x1A0,0000000000000000
29610,0x100,0c80004300000000
29620,0x100,0c80004300000000
29620,0x1A0,0000000000000000
29630,0x100,0c80004300000000
29640,0x100,0c80004300000000
29640,0x1A0,0000000000000000
29650,0x100,0c80004300000000
29650,0x120,000003e800000000
29660,0x100,0c80004300000000
29660,0x1A0,0000000000000000
29670,0x100,0c80004300000000
29680,0x100,0c80004300000000
29680,0x1A0,0000000000000000
29690,0x100,0c80004300000000
29700,0x100,0c80004300000000
29700,0x120,000003e800000000
29700,0x1A0,0000000000000000
29710,0x100,0c80004300000000
29720,0x100,0c80004300000000
29720,0x1A0,0000000000000000
29730,0x100,0c80004300000000
29740,0x100,0c80004300000000
29740,0x1A0,0000000000000000
29750,0x100,0c80004300000000
29750,0x120,000003e800000000
29760,0x100,0c80004300000000
29760,0x1A0,0000000000000000
29770,0x100,0c80004300000000
29780,0x100,0c80004300000000
29780,0x1A0,0000000000000000
29790,0x100,0c80004300000000
29800,0x100,0c80004300000000
29800,0x120,000003e800000000
29800,0x1A0,0000000000000000
29810,0x100,0c80004300000000
29820,0x100,0c80004300000000
29820,0x1A0,0000000000000000
29830,0x100,0c80004300000000
29840,0x100,0c80004300000000
29840,0x1A0,0000000000000000
29850,0x100,0c80004300000000
29850,0x120,000003e800000000
29860,0x100,0c80004300000000
29860,0x1A0,0000000000000000
29870,0x100,0c80004300000000
29880,0x100,0c80004300000000
29880,0x1A0,0000000000000000
29890,0x100,0c80004300000000
29900,0x100,0c80004300000000
29900,0x120,000003e800000000
29900,0x1A0,0000000000000000
29910,0x100,0c80004300000000
29920,0x100,0c80004300000000
29920,0x1A0,0000000000000000
29930,0x100,0c80004300000000
29940,0x100,0c80004300000000
29940,0x1A0,0000000000000000
29950,0x100,0c80004300000000
29950,0x120,000003e800000000
29960,0x100,0c80004300000000
29960,0x1A0,0000000000000000
29970,0x100,0c80004300000000
29980,0x100,0c80004300000000
29980,0x1A0,0000000000000000
29990,0x100,0c80004300000000
30000,0x100,0d87284300000000
30000,0x120,000904db00000000
30000,0x1A0,0000000009000000
30010,0x100,0e7d284300000000
30020,0x100,0f62284300000000
30020,0x1A0,000000001a000000
30030,0x100,1037284300000000
30040,0x100,10fe284300000000
30040,0x1A0,000000002c000000
30050,0x100,11b7284300000000
30050,0x120,003404db00000000
30060,0x100,1264284300000000
30060,0x1A0,000000003d000000
30070,0x100,1304284300000000
30080,0x100,1399284300000000
30080,0x1A0,000000004f000000
30090,0x100,1423284300000000
30100,0x100,14a3284300000000
30100,0x120,006004db00000000
30100,0x1A0,0000000060000000
30110,0x100,151a284300000000
30120,0x100,1587284300000000
30120,0x1A0,0000000072000000
30130,0x100,15ed284300000000
30140,0x100,164a284300000000
30140,0x1A0,0000000083000000
30150,0x100,16a0284300000000
30150,0x120,008c04db00000000
30160,0x100,16ef284300000000
30160,0x1A0,0000000095000000
30170,0x100,1737284300000000
30180,0x100,1779284300000000
30180,0x1A0,00000000a6000000
30190,0x100,17b5284300000000
30200,0x100,17ec284300000000
30200,0x120,00b704db00000000
30200,0x1A0,00000000b7000000
30210,0x100,181e284300000000
30220,0x100,184a284300000000
30220,0x1A0,00000000c9000000
30230,0x100,1872284300000000
30240,0x100,1895284300000000
30240,0x1A0,00000000da000000
30250,0x100,18b5284300000000
30250,0x120,00e304db00000000
30260,0x100,18d0284300000000
30260,0x1A0,00000000ec000000
30270,0x100,18e7284300000000
30280,0x100,18fc284300000000
30280,0x1A0,00000000fd000000
30290,0x100,190c284300000000
30300,0x100,191a284300000000
30300,0x120,010f04db00000000
30300,0x1A0,000000010f000000
30310,0x100,1924284300000000
30320,0x100,192c284300000000
30320,0x1A0,0000000120000000
30330,0x100,1931284300000000
30340,0x100,1933284300000000
30340,0x1A0,0000000132000000
30350,0x100,1933284300000000
30350,0x120,013b04db00000000
30360,0x100,1931284300000000
30360,0x1A0,0000000143000000
30370,0x100,192d284300000000
30380,0x100,1926284300000000
30380,0x1A0,0000000155000000
30390,0x100,191e284300000000
30400,0x100,1913284300000000
30400,0x120,016604db00000000
30400,0x1A0,0000000166000000
30410,0x100,1907284300000000
30420,0x100,18f9284300000000
30420,0x1A0,0000000178000000
30430,0x100,18ea284300000000
30440,0x100,18d9284300000000
30440,0x1A0,0000000189000000
30450,0x100,18c6284300000000
30450,0x120,019204db00000000
30460,0x100,18b2284300000000
30460,0x1A0,000000019b000000
30470,0x100,189d284300000000
30480,0x100,1887284300000000
30480,0x1A0,00000001ac000000
30490,0x100,186f284300000000
30500,0x100,1856284300000000
30500,0x120,01be04db00000000
30500,0x1A0,00000001be000000
30510,0x100,183d284300000000
30520,0x100,1822284300000000
30520,0x1A0,00000001cf000000
30530,0x100,1806284300000000
30540,0x100,17ea284300000000
30540,0x1A0,00000001e1000000
30550,0x100,17cc284300000000
30550,0x120,01e904db00000000
30560,0x100,17ae284300000000
30560,0x1A0,00000001f2000000
30570,0x100,178f284300000000
30580,0x100,1770284300000000
30580,0x1A0,0000000203000000
30590,0x100,174f284300000000
30600,0x100,172f284300000000
30600,0x120,021504db00000000
30600,0x1A0,0000000215000000
30610,0x100,170d284300000000
30620,0x100,16eb284300000000
30620,0x1A0,0000000226000000
30630,0x100,16c9284300000000
30640,0x100,16a6284300000000
30640,0x1A0,0000000238000000
30650,0x100,1683284300000000
30650,0x120,024104db00000000
30660,0x100,165f284300000000
30660,0x1A0,0000000249000000
30670,0x100,163c284300000000
30680,0x100,1617284300000000
30680,0x1A0,000000025b000000
30690,0x100,15f3284300000000
30700,0x100,15ce284300000000
30700,0x120,026c04db00000000
30700,0x1A0,000000026c000000
30710,0x100,15aa284300000000
30720,0x100,1585284300000000
30720,0x1A0,000000027e000000
30730,0x100,1560284300000000
30740,0x100,153b284300000000
30740,0x1A0,000000028f000000
30750,0x100,1515284300000000
30750,0x120,029804db00000000
30760,0x100,14f0284300000000
30760,0x1A0,00000002a1000000
30770,0x100,14cb284300000000
30780,0x100,14a6284300000000
30780,0x1A0,00000002b2000000
30790,0x100,1481284300000000
30800,0x100,145d284300000000
30800,0x120,02c404db00000000
30800,0x1A0,00000002c4000000
30810,0x100,143b284300000000
30820,0x100,141a284300000000
30820,0x1A0,00000002d5000000
30830,0x100,13fb284300000000
30840,0x100,13de284300000000
30840,0x1A0,00000002e7000000
30850,0x100,13c3284300000000
30850,0x120,02ef04db00000000
30860,0x100,13a9284300000000
30860,0x1A0,00000002f8000000
30870,0x100,1391284300000000
30880,0x100,137a284300000000
30880,0x1A0,0000000309000000
30890,0x100,1365284300000000
30900,0x100,1351284300000000
30900,0x120,031b04db00000000
30900,0x1A0,000000031b000000
30910,0x100,133f284300000000
30920,0x100,132e284300000000
30920,0x1A0,000000032c000000
30930,0x100,131e284300000000
30940,0x100,1310284300000000
30940,0x1A0,000000033e000000
30950,0x100,1303284300000000
30950,0x120,034704db00000000
30960,0x100,12f8284300000000
30960,0x1A0,000000034f000000
30970,0x100,12ee284300000000
30980,0x100,12e5284300000000
30980,0x1A0,0000000361000000
30990,0x100,12dd284300000000
31000,0x100,12d7284300000000
31000,0x120,037204db00000000
31000,0x1A0,0000000372000000
31010,0x100,12d1284300000000
31020,0x100,12cd284300000000
31020,0x1A0,0000000384000000
31030,0x100,12ca284300000000
31040,0x100,12c9284300000000
31040,0x1A0,0000000395000000
31050,0x100,12c8284300000000
31050,0x120,039e04db00000000
31060,0x100,12c8284300000000
31060,0x1A0,00000003a7000000
31070,0x100,12ca284300000000
31080,0x100,12cc284300000000
31080,0x1A0,00000003b8000000
31090,0x100,12d0284300000000
31100,0x100,12d5284300000000
31100,0x120,03ca04db00000000
31100,0x1A0,00000003ca000000
31110,0x100,12da284300000000
31120,0x100,12e1284300000000
31120,0x1A0,00000003db000000
31130,0x100,12e8284300000000
31140,0x100,12f1284300000000
31140,0x1A0,00000003ed000000
31150,0x100,12fa284300000000
31150,0x120,03f504da00000000
31160,0x100,1304284300000000
31160,0x1A0,00000003fe000000
31170,0x100,130f284300000000
31180,0x100,131b284300000000
31180,0x1A0,000000040f000000
31190,0x100,1328284300000000
31200,0x100,1336284300000000
31200,0x120,042104da00000000
31200,0x1A0,0000000421000000
31210,0x100,1344284300000000
31220,0x100,1353284300000000
31220,0x1A0,0000000432000000
31230,0x100,1363284300000000
31240,0x100,1374284300000000
31240,0x1A0,0000000444000000
31250,0x100,1385284300000000
31250,0x120,044d04da00000000
31260,0x100,1397284300000000
31260,0x1A0,0000000455000000
31270,0x100,13aa284300000000
31280,0x100,13bd284300000000
31280,0x1A0,0000000467000000
31290,0x100,13d2284300000000
31300,0x100,13e6284300000000
31300,0x120,047804da00000000
31300,0x1A0,0000000478000000
31310,0x100,13fc284300000000
31320,0x100,1412284300000000
31320,0x1A0,000000048a000000
31330,0x100,1428284300000000
31340,0x100,143f284300000000
31340,0x1A0,000000049b000000
31350,0x100,1457284300000000
31350,0x120,04a404da00000000
31360,0x100,146f284300000000
31360,0x1A0,00000004ad000000
31370,0x100,1488284300000000
31380,0x100,14a1284300000000
31380,0x1A0,00000004be000000
31390,0x100,14bb284300000000
31400,0x100,14d5284300000000
31400,0x120,04cf04da00000000
31400,0x1A0,00000004cf000000
31410,0x100,14f0284300000000
31420,0x100,150b284300000000
31420,0x1A0,00000004e1000000
31430,0x100,1527284300000000
31440,0x100,1543284300000000
31440,0x1A0,00000004f2000000
31450,0x100,1560284300000000
31450,0x120,04fb04da00000000
31460,0x100,157d284300000000
31460,0x1A0,0000000504000000
31470,0x100,159a284300000000
31480,0x100,15b7284300000000
31480,0x1A0,0000000515000000
31490,0x100,15d6284300000000
31500,0x100,15f4284300000000
31500,0x120,052704da00000000
31500,0x1A0,0000000527000000
31510,0x100,1613284300000000
31520,0x100,1632284300000000
31520,0x1A0,0000000538000000
31530,0x100,1651284300000000
31540,0x100,1671284300000000
31540,0x1A0,000000054a000000
31550,0x100,1691284300000000
31550,0x120,055204da00000000
31560,0x100,16b1284300000000
31560,0x1A0,000000055b000000
31570,0x100,16d2284300000000
31580,0x100,16f3284300000000
31580,0x1A0,000000056c000000
31590,0x100,1714284300000000
31600,0x100,1735284300000000
31600,0x120,057e04da00000000
31600,0x1A0,000000057e000000
31610,0x100,1757284300000000
31620,0x100,1778284300000000
31620,0x1A0,000000058f000000
31630,0x100,179b284300000000
31640,0x100,17bd284300000000
31640,0x1A0,00000005a1000000
31650,0x100,17df284300000000
31650,0x120,05aa04da00000000
31660,0x100,1802284300000000
31660,0x1A0,00000005b2000000
31670,0x100,1825284300000000
31680,0x100,1848284300000000
31680,0x1A0,00000005c4000000
31690,0x100,186b284300000000
31700,0x100,188f284300000000
31700,0x120,05d504da00000000
31700,0x1A0,00000005d5000000
31710,0x100,18b3284300000000
31720,0x100,18d6284300000000
31720,0x1A0,00000005e7000000
31730,0x100,18fa284300000000
31740,0x100,191f284300000000
31740,0x1A0,00000005f8000000
31750,0x100,1943284300000000
31750,0x120,060104da00000000
31760,0x100,1967284300000000
31760,0x1A0,0000000609000000
31770,0x100,198c284300000000
31780,0x100,19b1284300000000
31780,0x1A0,000000061b000000
31790,0x100,19d5284300000000
31800,0x100,19fa284300000000
31800,0x120,062c04da00000000
31800,0x1A0,000000062c000000
31810,0x100,1a1f284300000000
31820,0x100,1a45284300000000
31820,0x1A0,000000063e000000
31830,0x100,1a6a284300000000
31840,0x100,1a8f284300000000
31840,0x1A0,000000064f000000
31850,0x100,1ab5284300000000
31850,0x120,065804da00000000
31860,0x100,1ada284300000000
31860,0x1A0,0000000661000000
31870,0x100,1b00284300000000
31880,0x100,1b26284300000000
31880,0x1A0,0000000672000000
31890,0x100,1b4c284300000000
31900,0x100,1b72284300000000
31900,0x120,068404da00000000
31900,0x1A0,0000000684000000
31910,0x100,1b98284300000000
31920,0x100,1bbe284300000000
31920,0x1A0,0000000695000000
31930,0x100,1be4284300000000
31940,0x100,1c0a284300000000
31940,0x1A0,00000006a6000000
31950,0x100,1c30284300000000
31950,0x120,06af04da00000000
31960,0x100,1c57284300000000
31960,0x1A0,00000006b8000000
31970,0x100,1c7d284300000000
31980,0x100,1ca4284300000000
31980,0x1A0,00000006c9000000
31990,0x100,1cca284300000000
32000,0x100,1cf1284300000000
32000,0x120,06db04da00000000
32000,0x1A0,00000006db000000
32010,0x100,1d17284300000000
32020,0x100,1d3e284300000000
32020,0x1A0,00000006ec000000
32030,0x100,1d65284300000000
32040,0x100,1d8c284300000000
32040,0x1A0,00000006fe000000
32050,0x100,1db2284300000000
32050,0x120,070604da00000000
32060,0x100,1dd9284300000000
32060,0x1A0,000000070f000000
32070,0x100,1e00284300000000
32080,0x100,1e27284300000000
32080,0x1A0,0000000720000000
32090,0x100,1e4e284300000000
32100,0x100,1e75284300000000
32100,0x120,073204da00000000
32100,0x1A0,0000000732000000
32110,0x100,1e9c284300000000
32120,0x100,1ec3284300000000
32120,0x1A0,0000000743000000
32130,0x100,1eea284300000000
32140,0x100,1f12284300000000
32140,0x1A0,0000000755000000
32150,0x100,1f39284300000000
32150,0x120,075d04da00000000
32160,0x100,1f60284300000000
32160,0x1A0,0000000766000000
32170,0x100,1f87284300000000
32180,0x100,1fae284300000000
32180,0x1A0,0000000777000000
32190,0x100,1fd6284300000000
32200,0x100,1ffd284300000000
32200,0x120,078904da00000000
32200,0x1A0,0000000789000000
32210,0x100,2024284300000000
32220,0x100,204c284300000000
32220,0x1A0,000000079a000000
32230,0x100,2073284300000000
32240,0x100,209a284300000000
32240,0x1A0,00000007ac000000
32250,0x100,20c2284300000000
32250,0x120,07b404da00000000
32260,0x100,20e9284300000000
32260,0x1A0,00000007bd000000
32270,0x100,2110284300000000
32280,0x100,2138284300000000
32280,0x1A0,00000007cf000000
32290,0x100,215f284300000000
32300,0x100,2187284300000000
32300,0x120,07e004da00000000
32300,0x1A0,00000007e0000000
32310,0x100,21ae284300000000
32320,0x100,21d6284300000000
32320,0x1A0,00000007f1000000
32330,0x100,21fd284300000000
32340,0x100,2225284300000000
32340,0x1A0,0000000803000000
32350,0x100,224c284300000000
32350,0x120,080c04da00000000
32360,0x100,2274284300000000
32360,0x1A0,0000000814000000
32370,0x100,229b284300000000
32380,0x100,22c3284300000000
32380,0x1A0,0000000826000000
32390,0x100,22ea284300000000
32400,0x100,2312284300000000
32400,0x120,083704da00000000
32400,0x1A0,0000000837000000
32410,0x100,2339284300000000
32420,0x100,2361284300000000
32420,0x1A0,0000000848000000
32430,0x100,2388284300000000
32440,0x100,23b0284300000000
32440,0x1A0,000000085a000000
32450,0x100,23d8284300000000
32450,0x120,086304da00000000
32460,0x100,23ff284300000000
32460,0x1A0,000000086b000000
32470,0x100,2427284300000000
32480,0x100,244e284300000000
32480,0x1A0,000000087d000000
32490,0x100,2476284300000000
32500,0x100,249d284300000000
32500,0x120,088e04da00000000
32500,0x1A0,000000088e000000
32510,0x100,24c5284300000000
32520,0x100,24ed284300000000
32520,0x1A0,000000089f000000
32530,0x100,2514284300000000
32540,0x100,253c284300000000
32540,0x1A0,00000008b1000000
32550,0x100,2564284300000000
32550,0x120,08ba04da00000000
32560,0x100,258b284300000000
32560,0x1A0,00000008c2000000
32570,0x100,25b3284300000000
32580,0x100,25da284300000000
32580,0x1A0,00000008d4000000
32590,0x100,2602284300000000
32600,0x100,262a284300000000
32600,0x120,08e504da00000000
32600,0x1A0,00000008e5000000
32610,0x100,2651284300000000
32620,0x100,2679284300000000
32620,0x1A0,00000008f6000000
32630,0x100,26a0284300000000
32640,0x100,26c8284300000000
32640,0x1A0,0000000908000000
32650,0x100,26f0284300000000
32650,0x120,091104da00000000
32660,0x100,2717284300000000
32660,0x1A0,0000000919000000
32670,0x100,273f284300000000
32680,0x100,2766284300000000
32680,0x1A0,000000092b000000
32690,0x100,278e284300000000
32700,0x100,27b6284300000000
32700,0x120,093c04da00000000
32700,0x1A0,000000093c000000
32710,0x100,27dd284300000000
32720,0x100,2805284300000000
32720,0x1A0,000000094d000000
32730,0x100,282d284300000000
32740,0x100,2854284300000000
32740,0x1A0,000000095f000000
32750,0x100,287c284300000000
32750,0x120,096804da00000000
32760,0x100,28a3284300000000
32760,0x1A0,0000000970000000
32770,0x100,28cb284300000000
32780,0x100,28f3284300000000
32780,0x1A0,0000000982000000
32790,0x100,291a284300000000
32800,0x100,2942284300000000
32800,0x120,099304d900000000
32800,0x1A0,0000000993000000
32810,0x100,296a284300000000
32820,0x100,2991284300000000
32820,0x1A0,00000009a4000000
32830,0x100,29b9284300000000
32840,0x100,29e0284300000000
32840,0x1A0,00000009b6000000
32850,0x100,2a08284300000000
32850,0x120,09be04d900000000
32860,0x100,2a30284300000000
32860,0x1A0,00000009c7000000
32870,0x100,2a57284300000000
32880,0x100,2a7f284300000000
32880,0x1A0,00000009d9000000
32890,0x100,2aa6284300000000
32900,0x100,2ace284300000000
32900,0x120,09ea04d900000000
32900,0x1A0,00000009ea000000
32910,0x100,2af6284300000000
32920,0x100,2b1d284300000000
32920,0x1A0,00000009fb000000
32930,0x100,2b45284300000000
32940,0x100,2b6c284300000000
32940,0x1A0,0000000a0d000000
32950,0x100,2b94284300000000
32950,0x120,0a1504d900000000
32960,0x100,2bbc284300000000
32960,0x1A0,0000000a1e000000
32970,0x100,2be3284300000000
32980,0x100,2c0b284300000000
32980,0x1A0,0000000a2f000000
32990,0x100,2c32284300000000
33000,0x100,2c5a284300000000
33000,0x120,0a4104d900000000
33000,0x1A0,0000000a41000000
33010,0x100,2c81284300000000
33020,0x100,2ca9284300000000
33020,0x1A0,0000000a52000000
33030,0x100,2cd1284300000000
33040,0x100,2cf8284300000000
33040,0x1A0,0000000a64000000
33050,0x100,2d20284300000000
33050,0x120,0a6c04d900000000
33060,0x100,2d47284300000000
33060,0x1A0,0000000a75000000
33070,0x100,2d6f284300000000
33080,0x100,2d97284300000000
33080,0x1A0,0000000a86000000
33090,0x100,2dbe284300000000
33100,0x100,2de6284300000000
33100,0x120,0a9804d900000000
33100,0x1A0,0000000a98000000
33110,0x100,2e0d284300000000
33120,0x100,2e35284300000000
33120,0x1A0,0000000aa9000000
33130,0x100,2e5c284300000000
33140,0x100,2e84284300000000
33140,0x1A0,0000000aba000000
33150,0x100,2eab284300000000
33150,0x120,0ac304d900000000
33160,0x100,2ed3284300000000
33160,0x1A0,0000000acc000000
33170,0x100,2efb284300000000
33180,0x100,2f22284300000000
33180,0x1A0,0000000add000000
33190,0x100,2f4a284300000000
33200,0x100,2f71284300000000
33200,0x120,0aee04d900000000
33200,0x1A0,0000000aee000000
33210,0x100,2f99284300000000
33220,0x100,2fc0284300000000
33220,0x1A0,0000000b00000000
33230,0x100,2fe8284300000000
33240,0x100,300f284300000000
33240,0x1A0,0000000b11000000
33250,0x100,3037284300000000
33250,0x120,0b1a04d900000000
33260,0x100,305f284300000000
33260,0x1A0,0000000b23000000
33270,0x100,3086284300000000
33280,0x100,30ae284300000000
33280,0x1A0,0000000b34000000
33290,0x100,30d5284300000000
33300,0x100,30fd284300000000
33300,0x120,0b4504d900000000
33300,0x1A0,0000000b45000000
33310,0x100,3124284300000000
33320,0x100,314c284300000000
33320,0x1A0,0000000b57000000
33330,0x100,3173284300000000
33340,0x100,319b284300000000
33340,0x1A0,0000000b68000000
33350,0x100,31c2284300000000
33350,0x120,0b7104d900000000
33360,0x100,31ea284300000000
33360,0x1A0,0000000b79000000
33370,0x100,3211284300000000
33380,0x100,3239284300000000
33380,0x1A0,0000000b8b000000
33390,0x100,3260284300000000
33400,0x100,3288284300000000
33400,0x120,0b9c04d900000000
33400,0x1A0,0000000b9c000000
33410,0x100,32af284300000000
33420,0x100,32d7284300000000
33420,0x1A0,0000000bad000000
33430,0x100,32fe284300000000
33440,0x100,3326284300000000
33440,0x1A0,0000000bbf000000
33450,0x100,334d284300000000
33450,0x120,0bc704d900000000
33460,0x100,3375284300000000
33460,0x1A0,0000000bd0000000
33470,0x100,339c284300000000
33480,0x100,33c4284300000000
33480,0x1A0,0000000be1000000
33490,0x100,33eb284300000000
33500,0x100,3413284300000000
33500,0x120,0bf304d900000000
33500,0x1A0,0000000bf3000000
33510,0x100,343a284300000000
33520,0x100,3462284300000000
33520,0x1A0,0000000c04000000
33530,0x100,3489284300000000
33540,0x100,34b1284300000000
33540,0x1A0,0000000c15000000
33550,0x100,34d8284300000000
33550,0x120,0c1e04d900000000
33560,0x100,3500284300000000
33560,0x1A0,0000000c27000000
33570,0x100,3527284300000000
33580,0x100,354f284300000000
33580,0x1A0,0000000c38000000
33590,0x100,3576284300000000
33600,0x100,359e284300000000
33600,0x120,0c4904d900000000
33600,0x1A0,0000000c49000000
33610,0x100,35c5284300000000
33620,0x100,35ed284300000000
33620,0x1A0,0000000c5b000000
33630,0x100,3614284300000000
33640,0x100,363c284300000000
33640,0x1A0,0000000c6c000000
33650,0x100,3663284300000000
33650,0x120,0c7504d900000000
33660,0x100,368a284300000000
33660,0x1A0,0000000c7d000000
33670,0x100,36b2284300000000
33680,0x100,36d9284300000000
33680,0x1A0,0000000c8f000000
33690,0x100,3701284300000000
33700,0x100,3728284300000000
33700,0x120,0ca004d900000000
33700,0x1A0,0000000ca0000000
33710,0x100,3750284300000000
33720,0x100,3777284300000000
33720,0x1A0,0000000cb1000000
33730,0x100,379f284300000000
33740,0x100,37c6284300000000
33740,0x1A0,0000000cc3000000
33750,0x100,37ee284300000000
33750,0x120,0ccb04d800000000
33760,0x100,3815284300000000
33760,0x1A0,0000000cd4000000
33770,0x100,383c284300000000
33780,0x100,3864284300000000
33780,0x1A0,0000000ce5000000
33790,0x100,388b284300000000
33800,0x100,38b3284300000000
33800,0x120,0cf604d800000000
33800,0x1A0,0000000cf6000000
33810,0x100,38da284300000000
33820,0x100,3902284300000000
33820,0x1A0,0000000d08000000
33830,0x100,3929284300000000
33840,0x100,3950284300000000
33840,0x1A0,0000000d19000000
33850,0x100,3978284300000000
33850,0x120,0d2204d800000000
33860,0x100,399f284300000000
33860,0x1A0,0000000d2a000000
33870,0x100,39c7284300000000
33880,0x100,39ee284300000000
33880,0x1A0,0000000d3c000000
33890,0x100,3a16284300000000
33900,0x100,3a3d284300000000
33900,0x120,0d4d04d800000000
33900,0x1A0,0000000d4d000000
33910,0x100,3a64284300000000
33920,0x100,3a8c284300000000
33920,0x1A0,0000000d5e000000
33930,0x100,3ab3284300000000
33940,0x100,3adb284300000000
33940,0x1A0,0000000d70000000
33950,0x100,3b02284300000000
33950,0x120,0d7804d800000000
33960,0x100,3b29284300000000
33960,0x1A0,0000000d81000000
33970,0x100,3b51284300000000
33980,0x100,3b78284300000000
33980,0x1A0,0000000d92000000
33990,0x100,3ba0284300000000
34000,0x100,3bc7284400000000
34000,0x120,0da304d800000000
34000,0x1A0,0000000da3000000
34010,0x100,3bee284400000000
34020,0x100,3c16284400000000
34020,0x1A0,0000000db5000000
34030,0x100,3c3d284400000000
34040,0x100,3c64284400000000
34040,0x1A0,0000000dc6000000
34050,0x100,3c8c284400000000
34050,0x120,0dcf04d800000000
34060,0x100,3cb3284400000000
34060,0x1A0,0000000dd7000000
34070,0x100,3cdb284400000000
34080,0x100,3d02284400000000
34080,0x1A0,0000000de9000000
34090,0x100,3d29284400000000
34100,0x100,3d51284400000000
34100,0x120,0dfa04d800000000
34100,0x1A0,0000000dfa000000
34110,0x100,3d78284400000000
34120,0x100,3d9f284400000000
34120,0x1A0,0000000e0b000000
34130,0x100,3dc7284400000000
34140,0x100,3dee284400000000
34140,0x1A0,0000000e1c000000
34150,0x100,3e16284400000000
34150,0x120,0e2504d800000000
34160,0x100,3e3d284400000000
34160,0x1A0,0000000e2e000000
34170,0x100,3e64284400000000
34180,0x100,3e8c284400000000
34180,0x1A0,0000000e3f000000
34190,0x100,3eb3284400000000
34200,0x100,3eda284400000000
34200,0x120,0e5004d800000000
34200,0x1A0,0000000e50000000
34210,0x100,3f02284400000000
34220,0x100,3f29284400000000
34220,0x1A0,0000000e62000000
34230,0x100,3f50284400000000
34240,0x100,3f78284400000000
34240,0x1A0,0000000e73000000
34250,0x100,3f9f284400000000
34250,0x120,0e7c04d800000000
34260,0x100,3fc6284400000000
34260,0x1A0,0000000e84000000
34270,0x100,3fee284400000000
34280,0x100,4015284400000000
34280,0x1A0,0000000e95000000
34290,0x100,403c284400000000
34300,0x100,4064284400000000
34300,0x120,0ea704d800000000
34300,0x1A0,0000000ea7000000
34310,0x100,408b284400000000
34320,0x100,40b2284400000000
34320,0x1A0,0000000eb8000000
34330,0x100,40da284400000000
34340,0x100,4101284400000000
34340,0x1A0,0000000ec9000000
34350,0x100,4128284400000000
34350,0x120,0ed204d800000000
34360,0x100,4150284400000000
34360,0x1A0,0000000eda000000
34370,0x100,4177284400000000
34380,0x100,419e284400000000
34380,0x1A0,0000000eec000000
34390,0x100,41c6284400000000
34400,0x100,41ed284400000000
34400,0x120,0efd04d800000000
34400,0x1A0,0000000efd000000
34410,0x100,4214284400000000
34420,0x100,423c284400000000
34420,0x1A0,0000000f0e000000
34430,0x100,4263284400000000
34440,0x100,428a284400000000
34440,0x1A0,0000000f1f000000
34450,0x100,42b1284400000000
34450,0x120,0f2804d800000000
34460,0x100,42d9284400000000
34460,0x1A0,0000000f31000000
34470,0x100,4300284400000000
34480,0x100,4327284400000000
34480,0x1A0,0000000f42000000
34490,0x100,434f284400000000
34500,0x100,4376284400000000
34500,0x120,0f5304d800000000
34500,0x1A0,0000000f53000000
34510,0x100,439d284400000000
34520,0x100,43c4284400000000
34520,0x1A0,0000000f64000000
34530,0x100,43ec284400000000
34540,0x100,4413284400000000
34540,0x1A0,0000000f76000000
34550,0x100,443a284400000000
34550,0x120,0f7e04d700000000
34560,0x100,4462284400000000
34560,0x1A0,0000000f87000000
34570,0x100,4489284400000000
34580,0x100,44b0284400000000
34580,0x1A0,0000000f98000000
34590,0x100,44d7284400000000
34600,0x100,44ff284400000000
34600,0x120,0fa904d700000000
34600,0x1A0,0000000fa9000000
34610,0x100,4526284400000000
34620,0x100,454d284400000000
34620,0x1A0,0000000fbb000000
34630,0x100,4574284400000000
34640,0x100,459c284400000000
34640,0x1A0,0000000fcc000000
34650,0x100,45c3284400000000
34650,0x120,0fd504d700000000
34660,0x100,45ea284400000000
34660,0x1A0,0000000fdd000000
34670,0x100,4611284400000000
34680,0x100,4639284400000000
34680,0x1A0,0000000fee000000
34690,0x100,4660284400000000
34700,0x100,4687284400000000
34700,0x120,100004d700000000
34700,0x1A0,0000001000000000
34710,0x100,46ae284400000000
34720,0x100,46d6284400000000
34720,0x1A0,0000001011000000
34730,0x100,46fd284400000000
34740,0x100,4724284400000000
34740,0x1A0,0000001022000000
34750,0x100,474b284400000000
34750,0x120,102b04d700000000
34760,0x100,4773284400000000
34760,0x1A0,0000001033000000
34770,0x100,479a284400000000
34780,0x100,47c1284400000000
34780,0x1A0,0000001044000000
34790,0x100,47e8284400000000
34800,0x100,480f284400000000
34800,0x120,105604d700000000
34800,0x1A0,0000001056000000
34810,0x100,4837284400000000
34820,0x100,485e284400000000
34820,0x1A0,0000001067000000
34830,0x100,4885284400000000
34840,0x100,48ac284400000000
34840,0x1A0,0000001078000000
34850,0x100,48d3284400000000
34850,0x120,108104d700000000
34860,0x100,48fb284400000000
34860,0x1A0,0000001089000000
34870,0x100,4922284400000000
34880,0x100,4949284400000000
34880,0x1A0,000000109a000000
34890,0x100,4970284400000000
34900,0x100,4997284400000000
34900,0x120,10ac04d700000000
34900,0x1A0,00000010ac000000
34910,0x100,49bf284400000000
34920,0x100,49e6284400000000
34920,0x1A0,00000010bd000000
34930,0x100,4a0d284400000000
34940,0x100,4a34284400000000
34940,0x1A0,00000010ce000000
34950,0x100,4a5b284400000000
34950,0x120,10d704d700000000
34960,0x100,4a83284400000000
34960,0x1A0,00000010df000000
34970,0x100,4aaa284400000000
34980,0x100,4ad1284400000000
34980,0x1A0,00000010f0000000
34990,0x100,4af8284400000000
35000,0x100,48f41e4400000000
35000,0x120,10fc044000000000
35000,0x1A0,00000010fc000000
35010,0x100,47111e4400000000
35020,0x100,454d1e4400000000
35020,0x1A0,0000001103000000
35030,0x100,43a51e4400000000
35040,0x100,42181e4400000000
35040,0x1A0,0000001109000000
35050,0x100,40a51e4400000000
35050,0x120,110c044000000000
35060,0x100,3f491e4400000000
35060,0x1A0,000000110f000000
35070,0x100,3e041e4400000000
35080,0x100,3cd31e4400000000
35080,0x1A0,0000001116000000
35090,0x100,3bb61e4400000000
35100,0x100,3aac1e4400000000
35100,0x120,111c044000000000
35100,0x1A0,000000111c000000
35110,0x100,39b21e4400000000
35120,0x100,38c91e4400000000
35120,0x1A0,0000001122000000
35130,0x100,37ee1e4400000000
35140,0x100,37221e4400000000
35140,0x1A0,0000001129000000
35150,0x100,36631e4400000000
35150,0x120,112c044000000000
35160,0x100,35b01e4400000000
35160,0x1A0,000000112f000000
35170,0x100,350a1e4400000000
35180,0x100,346e1e4400000000
35180,0x1A0,0000001135000000
35190,0x100,33dc1e4400000000
35200,0x100,33541e4400000000
35200,0x120,113c044000000000
35200,0x1A0,000000113c000000
35210,0x100,32d51e4400000000
35220,0x100,325e1e4400000000
35220,0x1A0,0000001142000000
35230,0x100,31ef1e4400000000
35240,0x100,31881e4400000000
35240,0x1A0,0000001148000000
35250,0x100,31281e4400000000
35250,0x120,114b044000000000
35260,0x100,30ce1e4400000000
35260,0x1A0,000000114f000000
35270,0x100,307a1e4400000000
35280,0x100,302c1e4400000000
35280,0x1A0,0000001155000000
35290,0x100,2fe31e4400000000
35300,0x100,2fa01e4400000000
35300,0x120,115b044000000000
35300,0x1A0,000000115b000000
35310,0x100,2f611e4400000000
35320,0x100,2f261e4400000000
35320,0x1A0,0000001162000000
35330,0x100,2ef01e4400000000
35340,0x100,2ebe1e4400000000
35340,0x1A0,0000001168000000
35350,0x100,2e8f1e4400000000
35350,0x120,116b044000000000
35360,0x100,2e641e4400000000
35360,0x1A0,000000116e000000
35370,0x100,2e3b1e4400000000
35380,0x100,2e161e4400000000
35380,0x1A0,0000001175000000
35390,0x100,2df41e4400000000
35400,0x100,2dd41e4400000000
35400,0x120,117b044000000000
35400,0x1A0,000000117b000000
35410,0x100,2db71e4400000000
35420,0x100,2d9c1e4400000000
35420,0x1A0,0000001181000000
35430,0x100,2d841e4400000000
35440,0x100,2d6d1e4400000000
35440,0x1A0,0000001188000000
35450,0x100,2d581e4400000000
35450,0x120,118b044000000000
35460,0x100,2d451e4400000000
35460,0x1A0,000000118e000000
35470,0x100,2d341e4400000000
35480,0x100,2d241e4400000000
35480,0x1A0,0000001194000000
35490,0x100,2d161e4400000000
35500,0x100,2d091e4400000000
35500,0x120,119a044000000000
35500,0x1A0,000000119a000000
35510,0x100,2cfe1e4400000000
35520,0x100,2cf31e4400000000
35520,0x1A0,00000011a1000000
35530,0x100,2cea1e4400000000
35540,0x100,2ce21e4400000000
35540,0x1A0,00000011a7000000
35550,0x100,2cdb1e4400000000
35550,0x120,11aa044000000000
35560,0x100,2cd51e4400000000
35560,0x1A0,00000011ad000000
35570,0x100,2cd01e4400000000
35580,0x100,2ccb1e4400000000
35580,0x1A0,00000011b4000000
35590,0x100,2cc81e4400000000
35600,0x100,2cc51e4400000000
35600,0x120,11ba044000000000
35600,0x1A0,00000011ba000000
35610,0x100,2cc21e4400000000
35620,0x100,2cc11e4400000000
35620,0x1A0,00000011c0000000
35630,0x100,2cc01e4400000000
35640,0x100,2cbf1e4400000000
35640,0x1A0,00000011c7000000
35650,0x100,2cbf1e4400000000
35650,0x120,11ca044000000000
35660,0x100,2cc01e4400000000
35660,0x1A0,00000011cd000000
35670,0x100,2cc11e4400000000
35680,0x100,2cc21e4400000000
35680,0x1A0,00000011d3000000
35690,0x100,2cc41e4400000000
35700,0x100,2cc61e4400000000
35700,0x120,11da044000000000
35700,0x1A0,00000011da000000
35710,0x100,2cc91e4400000000
35720,0x100,2ccc1e4400000000
35720,0x1A0,00000011e0000000
35730,0x100,2ccf1e4400000000
35740,0x100,2cd31e4400000000
35740,0x1A0,00000011e6000000
35750,0x100,2cd61e4400000000
35750,0x120,11e9044000000000
35760,0x100,2cda1e4400000000
35760,0x1A0,00000011ed000000
35770,0x100,2cdf1e4400000000
35780,0x100,2ce31e4400000000
35780,0x1A0,00000011f3000000
35790,0x100,2ce81e4400000000
35800,0x100,2ced1e4400000000
35800,0x120,11f9044000000000
35800,0x1A0,00000011f9000000
35810,0x100,2cf21e4400000000
35820,0x100,2cf71e4400000000
35820,0x1A0,00000011ff000000
35830,0x100,2cfd1e4400000000
35840,0x100,2d021e4400000000
35840,0x1A0,0000001206000000
35850,0x100,2d081e4400000000
35850,0x120,1209044000000000
35860,0x100,2d0e1e4400000000
35860,0x1A0,000000120c000000
35870,0x100,2d141e4400000000
35880,0x100,2d1a1e4400000000
35880,0x1A0,0000001212000000
35890,0x100,2d211e4400000000
35900,0x100,2d271e4400000000
35900,0x120,1219044000000000
35900,0x1A0,0000001219000000
35910,0x100,2d2d1e4400000000
35920,0x100,2d341e4400000000
35920,0x1A0,000000121f000000
35930,0x100,2d3b1e4400000000
35940,0x100,2d411e4400000000
35940,0x1A0,0000001225000000
35950,0x100,2d481e4400000000
35950,0x120,1228043f00000000
35960,0x100,2d4f1e4400000000
35960,0x1A0,000000122c000000
35970,0x100,2d561e4400000000
35980,0x100,2d5d1e4400000000
35980,0x1A0,0000001232000000
35990,0x100,2d641e4400000000
36000,0x100,2d6b1e4400000000
36000,0x120,1238043f00000000
36000,0x1A0,0000001238000000
36010,0x100,2d721e4400000000
36020,0x100,2d791e4400000000
36020,0x1A0,000000123e000000
36030,0x100,2d811e4400000000
36040,0x100,2d881e4400000000
36040,0x1A0,0000001245000000
36050,0x100,2d8f1e4400000000
36050,0x120,1248043f00000000
36060,0x100,2d971e4400000000
36060,0x1A0,000000124b000000
36070,0x100,2d9e1e4400000000
36080,0x100,2da51e4400000000
36080,0x1A0,0000001251000000
36090,0x100,2dad1e4400000000
36100,0x100,2db41e4400000000
36100,0x120,1258043f00000000
36100,0x1A0,0000001258000000
36110,0x100,2dbc1e4400000000
36120,0x100,2dc31e4400000000
36120,0x1A0,000000125e000000
36130,0x100,2dcb1e4400000000
36140,0x100,2dd31e4400000000
36140,0x1A0,0000001264000000
36150,0x100,2dda1e4400000000
36150,0x120,1267043f00000000
36160,0x100,2de21e4400000000
36160,0x1A0,000000126b000000
36170,0x100,2de91e4400000000
36180,0x100,2df11e4400000000
36180,0x1A0,0000001271000000
36190,0x100,2df91e4400000000
36200,0x100,2e011e4400000000
36200,0x120,1277043f00000000
36200,0x1A0,0000001277000000
36210,0x100,2e081e4400000000
36220,0x100,2e101e4400000000
36220,0x1A0,000000127d000000
36230,0x100,2e181e4400000000
36240,0x100,2e1f1e4400000000
36240,0x1A0,0000001284000000
36250,0x100,2e271e4400000000
36250,0x120,1287043f00000000
36260,0x100,2e2f1e4400000000
36260,0x1A0,000000128a000000
36270,0x100,2e371e4400000000
36280,0x100,2e3e1e4400000000
36280,0x1A0,0000001290000000
36290,0x100,2e461e4400000000
36300,0x100,2e4e1e4400000000
36300,0x120,1297043f00000000
36300,0x1A0,0000001297000000
36310,0x100,2e561e4400000000
36320,0x100,2e5e1e4400000000
36320,0x1A0,000000129d000000
36330,0x100,2e651e4400000000
36340,0x100,2e6d1e4400000000
36340,0x1A0,00000012a3000000
36350,0x100,2e751e4400000000
36350,0x120,12a6043f00000000
36360,0x100,2e7d1e4400000000
36360,0x1A0,00000012a9000000
36370,0x100,2e851e4400000000
36380,0x100,2e8d1e4400000000
36380,0x1A0,00000012b0000000
36390,0x100,2e941e4400000000
36400,0x100,2e9c1e4400000000
36400,0x120,12b6043f00000000
36400,0x1A0,00000012b6000000
36410,0x100,2ea41e4400000000
36420,0x100,2eac1e4400000000
36420,0x1A0,00000012bc000000
36430,0x100,2eb41e4400000000
36440,0x100,2ebc1e4400000000
36440,0x1A0,00000012c3000000
36450,0x100,2ec41e4400000000
36450,0x120,12c6043f00000000
36460,0x100,2ecb1e4400000000
36460,0x1A0,00000012c9000000
36470,0x100,2ed31e4400000000
36480,0x100,2edb1e4400000000
36480,0x1A0,00000012cf000000
36490,0x100,2ee31e4400000000
36500,0x100,2eeb1e4400000000
36500,0x120,12d5043f00000000
36500,0x1A0,00000012d5000000
36510,0x100,2ef31e4400000000
36520,0x100,2efb1e4400000000
36520,0x1A0,00000012dc000000
36530,0x100,2f021e4400000000
36540,0x100,2f0a1e4400000000
36540,0x1A0,00000012e2000000
36550,0x100,2f121e4400000000
36550,0x120,12e5043f00000000
36560,0x100,2f1a1e4400000000
36560,0x1A0,00000012e8000000
36570,0x100,2f221e4400000000
36580,0x100,2f2a1e4400000000
36580,0x1A0,00000012ee000000
36590,0x100,2f321e4400000000
36600,0x100,2f3a1e4400000000
36600,0x120,12f5043f00000000
36600,0x1A0,00000012f5000000
36610,0x100,2f421e4400000000
36620,0x100,2f491e4400000000
36620,0x1A0,00000012fb000000
36630,0x100,2f511e4400000000
36640,0x100,2f591e4400000000
36640,0x1A0,0000001301000000
36650,0x100,2f611e4400000000
36650,0x120,1304043f00000000
36660,0x100,2f691e4400000000
36660,0x1A0,0000001307000000
36670,0x100,2f711e4400000000
36680,0x100,2f791e4400000000
36680,0x1A0,000000130e000000
36690,0x100,2f811e4400000000
36700,0x100,2f881e4400000000
36700,0x120,1314043f00000000
36700,0x1A0,0000001314000000
36710,0x100,2f901e4400000000
36720,0x100,2f981e4400000000
36720,0x1A0,000000131a000000
36730,0x100,2fa01e4400000000
36740,0x100,2fa81e4400000000
36740,0x1A0,0000001321000000
36750,0x100,2fb01e4400000000
36750,0x120,1324043f00000000
36760,0x100,2fb81e4400000000
36760,0x1A0,0000001327000000
36770,0x100,2fc01e4400000000
36780,0x100,2fc71e4400000000
36780,0x1A0,000000132d000000
36790,0x100,2fcf1e4400000000
36800,0x100,2fd71e4400000000
36800,0x120,1333043f00000000
36800,0x1A0,0000001333000000
36810,0x100,2fdf1e4400000000
36820,0x100,2fe71e4400000000
36820,0x1A0,000000133a000000
36830,0x100,2fef1e4400000000
36840,0x100,2ff71e4400000000
36840,0x1A0,0000001340000000
36850,0x100,2fff1e4400000000
36850,0x120,1343043f00000000
36860,0x100,30061e4400000000
36860,0x1A0,0000001346000000
36870,0x100,300e1e4400000000
36880,0x100,30161e4400000000
36880,0x1A0,000000134c000000
36890,0x100,301e1e4400000000
36900,0x100,30261e4400000000
36900,0x120,1353043f00000000
36900,0x1A0,0000001353000000
36910,0x100,302e1e4400000000
36920,0x100,30361e4400000000
36920,0x1A0,0000001359000000
36930,0x100,303e1e4400000000
36940,0x100,30461e4400000000
36940,0x1A0,000000135f000000
36950,0x100,304d1e4400000000
36950,0x120,1362043f00000000
36960,0x100,30551e4400000000
36960,0x1A0,0000001365000000
36970,0x100,305d1e4400000000
36980,0x100,30651e4400000000
36980,0x1A0,000000136c000000
36990,0x100,306d1e4400000000
37000,0x100,30751e4400000000
37000,0x120,1372043f00000000
37000,0x1A0,0000001372000000
37010,0x100,307d1e4400000000
37020,0x100,30841e4400000000
37020,0x1A0,0000001378000000
37030,0x100,308c1e4400000000
37040,0x100,30941e4400000000
37040,0x1A0,000000137e000000
37050,0x100,309c1e4400000000
37050,0x120,1382043f00000000
37060,0x100,30a41e4400000000
37060,0x1A0,0000001385000000
37070,0x100,30ac1e4400000000
37080,0x100,30b41e4400000000
37080,0x1A0,000000138b000000
37090,0x100,30bc1e4400000000
37100,0x100,30c31e4400000000
37100,0x120,1391043f00000000
37100,0x1A0,0000001391000000
37110,0x100,30cb1e4400000000
37120,0x100,30d31e4400000000
37120,0x1A0,0000001397000000
37130,0x100,30db1e4400000000
37140,0x100,30e31e4400000000
37140,0x1A0,000000139e000000
37150,0x100,30eb1e4400000000
37150,0x120,13a1043f00000000
37160,0x100,30f31e4400000000
37160,0x1A0,00000013a4000000
37170,0x100,30fa1e4400000000
37180,0x100,31021e4400000000
37180,0x1A0,00000013aa000000
37190,0x100,310a1e4400000000
37200,0x100,31121e4400000000
37200,0x120,13b0043f00000000
37200,0x1A0,00000013b0000000
37210,0x100,311a1e4400000000
37220,0x100,31221e4400000000
37220,0x1A0,00000013b7000000
37230,0x100,312a1e4400000000
37240,0x100,31311e4400000000
37240,0x1A0,00000013bd000000
37250,0x100,31391e4400000000
37250,0x120,13c0043f00000000
37260,0x100,31411e4400000000
37260,0x1A0,00000013c3000000
37270,0x100,31491e4400000000
37280,0x100,31511e4400000000
37280,0x1A0,00000013c9000000
37290,0x100,31591e4400000000
37300,0x100,31611e4400000000
37300,0x120,13d0043f00000000
37300,0x1A0,00000013d0000000
37310,0x100,31681e4400000000
37320,0x100,31701e4400000000
37320,0x1A0,00000013d6000000
37330,0x100,31781e4400000000
37340,0x100,31801e4400000000
37340,0x1A0,00000013dc000000
37350,0x100,31881e4400000000
37350,0x120,13df043f00000000
37360,0x100,31901e4400000000
37360,0x1A0,00000013e2000000
37370,0x100,31981e4400000000
37380,0x100,319f1e4400000000
37380,0x1A0,00000013e9000000
37390,0x100,31a71e4400000000
37400,0x100,31af1e4400000000
37400,0x120,13ef043f00000000
37400,0x1A0,00000013ef000000
37410,0x100,31b71e4400000000
37420,0x100,31bf1e4400000000
37420,0x1A0,00000013f5000000
37430,0x100,31c71e4400000000
37440,0x100,31cf1e4400000000
37440,0x1A0,00000013fb000000
37450,0x100,31d61e4400000000
37450,0x120,13fe043f00000000
37460,0x100,31de1e4400000000
37460,0x1A0,0000001401000000
37470,0x100,31e61e4400000000
37480,0x100,31ee1e4400000000
37480,0x1A0,0000001408000000
37490,0x100,31f61e4400000000
37500,0x100,31fe1e4400000000
37500,0x120,140e043f00000000
37500,0x1A0,000000140e000000
37510,0x100,32051e4400000000
37520,0x100,320d1e4400000000
37520,0x1A0,0000001414000000
37530,0x100,32151e4400000000
37540,0x100,321d1e4400000000
37540,0x1A0,000000141a000000
37550,0x100,32251e4400000000
37550,0x120,141d043e00000000
37560,0x100,322d1e4400000000
37560,0x1A0,0000001421000000
37570,0x100,32341e4400000000
37580,0x100,323c1e4400000000
37580,0x1A0,0000001427000000
37590,0x100,32441e4400000000
37600,0x100,324c1e4400000000
37600,0x120,142d043e00000000
37600,0x1A0,000000142d000000
37610,0x100,32541e4400000000
37620,0x100,325c1e4400000000
37620,0x1A0,0000001433000000
37630,0x100,32641e4400000000
37640,0x100,326b1e4400000000
37640,0x1A0,0000001439000000
37650,0x100,32731e4400000000
37650,0x120,143d043e00000000
37660,0x100,327b1e4400000000
37660,0x1A0,0000001440000000
37670,0x100,32831e4400000000
37680,0x100,328b1e4400000000
37680,0x1A0,0000001446000000
37690,0x100,32931e4400000000
37700,0x100,329a1e4400000000
37700,0x120,144c043e00000000
37700,0x1A0,000000144c000000
37710,0x100,32a21e4400000000
37720,0x100,32aa1e4400000000
37720,0x1A0,0000001452000000
37730,0x100,32b21e4400000000
37740,0x100,32ba1e4400000000
37740,0x1A0,0000001459000000
37750,0x100,32c11e4400000000
37750,0x120,145c043e00000000
37760,0x100,32c91e4400000000
37760,0x1A0,000000145f000000
37770,0x100,32d11e4400000000
37780,0x100,32d91e4400000000
37780,0x1A0,0000001465000000
37790,0x100,32e11e4400000000
37800,0x100,32e91e4400000000
37800,0x120,146b043e00000000
37800,0x1A0,000000146b000000
37810,0x100,32f01e4400000000
37820,0x100,32f81e4400000000
37820,0x1A0,0000001471000000
37830,0x100,33001e4400000000
37840,0x100,33081e4400000000
37840,0x1A0,0000001478000000
37850,0x100,33101e4400000000
37850,0x120,147b043e00000000
37860,0x100,33181e4400000000
37860,0x1A0,000000147e000000
37870,0x100,331f1e4400000000
37880,0x100,33271e4400000000
37880,0x1A0,0000001484000000
37890,0x100,332f1e4400000000
37900,0x100,33371e4400000000
37900,0x120,148a043e00000000
37900,0x1A0,000000148a000000
37910,0x100,333f1e4400000000
37920,0x100,33461e4400000000
37920,0x1A0,0000001490000000
37930,0x100,334e1e4400000000
37940,0x100,33561e4400000000
37940,0x1A0,0000001497000000
37950,0x100,335e1e4400000000
37950,0x120,149a043e00000000
37960,0x100,33661e4400000000
37960,0x1A0,000000149d000000
37970,0x100,336e1e4400000000
37980,0x100,33751e4400000000
37980,0x1A0,00000014a3000000
37990,0x100,337d1e4400000000
38000,0x100,33851e4400000000
38000,0x120,14a9043e00000000
38000,0x1A0,00000014a9000000
38010,0x100,338d1e4400000000
38020,0x100,33951e4400000000
38020,0x1A0,00000014b0000000
38030,0x100,339c1e4400000000
38040,0x100,33a41e4400000000
38040,0x1A0,00000014b6000000
38050,0x100,33ac1e4400000000
38050,0x120,14b9043e00000000
38060,0x100,33b41e4400000000
38060,0x1A0,00000014bc000000
38070,0x100,33bc1e4400000000
38080,0x100,33c31e4400000000
38080,0x1A0,00000014c2000000
38090,0x100,33cb1e4400000000
38100,0x100,33d31e4400000000
38100,0x120,14c8043e00000000
38100,0x1A0,00000014c8000000
38110,0x100,33db1e4400000000
38120,0x100,33e31e4400000000
38120,0x1A0,00000014cf000000
38130,0x100,33eb1e4400000000
38140,0x100,33f21e4400000000
38140,0x1A0,00000014d5000000
38150,0x100,33fa1e4400000000
38150,0x120,14d8043e00000000
38160,0x100,34021e4400000000
38160,0x1A0,00000014db000000
38170,0x100,340a1e4400000000
38180,0x100,34121e4400000000
38180,0x1A0,00000014e1000000
38190,0x100,34191e4400000000
38200,0x100,34211e4400000000
38200,0x120,14e7043e00000000
38200,0x1A0,00000014e7000000
38210,0x100,34291e4400000000
38220,0x100,34311e4400000000
38220,0x1A0,00000014ed000000
38230,0x100,34391e4400000000
38240,0x100,34401e4400000000
38240,0x1A0,00000014f4000000
38250,0x100,34481e4400000000
38250,0x120,14f7043e00000000
38260,0x100,34501e4400000000
38260,0x1A0,00000014fa000000
38270,0x100,34581e4400000000
38280,0x100,34601e4400000000
38280,0x1A0,0000001500000000
38290,0x100,34671e4400000000
38300,0x100,346f1e4400000000
38300,0x120,1506043e00000000
38300,0x1A0,0000001506000000
38310,0x100,34771e4400000000
38320,0x100,347f1e4400000000
38320,0x1A0,000000150c000000
38330,0x100,34861e4400000000
38340,0x100,348e1e4400000000
38340,0x1A0,0000001513000000
38350,0x100,34961e4400000000
38350,0x120,1516043e00000000
38360,0x100,349e1e4400000000
38360,0x1A0,0000001519000000
38370,0x100,34a61e4400000000
38380,0x100,34ad1e4400000000
38380,0x1A0,000000151f000000
38390,0x100,34b51e4400000000
38400,0x100,34bd1e4400000000
38400,0x120,1525043e00000000
38400,0x1A0,0000001525000000
38410,0x100,34c51e4400000000
38420,0x100,34cd1e4400000000
38420,0x1A0,000000152b000000
38430,0x100,34d41e4400000000
38440,0x100,34dc1e4400000000
38440,0x1A0,0000001532000000
38450,0x100,34e41e4400000000
38450,0x120,1535043e00000000
38460,0x100,34ec1e4400000000
38460,0x1A0,0000001538000000
38470,0x100,34f41e4400000000
38480,0x100,34fb1e4400000000
38480,0x1A0,000000153e000000
38490,0x100,35031e4400000000
38500,0x100,350b1e4400000000
38500,0x120,1544043e00000000
38500,0x1A0,0000001544000000
38510,0x100,35131e4400000000
38520,0x100,351a1e4400000000
38520,0x1A0,000000154a000000
38530,0x100,35221e4400000000
38540,0x100,352a1e4400000000
38540,0x1A0,0000001550000000
38550,0x100,35321e4400000000
38550,0x120,1554043e00000000
38560,0x100,353a1e4400000000
38560,0x1A0,0000001557000000
38570,0x100,35411e4400000000
38580,0x100,35491e4400000000
38580,0x1A0,000000155d000000
38590,0x100,35511e4400000000
38600,0x100,35591e4400000000
38600,0x120,1563043e00000000
38600,0x1A0,0000001563000000
38610,0x100,35601e4400000000
38620,0x100,35681e4400000000
38620,0x1A0,0000001569000000
38630,0x100,35701e4400000000
38640,0x100,35781e4400000000
38640,0x1A0,000000156f000000
38650,0x100,35801e4400000000
38650,0x120,1572043e00000000
38660,0x100,35871e4400000000
38660,0x1A0,0000001575000000
38670,0x100,358f1e4400000000
38680,0x100,35971e4400000000
38680,0x1A0,000000157c000000
38690,0x100,359f1e4400000000
38700,0x100,35a61e4400000000
38700,0x120,1582043e00000000
38700,0x1A0,0000001582000000
38710,0x100,35ae1e4400000000
38720,0x100,35b61e4400000000
38720,0x1A0,0000001588000000
38730,0x100,35be1e4400000000
38740,0x100,35c51e4400000000
38740,0x1A0,000000158e000000
38750,0x100,35cd1e4400000000
38750,0x120,1591043e00000000
38760,0x100,35d51e4400000000
38760,0x1A0,0000001594000000
38770,0x100,35dd1e4400000000
38780,0x100,35e41e4400000000
38780,0x1A0,000000159b000000
38790,0x100,35ec1e4400000000
38800,0x100,35f41e4400000000
38800,0x120,15a1043e00000000
38800,0x1A0,00000015a1000000
38810,0x100,35fc1e4400000000
38820,0x100,36041e4400000000
38820,0x1A0,00000015a7000000
38830,0x100,360b1e4400000000
38840,0x100,36131e4500000000
38840,0x1A0,00000015ad000000
38850,0x100,361b1e4500000000
38850,0x120,15b0043e00000000
38860,0x100,36231e4500000000
38860,0x1A0,00000015b3000000
38870,0x100,362a1e4500000000
38880,0x100,36321e4500000000
38880,0x1A0,00000015b9000000
38890,0x100,363a1e4500000000
38900,0x100,36421e4500000000
38900,0x120,15bf043e00000000
38900,0x1A0,00000015bf000000
38910,0x100,36491e4500000000
38920,0x100,36511e4500000000
38920,0x1A0,00000015c6000000
38930,0x100,36591e4500000000
38940,0x100,36611e4500000000
38940,0x1A0,00000015cc000000
38950,0x100,36681e4500000000
38950,0x120,15cf043e00000000
38960,0x100,36701e4500000000
38960,0x1A0,00000015d2000000
38970,0x100,36781e4500000000
38980,0x100,36801e4500000000
38980,0x1A0,00000015d8000000
38990,0x100,36871e4500000000
39000,0x100,368f1e4500000000
39000,0x120,15de043d00000000
39000,0x1A0,00000015de000000
39010,0x100,36971e4500000000
39020,0x100,369f1e4500000000
39020,0x1A0,00000015e4000000
39030,0x100,36a61e4500000000
39040,0x100,36ae1e4500000000
39040,0x1A0,00000015eb000000
39050,0x100,36b61e4500000000
39050,0x120,15ee043d00000000
39060,0x100,36be1e4500000000
39060,0x1A0,00000015f1000000
39070,0x100,36c51e4500000000
39080,0x100,36cd1e4500000000
39080,0x1A0,00000015f7000000
39090,0x100,36d51e4500000000
39100,0x100,36dd1e4500000000
39100,0x120,15fd043d00000000
39100,0x1A0,00000015fd000000
39110,0x100,36e41e4500000000
39120,0x100,36ec1e4500000000
39120,0x1A0,0000001603000000
39130,0x100,36f41e4500000000
39140,0x100,36fc1e4500000000
39140,0x1A0,0000001609000000
39150,0x100,37031e4500000000
39150,0x120,160c043d00000000
39160,0x100,370b1e4500000000
39160,0x1A0,000000160f000000
39170,0x100,37131e4500000000
39180,0x100,371b1e4500000000
39180,0x1A0,0000001616000000
39190,0x100,37221e4500000000
39200,0x100,372a1e4500000000
39200,0x120,161c043d00000000
39200,0x1A0,000000161c000000
39210,0x100,37321e4500000000
39220,0x100,37391e4500000000
39220,0x1A0,0000001622000000
39230,0x100,37411e4500000000
39240,0x100,37491e4500000000
39240,0x1A0,0000001628000000
39250,0x100,37511e4500000000
39250,0x120,162b043d00000000
39260,0x100,37581e4500000000
39260,0x1A0,000000162e000000
39270,0x100,37601e4500000000
39280,0x100,37681e4500000000
39280,0x1A0,0000001634000000
39290,0x100,37701e4500000000
39300,0x100,37771e4500000000
39300,0x120,163a043d00000000
39300,0x1A0,000000163a000000
39310,0x100,377f1e4500000000
39320,0x100,37871e4500000000
39320,0x1A0,0000001641000000
39330,0x100,378f1e4500000000
39340,0x100,37961e4500000000
39340,0x1A0,0000001647000000
39350,0x100,379e1e4500000000
39350,0x120,164a043d00000000
39360,0x100,37a61e4500000000
39360,0x1A0,000000164d000000
39370,0x100,37ad1e4500000000
39380,0x100,37b51e4500000000
39380,0x1A0,0000001653000000
39390,0x100,37bd1e4500000000
39400,0x100,37c51e4500000000
39400,0x120,1659043d00000000
39400,0x1A0,0000001659000000
39410,0x100,37cc1e4500000000
39420,0x100,37d41e4500000000
39420,0x1A0,000000165f000000
39430,0x100,37dc1e4500000000
39440,0x100,37e31e4500000000
39440,0x1A0,0000001665000000
39450,0x100,37eb1e4500000000
39450,0x120,1668043d00000000
39460,0x100,37f31e4500000000
39460,0x1A0,000000166c000000
39470,0x100,37fb1e4500000000
39480,0x100,38021e4500000000
39480,0x1A0,0000001672000000
39490,0x100,380a1e4500000000
39500,0x100,38121e4500000000
39500,0x120,1678043d00000000
39500,0x1A0,0000001678000000
39510,0x100,381a1e4500000000
39520,0x100,38211e4500000000
39520,0x1A0,000000167e000000
39530,0x100,38291e4500000000
39540,0x100,38311e4500000000
39540,0x1A0,0000001684000000
39550,0x100,38381e4500000000
39550,0x120,1687043d00000000
39560,0x100,38401e4500000000
39560,0x1A0,000000168a000000
39570,0x100,38481e4500000000
39580,0x100,38501e4500000000
39580,0x1A0,0000001690000000
39590,0x100,38571e4500000000
39600,0x100,385f1e4500000000
39600,0x120,1696043d00000000
39600,0x1A0,0000001696000000
39610,0x100,38671e4500000000
39620,0x100,386e1e4500000000
39620,0x1A0,000000169d000000
39630,0x100,38761e4500000000
39640,0x100,387e1e4500000000
39640,0x1A0,00000016a3000000
39650,0x100,38851e4500000000
39650,0x120,16a6043d00000000
39660,0x100,388d1e4500000000
39660,0x1A0,00000016a9000000
39670,0x100,38951e4500000000
39680,0x100,389d1e4500000000
39680,0x1A0,00000016af000000
39690,0x100,38a41e4500000000
39700,0x100,38ac1e4500000000
39700,0x120,16b5043d00000000
39700,0x1A0,00000016b5000000
39710,0x100,38b41e4500000000
39720,0x100,38bb1e4500000000
39720,0x1A0,00000016bb000000
39730,0x100,38c31e4500000000
39740,0x100,38cb1e4500000000
39740,0x1A0,00000016c1000000
39750,0x100,38d31e4500000000
39750,0x120,16c4043d00000000
39760,0x100,38da1e4500000000
39760,0x1A0,00000016c7000000
39770,0x100,38e21e4500000000
39780,0x100,38ea1e4500000000
39780,0x1A0,00000016cd000000
39790,0x100,38f11e4500000000
39800,0x100,38f91e4500000000
39800,0x120,16d4043d00000000
39800,0x1A0,00000016d4000000
39810,0x100,39011e4500000000
39820,0x100,39081e4500000000
39820,0x1A0,00000016da000000
39830,0x100,39101e4500000000
39840,0x100,39181e4500000000
39840,0x1A0,00000016e0000000
39850,0x100,39201e4500000000
39850,0x120,16e3043d00000000
39860,0x100,39271e4500000000
39860,0x1A0,00000016e6000000
39870,0x100,392f1e4500000000
39880,0x100,39371e4500000000
39880,0x1A0,00000016ec000000
39890,0x100,393e1e4500000000
39900,0x100,39461e4500000000
39900,0x120,16f2043d00000000
39900,0x1A0,00000016f2000000
39910,0x100,394e1e4500000000
39920,0x100,39551e4500000000
39920,0x1A0,00000016f8000000
39930,0x100,395d1e4500000000
39940,0x100,39651e4500000000
39940,0x1A0,00000016fe000000
39950,0x100,396c1e4500000000
39950,0x120,1701043d00000000
39960,0x100,39741e4500000000
39960,0x1A0,0000001704000000
39970,0x100,397c1e4500000000
39980,0x100,39831e4500000000
39980,0x1A0,000000170b000000
39990,0x100,398b1e4500000000
40000,0x100,39931e4500000000
40000,0x120,1711043d00000000
40000,0x1A0,0000001711000000
40010,0x100,399b1e4500000000
40020,0x100,39a21e4500000000
40020,0x1A0,0000001717000000
40030,0x100,39aa1e4500000000
40040,0x100,39b21e4500000000
40040,0x1A0,000000171d000000
40050,0x100,39b91e4500000000
40050,0x120,1720043d00000000
40060,0x100,39c11e4500000000
40060,0x1A0,0000001723000000
40070,0x100,39c91e4500000000
40080,0x100,39d01e4500000000
40080,0x1A0,0000001729000000
40090,0x100,39d81e4500000000
40100,0x100,39e01e4500000000
40100,0x120,172f043d00000000
40100,0x1A0,000000172f000000
40110,0x100,39e71e4500000000
40120,0x100,39ef1e4500000000
40120,0x1A0,0000001735000000
40130,0x100,39f71e4500000000
40140,0x100,39fe1e4500000000
40140,0x1A0,000000173b000000
40150,0x100,3a061e4500000000
40150,0x120,173e043d00000000
40160,0x100,3a0e1e4500000000
40160,0x1A0,0000001741000000
40170,0x100,3a151e4500000000
40180,0x100,3a1d1e4500000000
40180,0x1A0,0000001747000000
40190,0x100,3a251e4500000000
40200,0x100,3a2c1e4500000000
40200,0x120,174e043d00000000
40200,0x1A0,000000174e000000
40210,0x100,3a341e4500000000
40220,0x100,3a3c1e4500000000
40220,0x1A0,0000001754000000
40230,0x100,3a431e4500000000
40240,0x100,3a4b1e4500000000
40240,0x1A0,000000175a000000
40250,0x100,3a531e4500000000
40250,0x120,175d043d00000000
40260,0x100,3a5a1e4500000000
40260,0x1A0,0000001760000000
40270,0x100,3a621e4500000000
40280,0x100,3a6a1e4500000000
40280,0x1A0,0000001766000000
40290,0x100,3a711e4500000000
40300,0x100,3a791e4500000000
40300,0x120,176c043d00000000
40300,0x1A0,000000176c000000
40310,0x100,3a811e4500000000
40320,0x100,3a881e4500000000
40320,0x1A0,0000001772000000
40330,0x100,3a901e4500000000
40340,0x100,3a981e4500000000
40340,0x1A0,0000001778000000
40350,0x100,3a9f1e4500000000
40350,0x120,177b043c00000000
40360,0x100,3aa71e4500000000
40360,0x1A0,000000177e000000
40370,0x100,3aaf1e4500000000
40380,0x100,3ab61e4500000000
40380,0x1A0,0000001784000000
40390,0x100,3abe1e4500000000
40400,0x100,3ac61e4500000000
40400,0x120,178a043c00000000
40400,0x1A0,000000178a000000
40410,0x100,3acd1e4500000000
40420,0x100,3ad51e4500000000
40420,0x1A0,0000001790000000
40430,0x100,3add1e4500000000
40440,0x100,3ae41e4500000000
40440,0x1A0,0000001797000000
40450,0x100,3aec1e4500000000
40450,0x120,179a043c00000000
40460,0x100,3af41e4500000000
40460,0x1A0,000000179d000000
40470,0x100,3afb1e4500000000
40480,0x100,3b031e4500000000
40480,0x1A0,00000017a3000000
40490,0x100,3b0b1e4500000000
40500,0x100,3b121e4500000000
40500,0x120,17a9043c00000000
40500,0x1A0,00000017a9000000
40510,0x100,3b1a1e4500000000
40520,0x100,3b211e4500000000
40520,0x1A0,00000017af000000
40530,0x100,3b291e4500000000
40540,0x100,3b311e4500000000
40540,0x1A0,00000017b5000000
40550,0x100,3b381e4500000000
40550,0x120,17b8043c00000000
40560,0x100,3b401e4500000000
40560,0x1A0,00000017bb000000
40570,0x100,3b481e4500000000
40580,0x100,3b4f1e4500000000
40580,0x1A0,00000017c1000000
40590,0x100,3b571e4500000000
40600,0x100,3b5f1e4500000000
40600,0x120,17c7043c00000000
40600,0x1A0,00000017c7000000
40610,0x100,3b661e4500000000
40620,0x100,3b6e1e4500000000
40620,0x1A0,00000017cd000000
40630,0x100,3b761e4500000000
40640,0x100,3b7d1e4500000000
40640,0x1A0,00000017d3000000
40650,0x100,3b851e4500000000
40650,0x120,17d6043c00000000
40660,0x100,3b8c1e4500000000
40660,0x1A0,00000017d9000000
40670,0x100,3b941e4500000000
40680,0x100,3b9c1e4500000000
40680,0x1A0,00000017df000000
40690,0x100,3ba31e4500000000
40700,0x100,3bab1e4500000000
40700,0x120,17e5043c00000000
40700,0x1A0,00000017e5000000
40710,0x100,3bb31e4500000000
40720,0x100,3bba1e4500000000
40720,0x1A0,00000017ec000000
40730,0x100,3bc21e4500000000
40740,0x100,3bca1e4500000000
40740,0x1A0,00000017f2000000
40750,0x100,3bd11e4500000000
40750,0x120,17f5043c00000000
40760,0x100,3bd91e4500000000
40760,0x1A0,00000017f8000000
40770,0x100,3be01e4500000000
40780,0x100,3be81e4500000000
40780,0x1A0,00000017fe000000
40790,0x100,3bf01e4500000000
40800,0x100,3bf71e4500000000
40800,0x120,1804043c00000000
40800,0x1A0,0000001804000000
40810,0x100,3bff1e4500000000
40820,0x100,3c071e4500000000
40820,0x1A0,000000180a000000
40830,0x100,3c0e1e4500000000
40840,0x100,3c161e4500000000
40840,0x1A0,0000001810000000
40850,0x100,3c1d1e4500000000
40850,0x120,1813043c00000000
40860,0x100,3c251e4500000000
40860,0x1A0,0000001816000000
40870,0x100,3c2d1e4500000000
40880,0x100,3c341e4500000000
40880,0x1A0,000000181c000000
40890,0x100,3c3c1e4500000000
40900,0x100,3c441e4500000000
40900,0x120,1822043c00000000
40900,0x1A0,0000001822000000
40910,0x100,3c4b1e4500000000
40920,0x100,3c531e4500000000
40920,0x1A0,0000001828000000
40930,0x100,3c5a1e4500000000
40940,0x100,3c621e4500000000
40940,0x1A0,000000182e000000
40950,0x100,3c6a1e4500000000
40950,0x120,1831043c00000000
40960,0x100,3c711e4500000000
40960,0x1A0,0000001834000000
40970,0x100,3c791e4500000000
40980,0x100,3c811e4500000000
40980,0x1A0,000000183a000000
40990,0x100,3c881e4500000000
41000,0x100,3c901e4500000000
41000,0x120,1840043c00000000
41000,0x1A0,0000001840000000
41010,0x100,3c971e4500000000
41020,0x100,3c9f1e4500000000
41020,0x1A0,0000001846000000
41030,0x100,3ca71e4500000000
41040,0x100,3cae1e4500000000
41040,0x1A0,000000184c000000
41050,0x100,3cb61e4500000000
41050,0x120,184f043c00000000
41060,0x100,3cbd1e4500000000
41060,0x1A0,0000001852000000
41070,0x100,3cc51e4500000000
41080,0x100,3ccd1e4500000000
41080,0x1A0,0000001858000000
41090,0x100,3cd41e4500000000
41100,0x100,3cdc1e4500000000
41100,0x120,185f043c00000000
41100,0x1A0,000000185f000000
41110,0x100,3ce41e4500000000
41120,0x100,3ceb1e4500000000
41120,0x1A0,0000001865000000
41130,0x100,3cf31e4500000000
41140,0x100,3cfa1e4500000000
41140,0x1A0,000000186b000000
41150,0x100,3d021e4500000000
41150,0x120,186e043c00000000
41160,0x100,3d0a1e4500000000
41160,0x1A0,0000001871000000
41170,0x100,3d111e4500000000
41180,0x100,3d191e4500000000
41180,0x1A0,0000001877000000
41190,0x100,3d201e4500000000
41200,0x100,3d281e4500000000
41200,0x120,187d043c00000000
41200,0x1A0,000000187d000000
41210,0x100,3d301e4500000000
41220,0x100,3d371e4500000000
41220,0x1A0,0000001883000000
41230,0x100,3d3f1e4500000000
41240,0x100,3d461e4500000000
41240,0x1A0,0000001889000000
41250,0x100,3d4e1e4500000000
41250,0x120,188c043c00000000
41260,0x100,3d561e4500000000
41260,0x1A0,000000188f000000
41270,0x100,3d5d1e4500000000
41280,0x100,3d651e4500000000
41280,0x1A0,0000001895000000
41290,0x100,3d6c1e4500000000
41300,0x100,3d741e4500000000
41300,0x120,189b043c00000000
41300,0x1A0,000000189b000000
41310,0x100,3d7c1e4500000000
41320,0x100,3d831e4500000000
41320,0x1A0,00000018a1000000
41330,0x100,3d8b1e4500000000
41340,0x100,3d921e4500000000
41340,0x1A0,00000018a7000000
41350,0x100,3d9a1e4500000000
41350,0x120,18aa043c00000000
41360,0x100,3da11e4500000000
41360,0x1A0,00000018ad000000
41370,0x100,3da91e4500000000
41380,0x100,3db11e4500000000
41380,0x1A0,00000018b3000000
41390,0x100,3db81e4500000000
41400,0x100,3dc01e4500000000
41400,0x120,18b9043c00000000
41400,0x1A0,00000018b9000000
41410,0x100,3dc71e4500000000
41420,0x100,3dcf1e4500000000
41420,0x1A0,00000018bf000000
41430,0x100,3dd71e4500000000
41440,0x100,3dde1e4500000000
41440,0x1A0,00000018c5000000
41450,0x100,3de61e4500000000
41450,0x120,18c8043c00000000
41460,0x100,3ded1e4500000000
41460,0x1A0,00000018cb000000
41470,0x100,3df51e4500000000
41480,0x100,3dfd1e4500000000
41480,0x1A0,00000018d1000000
41490,0x100,3e041e4500000000
41500,0x100,3e0c1e4500000000
41500,0x120,18d7043c00000000
41500,0x1A0,00000018d7000000
41510,0x100,3e131e4500000000
41520,0x100,3e1b1e4500000000
41520,0x1A0,00000018dd000000
41530,0x100,3e221e4500000000
41540,0x100,3e2a1e4500000000
41540,0x1A0,00000018e3000000
41550,0x100,3e321e4500000000
41550,0x120,18e6043c00000000
41560,0x100,3e391e4500000000
41560,0x1A0,00000018e9000000
41570,0x100,3e411e4500000000
41580,0x100,3e481e4500000000
41580,0x1A0,00000018ef000000
41590,0x100,3e501e4500000000
41600,0x100,3e571e4500000000
41600,0x120,18f5043b00000000
41600,0x1A0,00000018f5000000
41610,0x100,3e5f1e4500000000
41620,0x100,3e671e4500000000
41620,0x1A0,00000018fb000000
41630,0x100,3e6e1e4500000000
41640,0x100,3e761e4500000000
41640,0x1A0,0000001901000000
41650,0x100,3e7d1e4500000000
41650,0x120,1904043b00000000
41660,0x100,3e851e4500000000
41660,0x1A0,0000001907000000
41670,0x100,3e8c1e4500000000
41680,0x100,3e941e4500000000
41680,0x1A0,000000190d000000
41690,0x100,3e9c1e4500000000
41700,0x100,3ea31e4500000000
41700,0x120,1913043b00000000
41700,0x1A0,0000001913000000
41710,0x100,3eab1e4500000000
41720,0x100,3eb21e4500000000
41720,0x1A0,0000001919000000
41730,0x100,3eba1e4500000000
41740,0x100,3ec11e4500000000
41740,0x1A0,000000191f000000
41750,0x100,3ec91e4500000000
41750,0x120,1922043b00000000
41760,0x100,3ed01e4500000000
41760,0x1A0,0000001925000000
41770,0x100,3ed81e4500000000
41780,0x100,3ee01e4500000000
41780,0x1A0,000000192b000000
41790,0x100,3ee71e4500000000
41800,0x100,3eef1e4500000000
41800,0x120,1931043b00000000
41800,0x1A0,0000001931000000
41810,0x100,3ef61e4500000000
41820,0x100,3efe1e4500000000
41820,0x1A0,0000001937000000
41830,0x100,3f051e4500000000
41840,0x100,3f0d1e4500000000
41840,0x1A0,000000193d000000
41850,0x100,3f151e4500000000
41850,0x120,1940043b00000000
41860,0x100,3f1c1e4500000000
41860,0x1A0,0000001943000000
41870,0x100,3f241e4500000000
41880,0x100,3f2b1e4500000000
41880,0x1A0,0000001949000000
41890,0x100,3f331e4500000000
41900,0x100,3f3a1e4500000000
41900,0x120,194f043b00000000
41900,0x1A0,000000194f000000
41910,0x100,3f421e4500000000
41920,0x100,3f491e4500000000
41920,0x1A0,0000001955000000
41930,0x100,3f511e4500000000
41940,0x100,3f581e4500000000
41940,0x1A0,000000195b000000
41950,0x100,3f601e4500000000
41950,0x120,195e043b00000000
41960,0x100,3f681e4500000000
41960,0x1A0,0000001961000000
41970,0x100,3f6f1e4500000000
41980,0x100,3f771e4500000000
41980,0x1A0,0000001967000000
41990,0x100,3f7e1e4500000000
42000,0x100,3f84004500000000
42000,0x120,1964033000000000
42000,0x1A0,00001e1964000000
42010,0x100,3f89004500000000
42020,0x100,3f8c004500000000
42020,0x1A0,00001e1956000000
42030,0x100,3f8e004500000000
42040,0x100,3f8f004500000000
42040,0x1A0,00001e1949000000
42050,0x100,3f8f004500000000
42050,0x120,1943033100000000
42060,0x100,3f8e004500000000
42060,0x1A0,00001e193c000000
42070,0x100,3f8b004500000000
42080,0x100,3f88004500000000
42080,0x1A0,00001e192f000000
42090,0x100,3f84004500000000
42100,0x100,3f80004500000000
42100,0x120,1922033100000000
42100,0x1A0,17701e1922000000
42110,0x100,3f7a004500000000
42120,0x100,3f74004500000000
42120,0x1A0,17701e1914000000
42130,0x100,3f6d004500000000
42140,0x100,3f66004500000000
42140,0x1A0,17701e1907000000
42150,0x100,3f5e004500000000
42150,0x120,1901033100000000
42160,0x100,3f55004500000000
42160,0x1A0,17701e18fa000000
42170,0x100,3f4c004500000000
42180,0x100,3f43004500000000
42180,0x1A0,17701e18ed000000
42190,0x100,3f39004500000000
42200,0x100,3f2e004500000000
42200,0x120,18e0033100000000
42200,0x1A0,17701e18e0000000
42210,0x100,3f24004500000000
42220,0x100,3f18004500000000
42220,0x1A0,17701e18d2000000
42230,0x100,3f0d004500000000
42240,0x100,3f01004500000000
42240,0x1A0,17701e18c5000000
42250,0x100,3ef5004500000000
42250,0x120,18bf033100000000
42260,0x100,3ee9004500000000
42260,0x1A0,17701e18b8000000
42270,0x100,3edc004500000000
42280,0x100,3ecf004500000000
42280,0x1A0,17701e18ab000000
42290,0x100,3ec2004500000000
42300,0x100,3eb5004500000000
42300,0x120,189e033100000000
42300,0x1A0,17701e189e000000
42310,0x100,3ea7004500000000
42320,0x100,3e9a004500000000
42320,0x1A0,17701e1890000000
42330,0x100,3e8c004500000000
42340,0x100,3e7e004500000000
42340,0x1A0,17701e1883000000
42350,0x100,3e6f004500000000
42350,0x120,187d033100000000
42360,0x100,3e61004500000000
42360,0x1A0,17701e1876000000
42370,0x100,3e52004500000000
42380,0x100,3e44004500000000
42380,0x1A0,17701e1869000000
42390,0x100,3e35004500000000
42400,0x100,3e26004500000000
42400,0x120,185c033100000000
42400,0x1A0,17701e185c000000
42410,0x100,3e17004500000000
42420,0x100,3e08004500000000
42420,0x1A0,17701e184f000000
42430,0x100,3df9004500000000
42440,0x100,3dea004500000000
42440,0x1A0,17701e1841000000
42450,0x100,3dda004500000000
42450,0x120,183b033100000000
42460,0x100,3dcb004500000000
42460,0x1A0,17701e1834000000
42470,0x100,3dbc004500000000
42480,0x100,3dac004500000000
42480,0x1A0,17701e1827000000
42490,0x100,3d9c004500000000
42500,0x100,3d8d004500000000
42500,0x120,181a033100000000
42500,0x1A0,17701e181a000000
42510,0x100,3d7d004500000000
42520,0x100,3d6d004500000000
42520,0x1A0,17701e180d000000
42530,0x100,3d5d004500000000
42540,0x100,3d4e004500000000
42540,0x1A0,17701e1800000000
42550,0x100,3d3e004500000000
42550,0x120,17f9033100000000
42560,0x100,3d2e004500000000
42560,0x1A0,17701e17f3000000
42570,0x100,3d1e004500000000
42580,0x100,3d0e004500000000
42580,0x1A0,17701e17e5000000
42590,0x100,3cfe004500000000
42600,0x100,3cee004500000000
42600,0x120,17d8033200000000
42600,0x1A0,17701e17d8000000
42610,0x100,3cdd004500000000
42620,0x100,3ccd004500000000
42620,0x1A0,17701e17cb000000
42630,0x100,3cbd004500000000
42640,0x100,3cad004500000000
42640,0x1A0,17701e17be000000
42650,0x100,3c9d004500000000
42650,0x120,17b7033200000000
42660,0x100,3c8d004500000000
42660,0x1A0,17701e17b1000000
42670,0x100,3c7c004500000000
42680,0x100,3c6c004500000000
42680,0x1A0,17701e17a4000000
42690,0x100,3c5c004500000000
42700,0x100,3c4c004500000000
42700,0x120,1797033200000000
42700,0x1A0,17701e1797000000
42710,0x100,3c3b004500000000
42720,0x100,3c2b004500000000
42720,0x1A0,17701e178a000000
42730,0x100,3c1b004500000000
42740,0x100,3c0a004500000000
42740,0x1A0,17701e177c000000
42750,0x100,3bfa004500000000
42750,0x120,1776033200000000
42760,0x100,3bea004500000000
42760,0x1A0,17701e176f000000
42770,0x100,3bd9004500000000
42780,0x100,3bc9004500000000
42780,0x1A0,17701e1762000000
42790,0x100,3bb8004500000000
42800,0x100,3ba8004500000000
42800,0x120,1755033200000000
42800,0x1A0,17701e1755000000
42810,0x100,3b98004500000000
42820,0x100,3b87004500000000
42820,0x1A0,17701e1748000000
42830,0x100,3b77004500000000
42840,0x100,3b66004500000000
42840,0x1A0,17701e173b000000
42850,0x100,3b56004500000000
42850,0x120,1734033200000000
42860,0x100,3b46004500000000
42860,0x1A0,17701e172e000000
42870,0x100,3b35004500000000
42880,0x100,3b25004500000000
42880,0x1A0,17701e1721000000
42890,0x100,3b14004500000000
42900,0x100,3b04004500000000
42900,0x120,1713033200000000
42900,0x1A0,17701e1713000000
42910,0x100,3af3004500000000
42920,0x100,3ae3004500000000
42920,0x1A0,17701e1706000000
42930,0x100,3ad3004500000000
42940,0x100,3ac2004500000000
42940,0x1A0,17701e16f9000000
42950,0x100,3ab2004500000000
42950,0x120,16f3033200000000
42960,0x100,3aa1004500000000
42960,0x1A0,17701e16ec000000
42970,0x100,3a91004500000000
42980,0x100,3a80004500000000
42980,0x1A0,17701e16df000000
42990,0x100,3a70004500000000
43000,0x100,3a5f004500000000
43000,0x120,16d2033200000000
43000,0x1A0,17701e16d2000000
43010,0x100,3a4f004500000000
43020,0x100,3a3f004500000000
43020,0x1A0,17701e16c5000000
43030,0x100,3a2e004500000000
43040,0x100,3a1e004500000000
43040,0x1A0,17701e16b8000000
43050,0x100,3a0d004500000000
43050,0x120,16b1033200000000
43060,0x100,39fd004500000000
43060,0x1A0,17701e16ab000000
43070,0x100,39ec004500000000
43080,0x100,39dc004500000000
43080,0x1A0,17701e169e000000
43090,0x100,39cb004500000000
43100,0x100,39bb004500000000
43100,0x120,1691033200000000
43100,0x1A0,17701e1691000000
43110,0x100,39aa004500000000
43120,0x100,399a004500000000
43120,0x1A0,17701e1684000000
43130,0x100,3989004500000000
43140,0x100,3979004500000000
43140,0x1A0,17701e1676000000
43150,0x100,3969004500000000
43150,0x120,1670033200000000
43160,0x100,3958004500000000
43160,0x1A0,17701e1669000000
43170,0x100,3948004500000000
43180,0x100,3937004500000000
43180,0x1A0,17701e165c000000
43190,0x100,3927004500000000
43200,0x100,3916004500000000
43200,0x120,164f033200000000
43200,0x1A0,17701e164f000000
43210,0x100,3906004500000000
43220,0x100,38f5004500000000
43220,0x1A0,17701e1642000000
43230,0x100,38e5004500000000
43240,0x100,38d5004500000000
43240,0x1A0,17701e1635000000
43250,0x100,38c4004500000000
43250,0x120,162f033300000000
43260,0x100,38b4004500000000
43260,0x1A0,17701e1628000000
43270,0x100,38a3004500000000
43280,0x100,3893004500000000
43280,0x1A0,17701e161b000000
43290,0x100,3882004500000000
43300,0x100,3872004500000000
43300,0x120,160e033300000000
43300,0x1A0,17701e160e000000
43310,0x100,3861004500000000
43320,0x100,3851004500000000
43320,0x1A0,17701e1601000000
43330,0x100,3841004500000000
43340,0x100,3830004500000000
43340,0x1A0,17701e15f4000000
43350,0x100,3820004500000000
43350,0x120,15ed033300000000
43360,0x100,380f004500000000
43360,0x1A0,17701e15e7000000
43370,0x100,37ff004500000000
43380,0x100,37ee004500000000
43380,0x1A0,17701e15da000000
43390,0x100,37de004500000000
43400,0x100,37ce004500000000
43400,0x120,15cd033300000000
43400,0x1A0,17701e15cd000000
43410,0x100,37bd004500000000
43420,0x100,37ad004500000000
43420,0x1A0,17701e15c0000000
43430,0x100,379c004500000000
43440,0x100,378c004500000000
43440,0x1A0,17701e15b3000000
43450,0x100,377b004500000000
43450,0x120,15ac033300000000
43460,0x100,376b004500000000
43460,0x1A0,17701e15a6000000
43470,0x100,375b004500000000
43480,0x100,374a004500000000
43480,0x1A0,17701e1598000000
43490,0x100,373a004500000000
43500,0x100,3729004500000000
43500,0x120,158b033300000000
43500,0x1A0,17701e158b000000
43510,0x100,3719004500000000
43520,0x100,3708004500000000
43520,0x1A0,17701e157e000000
43530,0x100,36f8004500000000
43540,0x100,36e8004500000000
43540,0x1A0,17701e1571000000
43550,0x100,36d7004500000000
43550,0x120,156b033300000000
43560,0x100,36c7004500000000
43560,0x1A0,17701e1564000000
43570,0x100,36b6004500000000
43580,0x100,36a6004500000000
43580,0x1A0,17701e1557000000
43590,0x100,3696004500000000
43600,0x100,3685004500000000
43600,0x120,154a033300000000
43600,0x1A0,17701e154a000000
43610,0x100,3675004500000000
43620,0x100,3664004500000000
43620,0x1A0,17701e153d000000
43630,0x100,3654004500000000
43640,0x100,3644004500000000
43640,0x1A0,17701e1530000000
43650,0x100,3633004500000000
43650,0x120,152a033300000000
43660,0x100,3623004500000000
43660,0x1A0,17701e1523000000
43670,0x100,3612004500000000
43680,0x100,3602004500000000
43680,0x1A0,17701e1516000000
43690,0x100,35f2004500000000
43700,0x100,35e1004500000000
43700,0x120,1509033300000000
43700,0x1A0,17701e1509000000
43710,0x100,35d1004500000000
43720,0x100,35c0004500000000
43720,0x1A0,17701e14fc000000
43730,0x100,35b0004500000000
43740,0x100,35a0004500000000
43740,0x1A0,17701e14ef000000
43750,0x100,358f004500000000
43750,0x120,14e9033300000000
43760,0x100,357f004600000000
43760,0x1A0,17701e14e2000000
43770,0x100,356f004600000000
43780,0x100,355e004600000000
43780,0x1A0,17701e14d5000000
43790,0x100,354e004600000000
43800,0x100,353d004600000000
43800,0x120,14c8033300000000
43800,0x1A0,17701e14c8000000
43810,0x100,352d004600000000
43820,0x100,351d004600000000
43820,0x1A0,17701e14bb000000
43830,0x100,350c004600000000
43840,0x100,34fc004600000000
43840,0x1A0,17701e14ae000000
43850,0x100,34ec004600000000
43850,0x120,14a8033300000000
43860,0x100,34db004600000000
43860,0x1A0,17701e14a1000000
43870,0x100,34cb004600000000
43880,0x100,34ba004600000000
43880,0x1A0,17701e1494000000
43890,0x100,34aa004600000000
43900,0x100,349a004600000000
43900,0x120,1487033400000000
43900,0x1A0,17701e1487000000
43910,0x100,3489004600000000
43920,0x100,3479004600000000
43920,0x1A0,17701e147a000000
43930,0x100,3469004600000000
43940,0x100,3458004600000000
43940,0x1A0,17701e146d000000
43950,0x100,3448004600000000
43950,0x120,1467033400000000
43960,0x100,3438004600000000
43960,0x1A0,17701e1460000000
43970,0x100,3427004600000000
43980,0x100,3417004600000000
43980,0x1A0,17701e1453000000
43990,0x100,3407004600000000
44000,0x100,33f6004600000000
44000,0x120,1446033400000000
44000,0x1A0,17701e1446000000
44010,0x100,33e6004600000000
44020,0x100,33d5004600000000
44020,0x1A0,17701e1439000000
44030,0x100,33c5004600000000
44040,0x100,33b5004600000000
44040,0x1A0,17701e142c000000
44050,0x100,33a4004600000000
44050,0x120,1426033400000000
44060,0x100,3394004600000000
44060,0x1A0,17701e141f000000
44070,0x100,3384004600000000
44080,0x100,3373004600000000
44080,0x1A0,17701e1412000000
44090,0x100,3363004600000000
44100,0x100,3353004600000000
44100,0x120,1405033400000000
44100,0x1A0,17701e1405000000
44110,0x100,3342004600000000
44120,0x100,3332004600000000
44120,0x1A0,17701e13f8000000
44130,0x100,3322004600000000
44140,0x100,3311004600000000
44140,0x1A0,17701e13eb000000
44150,0x100,3301004600000000
44150,0x120,13e5033400000000
44160,0x100,32f1004600000000
44160,0x1A0,17701e13de000000
44170,0x100,32e0004600000000
44180,0x100,32d0004600000000
44180,0x1A0,17701e13d1000000
44190,0x100,32c0004600000000
44200,0x100,32af004600000000
44200,0x120,13c4033400000000
44200,0x1A0,17701e13c4000000
44210,0x100,329f004600000000
44220,0x100,328f004600000000
44220,0x1A0,17701e13b8000000
44230,0x100,327e004600000000
44240,0x100,326e004600000000
44240,0x1A0,17701e13ab000000
44250,0x100,325e004600000000
44250,0x120,13a4033400000000
44260,0x100,324d004600000000
44260,0x1A0,17701e139e000000
44270,0x100,323d004600000000
44280,0x100,322d004600000000
44280,0x1A0,17701e1391000000
44290,0x100,321d004600000000
44300,0x100,320c004600000000
44300,0x120,1384033400000000
44300,0x1A0,17701e1384000000
44310,0x100,31fc004600000000
44320,0x100,31ec004600000000
44320,0x1A0,17701e1377000000
44330,0x100,31db004600000000
44340,0x100,31cb004600000000
44340,0x1A0,17701e136a000000
44350,0x100,31bb004600000000
44350,0x120,1363033400000000
44360,0x100,31aa004600000000
44360,0x1A0,17701e135d000000
44370,0x100,319a004600000000
44380,0x100,318a004600000000
44380,0x1A0,17701e1350000000
44390,0x100,3179004600000000
44400,0x100,3169004600000000
44400,0x120,1343033400000000
44400,0x1A0,17701e1343000000
44410,0x100,3159004600000000
44420,0x100,3149004600000000
44420,0x1A0,17701e1336000000
44430,0x100,3138004600000000
44440,0x100,3128004600000000
44440,0x1A0,17701e1329000000
44450,0x100,3118004600000000
44450,0x120,1323033400000000
44460,0x100,3107004600000000
44460,0x1A0,17701e131c000000
44470,0x100,30f7004600000000
44480,0x100,30e7004600000000
44480,0x1A0,17701e130f000000
44490,0x100,30d7004600000000
44500,0x100,30c6004600000000
44500,0x120,1302033400000000
44500,0x1A0,17701e1302000000
44510,0x100,30b6004600000000
44520,0x100,30a6004600000000
44520,0x1A0,17701e12f5000000
44530,0x100,3095004600000000
44540,0x100,3085004600000000
44540,0x1A0,17701e12e8000000
44550,0x100,3075004600000000
44550,0x120,12e2033400000000
44560,0x100,3065004600000000
44560,0x1A0,17701e12db000000
44570,0x100,3054004600000000
44580,0x100,3044004600000000
44580,0x1A0,17701e12cf000000
44590,0x100,3034004600000000
44600,0x100,3023004600000000
44600,0x120,12c2033400000000
44600,0x1A0,17701e12c2000000
44610,0x100,3013004600000000
44620,0x100,3003004600000000
44620,0x1A0,17701e12b5000000
44630,0x100,2ff3004600000000
44640,0x100,2fe2004600000000
44640,0x1A0,17701e12a8000000
44650,0x100,2fd2004600000000
44650,0x120,12a1033500000000
44660,0x100,2fc2004600000000
44660,0x1A0,17701e129b000000
44670,0x100,2fb2004600000000
44680,0x100,2fa1004600000000
44680,0x1A0,17701e128e000000
44690,0x100,2f91004600000000
44700,0x100,2f81004600000000
44700,0x120,1281033500000000
44700,0x1A0,17701e1281000000
44710,0x100,2f70004600000000
44720,0x100,2f60004600000000
44720,0x1A0,17701e1274000000
44730,0x100,2f50004600000000
44740,0x100,2f40004600000000
44740,0x1A0,17701e1267000000
44750,0x100,2f2f004600000000
44750,0x120,1261033500000000
44760,0x100,2f1f004600000000
44760,0x1A0,17701e125a000000
44770,0x100,2f0f004600000000
44780,0x100,2eff004600000000
44780,0x1A0,17701e124d000000
44790,0x100,2eee004600000000
44800,0x100,2ede004600000000
44800,0x120,1240033500000000
44800,0x1A0,17701e1240000000
44810,0x100,2ece004600000000
44820,0x100,2ebe004600000000
44820,0x1A0,17701e1234000000
44830,0x100,2ead004600000000
44840,0x100,2e9d004600000000
44840,0x1A0,17701e1227000000
44850,0x100,2e8d004600000000
44850,0x120,1220033500000000
44860,0x100,2e7d004600000000
44860,0x1A0,17701e121a000000
44870,0x100,2e6c004600000000
44880,0x100,2e5c004600000000
44880,0x1A0,17701e120d000000
44890,0x100,2e4c004600000000
44900,0x100,2e3c004600000000
44900,0x120,1200033500000000
44900,0x1A0,17701e1200000000
44910,0x100,2e2b004600000000
44920,0x100,2e1b004600000000
44920,0x1A0,17701e11f3000000
44930,0x100,2e0b004600000000
44940,0x100,2dfb004600000000
44940,0x1A0,17701e11e6000000
44950,0x100,2dea004600000000
44950,0x120,11e0033500000000
44960,0x100,2dda004600000000
44960,0x1A0,17701e11d9000000
44970,0x100,2dca004600000000
44980,0x100,2dba004600000000
44980,0x1A0,17701e11cc000000
44990,0x100,2daa004600000000
45000,0x100,2d99004600000000
45000,0x120,11bf033500000000
45000,0x1A0,17701e11bf000000
45010,0x100,2d89004600000000
45020,0x100,2d79004600000000
45020,0x1A0,17701e11b3000000
45030,0x100,2d69004600000000
45040,0x100,2d58004600000000
45040,0x1A0,17701e11a6000000
45050,0x100,2d48004600000000
45050,0x120,119f033500000000
45060,0x100,2d38004600000000
45060,0x1A0,17701e1199000000
45070,0x100,2d28004600000000
45080,0x100,2d18004600000000
45080,0x1A0,17701e118c000000
45090,0x100,2d07004600000000
45100,0x100,2cf7004600000000
45100,0x120,117f033500000000
45100,0x1A0,17701e117f000000
45110,0x100,2ce7004600000000
45120,0x100,2cd7004600000000
45120,0x1A0,17701e1172000000
45130,0x100,2cc6004600000000
45140,0x100,2cb6004600000000
45140,0x1A0,17701e1165000000
45150,0x100,2ca6004600000000
45150,0x120,115f033500000000
45160,0x100,2c96004600000000
45160,0x1A0,17701e1158000000
45170,0x100,2c86004600000000
45180,0x100,2c75004600000000
45180,0x1A0,17701e114c000000
45190,0x100,2c65004600000000
45200,0x100,2c55004600000000
45200,0x120,113f033500000000
45200,0x1A0,17701e113f000000
45210,0x100,2c45004600000000
45220,0x100,2c35004600000000
45220,0x1A0,17701e1132000000
45230,0x100,2c24004600000000
45240,0x100,2c14004600000000
45240,0x1A0,17701e1125000000
45250,0x100,2c04004600000000
45250,0x120,111e033500000000
45260,0x100,2bf4004600000000
45260,0x1A0,17701e1118000000
45270,0x100,2be4004600000000
45280,0x100,2bd3004600000000
45280,0x1A0,17701e110b000000
45290,0x100,2bc3004600000000
45300,0x100,2bb3004600000000
45300,0x120,10fe033500000000
45300,0x1A0,17701e10fe000000
45310,0x100,2ba3004600000000
45320,0x100,2b93004600000000
45320,0x1A0,17701e10f1000000
45330,0x100,2b82004600000000
45340,0x100,2b72004600000000
45340,0x1A0,17701e10e5000000
45350,0x100,2b62004600000000
45350,0x120,10de033500000000
45360,0x100,2b52004600000000
45360,0x1A0,17701e10d8000000
45370,0x100,2b42004600000000
45380,0x100,2b31004600000000
45380,0x1A0,17701e10cb000000
45390,0x100,2b21004600000000
45400,0x100,2b11004600000000
45400,0x120,10be033500000000
45400,0x1A0,17701e10be000000
45410,0x100,2b01004600000000
45420,0x100,2af1004600000000
45420,0x1A0,17701e10b1000000
45430,0x100,2ae0004600000000
45440,0x100,2ad0004600000000
45440,0x1A0,17701e10a4000000
45450,0x100,2ac0004600000000
45450,0x120,109e033600000000
45460,0x100,2ab0004600000000
45460,0x1A0,17701e1097000000
45470,0x100,2aa0004600000000
45480,0x100,2a90004600000000
45480,0x1A0,17701e108b000000
45490,0x100,2a7f004600000000
45500,0x100,2a6f004600000000
45500,0x120,107e033600000000
45500,0x1A0,17701e107e000000
45510,0x100,2a5f004600000000
45520,0x100,2a4f004600000000
45520,0x1A0,17701e1071000000
45530,0x100,2a3f004600000000
45540,0x100,2a2f004600000000
45540,0x1A0,17701e1064000000
45550,0x100,2a1e004600000000
45550,0x120,105e033600000000
45560,0x100,2a0e004600000000
45560,0x1A0,17701e1057000000
45570,0x100,29fe004600000000
45580,0x100,29ee004600000000
45580,0x1A0,17701e104a000000
45590,0x100,29de004600000000
45600,0x100,29ce004600000000
45600,0x120,103e033600000000
45600,0x1A0,17701e103e000000
45610,0x100,29bd004600000000
45620,0x100,29ad004600000000
45620,0x1A0,17701e1031000000
45630,0x100,299d004600000000
45640,0x100,298d004600000000
45640,0x1A0,17701e1024000000
45650,0x100,297d004600000000
45650,0x120,101d033600000000
45660,0x100,296d004600000000
45660,0x1A0,17701e1017000000
45670,0x100,295c004600000000
45680,0x100,294c004600000000
45680,0x1A0,17701e100a000000
45690,0x100,293c004600000000
45700,0x100,292c004600000000
45700,0x120,0ffd033600000000
45700,0x1A0,17701e0ffd000000
45710,0x100,291c004600000000
45720,0x100,290c004600000000
45720,0x1A0,17701e0ff1000000
45730,0x100,28fb004600000000
45740,0x100,28eb004600000000
45740,0x1A0,17701e0fe4000000
45750,0x100,28db004600000000
45750,0x120,0fdd033600000000
45760,0x100,28cb004600000000
45760,0x1A0,17701e0fd7000000
45770,0x100,28bb004600000000
45780,0x100,28ab004600000000
45780,0x1A0,17701e0fca000000
45790,0x100,289b004600000000
45800,0x100,288a004600000000
45800,0x120,0fbd033600000000
45800,0x1A0,17701e0fbd000000
45810,0x100,287a004600000000
45820,0x100,286a004600000000
45820,0x1A0,17701e0fb0000000
45830,0x100,285a004600000000
45840,0x100,284a004600000000
45840,0x1A0,17701e0fa4000000
45850,0x100,283a004600000000
45850,0x120,0f9d033600000000
45860,0x100,282a004600000000
45860,0x1A0,17701e0f97000000
45870,0x100,2819004600000000
45880,0x100,2809004600000000
45880,0x1A0,17701e0f8a000000
45890,0x100,27f9004600000000
45900,0x100,27e9004600000000
45900,0x120,0f7d033600000000
45900,0x1A0,17701e0f7d000000
45910,0x100,27d9004600000000
45920,0x100,27c9004600000000
45920,0x1A0,17701e0f70000000
45930,0x100,27b9004600000000
45940,0x100,27a9004600000000
45940,0x1A0,17701e0f64000000
45950,0x100,2798004600000000
45950,0x120,0f5d033600000000
45960,0x100,2788004600000000
45960,0x1A0,17701e0f57000000
45970,0x100,2778004600000000
45980,0x100,2768004600000000
45980,0x1A0,17701e0f4a000000
45990,0x100,2758004600000000
46000,0x100,2748004600000000
46000,0x120,0f3d033600000000
46000,0x1A0,17701e0f3d000000
46010,0x100,2738004600000000
46020,0x100,2728004600000000
46020,0x1A0,17701e0f30000000
46030,0x100,2717004600000000
46040,0x100,2707004600000000
46040,0x1A0,17701e0f23000000
46050,0x100,26f7004600000000
46050,0x120,0f1d033600000000
46060,0x100,26e7004600000000
46060,0x1A0,17701e0f17000000
46070,0x100,26d7004600000000
46080,0x100,26c7004600000000
46080,0x1A0,17701e0f0a000000
46090,0x100,26b7004600000000
46100,0x100,26a7004600000000
46100,0x120,0efd033600000000
46100,0x1A0,17701e0efd000000
46110,0x100,2696004600000000
46120,0x100,2686004600000000
46120,0x1A0,17701e0ef0000000
46130,0x100,2676004600000000
46140,0x100,2666004600000000
46140,0x1A0,17701e0ee3000000
46150,0x100,2656004600000000
46150,0x120,0edd033600000000
46160,0x100,2646004600000000
46160,0x1A0,17701e0ed7000000
46170,0x100,2636004600000000
46180,0x100,2626004600000000
46180,0x1A0,17701e0eca000000
46190,0x100,2616004600000000
46200,0x100,2605004600000000
46200,0x120,0ebd033600000000
46200,0x1A0,17701e0ebd000000
46210,0x100,25f5004600000000
46220,0x100,25e5004600000000
46220,0x1A0,17701e0eb0000000
46230,0x100,25d5004600000000
46240,0x100,25c5004600000000
46240,0x1A0,17701e0ea4000000
46250,0x100,25b5004600000000
46250,0x120,0e9d033600000000
46260,0x100,25a5004600000000
46260,0x1A0,17701e0e97000000
46270,0x100,2595004600000000
46280,0x100,2585004600000000
46280,0x1A0,17701e0e8a000000
46290,0x100,2575004600000000
46300,0x100,2564004600000000
46300,0x120,0e7d033600000000
46300,0x1A0,17701e0e7d000000
46310,0x100,2554004600000000
46320,0x100,2544004600000000
46320,0x1A0,17701e0e70000000
46330,0x100,2534004600000000
46340,0x100,2524004600000000
46340,0x1A0,17701e0e64000000
46350,0x100,2514004600000000
46350,0x120,0e5d033600000000
46360,0x100,2504004600000000
46360,0x1A0,17701e0e57000000
46370,0x100,24f4004600000000
46380,0x100,24e4004600000000
46380,0x1A0,17701e0e4a000000
46390,0x100,24d4004600000000
46400,0x100,24c4004600000000
46400,0x120,0e3d033700000000
46400,0x1A0,17701e0e3d000000
46410,0x100,24b3004600000000
46420,0x100,24a3004600000000
46420,0x1A0,17701e0e30000000
46430,0x100,2493004600000000
46440,0x100,2483004600000000
46440,0x1A0,17701e0e24000000
46450,0x100,2473004600000000
46450,0x120,0e1d033700000000
46460,0x100,2463004600000000
46460,0x1A0,17701e0e17000000
46470,0x100,2453004600000000
46480,0x100,2443004600000000
46480,0x1A0,17701e0e0a000000
46490,0x100,2433004600000000
46500,0x100,2423004600000000
46500,0x120,0dfd033700000000
46500,0x1A0,17701e0dfd000000
46510,0x100,2413004600000000
46520,0x100,2403004600000000
46520,0x1A0,17701e0df1000000
46530,0x100,23f2004600000000
46540,0x100,23e2004600000000
46540,0x1A0,17701e0de4000000
46550,0x100,23d2004600000000
46550,0x120,0ddd033700000000
46560,0x100,23c2004600000000
46560,0x1A0,17701e0dd7000000
46570,0x100,23b2004600000000
46580,0x100,23a2004600000000
46580,0x1A0,17701e0dca000000
46590,0x100,2392004600000000
46600,0x100,2382004600000000
46600,0x120,0dbe033700000000
46600,0x1A0,17701e0dbe000000
46610,0x100,2372004600000000
46620,0x100,2362004600000000
46620,0x1A0,17701e0db1000000
46630,0x100,2352004600000000
46640,0x100,2342004600000000
46640,0x1A0,17701e0da4000000
46650,0x100,2332004600000000
46650,0x120,0d9e033700000000
46660,0x100,2322004600000000
46660,0x1A0,17701e0d97000000
46670,0x100,2311004600000000
46680,0x100,2301004600000000
46680,0x1A0,17701e0d8a000000
46690,0x100,22f1004600000000
46700,0x100,22e1004600000000
46700,0x120,0d7e033700000000
46700,0x1A0,17701e0d7e000000
46710,0x100,22d1004600000000
46720,0x100,22c1004600000000
46720,0x1A0,17701e0d71000000
46730,0x100,22b1004600000000
46740,0x100,22a1004600000000
46740,0x1A0,17701e0d64000000
46750,0x100,2291004600000000
46750,0x120,0d5e033700000000
46760,0x100,2281004600000000
46760,0x1A0,17701e0d57000000
46770,0x100,2271004600000000
46780,0x100,2261004600000000
46780,0x1A0,17701e0d4b000000
46790,0x100,2251004600000000
46800,0x100,2241004600000000
46800,0x120,0d3e033700000000
46800,0x1A0,17701e0d3e000000
46810,0x100,2231004600000000
46820,0x100,2221004600000000
46820,0x1A0,17701e0d31000000
46830,0x100,2211004600000000
46840,0x100,2201004600000000
46840,0x1A0,17701e0d24000000
46850,0x100,21f0004600000000
46850,0x120,0d1e033700000000
46860,0x100,21e0004600000000
46860,0x1A0,17701e0d18000000
46870,0x100,21d0004600000000
46880,0x100,21c0004600000000
46880,0x1A0,17701e0d0b000000
46890,0x100,21b0004600000000
46900,0x100,21a0004600000000
46900,0x120,0cfe033700000000
46900,0x1A0,17701e0cfe000000
46910,0x100,2190004600000000
46920,0x100,2180004600000000
46920,0x1A0,17701e0cf1000000
46930,0x100,2170004600000000
46940,0x100,2160004600000000
46940,0x1A0,17701e0ce5000000
46950,0x100,2150004600000000
46950,0x120,0cde033700000000
46960,0x100,2140004600000000
46960,0x1A0,17701e0cd8000000
46970,0x100,2130004600000000
46980,0x100,2120004600000000
46980,0x1A0,17701e0ccb000000
46990,0x100,2110004600000000
47000,0x100,2100004600000000
47000,0x120,0cbe033700000000
47000,0x1A0,17701e0cbe000000
47010,0x100,20f0004600000000
47020,0x100,20e0004600000000
47020,0x1A0,17701e0cb2000000
47030,0x100,20d0004600000000
47040,0x100,20c0004600000000
47040,0x1A0,17701e0ca5000000
47050,0x100,20b0004600000000
47050,0x120,0c9f033700000000
47060,0x100,20a0004600000000
47060,0x1A0,17701e0c98000000
47070,0x100,2090004600000000
47080,0x100,2080004600000000
47080,0x1A0,17701e0c8c000000
47090,0x100,2070004600000000
47100,0x100,205f004600000000
47100,0x120,0c7f033700000000
47100,0x1A0,17701e0c7f000000
47110,0x100,204f004600000000
47120,0x100,203f004600000000
47120,0x1A0,17701e0c72000000
47130,0x100,202f004600000000
47140,0x100,201f004600000000
47140,0x1A0,17701e0c65000000
47150,0x100,200f004600000000
47150,0x120,0c5f033700000000
47160,0x100,1fff004600000000
47160,0x1A0,17701e0c59000000
47170,0x100,1fef004600000000
47180,0x100,1fdf004600000000
47180,0x1A0,17701e0c4c000000
47190,0x100,1fcf004600000000
47200,0x100,1fbf004600000000
47200,0x120,0c3f033700000000
47200,0x1A0,17701e0c3f000000
47210,0x100,1faf004600000000
47220,0x100,1f9f004600000000
47220,0x1A0,17701e0c32000000
47230,0x100,1f8f004600000000
47240,0x100,1f7f004600000000
47240,0x1A0,17701e0c26000000
47250,0x100,1f6f004600000000
47250,0x120,0c1f033700000000
47260,0x100,1f5f004600000000
47260,0x1A0,17701e0c19000000
47270,0x100,1f4f004600000000
47280,0x100,1f3f004600000000
47280,0x1A0,17701e0c0c000000
47290,0x100,1f2f004600000000
47300,0x100,1f1f004600000000
47300,0x120,0c00033700000000
47300,0x1A0,17701e0c00000000
47310,0x100,1f0f004600000000
47320,0x100,1eff004600000000
47320,0x1A0,17701e0bf3000000
47330,0x100,1eef004600000000
47340,0x100,1edf004600000000
47340,0x1A0,17701e0be6000000
47350,0x100,1ecf004600000000
47350,0x120,0be0033700000000
47360,0x100,1ebf004600000000
47360,0x1A0,17701e0bd9000000
47370,0x100,1eaf004600000000
47380,0x100,1e9f004600000000
47380,0x1A0,17701e0bcd000000
47390,0x100,1e8f004600000000
47400,0x100,1e7f004600000000
47400,0x120,0bc0033700000000
47400,0x1A0,17701e0bc0000000
47410,0x100,1e6f004600000000
47420,0x100,1e5f004600000000
47420,0x1A0,17701e0bb3000000
47430,0x100,1e4f004600000000
47440,0x100,1e3f004600000000
47440,0x1A0,17701e0ba7000000
47450,0x100,1e2f004600000000
47450,0x120,0ba0033700000000
47460,0x100,1e1f004600000000
47460,0x1A0,17701e0b9a000000
47470,0x100,1e0f004600000000
47480,0x100,1dff004600000000
47480,0x1A0,17701e0b8d000000
47490,0x100,1def004600000000
47500,0x100,1ddf004600000000
47500,0x120,0b80033700000000
47500,0x1A0,17701e0b80000000
47510,0x100,1dcf004600000000
47520,0x100,1dbf004600000000
47520,0x1A0,17701e0b74000000
47530,0x100,1daf004600000000
47540,0x100,1d9f004600000000
47540,0x1A0,17701e0b67000000
47550,0x100,1d8f004600000000
47550,0x120,0b61033800000000
47560,0x100,1d7f004600000000
47560,0x1A0,17701e0b5a000000
47570,0x100,1d6f004600000000
47580,0x100,1d5f004600000000
47580,0x1A0,17701e0b4e000000
47590,0x100,1d4f004600000000
47600,0x100,1d3f004600000000
47600,0x120,0b41033800000000
47600,0x1A0,17701e0b41000000
47610,0x100,1d2f004600000000
47620,0x100,1d1f004600000000
47620,0x1A0,17701e0b34000000
47630,0x100,1d0f004600000000
47640,0x100,1cff004600000000
47640,0x1A0,17701e0b27000000
47650,0x100,1cef004600000000
47650,0x120,0b21033800000000
47660,0x100,1cdf004600000000
47660,0x1A0,17701e0b1b000000
47670,0x100,1ccf004600000000
47680,0x100,1cbf004600000000
47680,0x1A0,17701e0b0e000000
47690,0x100,1caf004600000000
47700,0x100,1c9f004600000000
47700,0x120,0b01033800000000
47700,0x1A0,17701e0b01000000
47710,0x100,1c8f004600000000
47720,0x100,1c7f004600000000
47720,0x1A0,17701e0af5000000
47730,0x100,1c6f004600000000
47740,0x100,1c5f004600000000
47740,0x1A0,17701e0ae8000000
47750,0x100,1c4f004600000000
47750,0x120,0ae2033800000000
47760,0x100,1c3f004600000000
47760,0x1A0,17701e0adb000000
47770,0x100,1c2f004600000000
47780,0x100,1c1f004600000000
47780,0x1A0,17701e0acf000000
47790,0x100,1c0f004600000000
47800,0x100,1bff004600000000
47800,0x120,0ac2033800000000
47800,0x1A0,17701e0ac2000000
47810,0x100,1bef004600000000
47820,0x100,1bdf004600000000
47820,0x1A0,17701e0ab5000000
47830,0x100,1bcf004600000000
47840,0x100,1bbf004600000000
47840,0x1A0,17701e0aa8000000
47850,0x100,1baf004600000000
47850,0x120,0aa2033800000000
47860,0x100,1b9f004600000000
47860,0x1A0,17701e0a9c000000
47870,0x100,1b8f004600000000
47880,0x100,1b7f004600000000
47880,0x1A0,17701e0a8f000000
47890,0x100,1b6f004600000000
47900,0x100,1b5f004600000000
47900,0x120,0a82033800000000
47900,0x1A0,17701e0a82000000
47910,0x100,1b4f004600000000
47920,0x100,1b3f004600000000
47920,0x1A0,17701e0a76000000
47930,0x100,1b2f004600000000
47940,0x100,1b1f004600000000
47940,0x1A0,17701e0a69000000
47950,0x100,1b0f004600000000
47950,0x120,0a63033800000000
47960,0x100,1aff004600000000
47960,0x1A0,17701e0a5c000000
47970,0x100,1aef004600000000
47980,0x100,1adf004600000000
47980,0x1A0,17701e0a50000000
47990,0x100,1ad0004600000000
48000,0x100,1c0d004600000000
48000,0x120,0a41030300000000
48000,0x1A0,1770280a41000000
48010,0x100,1d35004600000000
48020,0x100,1e48004600000000
48020,0x1A0,1770280a31000000
48030,0x100,1f47004600000000
48040,0x100,2034004600000000
48040,0x1A0,1770280a20000000
48050,0x100,210f004600000000
48050,0x120,0a18030300000000
48060,0x100,21db004600000000
48060,0x1A0,1770280a0f000000
48070,0x100,2298004600000000
48080,0x100,2346004600000000
48080,0x1A0,17702809ff000000
48090,0x100,23e7004600000000
48100,0x100,247c004600000000
48100,0x120,09ee030300000000
48100,0x1A0,1f402809ee000000
48110,0x100,2505004600000000
48120,0x100,2583004600000000
48120,0x1A0,1f402809de000000
48130,0x100,25f7004600000000
48140,0x100,2662004600000000
48140,0x1A0,1f402809cd000000
48150,0x100,26c3004600000000
48150,0x120,09c5030300000000
48160,0x100,271c004600000000
48160,0x1A0,1f402809bd000000
48170,0x100,276d004600000000
48180,0x100,27b6004600000000
48180,0x1A0,1f402809ac000000
48190,0x100,27f9004600000000
48200,0x100,2835004600000000
48200,0x120,099c030300000000
48200,0x1A0,1f4028099c000000
48210,0x100,286b004600000000
48220,0x100,289b004600000000
48220,0x1A0,1f4028098b000000
48230,0x100,28c6004600000000
48240,0x100,28ec004600000000
48240,0x1A0,1f4028097b000000
48250,0x100,290d004600000000
48250,0x120,0973030300000000
48260,0x100,292a004600000000
48260,0x1A0,1f4028096a000000
48270,0x100,2943004600000000
48280,0x100,2957004600000000
48280,0x1A0,1f4028095a000000
48290,0x100,2968004600000000
48300,0x100,2976004600000000
48300,0x120,0949030300000000
48300,0x1A0,1f40280949000000
48310,0x100,2980004600000000
48320,0x100,2988004600000000
48320,0x1A0,1f40280939000000
48330,0x100,298c004600000000
48340,0x100,298e004600000000
48340,0x1A0,1f40280928000000
48350,0x100,298e004600000000
48350,0x120,0920030300000000
48360,0x100,298b004600000000
48360,0x1A0,1f40280918000000
48370,0x100,2986004600000000
48380,0x100,297f004600000000
48380,0x1A0,1f40280907000000
48390,0x100,2976004600000000
48400,0x100,296b004600000000
48400,0x120,08f7030300000000
48400,0x1A0,1f402808f7000000
48410,0x100,295e004600000000
48420,0x100,2950004600000000
48420,0x1A0,1f402808e6000000
48430,0x100,2941004600000000
48440,0x100,2930004600000000
48440,0x1A0,1f402808d6000000
48450,0x100,291e004600000000
48450,0x120,08ce030300000000
48460,0x100,290a004600000000
48460,0x1A0,1f402808c5000000
48470,0x100,28f6004600000000
48480,0x100,28e0004600000000
48480,0x1A0,1f402808b5000000
48490,0x100,28c9004600000000
48500,0x100,28b2004600000000
48500,0x120,08a4030300000000
48500,0x1A0,1f402808a4000000
48510,0x100,2899004600000000
48520,0x100,2880004600000000
48520,0x1A0,1f40280894000000
48530,0x100,2866004600000000
48540,0x100,284b004600000000
48540,0x1A0,1f40280883000000
48550,0x100,2830004600000000
48550,0x120,087b030300000000
48560,0x100,2813004600000000
48560,0x1A0,1f40280873000000
48570,0x100,27f7004600000000
48580,0x100,27d9004600000000
48580,0x1A0,1f40280862000000
48590,0x100,27bc004600000000
48600,0x100,279d004600000000
48600,0x120,0852030300000000
48600,0x1A0,1f40280852000000
48610,0x100,277e004600000000
48620,0x100,275f004600000000
48620,0x1A0,1f40280841000000
48630,0x100,273f004600000000
48640,0x100,271f004600000000
48640,0x1A0,1f40280831000000
48650,0x100,26ff004600000000
48650,0x120,0829030300000000
48660,0x100,26de004600000000
48660,0x1A0,1f40280820000000
48670,0x100,26bd004600000000
48680,0x100,269c004600000000
48680,0x1A0,1f40280810000000
48690,0x100,267a004600000000
48700,0x100,2658004600000000
48700,0x120,07ff030300000000
48700,0x1A0,1f402807ff000000
48710,0x100,2636004600000000
48720,0x100,2614004600000000
48720,0x1A0,1f402807ef000000
48730,0x100,25f1004600000000
48740,0x100,25cf004600000000
48740,0x1A0,1f402807df000000
48750,0x100,25ac004600000000
48750,0x120,07d6030300000000
48760,0x100,2588004700000000
48760,0x1A0,1f402807ce000000
48770,0x100,2565004700000000
48780,0x100,2541004700000000
48780,0x1A0,1f402807be000000
48790,0x100,251e004700000000
48800,0x100,24fa004700000000
48800,0x120,07ad030300000000
48800,0x1A0,1f402807ad000000
48810,0x100,24d6004700000000
48820,0x100,24b2004700000000
48820,0x1A0,1f4028079d000000
48830,0x100,248e004700000000
48840,0x100,246a004700000000
48840,0x1A0,1f4028078c000000
48850,0x100,2445004700000000
48850,0x120,0784030300000000
48860,0x100,2421004700000000
48860,0x1A0,1f4028077c000000
48870,0x100,23fc004700000000
48880,0x100,23d7004700000000
48880,0x1A0,1f4028076b000000
48890,0x100,23b3004700000000
48900,0x100,238e004700000000
48900,0x120,075b030300000000
48900,0x1A0,1f4028075b000000
48910,0x100,2369004700000000
48920,0x100,2344004700000000
48920,0x1A0,1f4028074a000000
48930,0x100,231f004700000000
48940,0x100,22fa004700000000
48940,0x1A0,1f4028073a000000
48950,0x100,22d5004700000000
48950,0x120,0732030300000000
48960,0x100,22af004700000000
48960,0x1A0,1f40280729000000
48970,0x100,228a004700000000
48980,0x100,2265004700000000
48980,0x1A0,1f40280719000000
48990,0x100,223f004700000000
49000,0x100,221a004700000000
49000,0x120,0708030300000000
49000,0x1A0,1f40280708000000
49010,0x100,21f4004700000000
49020,0x100,21cf004700000000
49020,0x1A0,1f402806f8000000
49030,0x100,21a9004700000000
49040,0x100,2184004700000000
49040,0x1A0,1f402806e7000000
49050,0x100,215e004700000000
49050,0x120,06df030300000000
49060,0x100,2138004700000000
49060,0x1A0,1f402806d7000000
49070,0x100,2113004700000000
49080,0x100,20ed004700000000
49080,0x1A0,1f402806c6000000
49090,0x100,20c7004700000000
49100,0x100,20a1004700000000
49100,0x120,06b6030300000000
49100,0x1A0,1f402806b6000000
49110,0x100,207b004700000000
49120,0x100,2055004700000000
49120,0x1A0,1f402806a6000000
49130,0x100,202f004700000000
49140,0x100,200a004700000000
49140,0x1A0,1f40280695000000
49150,0x100,1fe4004700000000
49150,0x120,068d030300000000
49160,0x100,1fbe004700000000
49160,0x1A0,1f40280685000000
49170,0x100,1f97004700000000
49180,0x100,1f71004700000000
49180,0x1A0,1f40280674000000
49190,0x100,1f4b004700000000
49200,0x100,1f25004700000000
49200,0x120,0664030300000000
49200,0x1A0,1f40280664000000
49210,0x100,1eff004700000000
49220,0x100,1ed9004700000000
49220,0x1A0,1f40280653000000
49230,0x100,1eb3004700000000
49240,0x100,1e8c004700000000
49240,0x1A0,1f40280643000000
49250,0x100,1e66004700000000
49250,0x120,063b030300000000
49260,0x100,1e40004700000000
49260,0x1A0,1f40280632000000
49270,0x100,1e1a004700000000
49280,0x100,1df3004700000000
49280,0x1A0,1f40280622000000
49290,0x100,1dcd004700000000
49300,0x100,1da7004700000000
49300,0x120,0611030300000000
49300,0x1A0,1f40280611000000
49310,0x100,1d80004700000000
49320,0x100,1d5a004700000000
49320,0x1A0,1f40280601000000
49330,0x100,1d33004700000000
49340,0x100,1d0d004700000000
49340,0x1A0,1f402805f1000000
49350,0x100,1ce6004700000000
49350,0x120,05e8030300000000
49360,0x100,1cc0004700000000
49360,0x1A0,1f402805e0000000
49370,0x100,1c99004700000000
49380,0x100,1c73004700000000
49380,0x1A0,1f402805d0000000
49390,0x100,1c4c004700000000
49400,0x100,1c26004700000000
49400,0x120,05bf030300000000
49400,0x1A0,1f402805bf000000
49410,0x100,1bff004700000000
49420,0x100,1bd8004700000000
49420,0x1A0,1f402805af000000
49430,0x100,1bb2004700000000
49440,0x100,1b8b004700000000
49440,0x1A0,1f4028059e000000
49450,0x100,1b64004700000000
49450,0x120,0596030400000000
49460,0x100,1b3d004700000000
49460,0x1A0,1f4028058e000000
49470,0x100,1b17004700000000
49480,0x100,1af0004700000000
49480,0x1A0,1f4028057d000000
49490,0x100,1ac9004700000000
49500,0x100,1aa2004700000000
49500,0x120,056d030400000000
49500,0x1A0,1f4028056d000000
49510,0x100,1a7b004700000000
49520,0x100,1a55004700000000
49520,0x1A0,1f4028055c000000
49530,0x100,1a2e004700000000
49540,0x100,1a07004700000000
49540,0x1A0,1f4028054c000000
49550,0x100,19e0004700000000
49550,0x120,0544030400000000
49560,0x100,19b9004700000000
49560,0x1A0,1f4028053c000000
49570,0x100,1992004700000000
49580,0x100,196b004700000000
49580,0x1A0,1f4028052b000000
49590,0x100,1944004700000000
49600,0x100,191d004700000000
49600,0x120,051b030400000000
49600,0x1A0,1f4028051b000000
49610,0x100,18f6004700000000
49620,0x100,18cf004700000000
49620,0x1A0,1f4028050a000000
49630,0x100,18a8004700000000
49640,0x100,1881004700000000
49640,0x1A0,1f402804fa000000
49650,0x100,1859004700000000
49650,0x120,04f2030400000000
49660,0x100,1832004700000000
49660,0x1A0,1f402804e9000000
49670,0x100,180b004700000000
49680,0x100,17e4004700000000
49680,0x1A0,1f402804d9000000
49690,0x100,17bd004700000000
49700,0x100,1796004700000000
49700,0x120,04c8030400000000
49700,0x1A0,1f402804c8000000
49710,0x100,176e004700000000
49720,0x100,1747004700000000
49720,0x1A0,1f402804b8000000
49730,0x100,1720004700000000
49740,0x100,16f9004700000000
49740,0x1A0,1f402804a8000000
49750,0x100,16d2004700000000
49750,0x120,049f030400000000
49760,0x100,16aa004700000000
49760,0x1A0,1f40280497000000
49770,0x100,1683004700000000
49780,0x100,165c004700000000
49780,0x1A0,1f40280487000000
49790,0x100,1635004700000000
49800,0x100,160e004700000000
49800,0x120,0476030400000000
49800,0x1A0,1f40280476000000
49810,0x100,15e6004700000000
49820,0x100,15bf004700000000
49820,0x1A0,1f40280466000000
49830,0x100,1598004700000000
49840,0x100,1571004700000000
49840,0x1A0,1f40280455000000
49850,0x100,154a004700000000
49850,0x120,044d030400000000
49860,0x100,1523004700000000
49860,0x1A0,1f40280445000000
49870,0x100,14fb004700000000
49880,0x100,14d4004700000000
49880,0x1A0,1f40280435000000
49890,0x100,14ad004700000000
49900,0x100,1486004700000000
49900,0x120,0424030400000000
49900,0x1A0,1f40280424000000
49910,0x100,145f004700000000
49920,0x100,1438004700000000
49920,0x1A0,1f40280414000000
49930,0x100,1412004700000000
49940,0x100,13eb004700000000
49940,0x1A0,1f40280403000000
49950,0x100,13c4004700000000
49950,0x120,03fb030400000000
49960,0x100,139d004700000000
49960,0x1A0,1f402803f3000000
49970,0x100,1377004700000000
49980,0x100,1350004700000000
49980,0x1A0,1f402803e2000000
49990,0x100,1329004700000000
50000,0x100,1303004700000000
50000,0x120,03d2030400000000
50000,0x1A0,1f402803d2000000
50010,0x100,12dd004700000000
50020,0x100,12b6004700000000
50020,0x1A0,1f402803c1000000
50030,0x100,1290004700000000
50040,0x100,126a004700000000
50040,0x1A0,1f402803b1000000
50050,0x100,1244004700000000
50050,0x120,03a9030400000000
50060,0x100,121e004700000000
50060,0x1A0,1f402803a1000000
50070,0x100,11f9004700000000
50080,0x100,11d3004700000000
50080,0x1A0,1f40280390000000
50090,0x100,11ad004700000000
50100,0x100,1188004700000000
50100,0x120,0380030400000000
50100,0x1A0,1f40280380000000
50110,0x100,1163004700000000
50120,0x100,113e004700000000
50120,0x1A0,1f4028036f000000
50130,0x100,1119004700000000
50140,0x100,10f4004700000000
50140,0x1A0,1f4028035f000000
50150,0x100,10d0004700000000
50150,0x120,0357030400000000
50160,0x100,10ab004700000000
50160,0x1A0,1f4028034e000000
50170,0x100,1087004700000000
50180,0x100,1063004700000000
50180,0x1A0,1f4028033e000000
50190,0x100,1040004700000000
50200,0x100,101c004700000000
50200,0x120,032e030400000000
50200,0x1A0,1f4028032e000000
50210,0x100,0ff9004700000000
50220,0x100,0fd6004700000000
50220,0x1A0,1f4028031d000000
50230,0x100,0fb3004700000000
50240,0x100,0f91004700000000
50240,0x1A0,1f4028030d000000
50250,0x100,0f6e004700000000
50250,0x120,0305030400000000
50260,0x100,0f4c004700000000
50260,0x1A0,1f402802fc000000
50270,0x100,0f2b004700000000
50280,0x100,0f09004700000000
50280,0x1A0,1f402802ec000000
50290,0x100,0ee8004700000000
50300,0x100,0ec8004700000000
50300,0x120,02db030400000000
50300,0x1A0,1f402802db000000
50310,0x100,0ea7004700000000
50320,0x100,0e87004700000000
50320,0x1A0,1f402802cb000000
50330,0x100,0e68004700000000
50340,0x100,0e49004700000000
50340,0x1A0,1f402802bb000000
50350,0x100,0e2c004700000000
50350,0x120,02b2030400000000
50360,0x100,0e12004700000000
50360,0x1A0,1f402802aa000000
50370,0x100,0df9004700000000
50380,0x100,0de1004700000000
50380,0x1A0,1f4028029a000000
50390,0x100,0dcb004700000000
50400,0x100,0db6004700000000
50400,0x120,0289030400000000
50400,0x1A0,1f40280289000000
50410,0x100,0da3004700000000
50420,0x100,0d91004700000000
50420,0x1A0,1f40280279000000
50430,0x100,0d80004700000000
50440,0x100,0d70004700000000
50440,0x1A0,1f40280268000000
50450,0x100,0d61004700000000
50450,0x120,0260030400000000
50460,0x100,0d53004700000000
50460,0x1A0,1f40280258000000
50470,0x100,0d46004700000000
50480,0x100,0d39004700000000
50480,0x1A0,1f40280248000000
50490,0x100,0d2e004700000000
50500,0x100,0d23004700000000
50500,0x120,0237030400000000
50500,0x1A0,1f40280237000000
50510,0x100,0d19004700000000
50520,0x100,0d0f004700000000
50520,0x1A0,1f40280227000000
50530,0x100,0d06004700000000
50540,0x100,0cfe004700000000
50540,0x1A0,1f40280216000000
50550,0x100,0cf6004700000000
50550,0x120,020e030400000000
50560,0x100,0cee004700000000
50560,0x1A0,1f40280206000000
50570,0x100,0ce8004700000000
50580,0x100,0ce1004700000000
50580,0x1A0,1f402801f5000000
50590,0x100,0cdb004700000000
50600,0x100,0cd5004700000000
50600,0x120,01e5030400000000
50600,0x1A0,1f402801e5000000
50610,0x100,0cd0004700000000
50620,0x100,0ccb004700000000
50620,0x1A0,1f402801d5000000
50630,0x100,0cc6004700000000
50640,0x100,0cc2004700000000
50640,0x1A0,1f402801c4000000
50650,0x100,0cbe004700000000
50650,0x120,01bc030400000000
50660,0x100,0cba004700000000
50660,0x1A0,1f402801b4000000
50670,0x100,0cb6004700000000
50680,0x100,0cb3004700000000
50680,0x1A0,1f402801a3000000
50690,0x100,0cb0004700000000
50700,0x100,0cad004700000000
50700,0x120,0193030400000000
50700,0x1A0,1f40280193000000
50710,0x100,0caa004700000000
50720,0x100,0ca7004700000000
50720,0x1A0,1f40280183000000
50730,0x100,0ca5004700000000
50740,0x100,0ca3004700000000
50740,0x1A0,1f40280172000000
50750,0x100,0ca0004700000000
50750,0x120,016a030400000000
50760,0x100,0c9e004700000000
50760,0x1A0,1f40280162000000
50770,0x100,0c9c004700000000
50780,0x100,0c9b004700000000
50780,0x1A0,1f40280151000000
50790,0x100,0c99004700000000
50800,0x100,0c97004700000000
50800,0x120,0141030400000000
50800,0x1A0,1f40280141000000
50810,0x100,0c96004700000000
50820,0x100,0c95004700000000
50820,0x1A0,1f40280130000000
50830,0x100,0c93004700000000
50840,0x100,0c92004700000000
50840,0x1A0,1f40280120000000
50850,0x100,0c91004700000000
50850,0x120,0118030400000000
50860,0x100,0c90004700000000
50860,0x1A0,1f40280110000000
50870,0x100,0c8f004700000000
50880,0x100,0c8e004700000000
50880,0x1A0,1f402800ff000000
50890,0x100,0c8d004700000000
50900,0x100,0c8c004700000000
50900,0x120,00ef030400000000
50900,0x1A0,1f402800ef000000
50910,0x100,0c8c004700000000
50920,0x100,0c8b004700000000
50920,0x1A0,1f402800de000000
50930,0x100,0c8a004700000000
50940,0x100,0c8a004700000000
50940,0x1A0,1f402800ce000000
50950,0x100,0c89004700000000
50950,0x120,00c6030400000000
50960,0x100,0c88004700000000
50960,0x1A0,1f402800bd000000
50970,0x100,0c88004700000000
50980,0x100,0c87004700000000
50980,0x1A0,1f402800ad000000
50990,0x100,0c87004700000000
51000,0x100,0c86004700000000
51000,0x120,009d030400000000
51000,0x1A0,1f4028009d000000
51010,0x100,0c86004700000000
51020,0x100,0c86004700000000
51020,0x1A0,1f4028008c000000
51030,0x100,0c85004700000000
51040,0x100,0c85004700000000
51040,0x1A0,1f4028007c000000
51050,0x100,0c85004700000000
51050,0x120,0074030400000000
51060,0x100,0c84004700000000
51060,0x1A0,1f4028006b000000
51070,0x100,0c84004700000000
51080,0x100,0c84004700000000
51080,0x1A0,1f4028005b000000
51090,0x100,0c84004700000000
51100,0x100,0c83004700000000
51100,0x120,004b030400000000
51100,0x1A0,1f4028004b000000
51110,0x100,0c83004700000000
51120,0x100,0c83004700000000
51120,0x1A0,1f4028003a000000
51130,0x100,0c83004700000000
51140,0x100,0c83004700000000
51140,0x1A0,1f4028002a000000
51150,0x100,0c82004700000000
51150,0x120,0021030400000000
51160,0x100,0c82004700000000
51160,0x1A0,1f40280019000000
51170,0x100,0c82004700000000
51180,0x100,0c82004700000000
51180,0x1A0,1f40280009000000
51190,0x100,0c82004700000000
51200,0x100,0c82004700000000
51200,0x120,0000030400000000
51200,0x1A0,1f40280000000000
51210,0x100,0c82004700000000
51220,0x100,0c82004700000000
51220,0x1A0,1f40280000000000
51230,0x100,0c81004700000000
51240,0x100,0c81004700000000
51240,0x1A0,1f40280000000000
51250,0x100,0c81004700000000
51250,0x120,000003e800000000
51260,0x100,0c81004700000000
51260,0x1A0,1f40280000000000
51270,0x100,0c81004700000000
51280,0x100,0c81004700000000
51280,0x1A0,1f40280000000000
51290,0x100,0c81004700000000
51300,0x100,0c81004700000000
51300,0x120,000003e800000000
51300,0x1A0,1f40280000000000
51310,0x100,0c81004700000000
51320,0x100,0c81004700000000
51320,0x1A0,1f40280000000000
51330,0x100,0c81004700000000
51340,0x100,0c81004700000000
51340,0x1A0,1f40280000000000
51350,0x100,0c81004700000000
51350,0x120,000003e800000000
51360,0x100,0c81004700000000
51360,0x1A0,1f40280000000000
51370,0x100,0c81004700000000
51380,0x100,0c81004700000000
51380,0x1A0,1f40280000000000
51390,0x100,0c81004700000000
51400,0x100,0c80004700000000
51400,0x120,000003e800000000
51400,0x1A0,1f40280000000000
51410,0x100,0c80004700000000
51420,0x100,0c80004700000000
51420,0x1A0,1f40280000000000
51430,0x100,0c80004700000000
51440,0x100,0c80004700000000
51440,0x1A0,1f40280000000000
51450,0x100,0c80004700000000
51450,0x120,000003e800000000
51460,0x100,0c80004700000000
51460,0x1A0,1f40280000000000
51470,0x100,0c80004700000000
51480,0x100,0c80004700000000
51480,0x1A0,1f40280000000000
51490,0x100,0c80004700000000
51500,0x100,0c80004700000000
51500,0x120,000003e800000000
51500,0x1A0,1f40280000000000
51510,0x100,0c80004700000000
51520,0x100,0c80004700000000
51520,0x1A0,1f40280000000000
51530,0x100,0c80004700000000
51540,0x100,0c80004700000000
51540,0x1A0,1f40280000000000
51550,0x100,0c80004700000000
51550,0x120,000003e800000000
51560,0x100,0c80004700000000
51560,0x1A0,1f40280000000000
51570,0x100,0c80004700000000
51580,0x100,0c80004700000000
51580,0x1A0,1f40280000000000
51590,0x100,0c80004700000000
51600,0x100,0c80004700000000
51600,0x120,000003e800000000
51600,0x1A0,1f40280000000000
51610,0x100,0c80004700000000
51620,0x100,0c80004700000000
51620,0x1A0,1f40280000000000
51630,0x100,0c80004700000000
51640,0x100,0c80004700000000
51640,0x1A0,1f40280000000000
51650,0x100,0c80004700000000
51650,0x120,000003e800000000
51660,0x100,0c80004700000000
51660,0x1A0,1f40280000000000
51670,0x100,0c80004700000000
51680,0x100,0c80004700000000
51680,0x1A0,1f40280000000000
51690,0x100,0c80004700000000
51700,0x100,0c80004700000000
51700,0x120,000003e800000000
51700,0x1A0,1f40280000000000
51710,0x100,0c80004700000000
51720,0x100,0c80004700000000
51720,0x1A0,1f40280000000000
51730,0x100,0c80004700000000
51740,0x100,0c80004700000000
51740,0x1A0,1f40280000000000
51750,0x100,0c80004700000000
51750,0x120,000003e800000000
51760,0x100,0c80004700000000
51760,0x1A0,1f40280000000000
51770,0x100,0c80004700000000
51780,0x100,0c80004700000000
51780,0x1A0,1f40280000000000
51790,0x100,0c80004700000000
51800,0x100,0c80004700000000
51800,0x120,000003e800000000
51800,0x1A0,1f40280000000000
51810,0x100,0c80004700000000
51820,0x100,0c80004700000000
51820,0x1A0,1f40280000000000
51830,0x100,0c80004700000000
51840,0x100,0c80004700000000
51840,0x1A0,1f40280000000000
51850,0x100,0c80004700000000
51850,0x120,000003e800000000
51860,0x100,0c80004700000000
51860,0x1A0,1f40280000000000
51870,0x100,0c80004700000000
51880,0x100,0c80004700000000
51880,0x1A0,1f40280000000000
51890,0x100,0c80004700000000
51900,0x100,0c80004700000000
51900,0x120,000003e800000000
51900,0x1A0,1f40280000000000
51910,0x100,0c80004700000000
51920,0x100,0c80004700000000
51920,0x1A0,1f40280000000000
51930,0x100,0c80004700000000
51940,0x100,0c80004700000000
51940,0x1A0,1f40280000000000
51950,0x100,0c80004700000000
51950,0x120,000003e800000000
51960,0x100,0c80004700000000
51960,0x1A0,1f40280000000000
51970,0x100,0c80004700000000
51980,0x100,0c80004700000000
51980,0x1A0,1f40280000000000
51990,0x100,0c80004700000000
52000,0x100,0c80004700000000
52000,0x120,000003e800000000
52000,0x1A0,1f40000000000000
52010,0x100,0c80004700000000
52020,0x100,0c80004700000000
52020,0x1A0,1f40000000000000
52030,0x100,0c80004700000000
52040,0x100,0c80004700000000
52040,0x1A0,1f40000000000000
52050,0x100,0c80004700000000
52050,0x120,000003e800000000
52060,0x100,0c80004700000000
52060,0x1A0,1f40000000000000
52070,0x100,0c80004700000000
52080,0x100,0c80004700000000
52080,0x1A0,1f40000000000000
52090,0x100,0c80004700000000
52100,0x100,0c80004700000000
52100,0x120,000003e800000000
52100,0x1A0,0000000000000000
52110,0x100,0c80004700000000
52120,0x100,0c80004700000000
52120,0x1A0,0000000000000000
52130,0x100,0c80004700000000
52140,0x100,0c80004700000000
52140,0x1A0,0000000000000000
52150,0x100,0c80004700000000
52150,0x120,000003e800000000
52160,0x100,0c80004700000000
52160,0x1A0,0000000000000000
52170,0x100,0c80004700000000
52180,0x100,0c80004700000000
52180,0x1A0,0000000000000000
52190,0x100,0c80004700000000
52200,0x100,0c80004700000000
52200,0x120,000003e800000000
52200,0x1A0,0000000000000000
52210,0x100,0c80004700000000
52220,0x100,0c80004700000000
52220,0x1A0,0000000000000000
52230,0x100,0c80004700000000
52240,0x100,0c80004700000000
52240,0x1A0,0000000000000000
52250,0x100,0c80004700000000
52250,0x120,000003e800000000
52260,0x100,0c80004700000000
52260,0x1A0,0000000000000000
52270,0x100,0c80004700000000
52280,0x100,0c80004700000000
52280,0x1A0,0000000000000000
52290,0x100,0c80004700000000
52300,0x100,0c80004700000000
52300,0x120,000003e800000000
52300,0x1A0,0000000000000000
52310,0x100,0c80004700000000
52320,0x100,0c80004700000000
52320,0x1A0,0000000000000000
52330,0x100,0c80004700000000
52340,0x100,0c80004700000000
52340,0x1A0,0000000000000000
52350,0x100,0c80004700000000
52350,0x120,000003e800000000
52360,0x100,0c80004700000000
52360,0x1A0,0000000000000000
52370,0x100,0c80004700000000
52380,0x100,0c80004700000000
52380,0x1A0,0000000000000000
52390,0x100,0c80004700000000
52400,0x100,0c80004700000000
52400,0x120,000003e800000000
52400,0x1A0,0000000000000000
52410,0x100,0c80004700000000
52420,0x100,0c80004700000000
52420,0x1A0,0000000000000000
52430,0x100,0c80004700000000
52440,0x100,0c80004700000000
52440,0x1A0,0000000000000000
52450,0x100,0c80004700000000
52450,0x120,000003e800000000
52460,0x100,0c80004700000000
52460,0x1A0,0000000000000000
52470,0x100,0c80004700000000
52480,0x100,0c80004700000000
52480,0x1A0,0000000000000000
52490,0x100,0c80004700000000
52500,0x100,0c80004700000000
52500,0x120,000003e800000000
52500,0x1A0,0000000000000000
52510,0x100,0c80004700000000
52520,0x100,0c80004700000000
52520,0x1A0,0000000000000000
52530,0x100,0c80004700000000
52540,0x100,0c80004700000000
52540,0x1A0,0000000000000000
52550,0x100,0c80004700000000
52550,0x120,000003e800000000
52560,0x100,0c80004700000000
52560,0x1A0,0000000000000000
52570,0x100,0c80004700000000
52580,0x100,0c80004700000000
52580,0x1A0,0000000000000000
52590,0x100,0c80004700000000
52600,0x100,0c80004700000000
52600,0x120,000003e800000000
52600,0x1A0,0000000000000000
52610,0x100,0c80004700000000
52620,0x100,0c80004700000000
52620,0x1A0,0000000000000000
52630,0x100,0c80004700000000
52640,0x100,0c80004700000000
52640,0x1A0,0000000000000000
52650,0x100,0c80004700000000
52650,0x120,000003e800000000
52660,0x100,0c80004700000000
52660,0x1A0,0000000000000000
52670,0x100,0c80004700000000
52680,0x100,0c80004700000000
52680,0x1A0,0000000000000000
52690,0x100,0c80004700000000
52700,0x100,0c80004700000000
52700,0x120,000003e800000000
52700,0x1A0,0000000000000000
52710,0x100,0c80004700000000
52720,0x100,0c80004700000000
52720,0x1A0,0000000000000000
52730,0x100,0c80004700000000
52740,0x100,0c80004700000000
52740,0x1A0,0000000000000000
52750,0x100,0c80004700000000
52750,0x120,000003e800000000
52760,0x100,0c80004700000000
52760,0x1A0,0000000000000000
52770,0x100,0c80004700000000
52780,0x100,0c80004700000000
52780,0x1A0,0000000000000000
52790,0x100,0c80004700000000
52800,0x100,0c80004700000000
52800,0x120,000003e800000000
52800,0x1A0,0000000000000000
52810,0x100,0c80004700000000
52820,0x100,0c80004700000000
52820,0x1A0,0000000000000000
52830,0x100,0c80004700000000
52840,0x100,0c80004700000000
52840,0x1A0,0000000000000000
52850,0x100,0c80004700000000
52850,0x120,000003e800000000
52860,0x100,0c80004700000000
52860,0x1A0,0000000000000000
52870,0x100,0c80004700000000
52880,0x100,0c80004700000000
52880,0x1A0,0000000000000000
52890,0x100,0c80004700000000
52900,0x100,0c80004700000000
52900,0x120,000003e800000000
52900,0x1A0,0000000000000000
52910,0x100,0c80004700000000
52920,0x100,0c80004700000000
52920,0x1A0,0000000000000000
52930,0x100,0c80004700000000
52940,0x100,0c80004700000000
52940,0x1A0,0000000000000000
52950,0x100,0c80004700000000
52950,0x120,000003e800000000
52960,0x100,0c80004700000000
52960,0x1A0,0000000000000000
52970,0x100,0c80004700000000
52980,0x100,0c80004700000000
52980,0x1A0,0000000000000000
52990,0x100,0c80004700000000
53000,0x100,0c80004700000000
53000,0x120,000003e800000000
53000,0x1A0,0000000000000000
53010,0x100,0c80004700000000
53020,0x100,0c80004700000000
53020,0x1A0,0000000000000000
53030,0x100,0c80004700000000
53040,0x100,0c80004700000000
53040,0x1A0,0000000000000000
53050,0x100,0c80004700000000
53050,0x120,000003e800000000
53060,0x100,0c80004700000000
53060,0x1A0,0000000000000000
53070,0x100,0c80004700000000
53080,0x100,0c80004700000000
53080,0x1A0,0000000000000000
53090,0x100,0c80004700000000
53100,0x100,0c80004700000000
53100,0x120,000003e800000000
53100,0x1A0,0000000000000000
53110,0x100,0c80004700000000
53120,0x100,0c80004700000000
53120,0x1A0,0000000000000000
53130,0x100,0c80004700000000
53140,0x100,0c80004700000000
53140,0x1A0,0000000000000000
53150,0x100,0c80004700000000
53150,0x120,000003e800000000
53160,0x100,0c80004700000000
53160,0x1A0,0000000000000000
53170,0x100,0c80004700000000
53180,0x100,0c80004700000000
53180,0x1A0,0000000000000000
53190,0x100,0c80004700000000
53200,0x100,0c80004700000000
53200,0x120,000003e800000000
53200,0x1A0,0000000000000000
53210,0x100,0c80004700000000
53220,0x100,0c80004700000000
53220,0x1A0,0000000000000000
53230,0x100,0c80004700000000
53240,0x100,0c80004700000000
53240,0x1A0,0000000000000000
53250,0x100,0c80004700000000
53250,0x120,000003e800000000
53260,0x100,0c80004700000000
53260,0x1A0,0000000000000000
53270,0x100,0c80004700000000
53280,0x100,0c80004700000000
53280,0x1A0,0000000000000000
53290,0x100,0c80004700000000
53300,0x100,0c80004700000000
53300,0x120,000003e800000000
53300,0x1A0,0000000000000000
53310,0x100,0c80004700000000
53320,0x100,0c80004700000000
53320,0x1A0,0000000000000000
53330,0x100,0c80004700000000
53340,0x100,0c80004700000000
53340,0x1A0,0000000000000000
53350,0x100,0c80004700000000
53350,0x120,000003e800000000
53360,0x100,0c80004700000000
53360,0x1A0,0000000000000000
53370,0x100,0c80004700000000
53380,0x100,0c80004700000000
53380,0x1A0,0000000000000000
53390,0x100,0c80004700000000
53400,0x100,0c80004700000000
53400,0x120,000003e800000000
53400,0x1A0,0000000000000000
53410,0x100,0c80004700000000
53420,0x100,0c80004700000000
53420,0x1A0,0000000000000000
53430,0x100,0c80004700000000
53440,0x100,0c80004700000000
53440,0x1A0,0000000000000000
53450,0x100,0c80004700000000
53450,0x120,000003e800000000
53460,0x100,0c80004700000000
53460,0x1A0,0000000000000000
53470,0x100,0c80004700000000
53480,0x100,0c80004700000000
53480,0x1A0,0000000000000000
53490,0x100,0c80004700000000
53500,0x100,0c80004700000000
53500,0x120,000003e800000000
53500,0x1A0,0000000000000000
53510,0x100,0c80004700000000
53520,0x100,0c80004700000000
53520,0x1A0,0000000000000000
53530,0x100,0c80004700000000
53540,0x100,0c80004700000000
53540,0x1A0,0000000000000000
53550,0x100,0c80004700000000
53550,0x120,000003e800000000
53560,0x100,0c80004700000000
53560,0x1A0,0000000000000000
53570,0x100,0c80004700000000
53580,0x100,0c80004700000000
53580,0x1A0,0000000000000000
53590,0x100,0c80004700000000
53600,0x100,0c80004700000000
53600,0x120,000003e800000000
53600,0x1A0,0000000000000000
53610,0x100,0c80004700000000
53620,0x100,0c80004700000000
53620,0x1A0,0000000000000000
53630,0x100,0c80004700000000
53640,0x100,0c80004700000000
53640,0x1A0,0000000000000000
53650,0x100,0c80004700000000
53650,0x120,000003e800000000
53660,0x100,0c80004700000000
53660,0x1A0,0000000000000000
53670,0x100,0c80004700000000
53680,0x100,0c80004700000000
53680,0x1A0,0000000000000000
53690,0x100,0c80004700000000
53700,0x100,0c80004700000000
53700,0x120,000003e800000000
53700,0x1A0,0000000000000000
53710,0x100,0c80004700000000
53720,0x100,0c80004700000000
53720,0x1A0,0000000000000000
53730,0x100,0c80004700000000
53740,0x100,0c80004700000000
53740,0x1A0,0000000000000000
53750,0x100,0c80004700000000
53750,0x120,000003e800000000
53760,0x100,0c80004700000000
53760,0x1A0,0000000000000000
53770,0x100,0c80004700000000
53780,0x100,0c80004700000000
53780,0x1A0,0000000000000000
53790,0x100,0c80004700000000
53800,0x100,0c80004700000000
53800,0x120,000003e800000000
53800,0x1A0,0000000000000000
53810,0x100,0c80004700000000
53820,0x100,0c80004700000000
53820,0x1A0,0000000000000000
53830,0x100,0c80004700000000
53840,0x100,0c80004700000000
53840,0x1A0,0000000000000000
53850,0x100,0c80004800000000
53850,0x120,000003e800000000
53860,0x100,0c80004800000000
53860,0x1A0,0000000000000000
53870,0x100,0c80004800000000
53880,0x100,0c80004800000000
53880,0x1A0,0000000000000000
53890,0x100,0c80004800000000
53900,0x100,0c80004800000000
53900,0x120,000003e800000000
53900,0x1A0,0000000000000000
53910,0x100,0c80004800000000
53920,0x100,0c80004800000000
53920,0x1A0,0000000000000000
53930,0x100,0c80004800000000
53940,0x100,0c80004800000000
53940,0x1A0,0000000000000000
53950,0x100,0c80004800000000
53950,0x120,000003e800000000
53960,0x100,0c80004800000000
53960,0x1A0,0000000000000000
53970,0x100,0c80004800000000
53980,0x100,0c80004800000000
53980,0x1A0,0000000000000000
53990,0x100,0c80004800000000
54000,0x100,0c80004800000000
54000,0x120,000003e800000000
54000,0x1A0,0000000000000000
54010,0x100,0c80004800000000
54020,0x100,0c80004800000000
54020,0x1A0,0000000000000000
54030,0x100,0c80004800000000
54040,0x100,0c80004800000000
54040,0x1A0,0000000000000000
54050,0x100,0c80004800000000
54050,0x120,000003e800000000
54060,0x100,0c80004800000000
54060,0x1A0,0000000000000000
54070,0x100,0c80004800000000
54080,0x100,0c80004800000000
54080,0x1A0,0000000000000000
54090,0x100,0c80004800000000
54100,0x100,0c80004800000000
54100,0x120,000003e800000000
54100,0x1A0,0000000000000000
54110,0x100,0c80004800000000
54120,0x100,0c80004800000000
54120,0x1A0,0000000000000000
54130,0x100,0c80004800000000
54140,0x100,0c80004800000000
54140,0x1A0,0000000000000000
54150,0x100,0c80004800000000
54150,0x120,000003e800000000
54160,0x100,0c80004800000000
54160,0x1A0,0000000000000000
54170,0x100,0c80004800000000
54180,0x100,0c80004800000000
54180,0x1A0,0000000000000000
54190,0x100,0c80004800000000
54200,0x100,0c80004800000000
54200,0x120,000003e800000000
54200,0x1A0,0000000000000000
54210,0x100,0c80004800000000
54220,0x100,0c80004800000000
54220,0x1A0,0000000000000000
54230,0x100,0c80004800000000
54240,0x100,0c80004800000000
54240,0x1A0,0000000000000000
54250,0x100,0c80004800000000
54250,0x120,000003e800000000
54260,0x100,0c80004800000000
54260,0x1A0,0000000000000000
54270,0x100,0c80004800000000
54280,0x100,0c80004800000000
54280,0x1A0,0000000000000000
54290,0x100,0c80004800000000
54300,0x100,0c80004800000000
54300,0x120,000003e800000000
54300,0x1A0,0000000000000000
54310,0x100,0c80004800000000
54320,0x100,0c80004800000000
54320,0x1A0,0000000000000000
54330,0x100,0c80004800000000
54340,0x100,0c80004800000000
54340,0x1A0,0000000000000000
54350,0x100,0c80004800000000
54350,0x120,000003e800000000
54360,0x100,0c80004800000000
54360,0x1A0,0000000000000000
54370,0x100,0c80004800000000
54380,0x100,0c80004800000000
54380,0x1A0,0000000000000000
54390,0x100,0c80004800000000
54400,0x100,0c80004800000000
54400,0x120,000003e800000000
54400,0x1A0,0000000000000000
54410,0x100,0c80004800000000
54420,0x100,0c80004800000000
54420,0x1A0,0000000000000000
54430,0x100,0c80004800000000
54440,0x100,0c80004800000000
54440,0x1A0,0000000000000000
54450,0x100,0c80004800000000
54450,0x120,000003e800000000
54460,0x100,0c80004800000000
54460,0x1A0,0000000000000000
54470,0x100,0c80004800000000
54480,0x100,0c80004800000000
54480,0x1A0,0000000000000000
54490,0x100,0c80004800000000
54500,0x100,0c80004800000000
54500,0x120,000003e800000000
54500,0x1A0,0000000000000000
54510,0x100,0c80004800000000
54520,0x100,0c80004800000000
54520,0x1A0,0000000000000000
54530,0x100,0c80004800000000
54540,0x100,0c80004800000000
54540,0x1A0,0000000000000000
54550,0x100,0c80004800000000
54550,0x120,000003e800000000
54560,0x100,0c80004800000000
54560,0x1A0,0000000000000000
54570,0x100,0c80004800000000
54580,0x100,0c80004800000000
54580,0x1A0,0000000000000000
54590,0x100,0c80004800000000
54600,0x100,0c80004800000000
54600,0x120,000003e800000000
54600,0x1A0,0000000000000000
54610,0x100,0c80004800000000
54620,0x100,0c80004800000000
54620,0x1A0,0000000000000000
54630,0x100,0c80004800000000
54640,0x100,0c80004800000000
54640,0x1A0,0000000000000000
54650,0x100,0c80004800000000
54650,0x120,000003e800000000
54660,0x100,0c80004800000000
54660,0x1A0,0000000000000000
54670,0x100,0c80004800000000
54680,0x100,0c80004800000000
54680,0x1A0,0000000000000000
54690,0x100,0c80004800000000
54700,0x100,0c80004800000000
54700,0x120,000003e800000000
54700,0x1A0,0000000000000000
54710,0x100,0c80004800000000
54720,0x100,0c80004800000000
54720,0x1A0,0000000000000000
54730,0x100,0c80004800000000
54740,0x100,0c80004800000000
54740,0x1A0,0000000000000000
54750,0x100,0c80004800000000
54750,0x120,000003e800000000
54760,0x100,0c80004800000000
54760,0x1A0,0000000000000000
54770,0x100,0c80004800000000
54780,0x100,0c80004800000000
54780,0x1A0,0000000000000000
54790,0x100,0c80004800000000
54800,0x100,0c80004800000000
54800,0x120,000003e800000000
54800,0x1A0,0000000000000000
54810,0x100,0c80004800000000
54820,0x100,0c80004800000000
54820,0x1A0,0000000000000000
54830,0x100,0c80004800000000
54840,0x100,0c80004800000000
54840,0x1A0,0000000000000000
54850,0x100,0c80004800000000
54850,0x120,000003e800000000
54860,0x100,0c80004800000000
54860,0x1A0,0000000000000000
54870,0x100,0c80004800000000
54880,0x100,0c80004800000000
54880,0x1A0,0000000000000000
54890,0x100,0c80004800000000
54900,0x100,0c80004800000000
54900,0x120,000003e800000000
54900,0x1A0,0000000000000000
54910,0x100,0c80004800000000
54920,0x100,0c80004800000000
54920,0x1A0,0000000000000000
54930,0x100,0c80004800000000
54940,0x100,0c80004800000000
54940,0x1A0,0000000000000000
54950,0x100,0c80004800000000
54950,0x120,000003e800000000
54960,0x100,0c80004800000000
54960,0x1A0,0000000000000000
54970,0x100,0c80004800000000
54980,0x100,0c80004800000000
54980,0x1A0,0000000000000000
54990,0x100,0c80004800000000
55000,0x100,0c80004800000000
55000,0x120,000003e800000000
55000,0x1A0,0000000000000000
55010,0x100,0c80004800000000
55020,0x100,0c80004800000000
55020,0x1A0,0000000000000000
55030,0x100,0c80004800000000
55040,0x100,0c80004800000000
55040,0x1A0,0000000000000000
55050,0x100,0c80004800000000
55050,0x120,000003e800000000
55060,0x100,0c80004800000000
55060,0x1A0,0000000000000000
55070,0x100,0c80004800000000
55080,0x100,0c80004800000000
55080,0x1A0,0000000000000000
55090,0x100,0c80004800000000
55100,0x100,0c80004800000000
55100,0x120,000003e800000000
55100,0x1A0,0000000000000000
55110,0x100,0c80004800000000
55120,0x100,0c80004800000000
55120,0x1A0,0000000000000000
55130,0x100,0c80004800000000
55140,0x100,0c80004800000000
55140,0x1A0,0000000000000000
55150,0x100,0c80004800000000
55150,0x120,000003e800000000
55160,0x100,0c80004800000000
55160,0x1A0,0000000000000000
55170,0x100,0c80004800000000
55180,0x100,0c80004800000000
55180,0x1A0,0000000000000000
55190,0x100,0c80004800000000
55200,0x100,0c80004800000000
55200,0x120,000003e800000000
55200,0x1A0,0000000000000000
55210,0x100,0c80004800000000
55220,0x100,0c80004800000000
55220,0x1A0,0000000000000000
55230,0x100,0c80004800000000
55240,0x100,0c80004800000000
55240,0x1A0,0000000000000000
55250,0x100,0c80004800000000
55250,0x120,000003e800000000
55260,0x100,0c80004800000000
55260,0x1A0,0000000000000000
55270,0x100,0c80004800000000
55280,0x100,0c80004800000000
55280,0x1A0,0000000000000000
55290,0x100,0c80004800000000
55300,0x100,0c80004800000000
55300,0x120,000003e800000000
55300,0x1A0,0000000000000000
55310,0x100,0c80004800000000
55320,0x100,0c80004800000000
55320,0x1A0,0000000000000000
55330,0x100,0c80004800000000
55340,0x100,0c80004800000000
55340,0x1A0,0000000000000000
55350,0x100,0c80004800000000
55350,0x120,000003e800000000
55360,0x100,0c80004800000000
55360,0x1A0,0000000000000000
55370,0x100,0c80004800000000
55380,0x100,0c80004800000000
55380,0x1A0,0000000000000000
55390,0x100,0c80004800000000
55400,0x100,0c80004800000000
55400,0x120,000003e800000000
55400,0x1A0,0000000000000000
55410,0x100,0c80004800000000
55420,0x100,0c80004800000000
55420,0x1A0,0000000000000000
55430,0x100,0c80004800000000
55440,0x100,0c80004800000000
55440,0x1A0,0000000000000000
55450,0x100,0c80004800000000
55450,0x120,000003e800000000
55460,0x100,0c80004800000000
55460,0x1A0,0000000000000000
55470,0x100,0c80004800000000
55480,0x100,0c80004800000000
55480,0x1A0,0000000000000000
55490,0x100,0c80004800000000
55500,0x100,0c80004800000000
55500,0x120,000003e800000000
55500,0x1A0,0000000000000000
55510,0x100,0c80004800000000
55520,0x100,0c80004800000000
55520,0x1A0,0000000000000000
55530,0x100,0c80004800000000
55540,0x100,0c80004800000000
55540,0x1A0,0000000000000000
55550,0x100,0c80004800000000
55550,0x120,000003e800000000
55560,0x100,0c80004800000000
55560,0x1A0,0000000000000000
55570,0x100,0c80004800000000
55580,0x100,0c80004800000000
55580,0x1A0,0000000000000000
55590,0x100,0c80004800000000
55600,0x100,0c80004800000000
55600,0x120,000003e800000000
55600,0x1A0,0000000000000000
55610,0x100,0c80004800000000
55620,0x100,0c80004800000000
55620,0x1A0,0000000000000000
55630,0x100,0c80004800000000
55640,0x100,0c80004800000000
55640,0x1A0,0000000000000000
55650,0x100,0c80004800000000
55650,0x120,000003e800000000
55660,0x100,0c80004800000000
55660,0x1A0,0000000000000000
55670,0x100,0c80004800000000
55680,0x100,0c80004800000000
55680,0x1A0,0000000000000000
55690,0x100,0c80004800000000
55700,0x100,0c80004800000000
55700,0x120,000003e800000000
55700,0x1A0,0000000000000000
55710,0x100,0c80004800000000
55720,0x100,0c80004800000000
55720,0x1A0,0000000000000000
55730,0x100,0c80004800000000
55740,0x100,0c80004800000000
55740,0x1A0,0000000000000000
55750,0x100,0c80004800000000
55750,0x120,000003e800000000
55760,0x100,0c80004800000000
55760,0x1A0,0000000000000000
55770,0x100,0c80004800000000
55780,0x100,0c80004800000000
55780,0x1A0,0000000000000000
55790,0x100,0c80004800000000
55800,0x100,0c80004800000000
55800,0x120,000003e800000000
55800,0x1A0,0000000000000000
55810,0x100,0c80004800000000
55820,0x100,0c80004800000000
55820,0x1A0,0000000000000000
55830,0x100,0c80004800000000
55840,0x100,0c80004800000000
55840,0x1A0,0000000000000000
55850,0x100,0c80004800000000
55850,0x120,000003e800000000
55860,0x100,0c80004800000000
55860,0x1A0,0000000000000000
55870,0x100,0c80004800000000
55880,0x100,0c80004800000000
55880,0x1A0,0000000000000000
55890,0x100,0c80004800000000
55900,0x100,0c80004800000000
55900,0x120,000003e800000000
55900,0x1A0,0000000000000000
55910,0x100,0c80004800000000
55920,0x100,0c80004800000000
55920,0x1A0,0000000000000000
55930,0x100,0c80004800000000
55940,0x100,0c80004800000000
55940,0x1A0,0000000000000000
55950,0x100,0c80004800000000
55950,0x120,000003e800000000
55960,0x100,0c80004800000000
55960,0x1A0,0000000000000000
55970,0x100,0c80004800000000
55980,0x100,0c80004800000000
55980,0x1A0,0000000000000000
55990,0x100,0c80004800000000
56000,0x100,0c80004800000000
56000,0x120,000003e800000000
56000,0x1A0,0000000000000000
56010,0x100,0c80004800000000
56020,0x100,0c80004800000000
56020,0x1A0,0000000000000000
56030,0x100,0c80004800000000
56040,0x100,0c80004800000000
56040,0x1A0,0000000000000000
56050,0x100,0c80004800000000
56050,0x120,000003e800000000
56060,0x100,0c80004800000000
56060,0x1A0,0000000000000000
56070,0x100,0c80004800000000
56080,0x100,0c80004800000000
56080,0x1A0,0000000000000000
56090,0x100,0c80004800000000
56100,0x100,0c80004800000000
56100,0x120,000003e800000000
56100,0x1A0,0000000000000000
56110,0x100,0c80004800000000
56120,0x100,0c80004800000000
56120,0x1A0,0000000000000000
56130,0x100,0c80004800000000
56140,0x100,0c80004800000000
56140,0x1A0,0000000000000000
56150,0x100,0c80004800000000
56150,0x120,000003e800000000
56160,0x100,0c80004800000000
56160,0x1A0,0000000000000000
56170,0x100,0c80004800000000
56180,0x100,0c80004800000000
56180,0x1A0,0000000000000000
56190,0x100,0c80004800000000
56200,0x100,0c80004800000000
56200,0x120,000003e800000000
56200,0x1A0,0000000000000000
56210,0x100,0c80004800000000
56220,0x100,0c80004800000000
56220,0x1A0,0000000000000000
56230,0x100,0c80004800000000
56240,0x100,0c80004800000000
56240,0x1A0,0000000000000000
56250,0x100,0c80004800000000
56250,0x120,000003e800000000
56260,0x100,0c80004800000000
56260,0x1A0,0000000000000000
56270,0x100,0c80004800000000
56280,0x100,0c80004800000000
56280,0x1A0,0000000000000000
56290,0x100,0c80004800000000
56300,0x100,0c80004800000000
56300,0x120,000003e800000000
56300,0x1A0,0000000000000000
56310,0x100,0c80004800000000
56320,0x100,0c80004800000000
56320,0x1A0,0000000000000000
56330,0x100,0c80004800000000
56340,0x100,0c80004800000000
56340,0x1A0,0000000000000000
56350,0x100,0c80004800000000
56350,0x120,000003e800000000
56360,0x100,0c80004800000000
56360,0x1A0,0000000000000000
56370,0x100,0c80004800000000
56380,0x100,0c80004800000000
56380,0x1A0,0000000000000000
56390,0x100,0c80004800000000
56400,0x100,0c80004800000000
56400,0x120,000003e800000000
56400,0x1A0,0000000000000000
56410,0x100,0c80004800000000
56420,0x100,0c80004800000000
56420,0x1A0,0000000000000000
56430,0x100,0c80004800000000
56440,0x100,0c80004800000000
56440,0x1A0,0000000000000000
56450,0x100,0c80004800000000
56450,0x120,000003e800000000
56460,0x100,0c80004800000000
56460,0x1A0,0000000000000000
56470,0x100,0c80004800000000
56480,0x100,0c80004800000000
56480,0x1A0,0000000000000000
56490,0x100,0c80004800000000
56500,0x100,0c80004800000000
56500,0x120,000003e800000000
56500,0x1A0,0000000000000000
56510,0x100,0c80004800000000
56520,0x100,0c80004800000000
56520,0x1A0,0000000000000000
56530,0x100,0c80004800000000
56540,0x100,0c80004800000000
56540,0x1A0,0000000000000000
56550,0x100,0c80004800000000
56550,0x120,000003e800000000
56560,0x100,0c80004800000000
56560,0x1A0,0000000000000000
56570,0x100,0c80004800000000
56580,0x100,0c80004800000000
56580,0x1A0,0000000000000000
56590,0x100,0c80004800000000
56600,0x100,0c80004800000000
56600,0x120,000003e800000000
56600,0x1A0,0000000000000000
56610,0x100,0c80004800000000
56620,0x100,0c80004800000000
56620,0x1A0,0000000000000000
56630,0x100,0c80004800000000
56640,0x100,0c80004800000000
56640,0x1A0,0000000000000000
56650,0x100,0c80004800000000
56650,0x120,000003e800000000
56660,0x100,0c80004800000000
56660,0x1A0,0000000000000000
56670,0x100,0c80004800000000
56680,0x100,0c80004800000000
56680,0x1A0,0000000000000000
56690,0x100,0c80004800000000
56700,0x100,0c80004800000000
56700,0x120,000003e800000000
56700,0x1A0,0000000000000000
56710,0x100,0c80004800000000
56720,0x100,0c80004800000000
56720,0x1A0,0000000000000000
56730,0x100,0c80004800000000
56740,0x100,0c80004800000000
56740,0x1A0,0000000000000000
56750,0x100,0c80004800000000
56750,0x120,000003e800000000
56760,0x100,0c80004800000000
56760,0x1A0,0000000000000000
56770,0x100,0c80004800000000
56780,0x100,0c80004800000000
56780,0x1A0,0000000000000000
56790,0x100,0c80004800000000
56800,0x100,0c80004800000000
56800,0x120,000003e800000000
56800,0x1A0,0000000000000000
56810,0x100,0c80004800000000
56820,0x100,0c80004800000000
56820,0x1A0,0000000000000000
56830,0x100,0c80004800000000
56840,0x100,0c80004800000000
56840,0x1A0,0000000000000000
56850,0x100,0c80004800000000
56850,0x120,000003e800000000
56860,0x100,0c80004800000000
56860,0x1A0,0000000000000000
56870,0x100,0c80004800000000
56880,0x100,0c80004800000000
56880,0x1A0,0000000000000000
56890,0x100,0c80004800000000
56900,0x100,0c80004800000000
56900,0x120,000003e800000000
56900,0x1A0,0000000000000000
56910,0x100,0c80004800000000
56920,0x100,0c80004800000000
56920,0x1A0,0000000000000000
56930,0x100,0c80004800000000
56940,0x100,0c80004800000000
56940,0x1A0,0000000000000000
56950,0x100,0c80004800000000
56950,0x120,000003e800000000
56960,0x100,0c80004800000000
56960,0x1A0,0000000000000000
56970,0x100,0c80004800000000
56980,0x100,0c80004800000000
56980,0x1A0,0000000000000000
56990,0x100,0c80004800000000
57000,0x100,0c80004800000000
57000,0x120,000003e800000000
57000,0x1A0,0000000000000000
57010,0x100,0c80004800000000
57020,0x100,0c80004800000000
57020,0x1A0,0000000000000000
57030,0x100,0c80004800000000
57040,0x100,0c80004800000000
57040,0x1A0,0000000000000000
57050,0x100,0c80004800000000
57050,0x120,000003e800000000
57060,0x100,0c80004800000000
57060,0x1A0,0000000000000000
57070,0x100,0c80004800000000
57080,0x100,0c80004800000000
57080,0x1A0,0000000000000000
57090,0x100,0c80004800000000
57100,0x100,0c80004800000000
57100,0x120,000003e800000000
57100,0x1A0,0000000000000000
57110,0x100,0c80004800000000
57120,0x100,0c80004800000000
57120,0x1A0,0000000000000000
57130,0x100,0c80004800000000
57140,0x100,0c80004800000000
57140,0x1A0,0000000000000000
57150,0x100,0c80004800000000
57150,0x120,000003e800000000
57160,0x100,0c80004800000000
57160,0x1A0,0000000000000000
57170,0x100,0c80004800000000
57180,0x100,0c80004800000000
57180,0x1A0,0000000000000000
57190,0x100,0c80004800000000
57200,0x100,0c80004800000000
57200,0x120,000003e800000000
57200,0x1A0,0000000000000000
57210,0x100,0c80004800000000
57220,0x100,0c80004800000000
57220,0x1A0,0000000000000000
57230,0x100,0c80004800000000
57240,0x100,0c80004800000000
57240,0x1A0,0000000000000000
57250,0x100,0c80004800000000
57250,0x120,000003e800000000
57260,0x100,0c80004800000000
57260,0x1A0,0000000000000000
57270,0x100,0c80004800000000
57280,0x100,0c80004800000000
57280,0x1A0,0000000000000000
57290,0x100,0c80004800000000
57300,0x100,0c80004800000000
57300,0x120,000003e800000000
57300,0x1A0,0000000000000000
57310,0x100,0c80004800000000
57320,0x100,0c80004800000000
57320,0x1A0,0000000000000000
57330,0x100,0c80004800000000
57340,0x100,0c80004800000000
57340,0x1A0,0000000000000000
57350,0x100,0c80004800000000
57350,0x120,000003e800000000
57360,0x100,0c80004800000000
57360,0x1A0,0000000000000000
57370,0x100,0c80004800000000
57380,0x100,0c80004800000000
57380,0x1A0,0000000000000000
57390,0x100,0c80004800000000
57400,0x100,0c80004800000000
57400,0x120,000003e800000000
57400,0x1A0,0000000000000000
57410,0x100,0c80004800000000
57420,0x100,0c80004800000000
57420,0x1A0,0000000000000000
57430,0x100,0c80004800000000
57440,0x100,0c80004800000000
57440,0x1A0,0000000000000000
57450,0x100,0c80004800000000
57450,0x120,000003e800000000
57460,0x100,0c80004800000000
57460,0x1A0,0000000000000000
57470,0x100,0c80004800000000
57480,0x100,0c80004800000000
57480,0x1A0,0000000000000000
57490,0x100,0c80004800000000
57500,0x100,0c80004800000000
57500,0x120,000003e800000000
57500,0x1A0,0000000000000000
57510,0x100,0c80004800000000
57520,0x100,0c80004800000000
57520,0x1A0,0000000000000000
57530,0x100,0c80004800000000
57540,0x100,0c80004800000000
57540,0x1A0,0000000000000000
57550,0x100,0c80004800000000
57550,0x120,000003e800000000
57560,0x100,0c80004800000000
57560,0x1A0,0000000000000000
57570,0x100,0c80004800000000
57580,0x100,0c80004800000000
57580,0x1A0,0000000000000000
57590,0x100,0c80004800000000
57600,0x100,0c80004800000000
57600,0x120,000003e800000000
57600,0x1A0,0000000000000000
57610,0x100,0c80004800000000
57620,0x100,0c80004800000000
57620,0x1A0,0000000000000000
57630,0x100,0c80004800000000
57640,0x100,0c80004800000000
57640,0x1A0,0000000000000000
57650,0x100,0c80004800000000
57650,0x120,000003e800000000
57660,0x100,0c80004800000000
57660,0x1A0,0000000000000000
57670,0x100,0c80004800000000
57680,0x100,0c80004800000000
57680,0x1A0,0000000000000000
57690,0x100,0c80004800000000
57700,0x100,0c80004800000000
57700,0x120,000003e800000000
57700,0x1A0,0000000000000000
57710,0x100,0c80004800000000
57720,0x100,0c80004800000000
57720,0x1A0,0000000000000000
57730,0x100,0c80004800000000
57740,0x100,0c80004800000000
57740,0x1A0,0000000000000000
57750,0x100,0c80004800000000
57750,0x120,000003e800000000
57760,0x100,0c80004800000000
57760,0x1A0,0000000000000000
57770,0x100,0c80004800000000
57780,0x100,0c80004800000000
57780,0x1A0,0000000000000000
57790,0x100,0c80004800000000
57800,0x100,0c80004800000000
57800,0x120,000003e800000000
57800,0x1A0,0000000000000000
57810,0x100,0c80004800000000
57820,0x100,0c80004800000000
57820,0x1A0,0000000000000000
57830,0x100,0c80004800000000
57840,0x100,0c80004800000000
57840,0x1A0,0000000000000000
57850,0x100,0c80004800000000
57850,0x120,000003e800000000
57860,0x100,0c80004800000000
57860,0x1A0,0000000000000000
57870,0x100,0c80004800000000
57880,0x100,0c80004800000000
57880,0x1A0,0000000000000000
57890,0x100,0c80004800000000
57900,0x100,0c80004800000000
57900,0x120,000003e800000000
57900,0x1A0,0000000000000000
57910,0x100,0c80004800000000
57920,0x100,0c80004800000000
57920,0x1A0,0000000000000000
57930,0x100,0c80004800000000
57940,0x100,0c80004800000000
57940,0x1A0,0000000000000000
57950,0x100,0c80004800000000
57950,0x120,000003e800000000
57960,0x100,0c80004800000000
57960,0x1A0,0000000000000000
57970,0x100,0c80004800000000
57980,0x100,0c80004800000000
57980,0x1A0,0000000000000000
57990,0x100,0c80004800000000
58000,0x100,0c80004800000000
58000,0x120,000003e800000000
58000,0x1A0,0000000000000000
58010,0x100,0c80004800000000
58020,0x100,0c80004800000000
58020,0x1A0,0000000000000000
58030,0x100,0c80004800000000
58040,0x100,0c80004800000000
58040,0x1A0,0000000000000000
58050,0x100,0c80004800000000
58050,0x120,000003e800000000
58060,0x100,0c80004800000000
58060,0x1A0,0000000000000000
58070,0x100,0c80004800000000
58080,0x100,0c80004800000000
58080,0x1A0,0000000000000000
58090,0x100,0c80004800000000
58100,0x100,0c80004800000000
58100,0x120,000003e800000000
58100,0x1A0,0000000000000000
58110,0x100,0c80004800000000
58120,0x100,0c80004800000000
58120,0x1A0,0000000000000000
58130,0x100,0c80004800000000
58140,0x100,0c80004800000000
58140,0x1A0,0000000000000000
58150,0x100,0c80004800000000
58150,0x120,000003e800000000
58160,0x100,0c80004800000000
58160,0x1A0,0000000000000000
58170,0x100,0c80004800000000
58180,0x100,0c80004800000000
58180,0x1A0,0000000000000000
58190,0x100,0c80004800000000
58200,0x100,0c80004800000000
58200,0x120,000003e800000000
58200,0x1A0,0000000000000000
58210,0x100,0c80004800000000
58220,0x100,0c80004800000000
58220,0x1A0,0000000000000000
58230,0x100,0c80004800000000
58240,0x100,0c80004800000000
58240,0x1A0,0000000000000000
58250,0x100,0c80004800000000
58250,0x120,000003e800000000
58260,0x100,0c80004800000000
58260,0x1A0,0000000000000000
58270,0x100,0c80004800000000
58280,0x100,0c80004800000000
58280,0x1A0,0000000000000000
58290,0x100,0c80004800000000
58300,0x100,0c80004800000000
58300,0x120,000003e800000000
58300,0x1A0,0000000000000000
58310,0x100,0c80004800000000
58320,0x100,0c80004800000000
58320,0x1A0,0000000000000000
58330,0x100,0c80004800000000
58340,0x100,0c80004800000000
58340,0x1A0,0000000000000000
58350,0x100,0c80004800000000
58350,0x120,000003e800000000
58360,0x100,0c80004800000000
58360,0x1A0,0000000000000000
58370,0x100,0c80004800000000
58380,0x100,0c80004800000000
58380,0x1A0,0000000000000000
58390,0x100,0c80004800000000
58400,0x100,0c80004800000000
58400,0x120,000003e800000000
58400,0x1A0,0000000000000000
58410,0x100,0c80004800000000
58420,0x100,0c80004800000000
58420,0x1A0,0000000000000000
58430,0x100,0c80004800000000
58440,0x100,0c80004800000000
58440,0x1A0,0000000000000000
58450,0x100,0c80004800000000
58450,0x120,000003e800000000
58460,0x100,0c80004800000000
58460,0x1A0,0000000000000000
58470,0x100,0c80004800000000
58480,0x100,0c80004800000000
58480,0x1A0,0000000000000000
58490,0x100,0c80004800000000
58500,0x100,0c80004800000000
58500,0x120,000003e800000000
58500,0x1A0,0000000000000000
58510,0x100,0c80004800000000
58520,0x100,0c80004800000000
58520,0x1A0,0000000000000000
58530,0x100,0c80004800000000
58540,0x100,0c80004800000000
58540,0x1A0,0000000000000000
58550,0x100,0c80004800000000
58550,0x120,000003e800000000
58560,0x100,0c80004800000000
58560,0x1A0,0000000000000000
58570,0x100,0c80004800000000
58580,0x100,0c80004800000000
58580,0x1A0,0000000000000000
58590,0x100,0c80004800000000
58600,0x100,0c80004800000000
58600,0x120,000003e800000000
58600,0x1A0,0000000000000000
58610,0x100,0c80004800000000
58620,0x100,0c80004800000000
58620,0x1A0,0000000000000000
58630,0x100,0c80004800000000
58640,0x100,0c80004800000000
58640,0x1A0,0000000000000000
58650,0x100,0c80004800000000
58650,0x120,000003e800000000
58660,0x100,0c80004800000000
58660,0x1A0,0000000000000000
58670,0x100,0c80004800000000
58680,0x100,0c80004800000000
58680,0x1A0,0000000000000000
58690,0x100,0c80004800000000
58700,0x100,0c80004800000000
58700,0x120,000003e800000000
58700,0x1A0,0000000000000000
58710,0x100,0c80004800000000
58720,0x100,0c80004800000000
58720,0x1A0,0000000000000000
58730,0x100,0c80004800000000
58740,0x100,0c80004800000000
58740,0x1A0,0000000000000000
58750,0x100,0c80004800000000
58750,0x120,000003e800000000
58760,0x100,0c80004800000000
58760,0x1A0,0000000000000000
58770,0x100,0c80004800000000
58780,0x100,0c80004800000000
58780,0x1A0,0000000000000000
58790,0x100,0c80004800000000
58800,0x100,0c80004800000000
58800,0x120,000003e800000000
58800,0x1A0,0000000000000000
58810,0x100,0c80004800000000
58820,0x100,0c80004800000000
58820,0x1A0,0000000000000000
58830,0x100,0c80004800000000
58840,0x100,0c80004800000000
58840,0x1A0,0000000000000000
58850,0x100,0c80004800000000
58850,0x120,000003e800000000
58860,0x100,0c80004800000000
58860,0x1A0,0000000000000000
58870,0x100,0c80004800000000
58880,0x100,0c80004800000000
58880,0x1A0,0000000000000000
58890,0x100,0c80004800000000
58900,0x100,0c80004800000000
58900,0x120,000003e800000000
58900,0x1A0,0000000000000000
58910,0x100,0c80004800000000
58920,0x100,0c80004800000000
58920,0x1A0,0000000000000000
58930,0x100,0c80004800000000
58940,0x100,0c80004800000000
58940,0x1A0,0000000000000000
58950,0x100,0c80004800000000
58950,0x120,000003e800000000
58960,0x100,0c80004800000000
58960,0x1A0,0000000000000000
58970,0x100,0c80004800000000
58980,0x100,0c80004800000000
58980,0x1A0,0000000000000000
58990,0x100,0c80004800000000
59000,0x100,0c80004800000000
59000,0x120,000003e800000000
59000,0x1A0,0000000000000000
59010,0x100,0c80004800000000
59020,0x100,0c80004900000000
59020,0x1A0,0000000000000000
59030,0x100,0c80004900000000
59040,0x100,0c80004900000000
59040,0x1A0,0000000000000000
59050,0x100,0c80004900000000
59050,0x120,000003e800000000
59060,0x100,0c80004900000000
59060,0x1A0,0000000000000000
59070,0x100,0c80004900000000
59080,0x100,0c80004900000000
59080,0x1A0,0000000000000000
59090,0x100,0c80004900000000
59100,0x100,0c80004900000000
59100,0x120,000003e800000000
59100,0x1A0,0000000000000000
59110,0x100,0c80004900000000
59120,0x100,0c80004900000000
59120,0x1A0,0000000000000000
59130,0x100,0c80004900000000
59140,0x100,0c80004900000000
59140,0x1A0,0000000000000000
59150,0x100,0c80004900000000
59150,0x120,000003e800000000
59160,0x100,0c80004900000000
59160,0x1A0,0000000000000000
59170,0x100,0c80004900000000
59180,0x100,0c80004900000000
59180,0x1A0,0000000000000000
59190,0x100,0c80004900000000
59200,0x100,0c80004900000000
59200,0x120,000003e800000000
59200,0x1A0,0000000000000000
59210,0x100,0c80004900000000
59220,0x100,0c80004900000000
59220,0x1A0,0000000000000000
59230,0x100,0c80004900000000
59240,0x100,0c80004900000000
59240,0x1A0,0000000000000000
59250,0x100,0c80004900000000
59250,0x120,000003e800000000
59260,0x100,0c80004900000000
59260,0x1A0,0000000000000000
59270,0x100,0c80004900000000
59280,0x100,0c80004900000000
59280,0x1A0,0000000000000000
59290,0x100,0c80004900000000
59300,0x100,0c80004900000000
59300,0x120,000003e800000000
59300,0x1A0,0000000000000000
59310,0x100,0c80004900000000
59320,0x100,0c80004900000000
59320,0x1A0,0000000000000000
59330,0x100,0c80004900000000
59340,0x100,0c80004900000000
59340,0x1A0,0000000000000000
59350,0x100,0c80004900000000
59350,0x120,000003e800000000
59360,0x100,0c80004900000000
59360,0x1A0,0000000000000000
59370,0x100,0c80004900000000
59380,0x100,0c80004900000000
59380,0x1A0,0000000000000000
59390,0x100,0c80004900000000
59400,0x100,0c80004900000000
59400,0x120,000003e800000000
59400,0x1A0,0000000000000000
59410,0x100,0c80004900000000
59420,0x100,0c80004900000000
59420,0x1A0,0000000000000000
59430,0x100,0c80004900000000
59440,0x100,0c80004900000000
59440,0x1A0,0000000000000000
59450,0x100,0c80004900000000
59450,0x120,000003e800000000
59460,0x100,0c80004900000000
59460,0x1A0,0000000000000000
59470,0x100,0c80004900000000
59480,0x100,0c80004900000000
59480,0x1A0,0000000000000000
59490,0x100,0c80004900000000
59500,0x100,0c80004900000000
59500,0x120,000003e800000000
59500,0x1A0,0000000000000000
59510,0x100,0c80004900000000
59520,0x100,0c80004900000000
59520,0x1A0,0000000000000000
59530,0x100,0c80004900000000
59540,0x100,0c80004900000000
59540,0x1A0,0000000000000000
59550,0x100,0c80004900000000
59550,0x120,000003e800000000
59560,0x100,0c80004900000000
59560,0x1A0,0000000000000000
59570,0x100,0c80004900000000
59580,0x100,0c80004900000000
59580,0x1A0,0000000000000000
59590,0x100,0c80004900000000
59600,0x100,0c80004900000000
59600,0x120,000003e800000000
59600,0x1A0,0000000000000000
59610,0x100,0c80004900000000
59620,0x100,0c80004900000000
59620,0x1A0,0000000000000000
59630,0x100,0c80004900000000
59640,0x100,0c80004900000000
59640,0x1A0,0000000000000000
59650,0x100,0c80004900000000
59650,0x120,000003e800000000
59660,0x100,0c80004900000000
59660,0x1A0,0000000000000000
59670,0x100,0c80004900000000
59680,0x100,0c80004900000000
59680,0x1A0,0000000000000000
59690,0x100,0c80004900000000
59700,0x100,0c80004900000000
59700,0x120,000003e800000000
59700,0x1A0,0000000000000000
59710,0x100,0c80004900000000
59720,0x100,0c80004900000000
59720,0x1A0,0000000000000000
59730,0x100,0c80004900000000
59740,0x100,0c80004900000000
59740,0x1A0,0000000000000000
59750,0x100,0c80004900000000
59750,0x120,000003e800000000
59760,0x100,0c80004900000000
59760,0x1A0,0000000000000000
59770,0x100,0c80004900000000
59780,0x100,0c80004900000000
59780,0x1A0,0000000000000000
59790,0x100,0c80004900000000
59800,0x100,0c80004900000000
59800,0x120,000003e800000000
59800,0x1A0,0000000000000000
59810,0x100,0c80004900000000
59820,0x100,0c80004900000000
59820,0x1A0,0000000000000000
59830,0x100,0c80004900000000
59840,0x100,0c80004900000000
59840,0x1A0,0000000000000000
59850,0x100,0c80004900000000
59850,0x120,000003e800000000
59860,0x100,0c80004900000000
59860,0x1A0,0000000000000000
59870,0x100,0c80004900000000
59880,0x100,0c80004900000000
59880,0x1A0,0000000000000000
59890,0x100,0c80004900000000
59900,0x100,0c80004900000000
59900,0x120,000003e800000000
59900,0x1A0,0000000000000000
59910,0x100,0c80004900000000
59920,0x100,0c80004900000000
59920,0x1A0,0000000000000000
59930,0x100,0c80004900000000
59940,0x100,0c80004900000000
59940,0x1A0,0000000000000000
59950,0x100,0c80004900000000
59950,0x120,000003e800000000
59960,0x100,0c80004900000000
59960,0x1A0,0000000000000000
59970,0x100,0c80004900000000
59980,0x100,0c80004900000000
59980,0x1A0,0000000000000000
59990,0x100,0c80004900000000
