time_s,timestamp_ms,engine_rpm,throttle_position,coolant_temperature,brake_pressure,brake_pedal,wheel_speed,vehicle_speed,longitudinal_acceleration
0.0,0,800.0,0.0,20.0,0.0,0.0,0.0,0.0,0.0
0.01,10,800.0,0.0,20.002333294444878,0.0,0.0,0.0,0.0,0.0
0.02,20,800.0,0.0,20.00466651111457,0.0,0.0,0.0,0.0,0.0
0.03,30,800.0,0.0,20.006999650011668,0.0,0.0,0.0,0.0,0.0
0.04,40,800.0,0.0,20.009332711138764,0.0,0.0,0.0,0.0,0.0
0.05,50,800.0,0.0,20.011665694498454,0.0,0.0,0.0,0.0,0.0
0.06,60,800.0,0.0,20.013998600093327,0.0,0.0,0.0,0.0,0.0
0.07,70,800.0,0.0,20.016331427925977,0.0,0.0,0.0,0.0,0.0
0.08,80,800.0,0.0,20.018664177998996,0.0,0.0,0.0,0.0,0.0
0.09,90,800.0,0.0,20.020996850314976,0.0,0.0,0.0,0.0,0.0
0.1,100,800.0,0.0,20.023329444876506,0.0,0.0,0.0,0.0,0.0
0.11,110,800.0,0.0,20.02566196168618,0.0,0.0,0.0,0.0,0.0
0.12,120,800.0,0.0,20.02799440074659,0.0,0.0,0.0,0.0,0.0
0.13,130,800.0,0.0,20.030326762060326,0.0,0.0,0.0,0.0,0.0
0.14,140,800.0,0.0,20.032659045629984,0.0,0.0,0.0,0.0,0.0
0.15,150,800.0,0.0,20.03499125145815,0.0,0.0,0.0,0.0,0.0
0.16,160,800.0,0.0,20.03732337954742,0.0,0.0,0.0,0.0,0.0
0.17,170,800.0,0.0,20.039655429900375,0.0,0.0,0.0,0.0,0.0
0.18,180,800.0,0.0,20.04198740251962,0.0,0.0,0.0,0.0,0.0
0.19,190,800.0,0.0,20.04431929740774,0.0,0.0,0.0,0.0,0.0
0.2,200,800.0,0.0,20.046651114567325,0.0,0.0,0.0,0.0,0.0
0.21,210,800.0,0.0,20.04898285400097,0.0,0.0,0.0,0.0,0.0
0.22,220,800.0,0.0,20.05131451571125,0.0,0.0,0.0,0.0,0.0
0.23,230,800.0,0.0,20.05364609970078,0.0,0.0,0.0,0.0,0.0
0.24,240,800.0,0.0,20.05597760597214,0.0,0.0,0.0,0.0,0.0
0.25,250,800.0,0.0,20.05830903452792,0.0,0.0,0.0,0.0,0.0
0.26,260,800.0,0.0,20.060640385370704,0.0,0.0,0.0,0.0,0.0
0.27,270,800.0,0.0,20.062971658503084,0.0,0.0,0.0,0.0,0.0
0.28,280,800.0,0.0,20.065302853927665,0.0,0.0,0.0,0.0,0.0
0.29,290,800.0,0.0,20.067633971647023,0.0,0.0,0.0,0.0,0.0
0.3,300,800.0,0.0,20.069965011663747,0.0,0.0,0.0,0.0,0.0
0.31,310,800.0,0.0,20.072295973980445,0.0,0.0,0.0,0.0,0.0
0.32,320,800.0,0.0,20.074626858599682,0.0,0.0,0.0,0.0,0.0
0.33,330,800.0,0.0,20.076957665524066,0.0,0.0,0.0,0.0,0.0
0.34,340,800.0,0.0,20.079288394756176,0.0,0.0,0.0,0.0,0.0
0.35,350,800.0,0.0,20.08161904629861,0.0,0.0,0.0,0.0,0.0
0.36,360,800.0,0.0,20.083949620153952,0.0,0.0,0.0,0.0,0.0
0.37,370,800.0,0.0,20.086280116324794,0.0,0.0,0.0,0.0,0.0
0.38,380,800.0,0.0,20.088610534813725,0.0,0.0,0.0,0.0,0.0
0.39,390,800.0,0.0,20.090940875623343,0.0,0.0,0.0,0.0,0.0
0.4,400,800.0,0.0,20.09327113875622,0.0,0.0,0.0,0.0,0.0
0.41,410,800.0,0.0,20.095601324214954,0.0,0.0,0.0,0.0,0.0
0.42,420,800.0,0.0,20.097931432002134,0.0,0.0,0.0,0.0,0.0
0.43,430,800.0,0.0,20.100261462120347,0.0,0.0,0.0,0.0,0.0
0.44,440,800.0,0.0,20.10259141457219,0.0,0.0,0.0,0.0,0.0
0.45,450,800.0,0.0,20.104921289360238,0.0,0.0,0.0,0.0,0.0
0.46,460,800.0,0.0,20.107251086487093,0.0,0.0,0.0,0.0,0.0
0.47,470,800.0,0.0,20.109580805955332,0.0,0.0,0.0,0.0,0.0
0.48,480,800.0,0.0,20.111910447767556,0.0,0.0,0.0,0.0,0.0
0.49,490,800.0,0.0,20.114240011926345,0.0,0.0,0.0,0.0,0.0
0.5,500,800.0,0.0,20.11656949843429,0.0,0.0,0.0,0.0,0.0
0.51,510,800.0,0.0,20.118898907293982,0.0,0.0,0.0,0.0,0.0
0.52,520,800.0,0.0,20.121228238508003,0.0,0.0,0.0,0.0,0.0
0.53,530,800.0,0.0,20.123557492078945,0.0,0.0,0.0,0.0,0.0
0.54,540,800.0,0.0,20.12588666800939,0.0,0.0,0.0,0.0,0.0
0.55,550,800.0,0.0,20.12821576630194,0.0,0.0,0.0,0.0,0.0
0.56,560,800.0,0.0,20.130544786959167,0.0,0.0,0.0,0.0,0.0
0.57,570,800.0,0.0,20.13287372998367,0.0,0.0,0.0,0.0,0.0
0.58,580,800.0,0.0,20.135202595378033,0.0,0.0,0.0,0.0,0.0
0.59,590,800.0,0.0,20.13753138314484,0.0,0.0,0.0,0.0,0.0
0.6,600,800.0,0.0,20.139860093286686,0.0,0.0,0.0,0.0,0.0
0.61,610,800.0,0.0,20.142188725806154,0.0,0.0,0.0,0.0,0.0
0.62,620,800.0,0.0,20.14451728070583,0.0,0.0,0.0,0.0,0.0
0.63,630,800.0,0.0,20.146845757988302,0.0,0.0,0.0,0.0,0.0
0.64,640,800.0,0.0,20.149174157656155,0.0,0.0,0.0,0.0,0.0
0.65,650,800.0,0.0,20.151502479711986,0.0,0.0,0.0,0.0,0.0
0.66,660,800.0,0.0,20.15383072415837,0.0,0.0,0.0,0.0,0.0
0.67,670,800.0,0.0,20.156158890997908,0.0,0.0,0.0,0.0,0.0
0.68,680,800.0,0.0,20.158486980233164,0.0,0.0,0.0,0.0,0.0
0.69,690,800.0,0.0,20.16081499186675,0.0,0.0,0.0,0.0,0.0
0.7,700,800.0,0.0,20.163142925901237,0.0,0.0,0.0,0.0,0.0
0.71,710,800.0,0.0,20.16547078233922,0.0,0.0,0.0,0.0,0.0
0.72,720,800.0,0.0,20.167798561183275,0.0,0.0,0.0,0.0,0.0
0.73,730,800.0,0.0,20.170126262436003,0.0,0.0,0.0,0.0,0.0
0.74,740,800.0,0.0,20.172453886099976,0.0,0.0,0.0,0.0,0.0
0.75,750,800.0,0.0,20.174781432177795,0.0,0.0,0.0,0.0,0.0
0.76,760,800.0,0.0,20.17710890067203,0.0,0.0,0.0,0.0,0.0
0.77,770,800.0,0.0,20.179436291585276,0.0,0.0,0.0,0.0,0.0
0.78,780,800.0,0.0,20.181763604920118,0.0,0.0,0.0,0.0,0.0
0.79,790,800.0,0.0,20.18409084067914,0.0,0.0,0.0,0.0,0.0
0.8,800,800.0,0.0,20.186417998864933,0.0,0.0,0.0,0.0,0.0
0.81,810,800.0,0.0,20.18874507948008,0.0,0.0,0.0,0.0,0.0
0.82,820,800.0,0.0,20.191072082527164,0.0,0.0,0.0,0.0,0.0
0.83,830,800.0,0.0,20.193399008008775,0.0,0.0,0.0,0.0,0.0
0.84,840,800.0,0.0,20.195725855927495,0.0,0.0,0.0,0.0,0.0
0.85,850,800.0,0.0,20.198052626285907,0.0,0.0,0.0,0.0,0.0
0.86,860,800.0,0.0,20.200379319086604,0.0,0.0,0.0,0.0,0.0
0.87,870,800.0,0.0,20.202705934332165,0.0,0.0,0.0,0.0,0.0
0.88,880,800.0,0.0,20.205032472025177,0.0,0.0,0.0,0.0,0.0
0.89,890,800.0,0.0,20.20735893216822,0.0,0.0,0.0,0.0,0.0
0.9,900,800.0,0.0,20.209685314763888,0.0,0.0,0.0,0.0,0.0
0.91,910,800.0,0.0,20.212011619814767,0.0,0.0,0.0,0.0,0.0
0.92,920,800.0,0.0,20.21433784732343,0.0,0.0,0.0,0.0,0.0
0.93,930,800.0,0.0,20.21666399729247,0.0,0.0,0.0,0.0,0.0
0.94,940,800.0,0.0,20.218990069724473,0.0,0.0,0.0,0.0,0.0
0.95,950,800.0,0.0,20.22131606462202,0.0,0.0,0.0,0.0,0.0
0.96,960,800.0,0.0,20.223641981987697,0.0,0.0,0.0,0.0,0.0
0.97,970,800.0,0.0,20.225967821824078,0.0,0.0,0.0,0.0,0.0
0.98,980,800.0,0.0,20.228293584133766,0.0,0.0,0.0,0.0,0.0
0.99,990,800.0,0.0,20.230619268919334,0.0,0.0,0.0,0.0,0.0
1.0,1000,800.0,0.0,20.23294487618337,0.0,0.0,0.0,0.0,0.0
1.01,1010,800.0,0.0,20.235270405928453,0.0,0.0,0.0,0.0,0.0
1.02,1020,800.0,0.0,20.237595858157164,0.0,0.0,0.0,0.0,0.0
1.03,1030,800.0,0.0,20.2399212328721,0.0,0.0,0.0,0.0,0.0
1.04,1040,800.0,0.0,20.242246530075835,0.0,0.0,0.0,0.0,0.0
1.05,1050,800.0,0.0,20.24457174977096,0.0,0.0,0.0,0.0,0.0
1.06,1060,800.0,0.0,20.246896891960045,0.0,0.0,0.0,0.0,0.0
1.07,1070,800.0,0.0,20.24922195664569,0.0,0.0,0.0,0.0,0.0
1.08,1080,800.0,0.0,20.25154694383047,0.0,0.0,0.0,0.0,0.0
1.09,1090,800.0,0.0,20.25387185351696,0.0,0.0,0.0,0.0,0.0
1.1,1100,800.0,0.0,20.256196685707756,0.0,0.0,0.0,0.0,0.0
1.11,1110,800.0,0.0,20.258521440405442,0.0,0.0,0.0,0.0,0.0
1.12,1120,800.0,0.0,20.260846117612594,0.0,0.0,0.0,0.0,0.0
1.13,1130,800.0,0.0,20.263170717331796,0.0,0.0,0.0,0.0,0.0
1.14,1140,800.0,0.0,20.265495239565627,0.0,0.0,0.0,0.0,0.0
1.15,1150,800.0,0.0,20.26781968431668,0.0,0.0,0.0,0.0,0.0
1.16,1160,800.0,0.0,20.270144051587533,0.0,0.0,0.0,0.0,0.0
1.17,1170,800.0,0.0,20.27246834138077,0.0,0.0,0.0,0.0,0.0
1.18,1180,800.0,0.0,20.274792553698973,0.0,0.0,0.0,0.0,0.0
1.19,1190,800.0,0.0,20.277116688544716,0.0,0.0,0.0,0.0,0.0
1.2,1200,800.0,0.0,20.279440745920596,0.0,0.0,0.0,0.0,0.0
1.21,1210,800.0,0.0,20.281764725829188,0.0,0.0,0.0,0.0,0.0
1.22,1220,800.0,0.0,20.28408862827307,0.0,0.0,0.0,0.0,0.0
1.23,1230,800.0,0.0,20.28641245325483,0.0,0.0,0.0,0.0,0.0
1.24,1240,800.0,0.0,20.28873620077704,0.0,0.0,0.0,0.0,0.0
1.25,1250,800.0,0.0,20.291059870842304,0.0,0.0,0.0,0.0,0.0
1.26,1260,800.0,0.0,20.293383463453186,0.0,0.0,0.0,0.0,0.0
1.27,1270,800.0,0.0,20.29570697861227,0.0,0.0,0.0,0.0,0.0
1.28,1280,800.0,0.0,20.298030416322135,0.0,0.0,0.0,0.0,0.0
1.29,1290,800.0,0.0,20.30035377658537,0.0,0.0,0.0,0.0,0.0
1.3,1300,800.0,0.0,20.302677059404555,0.0,0.0,0.0,0.0,0.0
1.31,1310,800.0,0.0,20.305000264782272,0.0,0.0,0.0,0.0,0.0
1.32,1320,800.0,0.0,20.3073233927211,0.0,0.0,0.0,0.0,0.0
1.33,1330,800.0,0.0,20.30964644322362,0.0,0.0,0.0,0.0,0.0
1.34,1340,800.0,0.0,20.311969416292417,0.0,0.0,0.0,0.0,0.0
1.35,1350,800.0,0.0,20.31429231193006,0.0,0.0,0.0,0.0,0.0
1.36,1360,800.0,0.0,20.316615130139144,0.0,0.0,0.0,0.0,0.0
1.37,1370,800.0,0.0,20.318937870922248,0.0,0.0,0.0,0.0,0.0
1.38,1380,800.0,0.0,20.32126053428194,0.0,0.0,0.0,0.0,0.0
1.39,1390,800.0,0.0,20.323583120220825,0.0,0.0,0.0,0.0,0.0
1.4,1400,800.0,0.0,20.325905628741456,0.0,0.0,0.0,0.0,0.0
1.41,1410,800.0,0.0,20.328228059846428,0.0,0.0,0.0,0.0,0.0
1.42,1420,800.0,0.0,20.330550413538326,0.0,0.0,0.0,0.0,0.0
1.43,1430,800.0,0.0,20.332872689819716,0.0,0.0,0.0,0.0,0.0
1.44,1440,800.0,0.0,20.335194888693195,0.0,0.0,0.0,0.0,0.0
1.45,1450,800.0,0.0,20.337517010161335,0.0,0.0,0.0,0.0,0.0
1.46,1460,800.0,0.0,20.339839054226715,0.0,0.0,0.0,0.0,0.0
1.47,1470,800.0,0.0,20.342161020891915,0.0,0.0,0.0,0.0,0.0
1.48,1480,800.0,0.0,20.344482910159513,0.0,0.0,0.0,0.0,0.0
1.49,1490,800.0,0.0,20.346804722032097,0.0,0.0,0.0,0.0,0.0
1.5,1500,800.0,0.0,20.349126456512238,0.0,0.0,0.0,0.0,0.0
1.51,1510,800.0,0.0,20.35144811360252,0.0,0.0,0.0,0.0,0.0
1.52,1520,800.0,0.0,20.353769693305523,0.0,0.0,0.0,0.0,0.0
1.53,1530,800.0,0.0,20.35609119562383,0.0,0.0,0.0,0.0,0.0
1.54,1540,800.0,0.0,20.35841262056001,0.0,0.0,0.0,0.0,0.0
1.55,1550,800.0,0.0,20.36073396811665,0.0,0.0,0.0,0.0,0.0
1.56,1560,800.0,0.0,20.363055238296326,0.0,0.0,0.0,0.0,0.0
1.57,1570,800.0,0.0,20.365376431101623,0.0,0.0,0.0,0.0,0.0
1.58,1580,800.0,0.0,20.367697546535112,0.0,0.0,0.0,0.0,0.0
1.59,1590,800.0,0.0,20.37001858459938,0.0,0.0,0.0,0.0,0.0
1.6,1600,800.0,0.0,20.372339545297,0.0,0.0,0.0,0.0,0.0
1.61,1610,800.0,0.0,20.374660428630555,0.0,0.0,0.0,0.0,0.0
1.62,1620,800.0,0.0,20.376981234602617,0.0,0.0,0.0,0.0,0.0
1.63,1630,800.0,0.0,20.379301963215774,0.0,0.0,0.0,0.0,0.0
1.64,1640,800.0,0.0,20.3816226144726,0.0,0.0,0.0,0.0,0.0
1.65,1650,800.0,0.0,20.383943188375664,0.0,0.0,0.0,0.0,0.0
1.66,1660,800.0,0.0,20.386263684927567,0.0,0.0,0.0,0.0,0.0
1.67,1670,800.0,0.0,20.388584104130867,0.0,0.0,0.0,0.0,0.0
1.68,1680,800.0,0.0,20.39090444598815,0.0,0.0,0.0,0.0,0.0
1.69,1690,800.0,0.0,20.39322471050199,0.0,0.0,0.0,0.0,0.0
1.7,1700,800.0,0.0,20.395544897674974,0.0,0.0,0.0,0.0,0.0
1.71,1710,800.0,0.0,20.397865007509676,0.0,0.0,0.0,0.0,0.0
1.72,1720,800.0,0.0,20.400185040008665,0.0,0.0,0.0,0.0,0.0
1.73,1730,800.0,0.0,20.402504995174528,0.0,0.0,0.0,0.0,0.0
1.74,1740,800.0,0.0,20.404824873009844,0.0,0.0,0.0,0.0,0.0
1.75,1750,800.0,0.0,20.407144673517188,0.0,0.0,0.0,0.0,0.0
1.76,1760,800.0,0.0,20.409464396699136,0.0,0.0,0.0,0.0,0.0
1.77,1770,800.0,0.0,20.41178404255827,0.0,0.0,0.0,0.0,0.0
1.78,1780,800.0,0.0,20.41410361109716,0.0,0.0,0.0,0.0,0.0
1.79,1790,800.0,0.0,20.416423102318387,0.0,0.0,0.0,0.0,0.0
1.8,1800,800.0,0.0,20.41874251622453,0.0,0.0,0.0,0.0,0.0
1.81,1810,800.0,0.0,20.421061852818166,0.0,0.0,0.0,0.0,0.0
1.82,1820,800.0,0.0,20.423381112101872,0.0,0.0,0.0,0.0,0.0
1.83,1830,800.0,0.0,20.425700294078222,0.0,0.0,0.0,0.0,0.0
1.84,1840,800.0,0.0,20.42801939874979,0.0,0.0,0.0,0.0,0.0
1.85,1850,800.0,0.0,20.43033842611916,0.0,0.0,0.0,0.0,0.0
1.86,1860,800.0,0.0,20.432657376188907,0.0,0.0,0.0,0.0,0.0
1.87,1870,800.0,0.0,20.43497624896161,0.0,0.0,0.0,0.0,0.0
1.88,1880,800.0,0.0,20.437295044439836,0.0,0.0,0.0,0.0,0.0
1.89,1890,800.0,0.0,20.43961376262617,0.0,0.0,0.0,0.0,0.0
1.9,1900,800.0,0.0,20.441932403523186,0.0,0.0,0.0,0.0,0.0
1.91,1910,800.0,0.0,20.44425096713346,0.0,0.0,0.0,0.0,0.0
1.92,1920,800.0,0.0,20.44656945345957,0.0,0.0,0.0,0.0,0.0
1.93,1930,800.0,0.0,20.44888786250409,0.0,0.0,0.0,0.0,0.0
1.94,1940,800.0,0.0,20.451206194269595,0.0,0.0,0.0,0.0,0.0
1.95,1950,800.0,0.0,20.453524448758664,0.0,0.0,0.0,0.0,0.0
1.96,1960,800.0,0.0,20.455842625973865,0.0,0.0,0.0,0.0,0.0
1.97,1970,800.0,0.0,20.458160725917793,0.0,0.0,0.0,0.0,0.0
1.98,1980,800.0,0.0,20.460478748593,0.0,0.0,0.0,0.0,0.0
1.99,1990,800.0,0.0,20.462796694002073,0.0,0.0,0.0,0.0,0.0
2.0,2000,800.0,0.0,20.46511456214759,0.0,0.0,0.0,0.0,0.0
2.01,2010,800.0,0.0,20.467432353032123,0.0,0.0,0.0,0.0,0.0
2.02,2020,800.0,0.0,20.469750066658246,0.0,0.0,0.0,0.0,0.0
2.03,2030,800.0,0.0,20.47206770302854,0.0,0.0,0.0,0.0,0.0
2.04,2040,800.0,0.0,20.474385262145574,0.0,0.0,0.0,0.0,0.0
2.05,2050,800.0,0.0,20.476702744011924,0.0,0.0,0.0,0.0,0.0
2.06,2060,800.0,0.0,20.479020148630166,0.0,0.0,0.0,0.0,0.0
2.07,2070,800.0,0.0,20.481337476002867,0.0,0.0,0.0,0.0,0.0
2.08,2080,800.0,0.0,20.483654726132624,0.0,0.0,0.0,0.0,0.0
2.09,2090,800.0,0.0,20.485971899021983,0.0,0.0,0.0,0.0,0.0
2.1,2100,800.0,0.0,20.488288994673542,0.0,0.0,0.0,0.0,0.0
2.11,2110,800.0,0.0,20.490606013089867,0.0,0.0,0.0,0.0,0.0
2.12,2120,800.0,0.0,20.492922954273524,0.0,0.0,0.0,0.0,0.0
2.13,2130,800.0,0.0,20.495239818227102,0.0,0.0,0.0,0.0,0.0
2.14,2140,800.0,0.0,20.497556604953168,0.0,0.0,0.0,0.0,0.0
2.15,2150,800.0,0.0,20.4998733144543,0.0,0.0,0.0,0.0,0.0
2.16,2160,800.0,0.0,20.50218994673306,0.0,0.0,0.0,0.0,0.0
2.17,2170,800.0,0.0,20.504506501792044,0.0,0.0,0.0,0.0,0.0
2.18,2180,800.0,0.0,20.506822979633807,0.0,0.0,0.0,0.0,0.0
2.19,2190,800.0,0.0,20.509139380260926,0.0,0.0,0.0,0.0,0.0
2.2,2200,800.0,0.0,20.511455703675974,0.0,0.0,0.0,0.0,0.0
2.21,2210,800.0,0.0,20.513771949881537,0.0,0.0,0.0,0.0,0.0
2.22,2220,800.0,0.0,20.516088118880173,0.0,0.0,0.0,0.0,0.0
2.23,2230,800.0,0.0,20.51840421067447,0.0,0.0,0.0,0.0,0.0
2.24,2240,800.0,0.0,20.520720225266988,0.0,0.0,0.0,0.0,0.0
2.25,2250,800.0,0.0,20.52303616266031,0.0,0.0,0.0,0.0,0.0
2.26,2260,800.0,0.0,20.525352022857007,0.0,0.0,0.0,0.0,0.0
2.27,2270,800.0,0.0,20.527667805859647,0.0,0.0,0.0,0.0,0.0
2.28,2280,800.0,0.0,20.529983511670807,0.0,0.0,0.0,0.0,0.0
2.29,2290,800.0,0.0,20.532299140293055,0.0,0.0,0.0,0.0,0.0
2.3,2300,800.0,0.0,20.534614691728976,0.0,0.0,0.0,0.0,0.0
2.31,2310,800.0,0.0,20.53693016598113,0.0,0.0,0.0,0.0,0.0
2.32,2320,800.0,0.0,20.5392455630521,0.0,0.0,0.0,0.0,0.0
2.33,2330,800.0,0.0,20.54156088294445,0.0,0.0,0.0,0.0,0.0
2.34,2340,800.0,0.0,20.54387612566076,0.0,0.0,0.0,0.0,0.0
2.35,2350,800.0,0.0,20.546191291203602,0.0,0.0,0.0,0.0,0.0
2.36,2360,800.0,0.0,20.548506379575542,0.0,0.0,0.0,0.0,0.0
2.37,2370,800.0,0.0,20.55082139077915,0.0,0.0,0.0,0.0,0.0
2.38,2380,800.0,0.0,20.553136324817014,0.0,0.0,0.0,0.0,0.0
2.39,2390,800.0,0.0,20.555451181691687,0.0,0.0,0.0,0.0,0.0
2.4,2400,800.0,0.0,20.557765961405753,0.0,0.0,0.0,0.0,0.0
2.41,2410,800.0,0.0,20.560080663961788,0.0,0.0,0.0,0.0,0.0
2.42,2420,800.0,0.0,20.562395289362353,0.0,0.0,0.0,0.0,0.0
2.43,2430,800.0,0.0,20.56470983761002,0.0,0.0,0.0,0.0,0.0
2.44,2440,800.0,0.0,20.567024308707364,0.0,0.0,0.0,0.0,0.0
2.45,2450,800.0,0.0,20.569338702656964,0.0,0.0,0.0,0.0,0.0
2.46,2460,800.0,0.0,20.57165301946138,0.0,0.0,0.0,0.0,0.0
2.47,2470,800.0,0.0,20.573967259123187,0.0,0.0,0.0,0.0,0.0
2.48,2480,800.0,0.0,20.576281421644957,0.0,0.0,0.0,0.0,0.0
2.49,2490,800.0,0.0,20.57859550702927,0.0,0.0,0.0,0.0,0.0
2.5,2500,800.0,0.0,20.580909515278684,0.0,0.0,0.0,0.0,0.0
2.51,2510,800.0,0.0,20.58322344639577,0.0,0.0,0.0,0.0,0.0
2.52,2520,800.0,0.0,20.585537300383116,0.0,0.0,0.0,0.0,0.0
2.53,2530,800.0,0.0,20.58785107724327,0.0,0.0,0.0,0.0,0.0
2.54,2540,800.0,0.0,20.590164776978817,0.0,0.0,0.0,0.0,0.0
2.55,2550,800.0,0.0,20.59247839959233,0.0,0.0,0.0,0.0,0.0
2.56,2560,800.0,0.0,20.59479194508637,0.0,0.0,0.0,0.0,0.0
2.57,2570,800.0,0.0,20.597105413463513,0.0,0.0,0.0,0.0,0.0
2.58,2580,800.0,0.0,20.59941880472633,0.0,0.0,0.0,0.0,0.0
2.59,2590,800.0,0.0,20.601732118877386,0.0,0.0,0.0,0.0,0.0
2.6,2600,800.0,0.0,20.60404535591926,0.0,0.0,0.0,0.0,0.0
2.61,2610,800.0,0.0,20.60635851585452,0.0,0.0,0.0,0.0,0.0
2.62,2620,800.0,0.0,20.60867159868573,0.0,0.0,0.0,0.0,0.0
2.63,2630,800.0,0.0,20.610984604415467,0.0,0.0,0.0,0.0,0.0
2.64,2640,800.0,0.0,20.613297533046293,0.0,0.0,0.0,0.0,0.0
2.65,2650,800.0,0.0,20.615610384580783,0.0,0.0,0.0,0.0,0.0
2.66,2660,800.0,0.0,20.617923159021505,0.0,0.0,0.0,0.0,0.0
2.67,2670,800.0,0.0,20.62023585637104,0.0,0.0,0.0,0.0,0.0
2.68,2680,800.0,0.0,20.622548476631945,0.0,0.0,0.0,0.0,0.0
2.69,2690,800.0,0.0,20.624861019806787,0.0,0.0,0.0,0.0,0.0
2.7,2700,800.0,0.0,20.627173485898144,0.0,0.0,0.0,0.0,0.0
2.71,2710,800.0,0.0,20.629485874908585,0.0,0.0,0.0,0.0,0.0
2.72,2720,800.0,0.0,20.631798186840673,0.0,0.0,0.0,0.0,0.0
2.73,2730,800.0,0.0,20.634110421696985,0.0,0.0,0.0,0.0,0.0
2.74,2740,800.0,0.0,20.63642257948008,0.0,0.0,0.0,0.0,0.0
2.75,2750,800.0,0.0,20.63873466019254,0.0,0.0,0.0,0.0,0.0
2.76,2760,800.0,0.0,20.641046663836924,0.0,0.0,0.0,0.0,0.0
2.77,2770,800.0,0.0,20.64335859041581,0.0,0.0,0.0,0.0,0.0
2.78,2780,800.0,0.0,20.645670439931756,0.0,0.0,0.0,0.0,0.0
2.79,2790,800.0,0.0,20.647982212387333,0.0,0.0,0.0,0.0,0.0
2.8,2800,800.0,0.0,20.650293907785116,0.0,0.0,0.0,0.0,0.0
2.81,2810,800.0,0.0,20.652605526127672,0.0,0.0,0.0,0.0,0.0
2.82,2820,800.0,0.0,20.654917067417568,0.0,0.0,0.0,0.0,0.0
2.83,2830,800.0,0.0,20.657228531657363,0.0,0.0,0.0,0.0,0.0
2.84,2840,800.0,0.0,20.65953991884965,0.0,0.0,0.0,0.0,0.0
2.85,2850,800.0,0.0,20.66185122899697,0.0,0.0,0.0,0.0,0.0
2.86,2860,800.0,0.0,20.664162462101903,0.0,0.0,0.0,0.0,0.0
2.87,2870,800.0,0.0,20.666473618167018,0.0,0.0,0.0,0.0,0.0
2.88,2880,800.0,0.0,20.668784697194877,0.0,0.0,0.0,0.0,0.0
2.89,2890,800.0,0.0,20.67109569918806,0.0,0.0,0.0,0.0,0.0
2.9,2900,800.0,0.0,20.673406624149127,0.0,0.0,0.0,0.0,0.0
2.91,2910,800.0,0.0,20.67571747208064,0.0,0.0,0.0,0.0,0.0
2.92,2920,800.0,0.0,20.678028242985175,0.0,0.0,0.0,0.0,0.0
2.93,2930,800.0,0.0,20.680338936865297,0.0,0.0,0.0,0.0,0.0
2.94,2940,800.0,0.0,20.68264955372357,0.0,0.0,0.0,0.0,0.0
2.95,2950,800.0,0.0,20.68496009356257,0.0,0.0,0.0,0.0,0.0
2.96,2960,800.0,0.0,20.68727055638486,0.0,0.0,0.0,0.0,0.0
2.97,2970,800.0,0.0,20.689580942192997,0.0,0.0,0.0,0.0,0.0
2.98,2980,800.0,0.0,20.691891250989563,0.0,0.0,0.0,0.0,0.0
2.99,2990,800.0,0.0,20.694201482777117,0.0,0.0,0.0,0.0,0.0
3.0,3000,873.9612752439994,45.0,20.69651163755823,0.0,0.0,0.09895743870967741,0.09895743870967741,2.7488177419354836
3.01,3010,942.9332209660195,45.0,20.698821715335477,0.0,0.0,0.1979148700885246,0.1979148700885246,2.7488175383013105
3.02,3020,1007.2167027793346,45.0,20.7011317161114,0.0,0.0,0.29687227947488337,0.29687227947488337,2.748816927398854
3.03,3030,1067.093592132479,45.0,20.703441639888588,0.0,0.0,0.39582965220710514,0.39582965220710514,2.7488159092283833
3.04,3040,1122.827960049171,45.0,20.705751486669598,0.0,0.0,0.49478697362356,0.49478697362356,2.7488144837904134
3.05,3050,1174.6671970862665,45.0,20.708061256456997,0.0,0.0,0.5937442290626451,0.5937442290626451,2.748812651085697
3.06,3060,1222.8430641506257,45.0,20.71037094925336,0.0,0.0,0.6927014038627934,0.6927014038627934,2.748810411115231
3.07,3070,1267.5726785236325,45.0,20.712680565061238,0.0,0.0,0.7916584833624826,0.7916584833624826,2.748807763880251
3.08,3080,1309.0594391678326,45.0,20.71499010388321,0.0,0.0,0.890615452900243,0.890615452900243,2.7488047093822363
3.09,3090,1347.4938951326294,45.0,20.717299565721838,0.0,0.0,0.9895722978146676,0.9895722978146676,2.748801247622907
3.1,3100,1383.0545606341352,45.0,20.71960895057968,0.0,0.0,1.0885290034444197,1.0885290034444197,2.748797378604223
3.11,3110,1415.9086801571239,45.0,20.72191825845932,0.0,0.0,1.1874855551282417,1.1874855551282417,2.748793102328387
3.12,3120,1446.2129467136467,45.0,20.72422748936331,0.0,0.0,1.286441938204964,1.286441938204964,2.7487884187978433
3.13,3130,1474.1141761923968,45.0,20.726536643294217,0.0,0.0,1.3853981380135139,1.3853981380135139,2.748783328015277
3.14,3140,1499.7499405445246,45.0,20.728845720254608,0.0,0.0,1.484354139892924,1.484354139892924,2.7487778299836148
3.15,3150,1523.2491623745843,45.0,20.73115472024705,0.0,0.0,1.583309929182341,1.583309929182341,2.748771924706024
3.16,3160,1544.7326733389198,45.0,20.733463643274117,0.0,0.0,1.6822654912210337,1.6822654912210337,2.7487656121859128
3.17,3170,1564.3137385974346,45.0,20.735772489338355,0.0,0.0,1.7812208113484034,1.7812208113484034,2.7487588924269337
3.18,3180,1582.098549417745,45.0,20.73808125844235,0.0,0.0,1.8801758749039905,1.8801758749039905,2.7487517654329774
3.19,3190,1598.1866858926217,45.0,20.74038995058865,0.0,0.0,1.9791306672274849,1.9791306672274849,2.7487442312081765
3.2,3200,1612.6715516018762,45.0,20.74269856577983,0.0,0.0,2.0780851736587334,2.0780851736587334,2.7487362897569065
3.21,3210,1625.6407819279802,45.0,20.745007104018452,0.0,0.0,2.17703937953775,2.17703937953775,2.7487279410837835
3.22,3220,1637.1766276202572,45.0,20.747315565307087,0.0,0.0,2.2759932702047214,2.2759932702047214,2.7487191851936634
3.23,3230,1647.3563150950947,45.0,20.74962394964829,0.0,0.0,2.374946831000021,2.374946831000021,2.7487100220916454
3.24,3240,1656.252384858884,45.0,20.751932257044626,0.0,0.0,2.473900047264211,2.473900047264211,2.748700451783068
3.25,3250,1663.933009345987,45.0,20.754240487498674,0.0,0.0,2.572852904338058,2.572852904338058,2.7486904742735145
3.26,3260,1670.4622913756448,45.0,20.756548641012984,0.0,0.0,2.671805387562535,2.671805387562535,2.7486800895688046
3.27,3270,1675.900544349072,45.0,20.758856717590124,0.0,0.0,2.770757482278835,2.770757482278835,2.748669297675004
3.28,3280,1680.3045552307935,45.0,20.761164717232667,0.0,0.0,2.8697091738283778,2.8697091738283778,2.7486580985984155
3.29,3290,1683.7278312862916,45.0,20.763472639943167,0.0,0.0,2.9686604475528187,2.9686604475528187,2.7486464923455864
3.3,3300,1686.2208314810516,45.0,20.76578048572419,0.0,0.0,3.067611288794058,3.067611288794058,2.7486344789233037
3.31,3310,1687.8311833838804,45.0,20.768088254578302,0.0,0.0,3.1665616828942476,3.1665616828942476,2.748622058338596
3.32,3320,1688.6038863597346,45.0,20.770395946508074,0.0,0.0,3.265511615195802,3.265511615195802,2.748609230598733
3.33,3330,1688.5815017840457,45.0,20.77270356151606,0.0,0.0,3.3644610710414056,3.3644610710414056,2.7485959957112263
3.34,3340,1687.8043309614766,45.0,20.775011099604825,0.0,0.0,3.4634100357740234,3.4634100357740234,2.7485823536838274
3.35,3350,1686.310581387005,45.0,20.77731856077694,0.0,0.0,3.5623584947369067,3.5623584947369067,2.74856830452453
3.36,3360,1684.1365219460367,45.0,20.779625945034965,0.0,0.0,3.661306433273603,3.661306433273603,2.748553848241569
3.37,3370,1681.3166276127217,45.0,20.781933252381457,0.0,0.0,3.760253836727966,3.760253836727966,2.7485389848434196
3.38,3380,1677.8837141715999,45.0,20.78424048281899,0.0,0.0,3.859200690444163,3.859200690444163,2.7485237143387993
3.39,3390,1673.8690634569678,45.0,20.78654763635013,0.0,0.0,3.958146979766683,3.958146979766683,2.748508036736666
3.4,3400,1669.3025395767452,45.0,20.788854712977425,0.0,0.0,4.0570926900403474,4.0570926900403474,2.7484919520462183
3.41,3410,1664.212696562937,45.0,20.791161712703452,0.0,0.0,4.156037806610316,4.156037806610316,2.7484754602768984
3.42,3420,1658.6268778688536,45.0,20.793468635530765,0.0,0.0,4.254982314822098,4.254982314822098,2.7484585614383867
3.43,3430,1652.5713081138542,45.0,20.795775481461934,0.0,0.0,4.35392620002156,4.35392620002156,2.7484412555406066
3.44,3440,1646.0711774593287,45.0,20.79808225049952,0.0,0.0,4.452869447554934,4.452869447554934,2.748423542593722
3.45,3450,1639.1507189847039,45.0,20.800388942646087,0.0,0.0,4.551812042768828,4.551812042768828,2.748405422608136
3.46,3460,1631.8332794192613,45.0,20.8026955579042,0.0,0.0,4.6507539710102295,4.6507539710102295,2.7483868955944963
3.47,3470,1624.141383574251,45.0,20.805002096276418,0.0,0.0,4.749695217626521,4.749695217626521,2.7483679615636896
3.48,3480,1616.0967928099735,45.0,20.807308557765303,0.0,0.0,4.848635767965488,4.848635767965488,2.748348620526844
3.49,3490,1607.7205578639634,45.0,20.809614942373422,0.0,0.0,4.947575607375319,4.947575607375319,2.748328872495329
3.5,3500,1599.0330663589264,45.0,20.81192125010333,0.0,0.0,5.046514721204627,5.046514721204627,2.748308717480754
3.51,3510,1590.0540853024509,45.0,20.8142274809576,0.0,0.0,5.145453094802446,5.145453094802446,2.7482881554949707
3.52,3520,1580.8027988845306,45.0,20.81653363493879,0.0,0.0,5.244390713518248,5.244390713518248,2.748267186550071
3.53,3530,1571.2978418734046,45.0,20.81883971204946,0.0,0.0,5.34332756270195,5.34332756270195,2.7482458106583882
3.54,3540,1561.5573289049605,45.0,20.821145712292175,0.0,0.0,5.4422636277039205,5.4422636277039205,2.7482240278324963
3.55,3550,1551.5988799557836,45.0,20.823451635669493,0.0,0.0,5.541198893874988,5.541198893874988,2.748201838085211
3.56,3560,1541.4396422847217,45.0,20.825757482183985,0.0,0.0,5.6401333465664525,5.6401333465664525,2.7481792414295874
3.57,3570,1531.096309122418,45.0,20.8280632518382,0.0,0.0,5.739066971130094,5.739066971130094,2.7481562378789235
3.58,3580,1520.585135382534,45.0,20.83036894463471,0.0,0.0,5.837999752918177,5.837999752918177,2.7481328274467556
3.59,3590,1509.9219506622385,45.0,20.832674560576077,0.0,0.0,5.9369316772834635,5.9369316772834635,2.7481090101468637
3.6,3600,1499.122169792874,45.0,20.834980099664865,0.0,0.0,6.035862729579222,6.035862729579222,2.748084785993267
3.61,3610,1488.2008011944963,45.0,20.83728556190362,0.0,0.0,6.134792895159229,6.134792895159229,2.7480601550002253
3.62,3620,1477.1724532801406,45.0,20.839590947294926,0.0,0.0,6.23372215937779,6.23372215937779,2.748035117182241
3.63,3630,1466.0513391472,45.0,20.841896255841323,0.0,0.0,6.332650507589737,6.332650507589737,2.7480096725540553
3.64,3640,1454.8512797841845,45.0,20.84420148754539,0.0,0.0,6.431577925150441,6.431577925150441,2.7479838211306515
3.65,3650,1443.585706011389,45.0,20.846506642409675,0.0,0.0,6.530504397415822,6.530504397415822,2.7479575629272532
3.66,3660,1432.267659363652,45.0,20.84881172043675,0.0,0.0,6.629429909742357,6.629429909742357,2.7479308979593244
3.67,3670,1420.909792112494,45.0,20.851116721629168,0.0,0.0,6.7283544474870896,6.7283544474870896,2.7479038262425712
3.68,3680,1409.5243666135198,45.0,20.85342164598949,0.0,0.0,6.827277996007636,6.827277996007636,2.747876347792938
3.69,3690,1398.1232541531513,45.0,20.855726493520287,0.0,0.0,6.926200540662194,6.926200540662194,2.747848462626612
3.7,3700,1386.7179334565706,45.0,20.85803126422411,0.0,0.0,7.025122066809555,7.025122066809555,2.7478201707600207
3.71,3710,1375.7899958743849,45.0,20.860335958103526,0.0,0.0,7.124042559809109,7.124042559809109,2.747791472209832
3.72,3720,1365.3543984140676,45.0,20.862640575161095,0.0,0.0,7.222962005020856,7.222962005020856,2.7477623669929545
3.73,3730,1355.403060781624,45.0,20.864945115399365,0.0,0.0,7.321880387805411,7.321880387805411,2.7477328551265363
3.74,3740,1345.9283585524656,45.0,20.867249578820914,0.0,0.0,7.420797693524018,7.420797693524018,2.747702936627969
3.75,3750,1336.923061479648,45.0,20.8695539654283,0.0,0.0,7.519713907538555,7.519713907538555,2.7476726115148806
3.76,3760,1328.3802770270206,45.0,20.871858275224074,0.0,0.0,7.61862901521154,7.61862901521154,2.7476418798051436
3.77,3770,1320.2933988777238,45.0,20.87416250821081,0.0,0.0,7.717543001906147,7.717543001906147,2.7476107415168687
3.78,3780,1312.6560601717363,45.0,20.876466664391046,0.0,0.0,7.81645585298621,7.81645585298621,2.7475791966684078
3.79,3790,1305.4620912294558,45.0,20.87877074376736,0.0,0.0,7.915367553816231,7.915367553816231,2.7475472452783536
3.8,3800,1298.7054815216652,45.0,20.881074746342314,0.0,0.0,8.01427808976139,8.01427808976139,2.7475148873655386
3.81,3810,1292.3803456497953,45.0,20.883378672118464,0.0,0.0,8.113187446187556,8.113187446187556,2.747482122949036
3.82,3820,1286.480893104224,45.0,20.885682521098364,0.0,0.0,8.21209560846129,8.21209560846129,2.7474489520481598
3.83,3830,1281.001401572493,45.0,20.887986293284577,0.0,0.0,8.31100256194986,8.31100256194986,2.747415374682464
3.84,3840,1275.9361935738243,45.0,20.890289988679665,0.0,0.0,8.409908292021242,8.409908292021242,2.747381390871742
3.85,3850,1271.2796162012003,45.0,20.89259360728618,0.0,0.0,8.508812784044139,8.508812784044139,2.74734700063603
3.86,3860,1267.026023757554,45.0,20.894897149106697,0.0,0.0,8.607716023387981,8.607716023387981,2.747312203995602
3.87,3870,1263.1697630782833,45.0,20.897200614143767,0.0,0.0,8.706617995422935,8.706617995422935,2.7472770009709744
3.88,3880,1259.7051613383635,45.0,20.899504002399944,0.0,0.0,8.805518685519921,8.805518685519921,2.7472413915829015
3.89,3890,1256.6265161487497,45.0,20.90180731387779,0.0,0.0,8.904418079050606,8.904418079050606,2.74720537585238
3.9,3900,1253.9280877535202,45.0,20.90411054857987,0.0,0.0,9.00331616138743,9.00331616138743,2.7471689538006454
3.91,3910,1251.6040931462708,45.0,20.90641370650874,0.0,0.0,9.1022129179036,9.1022129179036,2.7471321254491747
3.92,3920,1249.6487019315953,45.0,20.908716787666954,0.0,0.0,9.201108333973108,9.201108333973108,2.7470948908196835
3.93,3930,1248.056033765037,45.0,20.911019792057076,0.0,0.0,9.300002394970738,9.300002394970738,2.7470572499341284
3.94,3940,1246.820157212624,45.0,20.91332271968167,0.0,0.0,9.398895086272068,9.398895086272068,2.7470192028147062
3.95,3950,1245.9350898789608,45.0,20.915625570543288,0.0,0.0,9.497786393253486,9.497786393253486,2.746980749483854
3.96,3960,1245.3947996607988,45.0,20.917928344644483,0.0,0.0,9.596676301292199,9.596676301292199,2.7469418899642473
3.97,3970,1245.1932069910024,45.0,20.920231041987826,0.0,0.0,9.695564795766236,9.695564795766236,2.746902624278804
3.98,3980,1245.324187945811,45.0,20.922533662575873,0.0,0.0,9.794451862054462,9.794451862054462,2.7468629524506802
3.99,3990,1245.7815780962485,45.0,20.924836206411175,0.0,0.0,9.893337485536579,9.893337485536579,2.746822874503273
4.0,4000,1246.5591769923913,45.0,20.9271386734963,0.0,0.0,9.992221651593146,9.992221651593146,2.7467823904602184
4.01,4010,1247.6507531769466,45.0,20.929441063833796,0.0,0.0,10.09110434560558,10.09110434560558,2.746741500345393
4.02,4020,1249.0500496321797,45.0,20.93174337742623,0.0,0.0,10.189985552956164,10.189985552956164,2.746700204182914
4.03,4030,1250.7507895716265,45.0,20.93404561427615,0.0,0.0,10.288865259028062,10.288865259028062,2.7466585019971372
4.04,4040,1252.7466824952166,45.0,20.936347774386128,0.0,0.0,10.387743449205319,10.387743449205319,2.746616393812658
4.05,4050,1255.031430433382,45.0,20.938649857758715,0.0,0.0,10.486620108872874,10.486620108872874,2.7465738796543127
4.06,4060,1257.5987343124161,45.0,20.940951864396467,0.0,0.0,10.585495223416572,10.585495223416572,2.7465309595471767
4.07,4070,1260.4423003797724,45.0,20.943253794301945,0.0,0.0,10.684368778223169,10.684368778223169,2.746487633516565
4.08,4080,1263.5558466341156,45.0,20.945555647477704,0.0,0.0,10.783240758680337,10.783240758680337,2.7464439015880333
4.09,4090,1266.933109210779,45.0,20.947857423926298,0.0,0.0,10.882111150176682,10.882111150176682,2.746399763787375
4.1,4100,1270.5678486788042,45.0,20.950159123650288,0.0,0.0,10.980979938101745,10.980979938101745,2.7463552201406256
4.11,4110,1274.4538562109599,45.0,20.952460746652235,0.0,0.0,11.07984710784601,11.07984710784601,2.7463102706740585
4.12,4120,1278.5849595930456,45.0,20.954762292934703,0.0,0.0,11.178712644800921,11.178712644800921,2.7462649154141863
4.13,4130,1282.955029043379,45.0,20.957063762500233,0.0,0.0,11.27757653435888,11.27757653435888,2.746219154387763
4.14,4140,1287.557982817655,45.0,20.959365155351385,0.0,0.0,11.376438761913265,11.376438761913265,2.7461729876217795
4.15,4150,1292.3877925783502,45.0,20.961666471490723,0.0,0.0,11.47529931285843,11.47529931285843,2.746126415143469
4.16,4160,1297.4384885115321,45.0,20.963967710920805,0.0,0.0,11.574158172589721,11.574158172589721,2.746079436980301
4.17,4170,1302.7041641773317,45.0,20.966268873644186,0.0,0.0,11.67301532650348,11.67301532650348,2.746032053159989
4.18,4180,1308.1789810834518,45.0,20.968569959663416,0.0,0.0,11.771870759997057,11.771870759997057,2.74598426371048
4.19,4190,1313.8571729739378,45.0,20.970870968981053,0.0,0.0,11.870724458468816,11.870724458468816,2.7459360686599643
4.2,4200,1319.7330498280146,45.0,20.973171901599667,0.0,0.0,11.969576407318144,11.969576407318144,2.7458874680368712
4.21,4210,1325.801001566142,45.0,20.975472757521803,0.0,0.0,12.06842659194546,12.06842659194546,2.7458384618698672
4.22,4220,1332.0555014625406,45.0,20.977773536750014,0.0,0.0,12.167274997752223,12.167274997752223,2.7457890501878603
4.23,4230,1338.491109265319,45.0,20.980074239286875,0.0,0.0,12.266121610140942,12.266121610140942,2.7457392330199966
4.24,4240,1345.1024740270043,45.0,20.98237486513492,0.0,0.0,12.364966414515186,12.364966414515186,2.74568901039566
4.25,4250,1351.8843366497508,45.0,20.984675414296714,0.0,0.0,12.463809396279588,12.463809396279588,2.7456383823444765
4.26,4260,1358.8315321507816,45.0,20.986975886774818,0.0,0.0,12.562650540839856,12.562650540839856,2.745587348896309
4.27,4270,1365.938991654735,45.0,20.98927628257178,0.0,0.0,12.661489833602781,12.661489833602781,2.7455359100812604
4.28,4280,1373.2017441205383,45.0,20.99157660169016,0.0,0.0,12.760327259976247,12.760327259976247,2.745484065929671
4.29,4290,1380.6149178112332,45.0,20.993876844132522,0.0,0.0,12.859162805369245,12.859162805369245,2.745431816472122
4.3,4300,1388.1737415158427,45.0,20.99617700990141,0.0,0.0,12.957996455191864,12.957996455191864,2.7453791617394327
4.31,4310,1395.87354553291,45.0,20.99847709899938,0.0,0.0,13.056828194855319,13.056828194855319,2.745326101762661
4.32,4320,1403.7097624257633,45.0,21.00077711142899,0.0,0.0,13.155658009771951,13.155658009771951,2.745272636573104
4.33,4330,1411.677927559884,45.0,21.0030770471928,0.0,0.0,13.254485885355233,13.254485885355233,2.7452187662022975
4.34,4340,1419.773679432973,45.0,21.005376906293364,0.0,0.0,13.353311807019786,13.353311807019786,2.7451644906820167
4.35,4350,1427.9927598084582,45.0,21.007676688733234,0.0,0.0,13.45213576018138,13.45213576018138,2.7451098100442737
4.36,4360,1436.3310136632424,45.0,21.009976394514965,0.0,0.0,13.550957730256947,13.550957730256947,2.7450547243213212
4.37,4370,1444.784388960488,45.0,21.01227602364112,0.0,0.0,13.64977770266459,13.64977770266459,2.74499923354565
4.38,4380,1453.3489362581672,45.0,21.014575576114243,0.0,0.0,13.74859566282359,13.74859566282359,2.744943337749988
4.39,4390,1462.0208081639867,45.0,21.016875051936896,0.0,0.0,13.847411596154412,13.847411596154412,2.7448870369673046
4.4,4400,1470.796258647128,45.0,21.01917445111163,0.0,0.0,13.94622548807872,13.94622548807872,2.744830331230805
4.41,4410,1479.671642217042,45.0,21.021473773641002,0.0,0.0,14.04503732401938,14.04503732401938,2.7447732205739332
4.42,4420,1488.6434129792844,45.0,21.023773019527574,0.0,0.0,14.143847089400476,14.143847089400476,2.744715705030374
4.43,4430,1497.7081235781222,45.0,21.02607218877389,0.0,0.0,14.2426547696473,14.2426547696473,2.744657784634047
4.44,4440,1506.8624240353313,45.0,21.028371281382505,0.0,0.0,14.34146035018639,14.34146035018639,2.7445994594191143
4.45,4450,1516.1030604942998,45.0,21.030670297355982,0.0,0.0,14.440263816445508,14.440263816445508,2.744540729419972
4.46,4460,1525.4268738782162,45.0,21.032969236696864,0.0,0.0,14.539065153853675,14.539065153853675,2.7444815946712575
4.47,4470,1534.8307984707767,45.0,21.035268099407716,0.0,0.0,14.637864347841159,14.637864347841159,2.744422055207845
4.48,4480,1544.3118604274996,45.0,21.037566885491092,0.0,0.0,14.736661383839492,14.736661383839492,2.7443621110648477
4.49,4490,1553.8671762253666,45.0,21.03986559494954,0.0,0.0,14.835456247281487,14.835456247281487,2.7443017622776162
4.5,4500,1563.4939510581594,45.0,21.042164227785616,0.0,0.0,14.93424892360123,14.93424892360123,2.7442410088817395
4.51,4510,1573.1894771844886,45.0,21.04446278400187,0.0,0.0,15.033039398234099,15.033039398234099,2.7441798509130444
4.52,4520,1582.951132235159,45.0,21.046761263600867,0.0,0.0,15.131827656616775,15.131827656616775,2.7441182884075963
4.53,4530,1592.776377486149,45.0,21.049059666585148,0.0,0.0,15.230613684187237,15.230613684187237,2.7440563214016978
4.54,4540,1602.6627561031335,45.0,21.05135799295728,0.0,0.0,15.329397466384783,15.329397466384783,2.7439939499318893
4.55,4550,1612.6078913631334,45.0,21.0536562427198,0.0,0.0,15.428178988650041,15.428178988650041,2.74393117403495
4.56,4560,1622.6094848585276,45.0,21.055954415875277,0.0,0.0,15.526958236424964,15.526958236424964,2.7438679937478967
4.57,4570,1632.665314688341,45.0,21.058252512426265,0.0,0.0,15.625735195152853,15.625735195152853,2.7438044091079834
4.58,4580,1642.7732336413897,45.0,21.060550532375306,0.0,0.0,15.72450985027835,15.72450985027835,2.743740420152702
4.59,4590,1652.9311673755615,45.0,21.062848475724955,0.0,0.0,15.823282187247463,15.823282187247463,2.743676026919782
4.6,4600,1663.1371125971973,45.0,21.065146342477775,0.0,0.0,15.922052191507563,15.922052191507563,2.7436112294471906
4.61,4610,1673.3891352442572,45.0,21.067444132636307,0.0,0.0,16.020819848507394,16.020819848507394,2.7435460277731334
4.62,4620,1683.685368676665,45.0,21.06974184620311,0.0,0.0,16.119585143697094,16.119585143697094,2.7434804219360513
4.63,4630,1694.024011876963,45.0,21.07203948318075,0.0,0.0,16.21834806252818,16.21834806252818,2.743414411974625
4.64,4640,1704.4033276641494,45.0,21.074337043571752,0.0,0.0,16.31710859045358,16.31710859045358,2.743347997927772
4.65,4650,1714.82164092332,45.0,21.076634527378694,0.0,0.0,16.415866712927627,16.415866712927627,2.7432811798346473
4.66,4660,1725.2773368535088,45.0,21.078931934604114,0.0,0.0,16.514622415406073,16.514622415406073,2.7432139577346413
4.67,4670,1735.7688592358932,45.0,21.08122926525057,0.0,0.0,16.6133756833461,16.6133756833461,2.743146331667384
4.68,4680,1746.2947087243201,45.0,21.083526519320614,0.0,0.0,16.71212650220632,16.71212650220632,2.7430783016727425
4.69,4690,1756.853441159907,45.0,21.085823696816796,0.0,0.0,16.81087485744679,16.81087485744679,2.7430098677908195
4.7,4700,1767.4436659112869,45.0,21.08812079774168,0.0,0.0,16.90962073452902,16.90962073452902,2.742941030061957
4.71,4710,1778.0640442418776,45.0,21.090417822097802,0.0,0.0,17.008364118915985,17.008364118915985,2.742871788526732
4.72,4720,1788.7132877054005,45.0,21.09271476988772,0.0,0.0,17.10710499607212,17.10710499607212,2.742802143225959
4.73,4730,1799.3901565707022,45.0,21.095011641113988,0.0,0.0,17.205843351463344,17.205843351463344,2.7427320942006905
4.74,4740,1810.093458276793,45.0,21.097308435779166,0.0,0.0,17.304579170557062,17.304579170557062,2.742661641492215
4.75,4750,1820.8220459188735,45.0,21.09960515388579,0.0,0.0,17.403312438822176,17.403312438822176,2.7425907851420583
4.76,4760,1831.5748167659897,45.0,21.101901795436422,0.0,0.0,17.50204314172909,17.50204314172909,2.742519525191983
4.77,4770,1842.3507108108377,45.0,21.10419836043361,0.0,0.0,17.600771264749714,17.600771264749714,2.742447861683989
4.78,4780,1853.1487093521255,45.0,21.10649484887991,0.0,0.0,17.699496793357483,17.699496793357483,2.742375794660311
4.79,4790,1863.967833609796,45.0,21.10879126077787,0.0,0.0,17.798219713027365,17.798219713027365,2.742303324163422
4.8,4800,1874.8071433733123,45.0,21.11108759613004,0.0,0.0,17.896940009235866,17.896940009235866,2.742230450236032
4.81,4810,1885.6657356831283,45.0,21.113383854938977,0.0,0.0,17.995657667461025,17.995657667461025,2.7421571729210865
4.82,4820,1896.5427435453719,45.0,21.115680037207234,0.0,0.0,18.09437267318245,18.09437267318245,2.7420834922617674
4.83,4830,1907.4373346797006,45.0,21.117976142937344,0.0,0.0,18.1930850118813,18.1930850118813,2.742009408301494
4.84,4840,1918.348710300219,45.0,21.120272172131887,0.0,0.0,18.291794669040325,18.291794669040325,2.741934921083921
4.85,4850,1929.2761039292793,45.0,21.122568124793393,0.0,0.0,18.39050163014383,18.39050163014383,2.74186003065294
4.86,4860,1940.2187802439328,45.0,21.12486400092442,0.0,0.0,18.489205880677726,18.489205880677726,2.741784737052679
4.87,4870,1951.1760339547452,45.0,21.12715980052751,0.0,0.0,18.587907406129514,18.587907406129514,2.741709040327502
4.88,4880,1962.1471887166424,45.0,21.129455523605234,0.0,0.0,18.686606191988307,18.686606191988307,2.7416329405220092
4.89,4890,1973.1315960714091,45.0,21.131751170160122,0.0,0.0,18.785302223744825,18.785302223744825,2.7415564376810373
4.9,4900,1984.1286344214259,45.0,21.134046740194734,0.0,0.0,18.883995486891415,18.883995486891415,2.7414795318496585
4.91,4910,1995.137708034195,45.0,21.136342233711627,0.0,0.0,18.98268596692205,18.98268596692205,2.741402223073181
4.92,4920,2006.1582460771738,45.0,21.138637650713335,0.0,0.0,19.08137364933235,19.08137364933235,2.741324511397149
4.93,4930,2017.189701682414,45.0,21.140932991202426,0.0,0.0,19.18005851961957,19.18005851961957,2.7412463968673433
4.94,4940,2028.231551040472,45.0,21.14322825518144,0.0,0.0,19.278740563282646,19.278740563282646,2.7411678795297796
4.95,4950,2039.283292523046,45.0,21.145523442652934,0.0,0.0,19.37741976582215,19.37741976582215,2.74108895943071
4.96,4960,2050.34444583377,45.0,21.147818553619448,0.0,0.0,19.47609611274035,19.47609611274035,2.7410096366166217
4.97,4970,2061.4145511865863,45.0,21.150113588083542,0.0,0.0,19.574769589541184,19.574769589541184,2.7409299111342382
4.98,4980,2072.493168511108,45.0,21.152408546047763,0.0,0.0,19.67344018173028,19.67344018173028,2.7408497830305194
4.99,4990,2083.579876684359,45.0,21.154703427514658,0.0,0.0,19.772107874814978,19.772107874814978,2.7407692523526577
5.0,5000,2094.674272788302,45.0,21.156998232486774,0.0,0.0,19.870772654304307,19.870772654304307,2.740688319148085
5.01,5010,2105.7759713925198,45.0,21.159292960966674,0.0,0.0,19.96943450570903,19.96943450570903,2.7406069834644646
5.02,5020,2116.8846038614533,45.0,21.161587612956897,0.0,0.0,20.068093414541618,20.068093414541618,2.740525245349699
5.03,5030,2127.9998176855647,45.0,21.163882188459993,0.0,0.0,20.16674936631629,20.16674936631629,2.740443104851923
5.04,5040,2139.121275835814,45.0,21.166176687478515,0.0,0.0,20.265402346548992,20.265402346548992,2.740360562019509
5.05,5050,2150.2486561408327,45.0,21.168471110015005,0.0,0.0,20.36405234075743,20.36405234075743,2.7402776169010625
5.06,5060,2161.381650686182,45.0,21.17076545607203,0.0,0.0,20.462699334461064,20.462699334461064,2.7401942695454253
5.07,5070,2172.5199652350816,45.0,21.17305972565212,0.0,0.0,20.561343313181126,20.561343313181126,2.740110520001674
5.08,5080,2183.663318670011,45.0,21.175353918757832,0.0,0.0,20.659984262440613,20.659984262440613,2.7400263683191213
5.09,5090,2194.8114424545824,45.0,21.17764803539172,0.0,0.0,20.758622167764315,20.758622167764315,2.7399418145473127
5.1,5100,2205.9640801150936,45.0,21.179942075556326,0.0,0.0,20.85725701467881,20.85725701467881,2.739856858736029
5.11,5110,2217.1209867411767,45.0,21.182236039254203,0.0,0.0,20.955888788712482,20.955888788712482,2.739771500935288
5.12,5120,2228.281928504972,45.0,21.18452992648789,0.0,0.0,21.054517475395514,21.054517475395514,2.73968574119534
5.13,5130,2239.4466821982523,45.0,21.18682373725995,0.0,0.0,21.153143060259914,21.153143060259914,2.739599579566671
5.14,5140,2250.615034786952,45.0,21.18911747157292,0.0,0.0,21.251765528839513,21.251765528839513,2.7395130161000014
5.15,5150,2261.7867829825436,45.0,21.191411129429365,0.0,0.0,21.35038486666998,21.35038486666998,2.7394260508462853
5.16,5160,2272.9617328297313,45.0,21.193704710831813,0.0,0.0,21.449001059288822,21.449001059288822,2.7393386838567135
5.17,5170,2284.1396993099333,45.0,21.19599821578282,0.0,0.0,21.5476140922354,21.5476140922354,2.7392509151827094
5.18,5180,2295.3205059600396,45.0,21.19829164428494,0.0,0.0,21.646223951050935,21.646223951050935,2.739162744875931
5.19,5190,2306.5039845059405,45.0,21.200584996340716,0.0,0.0,21.74483062127851,21.74483062127851,2.739074172988271
5.2,5200,2317.6899745103315,45.0,21.202878271952702,0.0,0.0,21.8434340884631,21.8434340884631,2.738985199571856
5.21,5210,2328.878323034318,45.0,21.205171471123435,0.0,0.0,21.942034338151544,21.942034338151544,2.7388958246790476
5.22,5220,2340.068884312344,45.0,21.20746459385548,0.0,0.0,22.040631355892593,22.040631355892593,2.73880604836244
5.23,5230,2351.261519439996,45.0,21.209757640151366,0.0,0.0,22.139225127236887,22.139225127236887,2.7387158706748633
5.24,5240,2362.456096074224,45.0,21.212050610013648,0.0,0.0,22.237815637736983,22.237815637736983,2.7386252916693805
5.25,5250,2373.6524881455575,45.0,21.214343503444876,0.0,0.0,22.336402872947357,22.336402872947357,2.738534311399288
5.26,5260,2384.8505755818815,45.0,21.216636320447606,0.0,0.0,22.434986818424413,22.434986818424413,2.738442929918118
5.27,5270,2396.050244043373,45.0,21.218929061024365,0.0,0.0,22.533567459726477,22.533567459726477,2.7383511472796345
5.28,5280,2407.251384668187,45.0,21.221221725177713,0.0,0.0,22.63214478241384,22.63214478241384,2.7382589635378354
5.29,5290,2418.453893828511,45.0,21.2235143129102,0.0,0.0,22.73071877204873,22.73071877204873,2.7381663787469535
5.3,5300,2429.657672896608,45.0,21.225806824224367,0.0,0.0,22.829289414195344,22.829289414195344,2.7380733929614536
5.31,5310,2440.86262802048,45.0,21.22809925912277,0.0,0.0,22.92785669441984,22.92785669441984,2.737980006236036
5.32,5320,2452.068669908799,45.0,21.230391617607943,0.0,0.0,23.02642059829036,23.02642059829036,2.737886218625633
5.33,5330,2463.275713624763,45.0,21.232683899682446,0.0,0.0,23.124981111377036,23.124981111377036,2.73779203018541
5.34,5340,2474.4836783885344,45.0,21.23497610534881,0.0,0.0,23.223538219251985,23.223538219251985,2.7376974409707677
5.35,5350,2485.6924873879498,45.0,21.237268234609605,0.0,0.0,23.32209190748933,23.32209190748933,2.737602451037337
5.36,5360,2496.902067597177,45.0,21.239560287467356,0.0,0.0,23.420642161665203,23.420642161665203,2.7375070604409846
5.37,5370,2508.112349603023,45.0,21.24185226392462,0.0,0.0,23.519188967357763,23.519188967357763,2.737411269237809
5.38,5380,2519.3232674385968,45.0,21.244144163983943,0.0,0.0,23.617732310147193,23.617732310147193,2.737315077484143
5.39,5390,2530.534758424042,45.0,21.24643598764787,0.0,0.0,23.716272175615707,23.716272175615707,2.73721848523655
5.4,5400,2541.746763014069,45.0,21.248727734918948,0.0,0.0,23.81480854934757,23.81480854934757,2.7371214925518275
5.41,5410,2552.9592246520183,45.0,21.251019405799724,0.0,0.0,23.913341416929104,23.913341416929104,2.737024099487008
5.42,5420,2564.1720896301995,45.0,21.253311000292747,0.0,0.0,24.011870763948682,24.011870763948682,2.7369263060993534
5.43,5430,2575.38530695626,45.0,21.255602518400558,0.0,0.0,24.11039657599675,24.11039657599675,2.73682811244636
5.44,5440,2586.598828225344,45.0,21.257893960125703,0.0,0.0,24.208918838665838,24.208918838665838,2.736729518585756
5.45,5450,2597.812607497808,45.0,21.260185325470726,0.0,0.0,24.307437537550555,24.307437537550555,2.7366305245755025
5.46,5460,2609.0266011822805,45.0,21.26247661443819,0.0,0.0,24.40595265824761,24.40595265824761,2.736531130473794
5.47,5470,2620.240767923836,45.0,21.264767827030617,0.0,0.0,24.50446418635582,24.50446418635582,2.736431336339055
5.48,5480,2631.4550684970914,45.0,21.267058963250566,0.0,0.0,24.602972107476095,24.602972107476095,2.736331142229945
5.49,5490,2642.6694657040166,45.0,21.269350023100575,0.0,0.0,24.701476407211487,24.701476407211487,2.736230548205354
5.5,5500,2653.88392427627,45.0,21.27164100658321,0.0,0.0,24.799977071167167,24.799977071167167,2.736129554324405
5.51,5510,2665.0984107818745,45.0,21.27393191370099,0.0,0.0,24.898474084950436,24.898474084950436,2.736028160646452
5.52,5520,2676.3128935360523,45.0,21.276222744456476,0.0,0.0,24.99696743417076,24.99696743417076,2.7359263672310825
5.53,5530,2687.527342516053,45.0,21.27851349885221,0.0,0.0,25.09545710443973,25.09545710443973,2.7358241741381146
5.54,5540,2698.7417292798027,45.0,21.280804176890737,0.0,0.0,25.193943081371124,25.193943081371124,2.7357215814276
5.55,5550,2709.956026888222,45.0,21.283094778574597,0.0,0.0,25.292425350580878,25.292425350580878,2.73561858915982
5.56,5560,2721.1702098310516,45.0,21.285385303906345,0.0,0.0,25.390903897687107,25.390903897687107,2.7355151973952894
5.57,5570,2732.3842539560487,45.0,21.287675752888514,0.0,0.0,25.489378708310117,25.489378708310117,2.7354114061947534
5.58,5580,2743.5981364014015,45.0,21.289966125523666,0.0,0.0,25.58784976807241,25.58784976807241,2.73530721561919
5.59,5590,2754.811835531235,45.0,21.292256421814333,0.0,0.0,25.686317062598683,25.686317062598683,2.735202625729808
5.6,5600,2766.025330874071,45.0,21.29454664176306,0.0,0.0,25.784780577515853,25.784780577515853,2.735097636588047
5.61,5610,2777.238603064121,45.0,21.296836785372392,0.0,0.0,25.883240298453053,25.883240298453053,2.7349922482555793
5.62,5620,2788.4516337852847,45.0,21.299126852644882,0.0,0.0,25.98169621104165,25.98169621104165,2.7348864607943075
5.63,5630,2799.6644057177477,45.0,21.301416843583063,0.0,0.0,26.080148300915237,26.080148300915237,2.7347802742663654
5.64,5640,2810.8769024870576,45.0,21.30370675818949,0.0,0.0,26.178596553709667,26.178596553709667,2.734673688734118
5.65,5650,2822.089108615575,45.0,21.305996596466706,0.0,0.0,26.277040955063033,26.277040955063033,2.734566704260163
5.66,5660,2833.3010094761976,45.0,21.30828635841724,0.0,0.0,26.375481490615698,26.375481490615698,2.734459320907326
5.67,5670,2844.512591248259,45.0,21.310576044043657,0.0,0.0,26.473918146010288,26.473918146010288,2.734351538738666
5.68,5680,2855.723840875503,45.0,21.312865653348485,0.0,0.0,26.572350906891717,26.572350906891717,2.734243357817471
5.69,5690,2866.934746026046,45.0,21.31515518633428,0.0,0.0,26.670779758907177,26.670779758907177,2.734134778207261
5.7,5700,2878.1452950542434,45.0,21.31744464300358,0.0,0.0,26.769204687706164,26.769204687706164,2.7340257999717856
5.71,5710,2889.355476964367,45.0,21.31973402335893,0.0,0.0,26.867625678940463,26.867625678940463,2.733916423175027
5.72,5720,2900.5652813760225,45.0,21.322023327402874,0.0,0.0,26.966042718264188,26.966042718264188,2.733806647881195
5.73,5730,2911.7746984912246,45.0,21.32431255513795,0.0,0.0,27.064455791333756,27.064455791333756,2.733696474154732
5.74,5740,2922.983719063059,45.0,21.326601706566713,0.0,0.0,27.162864883807927,27.162864883807927,2.7335859020603097
5.75,5750,2934.1923343658573,45.0,21.328890781691697,0.0,0.0,27.26126998134779,27.26126998134779,2.7334749316628315
5.76,5760,2945.4005361668187,45.0,21.33117978051545,0.0,0.0,27.359671069616777,27.359671069616777,2.7333635630274276
5.77,5770,2956.608316699016,45.0,21.333468703040506,0.0,0.0,27.458068134280676,27.458068134280676,2.7332517962194616
5.78,5780,2967.815668635719,45.0,21.335757549269427,0.0,0.0,27.55646116100764,27.55646116100764,2.733139631304526
5.79,5790,2979.0225850659763,45.0,21.338046319204736,0.0,0.0,27.654850135468184,27.654850135468184,2.7330270683484437
5.8,5800,2990.229059471404,45.0,21.34033501284899,0.0,0.0,27.753235043335206,27.753235043335206,2.732914107417266
5.81,5810,3001.435085704119,45.0,21.342623630204727,0.0,0.0,27.851615870283986,27.851615870283986,2.7328007485772754
5.82,5820,3012.640657965769,45.0,21.344912171274494,0.0,0.0,27.949992601992204,27.949992601992204,2.7326869918949828
5.83,5830,3023.8457707876078,45.0,21.347200636060823,0.0,0.0,28.04836522413994,28.04836522413994,2.73257283743713
5.84,5840,3035.0504190115676,45.0,21.349489024566264,0.0,0.0,28.146733722409685,28.146733722409685,2.7324582852706882
5.85,5850,3046.254597772283,45.0,21.351777336793365,0.0,0.0,28.245098082486347,28.245098082486347,2.732343335462857
5.86,5860,3057.458302480023,45.0,21.354065572744663,0.0,0.0,28.343458290057267,28.343458290057267,2.732227988081065
5.87,5870,3068.6615288044873,45.0,21.356353732422694,0.0,0.0,28.441814330812214,28.441814330812214,2.7321122431929727
5.88,5880,3079.8642726594267,45.0,21.358641815830012,0.0,0.0,28.540166190443408,28.540166190443408,2.731996100866467
5.89,5890,3091.0665301880526,45.0,21.360929822969155,0.0,0.0,28.638513854645517,28.638513854645517,2.7318795611696647
5.9,5900,3102.268297749194,45.0,21.363217753842665,0.0,0.0,28.73685730911567,28.73685730911567,2.731762624170913
5.91,5910,3113.46957190417,45.0,21.365505608453084,0.0,0.0,28.83519653955347,28.83519653955347,2.7316452899387853
5.92,5920,3124.6703494043427,45.0,21.367793386802944,0.0,0.0,28.933531531660982,28.933531531660982,2.7315275585420866
5.93,5930,3135.870627179316,45.0,21.370081088894803,0.0,0.0,29.031862271142778,29.031862271142778,2.7314094300498484
5.94,5940,3147.0704023257595,45.0,21.372368714731206,0.0,0.0,29.130188743705908,29.130188743705908,2.7312909045313325
5.95,5950,3158.2696720968106,45.0,21.37465626431467,0.0,0.0,29.228510935059923,29.228510935059923,2.7311719820560283
5.96,5960,3169.468433892045,45.0,21.37694373764776,0.0,0.0,29.32682883091689,29.32682883091689,2.731052662693654
5.97,5970,3180.666685247977,45.0,21.379231134733015,0.0,0.0,29.425142416991402,29.425142416991402,2.730932946514157
5.98,5980,3191.864423829067,45.0,21.381518455572955,0.0,0.0,29.52345167900056,29.52345167900056,2.730812833587711
5.99,5990,3203.0616474192148,45.0,21.383805700170154,0.0,0.0,29.621756602664007,29.621756602664007,2.7306923239847203
6.0,6000,3214.258353913708,45.0,21.386092868527133,0.0,0.0,29.72005717370394,29.72005717370394,2.7305714177758156
6.01,6010,3225.454541311614,45.0,21.388379960646432,0.0,0.0,29.818353377845085,29.818353377845085,2.730450115031856
6.02,6020,3236.650207708582,45.0,21.390666976530603,0.0,0.0,29.91664520081475,29.91664520081475,2.730328415823929
6.03,6030,3247.845351290046,45.0,21.392953916182176,0.0,0.0,30.014932628342788,30.014932628342788,2.7302063202233504
6.04,6040,3259.0399703247986,45.0,21.395240779603704,0.0,0.0,30.11321564616165,30.11321564616165,2.7300838283016624
6.05,6050,3270.234063158927,45.0,21.39752756679772,0.0,0.0,30.21149424000635,30.21149424000635,2.729960940130636
6.06,6060,3281.427628210087,45.0,21.39981427776676,0.0,0.0,30.309768395614512,30.309768395614512,2.7298376557822692
6.07,6070,3292.6206639620996,45.0,21.402100912513383,0.0,0.0,30.408038098726347,30.408038098726347,2.7297139753287887
6.08,6080,3303.8131689598567,45.0,21.404387471040106,0.0,0.0,30.506303335084684,30.506303335084684,2.729589898842647
6.09,6090,3315.0051418045146,45.0,21.406673953349486,0.0,0.0,30.60456409043496,30.60456409043496,2.729465426396525
6.1,6100,3326.196581148968,45.0,21.408960359444063,0.0,0.0,30.702820350525236,30.702820350525236,2.7293405580633303
6.11,6110,3337.3874856935854,45.0,21.411246689326376,0.0,0.0,30.80107210110622,30.80107210110622,2.729215293916197
6.12,6120,3348.577854182194,45.0,21.413532942998952,0.0,0.0,30.899319327931245,30.899319327931245,2.7290896340284894
6.13,6130,3359.7676853983016,45.0,21.415819120464356,0.0,0.0,30.997562016756305,30.997562016756305,2.7289635784737944
6.14,6140,3370.9569781615432,45.0,21.418105221725103,0.0,0.0,31.09580015334004,31.09580015334004,2.7288371273259293
6.15,6150,3382.1457313243413,45.0,21.42039124678375,0.0,0.0,31.19403372344376,31.19403372344376,2.7287102806589356
6.16,6160,3393.3339437687678,45.0,21.42267719564283,0.0,0.0,31.29226271283146,31.29226271283146,2.7285830385470846
6.17,6170,3404.5216144035976,45.0,21.42496306830489,0.0,0.0,31.39048710726979,31.39048710726979,2.72845540106487
6.18,6180,3415.7087421615443,45.0,21.427248864772462,0.0,0.0,31.48870689252813,31.48870689252813,2.7283273682870166
6.19,6190,3426.8953259966684,45.0,21.42953458504808,0.0,0.0,31.586922054378515,31.586922054378515,2.7281989402884714
6.2,6200,3438.081364881948,45.0,21.4318202291343,0.0,0.0,31.685132578595713,31.685132578595713,2.728070117144411
6.21,6210,3449.2668578070047,45.0,21.434105797033652,0.0,0.0,31.783338450957203,31.783338450957203,2.727940898930237
6.22,6220,3460.4518037759753,45.0,21.436391288748684,0.0,0.0,31.88153965724318,31.88153965724318,2.727811285721576
6.23,6230,3471.6362018055224,45.0,21.43867670428192,0.0,0.0,31.979736183236575,31.979736183236575,2.7276812775942827
6.24,6240,3482.820050922977,45.0,21.44096204363591,0.0,0.0,32.07792801472306,32.07792801472306,2.727550874624437
6.25,6250,3494.0033501646026,45.0,21.44324730681319,0.0,0.0,32.17611513749103,32.17611513749103,2.7274200768883436
6.26,6260,3505.1860985739804,45.0,21.445532493816298,0.0,0.0,32.274297537331684,32.274297537331684,2.7272888844625345
6.27,6270,3516.368295200501,45.0,21.447817604647778,0.0,0.0,32.372475200038934,32.372475200038934,2.7271572974237666
6.28,6280,3527.5499390979658,45.0,21.45010263931017,0.0,0.0,32.4706481114095,32.4706481114095,2.7270253158490223
6.29,6290,3538.731029323283,45.0,21.452387597806002,0.0,0.0,32.56881625724286,32.56881625724286,2.72689293981551
6.3,6300,3549.9115649352607,45.0,21.45467248013783,0.0,0.0,32.66697962334128,32.66697962334128,2.7267601694006633
6.31,6310,3561.091544993486,45.0,21.45695728630818,0.0,0.0,32.765138195509834,32.765138195509834,2.7266270046821406
6.32,6320,3572.270968557289,45.0,21.459242016319585,0.0,0.0,32.8632919595564,32.8632919595564,2.7264934457378254
6.33,6330,3583.4498346847845,45.0,21.461526670174603,0.0,0.0,32.961440901291645,32.961440901291645,2.7263594926458286
6.34,6340,3594.628142431988,45.0,21.463811247875757,0.0,0.0,33.05958500652908,33.05958500652908,2.7262251454844826
6.35,6350,3605.805890852003,45.0,21.46609574942559,0.0,0.0,33.15772426108505,33.15772426108505,2.7260904043323464
6.36,6360,3616.9830789942716,45.0,21.46838017482664,0.0,0.0,33.255858650778706,33.255858650778706,2.725955269268205
6.37,6370,3628.1597059038904,45.0,21.470664524081446,0.0,0.0,33.35398816143206,33.35398816143206,2.725819740371066
6.38,6380,3639.3357706209817,45.0,21.47294879719255,0.0,0.0,33.452112778869996,33.452112778869996,2.7256838177201628
6.39,6390,3650.5112721801215,45.0,21.475232994162482,0.0,0.0,33.550232488920216,33.550232488920216,2.725547501394953
6.4,6400,3661.68620960982,45.0,21.477517114993788,0.0,0.0,33.64834727741332,33.64834727741332,2.725410791475119
6.41,6410,3672.860581932047,45.0,21.479801159688993,0.0,0.0,33.74645713018278,33.74645713018278,2.725273688040566
6.42,6420,3684.034388161808,45.0,21.482085128250652,0.0,0.0,33.84456203306495,33.84456203306495,2.7251361911714262
6.43,6430,3695.2076273067587,45.0,21.48436902068129,0.0,0.0,33.942661971899085,33.942661971899085,2.724998300948054
6.44,6440,3706.380298366864,45.0,21.48665283698345,0.0,0.0,34.04075693252733,34.04075693252733,2.7248600174510273
6.45,6450,3717.552400334089,45.0,21.488936577159667,0.0,0.0,34.138846900794725,34.138846900794725,2.7247213407611497
6.46,6460,3728.7239321921306,45.0,21.49122024121249,0.0,0.0,34.23693186254927,34.23693186254927,2.724582270959447
6.47,6470,3739.894892916181,45.0,21.493503829144437,0.0,0.0,34.33501180364185,34.33501180364185,2.72444280812717
6.48,6480,3751.06528147272,45.0,21.495787340958056,0.0,0.0,34.43308670992629,34.43308670992629,2.7243029523457922
6.49,6490,3762.235096819337,45.0,21.498070776655887,0.0,0.0,34.53115656725939,34.53115656725939,2.724162703697011
6.5,6500,3773.404337904581,45.0,21.50035413624046,0.0,0.0,34.62922136150084,34.62922136150084,2.724022062262747
6.51,6510,3784.5730036678374,45.0,21.50263741971431,0.0,0.0,34.72728107851334,34.72728107851334,2.7238810281251453
6.52,6520,3795.7410930392234,45.0,21.50492062707999,0.0,0.0,34.82533570416254,34.82533570416254,2.7237396013665727
6.53,6530,3806.90860493951,45.0,21.507203758340022,0.0,0.0,34.92338522431705,34.92338522431705,2.723597782069619
6.54,6540,3818.075538280061,45.0,21.509486813496945,0.0,0.0,35.021429624848466,35.021429624848466,2.723455570317099
6.55,6550,3829.2418919627944,45.0,21.5117697925533,0.0,0.0,35.11946889163138,35.11946889163138,2.7233129661920477
6.56,6560,3840.407664880157,45.0,21.51405269551162,0.0,0.0,35.217503010543375,35.217503010543375,2.7231699697777247
6.57,6570,3851.57285591512,45.0,21.516335522374444,0.0,0.0,35.315531967465056,35.315531967465056,2.723026581157612
6.58,6580,3862.737463941185,45.0,21.518618273144305,0.0,0.0,35.413555748280004,35.413555748280004,2.722882800415415
6.59,6590,3873.9014878224093,45.0,21.520900947823748,0.0,0.0,35.51157433887487,35.51157433887487,2.722738627635059
6.6,6600,3885.064926413438,45.0,21.523183546415297,0.0,0.0,35.6095877251393,35.6095877251393,2.7225940629006953
6.61,6610,3896.2277785595525,45.0,21.525466068921496,0.0,0.0,35.707595892965976,35.707595892965976,2.7224491062966947
6.62,6620,3907.390043096727,45.0,21.527748515344882,0.0,0.0,35.80559882825065,35.80559882825065,2.72230375790765
6.63,6630,3918.5517188516988,45.0,21.530030885687985,0.0,0.0,35.903596516892115,35.903596516892115,2.722158017818379
6.64,6640,3929.712804642042,45.0,21.53231317995335,0.0,0.0,36.00158894479222,36.00158894479222,2.722011886113919
6.65,6650,3940.8732992762557,45.0,21.5345953981435,0.0,0.0,36.09957609785588,36.09957609785588,2.7218653628795293
6.66,6660,3952.033201553854,45.0,21.536877540260985,0.0,0.0,36.1975579619911,36.1975579619911,2.721718448200692
6.67,6670,3963.192510265467,45.0,21.53915960630833,0.0,0.0,36.29553452310898,36.29553452310898,2.7215711421631106
6.68,6680,3974.3512241929475,45.0,21.541441596288074,0.0,0.0,36.39350576712367,36.39350576712367,2.721423444852709
6.69,6690,3985.5093421094807,45.0,21.543723510202756,0.0,0.0,36.491471679952475,36.491471679952475,2.721275356355635
6.7,6700,3996.666862779701,45.0,21.546005348054905,0.0,0.0,36.589432247515774,36.589432247515774,2.721126876758255
6.71,6710,4007.8237849598145,45.0,21.54828710984706,0.0,0.0,36.687387455737074,36.687387455737074,2.7209780061471585
6.72,6720,4018.9801073977205,45.0,21.55056879558176,0.0,0.0,36.785337290543005,36.785337290543005,2.7208287446091544
6.73,6730,4030.1358288331435,45.0,21.55285040526153,0.0,0.0,36.88328173786333,36.88328173786333,2.7206790922312747
6.74,6740,4041.290947997762,45.0,21.555131938888923,0.0,0.0,36.98122078363095,36.98122078363095,2.720529049100772
6.75,6750,4052.4454636153428,45.0,21.557413396466455,0.0,0.0,37.079154413781936,37.079154413781936,2.7203786153051177
6.76,6760,4063.599374401877,45.0,21.55969477799667,0.0,0.0,37.17708261425548,37.17708261425548,2.7202277909320056
6.77,6770,4074.752679065719,45.0,21.5619760834821,0.0,0.0,37.27500537099398,37.27500537099398,2.7200765760693506
6.78,6780,4085.9053763077245,45.0,21.564257312925285,0.0,0.0,37.372922669942966,37.372922669942966,2.719924970805286
6.79,6790,4097.0574648213915,45.0,21.56653846632875,0.0,0.0,37.47083449705118,37.47083449705118,2.7197729752281683
6.8,6800,4108.2089432930015,45.0,21.568819543695042,0.0,0.0,37.568740838270536,37.568740838270536,2.719620589426571
6.81,6810,4119.359810401762,45.0,21.571100545026678,0.0,0.0,37.66664167955615,37.66664167955615,2.719467813489291
6.82,6820,4130.510064819949,45.0,21.57338147032621,0.0,0.0,37.76453700686634,37.76453700686634,2.719314647505342
6.83,6830,4141.659705213047,45.0,21.575662319596173,0.0,0.0,37.862426806162645,37.862426806162645,2.719161091563961
6.84,6840,4152.808730239897,45.0,21.57794309283909,0.0,0.0,37.96031106340981,37.96031106340981,2.719007145754602
6.85,6850,4163.9571385528325,45.0,21.58022379005749,0.0,0.0,38.05818976457583,38.05818976457583,2.7188528101669416
6.86,6860,4175.104928797824,45.0,21.58250441125392,0.0,0.0,38.1560628956319,38.1560628956319,2.718698084890872
6.87,6870,4186.2520996146195,45.0,21.58478495643092,0.0,0.0,38.25393044255249,38.25393044255249,2.7185429700165087
6.88,6880,4197.398649636886,45.0,21.58706542559101,0.0,0.0,38.351792391315314,38.351792391315314,2.718387465634185
6.89,6890,4208.5445774923455,45.0,21.589345818736728,0.0,0.0,38.449648727901355,38.449648727901355,2.718231571834453
6.9,6900,4219.689881802916,45.0,21.591626135870605,0.0,0.0,38.54749943829484,38.54749943829484,2.7180752887080857
6.91,6910,4230.834561184845,45.0,21.59390637699518,0.0,0.0,38.6453445084833,38.6453445084833,2.7179186163460725
6.92,6920,4241.978614248851,45.0,21.59618654211298,0.0,0.0,38.743183924457526,38.743183924457526,2.717761554839624
6.93,6930,4253.12203960025,45.0,21.598466631226547,0.0,0.0,38.84101767221161,38.84101767221161,2.7176041042801695
6.94,6940,4264.264835839093,45.0,21.60074664433841,0.0,0.0,38.93884573774295,38.93884573774295,2.7174462647593556
6.95,6950,4275.407001560297,45.0,21.603026581451104,0.0,0.0,39.03666810705223,39.03666810705223,2.717288036369049
6.96,6960,4286.548535353771,45.0,21.60530644256716,0.0,0.0,39.13448476614348,39.13448476614348,2.717129419201333
6.97,6970,4297.689435804546,45.0,21.607586227689115,0.0,0.0,39.23229570102403,39.23229570102403,2.7169704133485117
6.98,6980,4308.8297014929,45.0,21.609865936819496,0.0,0.0,39.33010089770454,39.33010089770454,2.7168110189031065
6.99,6990,4319.969330994485,45.0,21.61214556996083,0.0,0.0,39.42790034219902,39.42790034219902,2.716651235957855
7.0,7000,4331.108322880442,45.0,21.61442512711567,0.0,0.0,39.525694020524824,39.525694020524824,2.7164910646057163
7.01,7010,4342.246675717527,45.0,21.616704608286536,0.0,0.0,39.62348191870266,39.62348191870266,2.716330504939865
7.02,7020,4353.38438806823,45.0,21.618984013475963,0.0,0.0,39.72126402275659,39.72126402275659,2.716169557053694
7.03,7030,4364.5214584908845,45.0,21.62126334268648,0.0,0.0,39.819040318714066,39.819040318714066,2.716008221040814
7.04,7040,4375.657885539788,45.0,21.62354259592063,0.0,0.0,39.91681079260589,39.91681079260589,2.715846496995055
7.05,7050,4386.793667765313,45.0,21.62582177318093,0.0,0.0,40.01457543046626,40.01457543046626,2.7156843850104604
7.06,7060,4397.928803714014,45.0,21.62810087446993,0.0,0.0,40.11233421833279,40.11233421833279,2.715521885181295
7.07,7070,4409.063291928739,45.0,21.630379899790146,0.0,0.0,40.210087142246465,40.210087142246465,2.7153589976020385
7.08,7080,4420.197130948734,45.0,21.632658849144118,0.0,0.0,40.30783418825169,40.30783418825169,2.7151957223673886
7.09,7090,4431.330319309749,45.0,21.634937722534378,0.0,0.0,40.4055753423963,40.4055753423963,2.7150320595722603
7.1,7100,4442.462855544134,45.0,21.637216519963467,0.0,0.0,40.503310590731516,40.503310590731516,2.7148680093117847
7.11,7110,4453.594738180947,45.0,21.639495241433895,0.0,0.0,40.60103991931205,40.60103991931205,2.7147035716813095
7.12,7120,4464.725965746048,45.0,21.64177388694821,0.0,0.0,40.698763314196,40.698763314196,2.7145387467764004
7.13,7130,4475.856536762192,45.0,21.64405245650894,0.0,0.0,40.79648076144494,40.79648076144494,2.7143735346928386
7.14,7140,4486.986449749129,45.0,21.64633095011862,0.0,0.0,40.894192247123904,40.894192247123904,2.714207935526621
7.15,7150,4498.11570322369,45.0,21.648609367779777,0.0,0.0,40.991897757301366,40.991897757301366,2.714041949373963
7.16,7160,4509.24429569988,45.0,21.650887709494945,0.0,0.0,41.08959727804929,41.08959727804929,2.7138755763312945
7.17,7170,4520.372225688968,45.0,21.653165975266653,0.0,0.0,41.18729079544312,41.18729079544312,2.7137088164952616
7.18,7180,4531.4994916995665,45.0,21.65544416509744,0.0,0.0,41.28497829556178,41.28497829556178,2.713541669962727
7.19,7190,4542.626092237723,45.0,21.657722278989823,0.0,0.0,41.382659764487684,41.382659764487684,2.7133741368307676
7.2,7200,4553.752025806996,45.0,21.66000031694635,0.0,0.0,41.48033518830677,41.48033518830677,2.713206217196679
7.21,7210,4564.877290908538,45.0,21.66227827896954,0.0,0.0,41.57800455310846,41.57800455310846,2.7130379111579694
7.22,7220,4576.001886041176,45.0,21.66455616506193,0.0,0.0,41.675667844985696,41.675667844985696,2.7128692188123638
7.23,7230,4587.125809701482,45.0,21.66683397522604,0.0,0.0,41.77332505003498,41.77332505003498,2.712700140257803
7.24,7240,4598.249060383854,45.0,21.669111709464424,0.0,0.0,41.8709761543563,41.8709761543563,2.712530675592442
7.25,7250,4609.371636580587,45.0,21.671389367779593,0.0,0.0,41.96862114405323,41.96862114405323,2.712360824914652
7.26,7260,4620.493536781942,45.0,21.67366695017408,0.0,0.0,42.06626000523286,42.06626000523286,2.712190588323017
7.27,7270,4631.614759476218,45.0,21.67594445665042,0.0,0.0,42.16389272400585,42.16389272400585,2.7120199659163395
7.28,7280,4642.73530314982,45.0,21.67822188721115,0.0,0.0,42.261519286486426,42.261519286486426,2.7118489577936336
7.29,7290,4653.855166287322,45.0,21.680499241858783,0.0,0.0,42.359139678792374,42.359139678792374,2.7116775640541286
7.3,7300,4664.974347371537,45.0,21.68277652059587,0.0,0.0,42.456753887045075,42.456753887045075,2.71150578479727
7.31,7310,4676.092844883574,45.0,21.685053723424925,0.0,0.0,42.55436189736949,42.55436189736949,2.711333620122716
7.32,7320,4687.210657302902,45.0,21.687330850348484,0.0,0.0,42.651963695894175,42.651963695894175,2.711161070130339
7.33,7330,4698.327783107412,45.0,21.689607901369076,0.0,0.0,42.749559268751305,42.749559268751305,2.710988134920227
7.34,7340,4709.444220773471,45.0,21.69188487648923,0.0,0.0,42.84714860207665,42.84714860207665,2.7108148145926805
7.35,7350,4720.559968775981,45.0,21.694161775711486,0.0,0.0,42.94473168200958,42.94473168200958,2.7106411092482143
7.36,7360,4731.675025588436,45.0,21.696438599038363,0.0,0.0,43.04230849469313,43.04230849469313,2.7104670189875577
7.37,7370,4742.789389682972,45.0,21.69871534647239,0.0,0.0,43.13987902627395,43.13987902627395,2.7102925439116525
7.38,7380,4753.903059530422,45.0,21.700992018016105,0.0,0.0,43.23744326290234,43.23744326290234,2.710117684121655
7.39,7390,4765.016033600368,45.0,21.703268613672037,0.0,0.0,43.335001190732214,43.335001190732214,2.709942439718935
7.4,7400,4776.128310361188,45.0,21.705545133442705,0.0,0.0,43.4325527959212,43.4325527959212,2.7097668108050743
7.41,7410,4787.239888280105,45.0,21.70782157733065,0.0,0.0,43.53009806463054,43.53009806463054,2.709590797481869
7.42,7420,4798.350765823238,45.0,21.710097945338397,0.0,0.0,43.62763698302519,43.62763698302519,2.709414399851328
7.43,7430,4809.4609414556435,45.0,21.712374237468474,0.0,0.0,43.72516953727375,43.72516953727375,2.709237618015673
7.44,7440,4820.570413641361,45.0,21.714650453723408,0.0,0.0,43.82269571354854,43.82269571354854,2.709060452077338
7.45,7450,4831.679180843456,45.0,21.716926594105733,0.0,0.0,43.92021549802554,43.92021549802554,2.7088829021389706
7.46,7460,4842.787241524068,45.0,21.719202658617974,0.0,0.0,44.01772887688446,44.01772887688446,2.7087049683034303
7.47,7470,4853.894594144443,45.0,21.721478647262664,0.0,0.0,44.11523583630872,44.11523583630872,2.708526650673789
7.48,7480,4865.001237164978,45.0,21.723754560042337,0.0,0.0,44.212736362485444,44.212736362485444,2.708347949353331
7.49,7490,4876.107169045263,45.0,21.726030396959505,0.0,0.0,44.31023044160548,44.31023044160548,2.7081688644455526
7.5,7500,4887.212388244111,45.0,21.728306158016718,0.0,0.0,44.407718059863434,44.407718059863434,2.707989396054163
7.51,7510,4898.316893219602,45.0,21.73058184321648,0.0,0.0,44.50519920345762,44.50519920345762,2.7078095442830823
7.52,7520,4909.420682429117,45.0,21.73285745256134,0.0,0.0,44.60267385859014,44.60267385859014,2.707629309236442
7.53,7530,4920.52375432937,45.0,21.735132986053816,0.0,0.0,44.7001420114668,44.7001420114668,2.707448691018586
7.54,7540,4931.6261073764435,45.0,21.73740844369645,0.0,0.0,44.797603648297226,44.797603648297226,2.7072676897340706
7.55,7550,4942.7277400258245,45.0,21.739683825491753,0.0,0.0,44.895058755294784,44.895058755294784,2.7070863054876626
7.56,7560,4953.828650732432,45.0,21.741959131442254,0.0,0.0,44.99250731867662,44.99250731867662,2.7069045383843378
7.57,7570,4964.928837950651,45.0,21.744234361550493,0.0,0.0,45.08994932466368,45.08994932466368,2.7067223885292875
7.58,7580,4976.02830013436,45.0,21.746509515819,0.0,0.0,45.18738475948068,45.18738475948068,2.70653985602791
7.59,7590,4987.127035736964,45.0,21.748784594250285,0.0,0.0,45.28481360935617,45.28481360935617,2.706356940985818
7.6,7600,4998.225043211421,45.0,21.751059596846886,0.0,0.0,45.38223586052249,45.38223586052249,2.706173643508832
7.61,7610,5009.322321010268,45.0,21.75333452361134,0.0,0.0,45.47965149921579,45.47965149921579,2.7059899637029856
7.62,7620,5020.418867585651,45.0,21.755609374546157,0.0,0.0,45.57706051167608,45.57706051167608,2.70580590167452
7.63,7630,5031.5146813893525,45.0,21.75788414965388,0.0,0.0,45.674462884147154,45.674462884147154,2.7056214575298894
7.64,7640,5042.6097608728105,45.0,21.760158848937024,0.0,0.0,45.771858602876684,45.771858602876684,2.7054366313757567
7.65,7650,5053.70410448715,45.0,21.762433472398122,0.0,0.0,45.86924765411617,45.86924765411617,2.7052514233189955
7.66,7660,5064.797710683204,45.0,21.76470802003971,0.0,0.0,45.966630024120974,45.966630024120974,2.7050658334666893
7.67,7670,5075.890577911536,45.0,21.766982491864297,0.0,0.0,46.064005699150314,46.064005699150314,2.7048798619261314
7.68,7680,5086.982704622465,45.0,21.769256887874427,0.0,0.0,46.16137466546729,46.16137466546729,2.7046935088048247
7.69,7690,5098.074089266085,45.0,21.771531208072616,0.0,0.0,46.258736909338865,46.258736909338865,2.704506774210482
7.7,7700,5109.16473029229,45.0,21.773805452461396,0.0,0.0,46.35609241703591,46.35609241703591,2.7043196582510256
7.71,7710,5120.254626150791,45.0,21.776079621043294,0.0,0.0,46.45344117483315,46.45344117483315,2.7041321610345856
7.72,7720,5131.343775291139,45.0,21.77835371382083,0.0,0.0,46.55078316900926,46.55078316900926,2.7039442826695033
7.73,7730,5142.43217616274,45.0,21.780627730796546,0.0,0.0,46.648118385846765,46.648118385846765,2.703756023264329
7.74,7740,5153.51982721488,45.0,21.782901671972954,0.0,0.0,46.74544681163217,46.74544681163217,2.70356738292782
7.75,7750,5164.606726896741,45.0,21.78517553735259,0.0,0.0,46.84276843265585,46.84276843265585,2.703378361768944
7.76,7760,5175.692873657418,45.0,21.787449326937974,0.0,0.0,46.94008323521214,46.94008323521214,2.703188959896877
7.77,7770,5186.778265945937,45.0,21.789723040731637,0.0,0.0,47.0373912055993,47.0373912055993,2.7029991774210034
7.78,7780,5197.862902211273,45.0,21.7919966787361,0.0,0.0,47.13469233011953,47.13469233011953,2.7028090144509154
7.79,7790,5208.946780902364,45.0,21.794270240953896,0.0,0.0,47.231986595079,47.231986595079,2.702618471096415
7.8,7800,5220.029900468129,45.0,21.796543727387544,0.0,0.0,47.329273986787825,47.329273986787825,2.702427547467511
7.81,7810,5231.112259357485,45.0,21.79881713803958,0.0,0.0,47.426554491560104,47.426554491560104,2.7022362436744203
7.82,7820,5242.193856019356,45.0,21.801090472912524,0.0,0.0,47.523828095713895,47.523828095713895,2.702044559827569
7.83,7830,5253.274688902695,45.0,21.803363732008897,0.0,0.0,47.62109478557125,47.62109478557125,2.701852496037588
7.84,7840,5264.354756456493,45.0,21.805636915331227,0.0,0.0,47.7183545474582,47.7183545474582,2.701660052415319
7.85,7850,5275.434057129796,45.0,21.807910022882048,0.0,0.0,47.815607367704786,47.815607367704786,2.70146722907181
7.86,7860,5286.512589371716,45.0,21.81018305466388,0.0,0.0,47.91285323264505,47.91285323264505,2.701274026118315
7.87,7870,5297.590351631445,45.0,21.812456010679245,0.0,0.0,48.01009212861703,48.01009212861703,2.7010804436662967
7.88,7880,5308.667342358266,45.0,21.81472889093067,0.0,0.0,48.10732404196282,48.10732404196282,2.7008864818274247
7.89,7890,5319.743560001569,45.0,21.817001695420693,0.0,0.0,48.20454895902851,48.20454895902851,2.700692140713575
7.9,7900,5330.81900301086,45.0,21.819274424151825,0.0,0.0,48.301766866164236,48.301766866164236,2.700497420436831
7.91,7910,5341.893669835772,45.0,21.821547077126592,0.0,0.0,48.398977749724175,48.398977749724175,2.7003023211094814
7.92,7920,5352.967558926079,45.0,21.823819654347517,0.0,0.0,48.496181596066556,48.496181596066556,2.700106842844023
7.93,7930,5364.040668731703,45.0,21.82609215581714,0.0,0.0,48.59337839155367,48.59337839155367,2.6999109857531582
7.94,7940,5375.1129977027285,45.0,21.82836458153798,0.0,0.0,48.690568122551866,48.690568122551866,2.6997147499497953
7.95,7950,5386.184544289411,45.0,21.830636931512547,0.0,0.0,48.78775077543156,48.78775077543156,2.6995181355470494
7.96,7960,5397.2553069421865,45.0,21.832909205743384,0.0,0.0,48.884926336567254,48.884926336567254,2.6993211426582415
7.97,7970,5408.325284111681,45.0,21.835181404233005,0.0,0.0,48.98209479233754,48.98209479233754,2.699123771396898
7.98,7980,5419.394474248722,45.0,21.837453526983946,0.0,0.0,49.079256129125106,49.079256129125106,2.6989260218767512
7.99,7990,5430.462875804345,45.0,21.839725573998713,0.0,0.0,49.17641033331673,49.17641033331673,2.6987278942117388
8.0,8000,5284.506930789994,35.0,21.84199754527985,0.0,0.0,49.214113842916205,49.214113842916205,1.0473197110966488
8.01,8010,5147.821424214547,35.0,21.844269440829873,0.0,0.0,49.25181457541695,49.25181457541695,1.047242569465043
8.02,8020,5019.826942751677,35.0,21.846541260651303,0.0,0.0,49.28951252889536,49.28951252889536,1.047165374400176
8.03,8030,4899.9802864004,35.0,21.848813004746667,0.0,0.0,49.32720770142844,49.32720770142844,1.0470881259190543
8.04,8040,4787.772205152238,35.0,21.851084673118493,0.0,0.0,49.36490009109384,49.36490009109384,1.0470108240386944
8.05,8050,4682.725277116694,35.0,21.8533562657693,0.0,0.0,49.40258969596977,49.40258969596977,1.046933468776122
8.06,8060,4584.39191926388,35.0,21.855627782701617,0.0,0.0,49.440276514135114,49.440276514135114,1.0468560601483732
8.07,8070,4492.352522495726,35.0,21.85789922391796,0.0,0.0,49.47796054366932,49.47796054366932,1.046778598172493
8.08,8080,4406.213703275252,35.0,21.860170589420864,0.0,0.0,49.51564178265248,49.51564178265248,1.0467010828655379
8.09,8090,4325.606664528997,35.0,21.86244187921285,0.0,0.0,49.55332022916529,49.55332022916529,1.0466235142445723
8.1,8100,4250.185658993051,35.0,21.864713093296427,0.0,0.0,49.59099588128905,49.59099588128905,1.0465458923266717
8.11,8110,4179.626548599965,35.0,21.86698423167413,0.0,0.0,49.628668737105684,49.628668737105684,1.0464682171289208
8.12,8120,4113.625453903968,35.0,21.869255294348488,0.0,0.0,49.66633879469775,49.66633879469775,1.0463904886684143
8.13,8130,4051.8974879171224,35.0,21.871526281322016,0.0,0.0,49.70400605214839,49.70400605214839,1.0463127069622569
8.14,8140,3994.1755690807036,35.0,21.873797192597245,0.0,0.0,49.741670507541386,49.741670507541386,1.0462348720275623
8.15,8150,3940.209308425882,35.0,21.876068028176686,0.0,0.0,49.77933215896111,49.77933215896111,1.0461569838814548
8.16,8160,3889.763966286857,35.0,21.878338788062866,0.0,0.0,49.81699100449259,49.81699100449259,1.0460790425410678
8.17,8170,3842.6194742194157,35.0,21.88060947225832,0.0,0.0,49.85464704222144,49.85464704222144,1.046001048023545
8.18,8180,3798.569518049591,35.0,21.882880080765556,0.0,0.0,49.892300270233896,49.892300270233896,1.0459230003460398
8.19,8190,3757.42067823177,35.0,21.88515061358711,0.0,0.0,49.92995068661682,49.92995068661682,1.0458448995257146
8.2,8200,3718.9916239344275,35.0,21.887421070725495,0.0,0.0,49.9675982894577,49.9675982894577,1.0457667455797424
8.21,8210,3683.1123574954945,35.0,21.889691452183236,0.0,0.0,50.00524307684461,50.00524307684461,1.045688538525305
8.22,8220,3649.6235060992726,35.0,21.89196175796286,0.0,0.0,50.04288504686627,50.04288504686627,1.0456102783795953
8.23,8230,3618.375657723536,35.0,21.89423198806688,0.0,0.0,50.08052419761202,50.08052419761202,1.0455319651598145
8.24,8240,3589.2287385899426,35.0,21.89650214249783,0.0,0.0,50.11816052717181,50.11816052717181,1.045453598883174
8.25,8250,3562.0514295237954,35.0,21.89877222125822,0.0,0.0,50.15579403363622,50.15579403363622,1.045375179566895
8.26,8260,3536.720618791314,35.0,21.90104222435058,0.0,0.0,50.19342471509644,50.19342471509644,1.0452967072282084
8.27,8270,3513.1208891345814,35.0,21.903312151777435,0.0,0.0,50.23105256964428,50.23105256964428,1.0452181818843542
8.28,8280,3491.144036866806,35.0,21.905582003541305,0.0,0.0,50.26867759537217,50.26867759537217,1.0451396035525835
8.29,8290,3470.6886210241255,35.0,21.907851779644712,0.0,0.0,50.30629979037318,50.30629979037318,1.045060972250155
8.3,8300,3451.65954069543,35.0,21.91012148009017,0.0,0.0,50.34391915274097,50.34391915274097,1.0449822879943385
8.31,8310,3433.967638769065,35.0,21.912391104880207,0.0,0.0,50.38153568056986,50.38153568056986,1.0449035508024136
8.32,8320,3417.5293304453685,35.0,21.914660654017354,0.0,0.0,50.41914937195476,50.41914937195476,1.0448247606916679
8.33,8330,3402.266254967173,35.0,21.916930127504113,0.0,0.0,50.45676022499122,50.45676022499122,1.0447459176794003
8.34,8340,3388.104949117155,35.0,21.91919952534302,0.0,0.0,50.494368237775404,50.494368237775404,1.0446670217829188
8.35,8350,3374.9765411215917,35.0,21.9214688475366,0.0,0.0,50.531973408404106,50.531973408404106,1.0445880730195405
8.36,8360,3362.8164636851448,35.0,21.923738094087362,0.0,0.0,50.56957573497475,50.56957573497475,1.0445090714065923
8.37,8370,3351.564184960959,35.0,21.926007264997835,0.0,0.0,50.60717521558536,50.60717521558536,1.044430016961412
8.38,8380,3341.1629563351376,35.0,21.928276360270534,0.0,0.0,50.64477184833461,50.64477184833461,1.0443509097013446
8.39,8390,3331.5595759746816,35.0,21.93054537990799,0.0,0.0,50.68236563132178,50.68236563132178,1.0442717496437466
8.4,8400,3322.704167153689,35.0,21.93281432391272,0.0,0.0,50.71995656264679,50.71995656264679,1.0441925368059832
8.41,8410,3314.5499704341623,35.0,21.935083192287237,0.0,0.0,50.75754464041019,50.75754464041019,1.0441132712054293
8.42,8420,3307.0531488355173,35.0,21.937351985034073,0.0,0.0,50.79512986271313,50.79512986271313,1.0440339528594693
8.43,8430,3300.1726051809965,35.0,21.939620702155747,0.0,0.0,50.8327122276574,50.8327122276574,1.0439545817854974
8.44,8440,3293.8698108599338,35.0,21.941889343654765,0.0,0.0,50.87029173334544,50.87029173334544,1.0438751580009171
8.45,8450,3288.108645292374,35.0,21.944157909533676,0.0,0.0,50.90786837788027,50.90786837788027,1.043795681523142
8.46,8460,3282.855245427159,35.0,21.946426399794976,0.0,0.0,50.94544215936558,50.94544215936558,1.0437161523695937
8.47,8470,3278.077864646377,35.0,21.948694814441193,0.0,0.0,50.98301307590565,50.98301307590565,1.043636570557705
8.48,8480,3273.746740488289,35.0,21.950963153474852,0.0,0.0,51.02058112560543,51.02058112560543,1.0435569361049175
8.49,8490,3269.833970637571,35.0,21.953231416898465,0.0,0.0,51.058146306570464,51.058146306570464,1.043477249028682
8.5,8500,3266.3133966661635,35.0,21.955499604714564,0.0,0.0,51.09570861690693,51.09570861690693,1.0433975093464594
8.51,8510,3263.160495040321,35.0,21.95776771692566,0.0,0.0,51.13326805472166,51.13326805472166,1.0433177170757193
8.52,8520,3260.3522749397207,35.0,21.960035753534278,0.0,0.0,51.17082461812208,51.17082461812208,1.0432378722339417
8.53,8530,3257.867182462874,35.0,21.962303714542927,0.0,0.0,51.20837830521627,51.20837830521627,1.0431579748386157
8.54,8540,3255.685010819704,35.0,21.964571599954144,0.0,0.0,51.24592911411293,51.24592911411293,1.043078024907239
8.55,8550,3253.786816137083,35.0,21.966839409770436,0.0,0.0,51.2834770429214,51.2834770429214,1.0429980224573203
8.56,8560,3252.1548385265264,35.0,21.969107143994332,0.0,0.0,51.32102208975163,51.32102208975163,1.0429179675063767
8.57,8570,3250.7724280851553,35.0,21.971374802628347,0.0,0.0,51.35856425271422,51.35856425271422,1.0428378600719346
8.58,8580,3249.623975521598,35.0,21.973642385675003,0.0,0.0,51.396103529920396,51.396103529920396,1.0427577001715305
8.59,8590,3248.6948471177734,35.0,21.975909893136812,0.0,0.0,51.43363991948201,51.43363991948201,1.04267748782271
8.6,8600,3247.9713237555625,35.0,21.978177325016294,0.0,0.0,51.471173419511565,51.471173419511565,1.0425972230430283
8.61,8610,3247.440543754314,35.0,21.98044468131598,0.0,0.0,51.50870402812216,51.50870402812216,1.042516905850049
8.62,8620,3247.090449281005,35.0,21.98271196203838,0.0,0.0,51.54623174342757,51.54623174342757,1.0424365362613468
8.63,8630,3246.9097361097656,35.0,21.984979167186015,0.0,0.0,51.583756563542174,51.583756563542174,1.0423561142945046
8.64,8640,3246.887806521435,35.0,21.987246296761406,0.0,0.0,51.62127848658099,51.62127848658099,1.0422756399671147
8.65,8650,3247.0147251468948,35.0,21.989513350767076,0.0,0.0,51.658797510659674,51.658797510659674,1.042195113296779
8.66,8660,3247.2811775701944,35.0,21.99178032920553,0.0,0.0,51.69631363389451,51.69631363389451,1.0421145343011091
8.67,8670,3247.678431518979,35.0,21.994047232079296,0.0,0.0,51.73382685440243,51.73382685440243,1.0420339029977255
8.68,8680,3248.198300480518,35.0,21.996314059390897,0.0,0.0,51.77133717030099,51.77133717030099,1.0419532194042582
8.69,8690,3248.8331095917315,35.0,21.99858081114285,0.0,0.0,51.80884457970837,51.80884457970837,1.0418724835383462
8.7,8700,3249.575663661089,35.0,22.000847487337666,0.0,0.0,51.84634908074341,51.84634908074341,1.0417916954176383
8.71,8710,3250.4192171891405,35.0,22.003114087977867,0.0,0.0,51.88385067152556,51.88385067152556,1.0417108550597927
8.72,8720,3251.357446262763,35.0,22.005380613065974,0.0,0.0,51.92134935017493,51.92134935017493,1.0416299624824763
8.73,8730,3252.384422206019,35.0,22.007647062604498,0.0,0.0,51.95884511481225,51.95884511481225,1.0415490177033655
8.74,8740,3253.4945868778336,35.0,22.00991343659597,0.0,0.0,51.9963379635589,51.9963379635589,1.0414680207401468
8.75,8750,3254.682729513569,35.0,22.0121797350429,0.0,0.0,52.03382789453688,52.03382789453688,1.0413869716105149
8.76,8760,3255.9439650139993,35.0,22.014445957947807,0.0,0.0,52.07131490586883,52.07131490586883,1.041305870332174
8.77,8770,3257.273713591224,35.0,22.016712105313204,0.0,0.0,52.10879899567806,52.10879899567806,1.0412247169228381
8.78,8780,3258.667681686714,35.0,22.018978177141623,0.0,0.0,52.146280162088466,52.146280162088466,1.0411435114002303
8.79,8790,3260.121844081977,35.0,22.02124417343557,0.0,0.0,52.18375840322462,52.18375840322462,1.0410622537820824
8.8,8800,3261.6324271273097,35.0,22.02351009419757,0.0,0.0,52.221233717211724,52.221233717211724,1.040980944086136
8.81,8810,3263.1958930187484,35.0,22.025775939430133,0.0,0.0,52.25870610217561,52.25870610217561,1.0408995823301421
8.82,8820,3264.808925057715,35.0,22.028041709135778,0.0,0.0,52.29617555624276,52.29617555624276,1.0408181685318603
8.83,8830,3266.4684138319312,35.0,22.030307403317032,0.0,0.0,52.33364207754028,52.33364207754028,1.0407367027090595
8.84,8840,3268.1714442600287,35.0,22.032573021976397,0.0,0.0,52.371105664195944,52.371105664195944,1.0406551848795182
8.85,8850,3269.915283445869,35.0,22.034838565116402,0.0,0.0,52.40856631433814,52.40856631433814,1.0405736150610243
8.86,8860,3271.697369291969,35.0,22.03710403273956,0.0,0.0,52.44602402609591,52.44602402609591,1.0404919932713743
8.87,8870,3273.5152998245885,35.0,22.039369424848392,0.0,0.0,52.483478797598934,52.483478797598934,1.0404103195283745
8.88,8880,3275.3668231859965,35.0,22.041634741445407,0.0,0.0,52.52093062697753,52.52093062697753,1.0403285938498392
8.89,8890,3277.249828252226,35.0,22.043899982533134,0.0,0.0,52.558379512362656,52.558379512362656,1.0402468162535936
8.9,8900,3279.1623358372144,35.0,22.046165148114078,0.0,0.0,52.59582545188592,52.59582545188592,1.0401649867574707
8.91,8910,3281.1024904466876,35.0,22.048430238190765,0.0,0.0,52.63326844367958,52.63326844367958,1.040083105379313
8.92,8920,3283.068552547426,35.0,22.050695252765703,0.0,0.0,52.67070848587651,52.67070848587651,1.0400011721369729
8.93,8930,3285.0588913197,35.0,22.052960191841414,0.0,0.0,52.70814557661025,52.70814557661025,1.0399191870483107
8.94,8940,3287.07197786268,35.0,22.055225055420422,0.0,0.0,52.74557971401497,52.74557971401497,1.0398371501311967
8.95,8950,3289.106378824509,35.0,22.057489843505234,0.0,0.0,52.783010896225505,52.783010896225505,1.0397550614035098
8.96,8960,3291.1607504304925,35.0,22.05975455609836,0.0,0.0,52.8204391213773,52.8204391213773,1.039672920883139
8.97,8970,3293.2338328845285,35.0,22.062019193202328,0.0,0.0,52.85786438760646,52.85786438760646,1.039590728587981
8.98,8980,3295.3244451204487,35.0,22.064283754819648,0.0,0.0,52.89528669304976,52.89528669304976,1.039508484535943
8.99,8990,3297.4314798814003,35.0,22.066548240952848,0.0,0.0,52.93270603584458,52.93270603584458,1.0394261887449399
9.0,9000,3299.5538991067656,35.0,22.06881265160443,0.0,0.0,52.970122414128966,52.970122414128966,1.039343841232897
9.01,9010,3301.6907296074005,35.0,22.071076986776916,0.0,0.0,53.007535826041604,53.007535826041604,1.0392614420177475
9.02,9020,3303.8410590111694,35.0,22.073341246472815,0.0,0.0,53.044946269721834,53.044946269721834,1.0391789911174347
9.03,9030,3306.004031961885,35.0,22.075605430694655,0.0,0.0,53.08235374330963,53.08235374330963,1.0390964885499103
9.04,9040,3308.178846555814,35.0,22.077869539444936,0.0,0.0,53.11975824494562,53.11975824494562,1.0390139343331355
9.05,9050,3310.3647510009005,35.0,22.080133572726194,0.0,0.0,53.15715977277108,53.15715977277108,1.03893132848508
9.06,9060,3312.5610404847907,35.0,22.08239753054093,0.0,0.0,53.19455832492794,53.19455832492794,1.038848671023723
9.07,9070,3314.7670542386018,35.0,22.084661412891663,0.0,0.0,53.231953899558754,53.231953899558754,1.0387659619670528
9.08,9080,3316.9821727842086,35.0,22.086925219780905,0.0,0.0,53.26934649480674,53.26934649480674,1.0386832013330658
9.09,9090,3319.205815353574,35.0,22.089188951211185,0.0,0.0,53.30673610881577,53.30673610881577,1.0386003891397688
9.1,9100,3321.4374374693707,35.0,22.091452607185005,0.0,0.0,53.34412273973036,53.34412273973036,1.0385175254051768
9.11,9110,3323.676528676814,35.0,22.093716187704878,0.0,0.0,53.381506385695666,53.381506385695666,1.0384346101473139
9.12,9120,3325.9226104172562,35.0,22.095979692773327,0.0,0.0,53.4188870448575,53.4188870448575,1.0383516433842126
9.13,9130,3328.1752340346798,35.0,22.098243122392866,0.0,0.0,53.456264715362316,53.456264715362316,1.0382686251339162
9.14,9140,3330.433978906786,35.0,22.100506476566004,0.0,0.0,53.493639395357235,53.493639395357235,1.0381855554144745
9.15,9150,3332.6984506928898,35.0,22.102769755295263,0.0,0.0,53.53101108299002,53.53101108299002,1.0381024342439487
9.16,9160,3334.9682796913226,35.0,22.105032958583152,0.0,0.0,53.568379776409074,53.568379776409074,1.038019261640407
9.17,9170,3337.243119299494,35.0,22.107296086432196,0.0,0.0,53.60574547376347,53.60574547376347,1.0379360376219273
9.18,9180,3339.5226445702046,35.0,22.1095591388449,0.0,0.0,53.643108173202904,53.643108173202904,1.037852762206597
9.19,9190,3341.806550858184,35.0,22.111822115823777,0.0,0.0,53.680467872877756,53.680467872877756,1.0377694354125115
9.2,9200,3344.094552551225,35.0,22.114085017371345,0.0,0.0,53.71782457093904,53.71782457093904,1.0376860572577755
9.21,9210,3346.3863818806194,35.0,22.11634784349012,0.0,0.0,53.75517826553841,53.75517826553841,1.0376026277605033
9.22,9220,3348.6817878059396,35.0,22.11861059418262,0.0,0.0,53.79252895482821,53.79252895482821,1.0375191469388167
9.23,9230,3350.980534969526,35.0,22.12087326945135,0.0,0.0,53.8298766369614,53.8298766369614,1.0374356148108475
9.24,9240,3353.282402716317,35.0,22.123135869298828,0.0,0.0,53.867221310091615,53.867221310091615,1.037352031394736
9.25,9250,3355.5871841749363,35.0,22.125398393727565,0.0,0.0,53.90456297237312,53.90456297237312,1.0372683967086314
9.26,9260,3357.894685396218,35.0,22.127660842740088,0.0,0.0,53.94190162196087,53.94190162196087,1.037184710770692
9.27,9270,3360.2047245455697,35.0,22.129923216338888,0.0,0.0,53.97923725701044,53.97923725701044,1.0371009735990846
9.28,9280,3362.517131145814,35.0,22.1321855145265,0.0,0.0,54.016569875678066,54.016569875678066,1.0370171852119854
9.29,9290,3364.831745367353,35.0,22.134447737305425,0.0,0.0,54.05389947612066,54.05389947612066,1.0369333456275784
9.3,9300,3367.148417362698,35.0,22.136709884678183,0.0,0.0,54.09122605649577,54.09122605649577,1.0368494548640577
9.31,9310,3369.467006642589,35.0,22.138971956647286,0.0,0.0,54.12854961496159,54.12854961496159,1.0367655129396258
9.32,9320,3371.787381491107,35.0,22.141233953215245,0.0,0.0,54.165870149677005,54.165870149677005,1.0366815198724935
9.33,9330,3374.1094184173467,35.0,22.143495874384577,0.0,0.0,54.20318765880152,54.20318765880152,1.036597475680881
9.34,9340,3376.433001641351,35.0,22.14575772015779,0.0,0.0,54.24050214049531,54.24050214049531,1.036513380383017
9.35,9350,3378.7580226121827,35.0,22.148019490537404,0.0,0.0,54.27781359291921,54.27781359291921,1.0364292339971395
9.36,9360,3381.084379556112,35.0,22.150281185525923,0.0,0.0,54.315122014234696,54.315122014234696,1.0363450365414946
9.37,9370,3383.4119770530424,35.0,22.15254280512587,0.0,0.0,54.35242740260394,54.35242740260394,1.036260788034338
9.38,9380,3385.7407256394144,35.0,22.154804349339752,0.0,0.0,54.389729756189716,54.389729756189716,1.036176488493933
9.39,9390,3388.0705414359218,35.0,22.15706581817009,0.0,0.0,54.42702907315551,54.42702907315551,1.0360921379385526
9.4,9400,3390.401345798499,35.0,22.159327211619377,0.0,0.0,54.46432535166542,54.46432535166542,1.036007736386479
9.41,9410,3392.7330649911214,35.0,22.16158852969015,0.0,0.0,54.50161858988424,54.50161858988424,1.0359232838560017
9.42,9420,3395.065629879056,35.0,22.163849772384907,0.0,0.0,54.53890878597739,54.53890878597739,1.03583878036542
9.43,9430,3397.398975641281,35.0,22.166110939706158,0.0,0.0,54.57619593811098,54.57619593811098,1.035754225933042
9.44,9440,3399.7330415008855,35.0,22.168372031656432,0.0,0.0,54.613480044451755,54.613480044451755,1.0356696205771836
9.45,9450,3402.0677704723103,35.0,22.170633048238223,0.0,0.0,54.65076110316714,54.65076110316714,1.0355849643161703
9.46,9460,3404.4031091243946,35.0,22.172893989454046,0.0,0.0,54.6880391124252,54.6880391124252,1.0355002571683365
9.47,9470,3406.739007358227,35.0,22.17515485530643,0.0,0.0,54.725314070394674,54.725314070394674,1.0354154991520241
9.48,9480,3409.075418198883,35.0,22.177415645797865,0.0,0.0,54.76258597524495,54.76258597524495,1.035330690285585
9.49,9490,3411.4122976001795,35.0,22.179676360930877,0.0,0.0,54.7998548251461,54.7998548251461,1.0352458305873795
9.5,9500,3413.7496042616285,35.0,22.18193700070798,0.0,0.0,54.83712061826883,54.83712061826883,1.0351609200757754
9.51,9510,3416.087299456836,35.0,22.18419756513167,0.0,0.0,54.87438335278451,54.87438335278451,1.0350759587691507
9.52,9520,3418.425346872622,35.0,22.18645805420447,0.0,0.0,54.91164302686521,54.91164302686521,1.0349909466858913
9.53,9530,3420.7637124581993,35.0,22.188718467928897,0.0,0.0,54.9488996386836,54.9488996386836,1.0349058838443923
9.54,9540,3423.1023642837745,35.0,22.19097880630745,0.0,0.0,54.98615318641307,54.98615318641307,1.0348207702630565
9.55,9550,3425.44127240799,35.0,22.193239069342642,0.0,0.0,55.023403668227644,55.023403668227644,1.0347356059602961
9.56,9560,3427.780408753648,35.0,22.195499257036996,0.0,0.0,55.06065108230201,55.06065108230201,1.0346503909545322
9.57,9570,3430.1197469912045,35.0,22.19775936939301,0.0,0.0,55.09789542681152,55.09789542681152,1.0345651252641934
9.58,9580,3432.459262429543,35.0,22.2000194064132,0.0,0.0,55.1351366999322,55.1351366999322,1.0344798089077178
9.59,9590,3434.798931913574,35.0,22.20227936810009,0.0,0.0,55.172374899840726,55.172374899840726,1.0343944419035522
9.6,9600,3437.138733728239,35.0,22.20453925445617,0.0,0.0,55.20961002471445,55.20961002471445,1.0343090242701514
9.61,9610,3439.4786475085084,35.0,22.20679906548396,0.0,0.0,55.24684207273138,55.24684207273138,1.034223556025979
9.62,9620,3441.8186541550076,35.0,22.20905880118597,0.0,0.0,55.2840710420702,55.2840710420702,1.0341380371895077
9.63,9630,3444.1587357549183,35.0,22.211318461564723,0.0,0.0,55.32129693091025,55.32129693091025,1.034052467779218
9.64,9640,3446.498875507819,35.0,22.213578046622704,0.0,0.0,55.35851973743154,55.35851973743154,1.0339668478135995
9.65,9650,3448.8390576561633,35.0,22.215837556362448,0.0,0.0,55.39573945981474,55.39573945981474,1.0338811773111498
9.66,9660,3451.1792674201038,35.0,22.218096990786457,0.0,0.0,55.43295609624119,55.43295609624119,1.0337954562903757
9.67,9670,3453.519490936388,35.0,22.220356349897234,0.0,0.0,55.470169644892906,55.470169644892906,1.0337096847697924
9.68,9680,3455.859715201074,35.0,22.22261563369729,0.0,0.0,55.507380103952556,55.507380103952556,1.0336238627679235
9.69,9690,3458.1999280158243,35.0,22.224874842189152,0.0,0.0,55.54458747160347,55.54458747160347,1.0335379903033006
9.7,9700,3460.5401179375613,35.0,22.227133975375324,0.0,0.0,55.58179174602967,55.58179174602967,1.0334520673944647
9.71,9710,3462.880274231264,35.0,22.2293930332583,0.0,0.0,55.61899292541583,55.61899292541583,1.0333660940599652
9.72,9720,3465.220386825718,35.0,22.23165201584061,0.0,0.0,55.65619100794729,55.65619100794729,1.0332800703183593
9.73,9730,3467.560446272029,35.0,22.233910923124746,0.0,0.0,55.69338599181007,55.69338599181007,1.0331939961882135
9.74,9740,3469.9004437047324,35.0,22.23616975511323,0.0,0.0,55.73057787519084,55.73057787519084,1.0331078716881024
9.75,9750,3472.24037080533,35.0,22.23842851180858,0.0,0.0,55.767766656276955,55.767766656276955,1.033021696836609
9.76,9760,3474.580219768107,35.0,22.24068719321328,0.0,0.0,55.804952333256445,55.804952333256445,1.032935471652325
9.77,9770,3476.919983268087,35.0,22.242945799329863,0.0,0.0,55.84213490431798,55.84213490431798,1.03284919615385
9.78,9780,3479.259654430988,35.0,22.24520433016083,0.0,0.0,55.87931436765093,55.87931436765093,1.0327628703597929
9.79,9790,3481.599226805057,35.0,22.247462785708688,0.0,0.0,55.91649072144532,55.91649072144532,1.0326764942887705
9.8,9800,3483.938694334662,35.0,22.249721165975956,0.0,0.0,55.95366396389186,55.95366396389186,1.0325900679594084
9.81,9810,3486.278051335542,35.0,22.251979470965132,0.0,0.0,55.99083409318192,55.99083409318192,1.0325035913903402
9.82,9820,3488.617292471593,35.0,22.254237700678726,0.0,0.0,56.02800110750752,56.02800110750752,1.0324170646002082
9.83,9830,3490.956412733116,35.0,22.256495855119255,0.0,0.0,56.065165005061395,56.065165005061395,1.0323304876076629
9.84,9840,3493.2954074164163,35.0,22.25875393428922,0.0,0.0,56.10232578403693,56.10232578403693,1.0322438604313635
9.85,9850,3495.634272104682,35.0,22.261011938191135,0.0,0.0,56.13948344262817,56.13948344262817,1.0321571830899772
9.86,9860,3497.9730026500565,35.0,22.263269866827507,0.0,0.0,56.17663797902985,56.17663797902985,1.03207045560218
9.87,9870,3500.3115951568307,35.0,22.26552772020085,0.0,0.0,56.213789391437366,56.213789391437366,1.031983677986656
9.88,9880,3502.650045965687,35.0,22.26778549831367,0.0,0.0,56.2509376780468,56.2509376780468,1.031896850262098
9.89,9890,3504.988351638927,35.0,22.270043201168466,0.0,0.0,56.2880828370549,56.2880828370549,1.0318099724472065
9.9,9900,3507.326508946624,35.0,22.272300828767758,0.0,0.0,56.325224866659084,56.325224866659084,1.031723044560691
9.91,9910,3509.664514853639,35.0,22.274558381114055,0.0,0.0,56.362363765057445,56.362363765057445,1.0316360666212694
9.92,9920,3512.002366507449,35.0,22.276815858209854,0.0,0.0,56.399499530448765,56.399499530448765,1.0315490386476673
9.93,9930,3514.340061226737,35.0,22.279073260057675,0.0,0.0,56.43663216103247,56.43663216103247,1.031461960658619
9.94,9940,3516.677596490693,35.0,22.281330586660022,0.0,0.0,56.473761655008694,56.473761655008694,1.0313748326728671
9.95,9950,3519.014969928986,35.0,22.283587838019404,0.0,0.0,56.51088801057823,56.51088801057823,1.0312876547091627
9.96,9960,3521.352179312362,35.0,22.28584501413832,0.0,0.0,56.54801122594253,56.54801122594253,1.031200426786265
9.97,9970,3523.689222543828,35.0,22.288102115019296,0.0,0.0,56.58513129930376,56.58513129930376,1.0311131489229413
9.98,9980,3526.026097650389,35.0,22.290359140664826,0.0,0.0,56.62224822886473,56.62224822886473,1.0310258211379677
9.99,9990,3528.3628027753025,35.0,22.292616091077416,0.0,0.0,56.659362012828936,56.659362012828936,1.0309384434501283
10.0,10000,3530.6993361708114,35.0,22.294872966259586,0.0,0.0,56.696472649400555,56.696472649400555,1.030851015878215
10.01,10010,3533.035696191339,35.0,22.297129766213835,0.0,0.0,56.73358013678443,56.73358013678443,1.030763538441029
10.02,10020,3535.3718812871034,35.0,22.299386490942677,0.0,0.0,56.770684473186094,56.770684473186094,1.0306760111573785
10.03,10030,3537.707889998133,35.0,22.30164314044861,0.0,0.0,56.80778565681176,56.80778565681176,1.0305884340460816
10.04,10040,3540.0437209486568,35.0,22.30389971473415,0.0,0.0,56.84488368586829,56.84488368586829,1.0305008071259627
10.05,10050,3542.379372841844,35.0,22.3061562138018,0.0,0.0,56.88197855856326,56.88197855856326,1.0304131304158557
10.06,10060,3544.7148444548734,35.0,22.308412637654065,0.0,0.0,56.91907027310491,56.91907027310491,1.0303254039346026
10.07,10070,3547.05013463431,35.0,22.310668986293454,0.0,0.0,56.95615882770215,56.95615882770215,1.0302376277010534
10.08,10080,3549.3852422917703,35.0,22.312925259722483,0.0,0.0,56.99324422056458,56.99324422056458,1.0301498017340665
10.09,10090,3551.720166399861,35.0,22.315181457943645,0.0,0.0,57.03032644990247,57.03032644990247,1.0300619260525075
10.1,10100,3554.0549059883683,35.0,22.317437580959453,0.0,0.0,57.06740551392677,57.06740551392677,1.0299740006752518
10.11,10110,3556.389460140688,35.0,22.319693628772416,0.0,0.0,57.10448141084914,57.10448141084914,1.029886025621182
10.12,10120,3558.723827990476,35.0,22.32194960138504,0.0,0.0,57.141554138881865,57.141554138881865,1.0297980009091892
10.13,10130,3561.0580087185117,35.0,22.324205498799827,0.0,0.0,57.17862369623796,57.17862369623796,1.029709926558172
10.14,10140,3563.392001549754,35.0,22.32646132101928,0.0,0.0,57.21569008113109,57.21569008113109,1.029621802587038
10.15,10150,3565.725805750583,35.0,22.328717068045922,0.0,0.0,57.252753291775626,57.252753291775626,1.029533629014703
10.16,10160,3568.0594206262144,35.0,22.33097273988225,0.0,0.0,57.289813326386586,57.289813326386586,1.0294454058600901
10.17,10170,3570.3928455182745,35.0,22.333228336530773,0.0,0.0,57.32687018317971,57.32687018317971,1.0293571331421312
10.18,10180,3572.7260798025272,35.0,22.33548385799399,0.0,0.0,57.36392386037138,57.36392386037138,1.0292688108797658
10.19,10190,3575.0591228867434,35.0,22.337739304274407,0.0,0.0,57.400974356178686,57.400974356178686,1.0291804390919423
10.2,10200,3577.3919742087023,35.0,22.339994675374534,0.0,0.0,57.4380216688194,57.4380216688194,1.0290920177976164
10.21,10210,3579.72463323432,35.0,22.34224997129688,0.0,0.0,57.47506579651197,57.47506579651197,1.0290035470157524
10.22,10220,3582.0570994558934,35.0,22.344505192043954,0.0,0.0,57.51210673747552,57.51210673747552,1.0289150267653222
10.23,10230,3584.3893723904525,35.0,22.34676033761825,0.0,0.0,57.549144489929866,57.549144489929866,1.0288264570653067
10.24,10240,3586.721451578219,35.0,22.34901540802228,0.0,0.0,57.58617905209552,57.58617905209552,1.0287378379346936
10.25,10250,3589.053336581158,35.0,22.351270403258546,0.0,0.0,57.623210422193644,57.623210422193644,1.02864916939248
10.26,10260,3591.385026981624,35.0,22.353525323329563,0.0,0.0,57.660238598446114,57.660238598446114,1.02856045145767
10.27,10270,3593.716522381087,35.0,22.35578016823783,0.0,0.0,57.69726357907549,57.69726357907549,1.028471684149276
10.28,10280,3596.0478223989417,35.0,22.35803493798585,0.0,0.0,57.73428536230499,57.73428536230499,1.0283828674863191
10.29,10290,3598.378926671389,35.0,22.360289632576134,0.0,0.0,57.77130394635855,57.77130394635855,1.0282940014878275
10.3,10300,3600.7098348503887,35.0,22.362544252011176,0.0,0.0,57.80831932946078,57.80831932946078,1.0282050861728378
10.31,10310,3603.0405466026787,35.0,22.3647987962935,0.0,0.0,57.84533150983695,57.84533150983695,1.028116121560395
10.32,10320,3605.371061608851,35.0,22.367053265425596,0.0,0.0,57.88234048571306,57.88234048571306,1.028027107669551
10.33,10330,3607.701379562491,35.0,22.369307659409966,0.0,0.0,57.91934625531576,57.91934625531576,1.0279380445193673
10.34,10340,3610.0315001693684,35.0,22.371561978249133,0.0,0.0,57.956348816872406,57.956348816872406,1.0278489321289122
10.35,10350,3612.3614231466754,35.0,22.373816221945592,0.0,0.0,57.99334816861103,57.99334816861103,1.0277597705172623
10.36,10360,3614.6911482223186,35.0,22.37607039050184,0.0,0.0,58.030344308760355,58.030344308760355,1.027670559703502
10.37,10370,3617.0206751342507,35.0,22.378324483920395,0.0,0.0,58.0673372355498,58.0673372355498,1.0275812997067242
10.38,10380,3619.350003629845,35.0,22.380578502203747,0.0,0.0,58.10432694720946,58.10432694720946,1.0274919905460291
10.39,10390,3621.6791334653108,35.0,22.382832445354413,0.0,0.0,58.14131344197012,58.14131344197012,1.0274026322405256
10.4,10400,3624.0080644051422,35.0,22.38508631337489,0.0,0.0,58.17829671806326,58.17829671806326,1.0273132248093295
10.41,10410,3626.336796221604,35.0,22.387340106267693,0.0,0.0,58.215276773721044,58.215276773721044,1.0272237682715655
10.42,10420,3628.665328694248,35.0,22.389593824035305,0.0,0.0,58.25225360717631,58.25225360717631,1.0271342626463655
10.43,10430,3630.9936616094606,35.0,22.39184746668025,0.0,0.0,58.28922721666261,58.28922721666261,1.0270447079528704
10.44,10440,3633.3217947600388,35.0,22.39410103420503,0.0,0.0,58.32619760041418,58.32619760041418,1.0269551042102272
10.45,10450,3635.649727944792,35.0,22.396354526612143,0.0,0.0,58.36316475666594,58.36316475666594,1.0268654514375928
10.46,10460,3637.9774609681685,35.0,22.398607943904093,0.0,0.0,58.40012868365349,58.40012868365349,1.0267757496541305
10.47,10470,3640.304993639906,35.0,22.40086128608338,0.0,0.0,58.437089379613134,58.437089379613134,1.0266859988790122
10.48,10480,3642.6323257747044,35.0,22.403114553152523,0.0,0.0,58.47404684278187,58.47404684278187,1.0265961991314176
10.49,10490,3644.959457191917,35.0,22.405367745114003,0.0,0.0,58.511001071397374,58.511001071397374,1.0265063504305338
10.5,10500,3647.2863877152636,35.0,22.407620861970347,0.0,0.0,58.54795206369801,58.54795206369801,1.0264164527955566
10.51,10510,3649.613117172559,35.0,22.40987390372404,0.0,0.0,58.58489981792285,58.58489981792285,1.0263265062456888
10.52,10520,3651.939645395463,35.0,22.412126870377598,0.0,0.0,58.62184433231166,58.62184433231166,1.0262365108001417
10.53,10530,3654.2659722192375,35.0,22.414379761933517,0.0,0.0,58.65878560510488,58.65878560510488,1.0261464664781337
10.54,10540,3656.592097482529,35.0,22.416632578394307,0.0,0.0,58.69572363454364,58.69572363454364,1.0260563732988919
10.55,10550,3658.918021027157,35.0,22.41888531976246,0.0,0.0,58.732658418869775,58.732658418869775,1.0259662312816502
10.56,10560,3661.2437426979195,35.0,22.42113798604049,0.0,0.0,58.769589956325824,58.769589956325824,1.0258760404456515
10.57,10570,3663.5692623424093,35.0,22.42339057723089,0.0,0.0,58.80651824515499,58.80651824515499,1.0257858008101457
10.58,10580,3665.8945798108416,35.0,22.425643093336177,0.0,0.0,58.84344328360119,58.84344328360119,1.0256955123943905
10.59,10590,3668.2196949558943,35.0,22.42789553435884,0.0,0.0,58.88036506990902,58.88036506990902,1.0256051752176514
10.6,10600,3670.5446076325547,35.0,22.430147900301385,0.0,0.0,58.917283602323785,58.917283602323785,1.025514789299202
10.61,10610,3672.8693176979796,35.0,22.432400191166316,0.0,0.0,58.954198879091486,58.954198879091486,1.025424354658324
10.62,10620,3675.1938250113617,35.0,22.434652406956143,0.0,0.0,58.9911108984588,58.9911108984588,1.0253338713143052
10.63,10630,3677.518129433805,35.0,22.436904547673358,0.0,0.0,59.02801965867311,59.02801965867311,1.0252433392864428
10.64,10640,3679.8422308282084,35.0,22.43915661332046,0.0,0.0,59.06492515798249,59.06492515798249,1.0251527585940414
10.65,10650,3682.1661290591555,35.0,22.441408603899966,0.0,0.0,59.10182739463572,59.10182739463572,1.0250621292564128
10.66,10660,3684.489823992814,35.0,22.443660519414372,0.0,0.0,59.13872636688226,59.13872636688226,1.0249714512928774
10.67,10670,3686.813315496837,35.0,22.445912359866174,0.0,0.0,59.175622072972274,59.175622072972274,1.0248807247227623
10.68,10680,3689.136603440274,35.0,22.44816412525788,0.0,0.0,59.21251451115662,59.21251451115662,1.024789949565403
10.69,10690,3691.459687693487,35.0,22.45041581559199,0.0,0.0,59.24940367968687,59.24940367968687,1.0246991258401419
10.7,10700,3693.78256812807,35.0,22.45266743087101,0.0,0.0,59.28628957681525,59.28628957681525,1.0246082535663303
10.71,10710,3696.1052446167755,35.0,22.454918971097435,0.0,0.0,59.32317220079473,59.32317220079473,1.0245173327633261
10.72,10720,3698.427717033444,35.0,22.457170436273767,0.0,0.0,59.360051549878946,59.360051549878946,1.024426363450496
10.73,10730,3700.7499852529404,35.0,22.45942182640251,0.0,0.0,59.39692762232225,59.39692762232225,1.0243353456472128
10.74,10740,3703.072049151091,35.0,22.461673141486173,0.0,0.0,59.433800416379675,59.433800416379675,1.0242442793728583
10.75,10750,3705.3939086046266,35.0,22.46392438152725,0.0,0.0,59.47066993030696,59.47066993030696,1.0241531646468214
10.76,10760,3707.7155634911296,35.0,22.466175546528238,0.0,0.0,59.50753616236054,59.50753616236054,1.0240620014884987
10.77,10770,3710.0370136889824,35.0,22.468426636491646,0.0,0.0,59.54439911079757,59.54439911079757,1.0239707899172945
10.78,10780,3712.358259077321,35.0,22.470677651419972,0.0,0.0,59.58125877387586,59.58125877387586,1.0238795299526204
10.79,10790,3714.6792995359897,35.0,22.472928591315718,0.0,0.0,59.618115149853956,59.618115149853956,1.023788221613896
10.8,10800,3717.0001349455006,35.0,22.475179456181383,0.0,0.0,59.654968236991095,59.654968236991095,1.0236968649205485
10.81,10810,3719.320765186994,35.0,22.477430246019473,0.0,0.0,59.69181803354721,59.69181803354721,1.0236054598920121
10.82,10820,3721.6411901422016,35.0,22.47968096083249,0.0,0.0,59.72866453778293,59.72866453778293,1.02351400654773
10.83,10830,3723.9614096934133,35.0,22.481931600622918,0.0,0.0,59.76550774795959,59.76550774795959,1.0234225049071508
10.84,10840,3726.281423723444,35.0,22.48418216539328,0.0,0.0,59.802347662339216,59.802347662339216,1.0233309549897327
10.85,10850,3728.601232115604,35.0,22.486432655146064,0.0,0.0,59.83918427918456,59.83918427918456,1.0232393568149403
10.86,10860,3730.920834753672,35.0,22.48868306988377,0.0,0.0,59.876017596759034,59.876017596759034,1.0231477104022466
10.87,10870,3733.2402315218656,35.0,22.490933409608907,0.0,0.0,59.9128476133268,59.9128476133268,1.0230560157711313
10.88,10880,3735.5594223048197,35.0,22.49318367432396,0.0,0.0,59.94967432715267,59.94967432715267,1.0229642729410817
10.89,10890,3737.878406987561,35.0,22.495433864031448,0.0,0.0,59.986497736502216,59.986497736502216,1.0228724819315933
10.9,10900,3740.197185455488,35.0,22.49768397873386,0.0,0.0,60.02331783964165,60.02331783964165,1.0227806427621686
10.91,10910,3742.5157575943495,35.0,22.499934018433702,0.0,0.0,60.06013463483794,60.06013463483794,1.0226887554523179
10.92,10920,3744.834123290225,35.0,22.502183983133467,0.0,0.0,60.09694812035872,60.09694812035872,1.0225968200215585
10.93,10930,3747.152282429508,35.0,22.50443387283566,0.0,0.0,60.13375829447234,60.13375829447234,1.0225048364894158
10.94,10940,3749.4702348988885,35.0,22.506683687542775,0.0,0.0,60.170565155447854,60.170565155447854,1.0224128048754224
10.95,10950,3751.787980585337,35.0,22.50893342725732,0.0,0.0,60.20736870155502,60.20736870155502,1.0223207251991187
10.96,10960,3754.105519376091,35.0,22.511183091981792,0.0,0.0,60.2441689310643,60.2441689310643,1.0222285974800516
10.97,10970,3756.422851158639,35.0,22.51343268171869,0.0,0.0,60.28096584224687,60.28096584224687,1.0221364217377764
10.98,10980,3758.739975820709,35.0,22.51568219647051,0.0,0.0,60.317759433374576,60.317759433374576,1.022044197991856
10.99,10990,3761.0568932502565,35.0,22.517931636239755,0.0,0.0,60.35454970272001,60.35454970272001,1.02195192626186
11.0,11000,3763.373603335452,35.0,22.520181001028924,0.0,0.0,60.39133664855643,60.39133664855643,1.0218596065673655
11.01,11010,3765.690105964671,35.0,22.522430290840518,0.0,0.0,60.428120269157844,60.428120269157844,1.0217672389279575
11.02,11020,3768.006401026484,35.0,22.52467950567704,0.0,0.0,60.46490056279892,60.46490056279892,1.0216748233632282
11.03,11030,3770.322488409647,35.0,22.526928645540977,0.0,0.0,60.50167752775505,60.50167752775505,1.0215823598927773
11.04,11040,3772.6383680030926,35.0,22.529177710434837,0.0,0.0,60.53845116230235,60.53845116230235,1.0214898485362118
11.05,11050,3774.9540396959214,35.0,22.531426700361113,0.0,0.0,60.57522146471762,60.57522146471762,1.0213972893131462
11.06,11060,3777.2695033773953,35.0,22.53367561532231,0.0,0.0,60.61198843327838,60.61198843327838,1.021304682243202
11.07,11070,3779.5847589369287,35.0,22.535924455320924,0.0,0.0,60.64875206626284,60.64875206626284,1.0212120273460081
11.08,11080,3781.899806264083,35.0,22.538173220359457,0.0,0.0,60.685512361949925,60.685512361949925,1.0211193246412018
11.09,11090,3784.21464524856,35.0,22.540421910440397,0.0,0.0,60.72226931861927,60.72226931861927,1.0210265741484266
11.1,11100,3786.529275780195,35.0,22.542670525566255,0.0,0.0,60.75902293455121,60.75902293455121,1.0209337758873334
11.11,11110,3788.8436977489523,35.0,22.54491906573953,0.0,0.0,60.79577320802681,60.79577320802681,1.0208409298775818
11.12,11120,3791.1579110449197,35.0,22.547167530962707,0.0,0.0,60.832520137327805,60.832520137327805,1.0207480361388364
11.13,11130,3793.4719155583034,35.0,22.549415921238296,0.0,0.0,60.86926372073667,60.86926372073667,1.0206550946907713
11.14,11140,3795.785711179423,35.0,22.55166423656879,0.0,0.0,60.90600395653658,60.90600395653658,1.0205621055530667
11.15,11150,3798.099297798707,35.0,22.55391247695669,0.0,0.0,60.942740843011414,60.942740843011414,1.020469068745411
11.16,11160,3800.412675306691,35.0,22.556160642404492,0.0,0.0,60.979474378445765,60.979474378445765,1.0203759842874984
11.17,11170,3802.725843594011,35.0,22.558408732914693,0.0,0.0,61.01620456112493,61.01620456112493,1.0202828521990324
11.18,11180,3805.038802551401,35.0,22.5606567484898,0.0,0.0,61.052931389334915,61.052931389334915,1.0201896724997217
11.19,11190,3807.35155206969,35.0,22.562904689132296,0.0,0.0,61.08965486136245,61.08965486136245,1.0200964452092842
11.2,11200,3809.664092039799,35.0,22.56515255484469,0.0,0.0,61.126374975494954,61.126374975494954,1.0200031703474437
11.21,11210,3811.976422352737,35.0,22.567400345629473,0.0,0.0,61.163091730020575,61.163091730020575,1.019909847933932
11.22,11220,3814.2885428995983,35.0,22.56964806148915,0.0,0.0,61.19980512322817,61.19980512322817,1.0198164779884873
11.23,11230,3816.600453571562,35.0,22.571895702426204,0.0,0.0,61.236515153407275,61.236515153407275,1.0197230605308563
11.24,11240,3818.9121542598873,35.0,22.574143268443155,0.0,0.0,61.273221818848185,61.273221818848185,1.019629595580792
11.25,11250,3821.2236448559124,35.0,22.576390759542473,0.0,0.0,61.30992511784187,61.30992511784187,1.0195360831580544
11.26,11260,3823.5349252510514,35.0,22.578638175726677,0.0,0.0,61.346625048680046,61.346625048680046,1.019442523282412
11.27,11270,3825.8459953367937,35.0,22.58088551699826,0.0,0.0,61.38332160965509,61.38332160965509,1.019348915973639
11.28,11280,3828.156855004701,35.0,22.583132783359716,0.0,0.0,61.42001479906015,61.42001479906015,1.0192552612515182
11.29,11290,3830.467504146405,35.0,22.585379974813538,0.0,0.0,61.45670461518905,61.45670461518905,1.0191615591358383
11.3,11300,3832.777942653609,35.0,22.587627091362226,0.0,0.0,61.493391056336314,61.493391056336314,1.0190678096463959
11.31,11310,3835.0881704180815,35.0,22.58987413300828,0.0,0.0,61.530074120797224,61.530074120797224,1.0189740128029947
11.32,11320,3837.3981873316593,35.0,22.592121099754188,0.0,0.0,61.566753806867744,61.566753806867744,1.0188801686254456
11.33,11330,3839.707993286243,35.0,22.59436799160246,0.0,0.0,61.60343011284455,61.60343011284455,1.018786277133566
11.34,11340,3842.017588173798,35.0,22.596614808555582,0.0,0.0,61.64010303702505,61.64010303702505,1.0186923383471815
11.35,11350,3844.3269718863507,35.0,22.59886155061605,0.0,0.0,61.67677257770735,61.67677257770735,1.0185983522861246
11.36,11360,3846.6361443159904,35.0,22.601108217786376,0.0,0.0,61.713438733190266,61.713438733190266,1.018504318970234
11.37,11370,3848.9451053548664,35.0,22.603354810069035,0.0,0.0,61.750101501773365,61.750101501773365,1.0184102384193563
11.38,11380,3851.2538548951875,35.0,22.60560132746653,0.0,0.0,61.786760881756884,61.786760881756884,1.0183161106533456
11.39,11390,3853.5623928292207,35.0,22.60784776998137,0.0,0.0,61.82341687144179,61.82341687144179,1.0182219356920619
11.4,11400,3855.870719049291,35.0,22.610094137616034,0.0,0.0,61.86006946912979,61.86006946912979,1.0181277135553737
11.41,11410,3858.1788334477806,35.0,22.612340430373028,0.0,0.0,61.89671867312326,61.89671867312326,1.0180334442631553
11.42,11420,3860.486735917127,35.0,22.614586648254836,0.0,0.0,61.93336448172533,61.93336448172533,1.017939127835289
11.43,11430,3862.794426349824,35.0,22.616832791263974,0.0,0.0,61.970006893239834,61.970006893239834,1.017844764291664
11.44,11440,3865.10190463842,35.0,22.619078859402922,0.0,0.0,62.00664590597131,62.00664590597131,1.0177503536521757
11.45,11450,3867.409170675517,35.0,22.621324852674178,0.0,0.0,62.043281518225044,62.043281518225044,1.0176558959367277
11.46,11460,3869.716224353772,35.0,22.62357077108024,0.0,0.0,62.07991372830699,62.07991372830699,1.0175613911652301
11.47,11470,3872.023065565893,35.0,22.625816614623602,0.0,0.0,62.11654253452386,62.11654253452386,1.0174668393576003
11.48,11480,3874.3296942046427,35.0,22.62806238330677,0.0,0.0,62.15316793518307,62.15316793518307,1.0173722405337624
11.49,11490,3876.636110162835,35.0,22.63030807713222,0.0,0.0,62.189789928592766,62.189789928592766,1.0172775947136476
11.5,11500,3878.9423133333357,35.0,22.632553696102452,0.0,0.0,62.22640851306178,62.22640851306178,1.0171829019171943
11.51,11510,3881.2483036090616,35.0,22.634799240219976,0.0,0.0,62.2630236868997,62.2630236868997,1.0170881621643477
11.52,11520,3883.5540808829805,35.0,22.63704470948727,0.0,0.0,62.299635448416794,62.299635448416794,1.0169933754750606
11.53,11530,3885.859645048111,35.0,22.639290103906838,0.0,0.0,62.3362437959241,62.3362437959241,1.0168985418692913
11.54,11540,3888.1649959975216,35.0,22.641535423481173,0.0,0.0,62.372848727733306,62.372848727733306,1.0168036613670068
11.55,11550,3890.470133624331,35.0,22.64378066821277,0.0,0.0,62.40945024215688,62.40945024215688,1.0167087339881797
11.56,11560,3892.7750578217074,35.0,22.646025838104126,0.0,0.0,62.446048337507975,62.446048337507975,1.0166137597527907
11.57,11570,3895.0797684828676,35.0,22.648270933157733,0.0,0.0,62.482643012100475,62.482643012100475,1.016518738680827
11.58,11580,3897.3842655010785,35.0,22.65051595337608,0.0,0.0,62.519234264249,62.519234264249,1.0164236707922818
11.59,11590,3899.688548769656,35.0,22.652760898761674,0.0,0.0,62.55582209226885,62.55582209226885,1.016328556107157
11.6,11600,3901.9926181819633,35.0,22.655005769316993,0.0,0.0,62.59240649447609,62.59240649447609,1.01623339464546
11.61,11610,3904.2964736314134,35.0,22.65725056504455,0.0,0.0,62.628987469187464,62.628987469187464,1.016138186427206
11.62,11620,3906.600115011467,35.0,22.659495285946825,0.0,0.0,62.665565014720464,62.665565014720464,1.0160429314724166
11.63,11630,3908.9035422156326,35.0,22.661739932026315,0.0,0.0,62.7021391293933,62.7021391293933,1.01594762980112
11.64,11640,3911.2067551374666,35.0,22.66398450328552,0.0,0.0,62.738709811524906,62.738709811524906,1.0158522814333526
11.65,11650,3913.509753670574,35.0,22.666228999726926,0.0,0.0,62.77527705943491,62.77527705943491,1.0157568863891562
11.66,11660,3915.8125377086058,35.0,22.668473421353035,0.0,0.0,62.8118408714437,62.8118408714437,1.0156614446885799
11.67,11670,3918.1151071452614,35.0,22.670717768166337,0.0,0.0,62.84840124587236,62.84840124587236,1.0155659563516803
11.68,11680,3920.417461874288,35.0,22.672962040169324,0.0,0.0,62.884958181042705,62.884958181042705,1.0154704213985206
11.69,11690,3922.7196017894794,35.0,22.67520623736449,0.0,0.0,62.92151167527727,62.92151167527727,1.0153748398491704
11.7,11700,3925.0215267846756,35.0,22.677450359754328,0.0,0.0,62.95806172689932,62.95806172689932,1.015279211723706
11.71,11710,3927.323236753765,35.0,22.679694407341337,0.0,0.0,62.99460833423284,62.99460833423284,1.0151835370422113
11.72,11720,3929.624731590682,35.0,22.681938380128006,0.0,0.0,63.03115149560252,63.03115149560252,1.015087815824777
11.73,11730,3931.926011189409,35.0,22.684182278116822,0.0,0.0,63.06769120933382,63.06769120933382,1.0149920480914996
11.74,11740,3934.2270754439737,35.0,22.686426101310293,0.0,0.0,63.10422747375288,63.10422747375288,1.0148962338624834
11.75,11750,3936.5279242484507,35.0,22.688669849710905,0.0,0.0,63.14076028718656,63.14076028718656,1.014800373157839
11.76,11760,3938.8285574969623,35.0,22.690913523321143,0.0,0.0,63.17728964796248,63.17728964796248,1.0147044659976843
11.77,11770,3941.128975083676,35.0,22.69315712214351,0.0,0.0,63.21381555440895,63.21381555440895,1.0146085124021431
11.78,11780,3943.429176902806,35.0,22.695400646180502,0.0,0.0,63.25033800485504,63.25033800485504,1.0145125123913474
11.79,11790,3945.7291628486137,35.0,22.697644095434597,0.0,0.0,63.28685699763052,63.28685699763052,1.0144164659854342
11.8,11800,3948.028932815406,35.0,22.6998874699083,0.0,0.0,63.323372531065885,63.323372531065885,1.0143203732045485
11.81,11810,3950.3284866975364,35.0,22.702130769604103,0.0,0.0,63.35988460349236,63.35988460349236,1.0142242340688414
11.82,11820,3952.627824389405,35.0,22.70437399452449,0.0,0.0,63.39639321324191,63.39639321324191,1.0141280485984716
11.83,11830,3954.9269457854575,35.0,22.706617144671963,0.0,0.0,63.4328983586472,63.4328983586472,1.0140318168136033
11.84,11840,3957.225850780186,35.0,22.70886022004901,0.0,0.0,63.46940003804164,63.46940003804164,1.013935538734409
11.85,11850,3959.5245392681295,35.0,22.711103220658124,0.0,0.0,63.50589824975937,63.50589824975937,1.0138392143810655
11.86,11860,3961.823011143872,35.0,22.713346146501795,0.0,0.0,63.54239299213522,63.54239299213522,1.0137428437737588
11.87,11870,3964.121266302044,35.0,22.71558899758252,0.0,0.0,63.5788842635048,63.5788842635048,1.0136464269326804
11.88,11880,3966.4193046373225,35.0,22.71783177390279,0.0,0.0,63.61537206220441,63.61537206220441,1.0135499638780288
11.89,11890,3968.7171260444297,35.0,22.720074475465097,0.0,0.0,63.65185638657109,63.65185638657109,1.0134534546300087
11.9,11900,3971.014730418135,35.0,22.722317102271923,0.0,0.0,63.68833723494261,63.68833723494261,1.0133568992088318
11.91,11910,3973.3121176532527,35.0,22.724559654325777,0.0,0.0,63.724814605657464,63.724814605657464,1.0132602976347167
11.92,11920,3975.609287644644,35.0,22.726802131629128,0.0,0.0,63.76128849705486,63.76128849705486,1.0131636499278884
11.93,11930,3977.9062402872155,35.0,22.72904453418449,0.0,0.0,63.79775890747477,63.79775890747477,1.0130669561085786
11.94,11940,3980.2029754759196,35.0,22.731286861994352,0.0,0.0,63.83422583525786,63.83422583525786,1.012970216197025
11.95,11950,3982.499493105756,35.0,22.73352911506119,0.0,0.0,63.870689278745544,63.870689278745544,1.0128734302134734
11.96,11960,3984.7957930717685,35.0,22.73577129338751,0.0,0.0,63.90714923627996,63.90714923627996,1.012776598178175
11.97,11970,3987.091875269048,35.0,22.738013396975795,0.0,0.0,63.94360570620397,63.94360570620397,1.0126797201113877
11.98,11980,3989.3877395927316,35.0,22.74025542582854,0.0,0.0,63.98005868686117,63.98005868686117,1.0125827960333764
11.99,11990,3991.6833859380013,35.0,22.742497379948237,0.0,0.0,64.01650817659589,64.01650817659589,1.0124858259644125
12.0,12000,3993.9788142000857,35.0,22.74473925933738,0.0,0.0,64.05295417375318,64.05295417375318,1.012388809924774
12.01,12010,3996.27402427426,35.0,22.746981063998444,0.0,0.0,64.08939667667883,64.08939667667883,1.0122917479347449
12.02,12020,3998.5690160558433,35.0,22.749222793933942,0.0,0.0,64.12583568371936,64.12583568371936,1.0121946400146171
12.03,12030,4000.863789440203,35.0,22.751464449146347,0.0,0.0,64.162271193222,64.162271193222,1.0120974861846874
12.04,12040,4003.1583443227514,35.0,22.75370602963816,0.0,0.0,64.19870320353475,64.19870320353475,1.0120002864652606
12.05,12050,4005.4526805989462,35.0,22.755947535411867,0.0,0.0,64.23513171300631,64.23513171300631,1.011903040876647
12.06,12060,4007.746798164292,35.0,22.758188966469966,0.0,0.0,64.27155671998612,64.27155671998612,1.011805749439164
12.07,12070,4010.040696914339,35.0,22.760430322814933,0.0,0.0,64.30797822282436,64.30797822282436,1.0117084121731352
12.08,12080,4012.3343767446836,35.0,22.76267160444927,0.0,0.0,64.34439621987192,64.34439621987192,1.0116110290988911
12.09,12090,4014.6278375509673,35.0,22.764912811375467,0.0,0.0,64.38081070948046,64.38081070948046,1.0115136002367684
12.1,12100,4016.9210792288786,35.0,22.767153943596007,0.0,0.0,64.41722169000231,64.41722169000231,1.0114161256071106
12.11,12110,4019.214101674151,35.0,22.769395001113395,0.0,0.0,64.45362915979058,64.45362915979058,1.011318605230267
12.12,12120,4021.5069047825655,35.0,22.7716359839301,0.0,0.0,64.49003311719915,64.49003311719915,1.0112210391265941
12.13,12130,4023.799488449947,35.0,22.77387689204863,0.0,0.0,64.52643356058253,64.52643356058253,1.0111234273164547
12.14,12140,4026.0918525721686,35.0,22.776117725471458,0.0,0.0,64.56283048829606,64.56283048829606,1.0110257698202179
12.15,12150,4028.3839970451477,35.0,22.77835848420109,0.0,0.0,64.59922389869577,64.59922389869577,1.0109280666582594
12.16,12160,4030.6759217648487,35.0,22.78059916824001,0.0,0.0,64.6356137901384,64.6356137901384,1.010830317850961
12.17,12170,4032.9676266272813,35.0,22.78283977759071,0.0,0.0,64.67200016098147,64.67200016098147,1.010732523418712
12.18,12180,4035.2591115285018,35.0,22.78508031225567,0.0,0.0,64.70838300958322,64.70838300958322,1.0106346833819064
12.19,12190,4037.5503763646125,35.0,22.78732077223738,0.0,0.0,64.7447623343026,64.7447623343026,1.010536797760946
12.2,12200,4039.8414210317615,35.0,22.789561157538344,0.0,0.0,64.78113813349935,64.78113813349935,1.010438866576239
12.21,12210,4042.1322454261426,35.0,22.79180146816104,0.0,0.0,64.81751040553388,64.81751040553388,1.0103408898481987
12.22,12220,4044.4228494439967,35.0,22.794041704107965,0.0,0.0,64.85387914876738,64.85387914876738,1.0102428675972466
12.23,12230,4046.7132329816104,35.0,22.7962818653816,0.0,0.0,64.89024436156176,64.89024436156176,1.0101447998438091
12.24,12240,4049.003395935316,35.0,22.798521951984437,0.0,0.0,64.92660604227966,64.92660604227966,1.0100466866083195
12.25,12250,4051.2933382014917,35.0,22.800761963918962,0.0,0.0,64.96296418928446,64.96296418928446,1.0099485279112177
12.26,12260,4053.5830596765627,35.0,22.80300190118767,0.0,0.0,64.99931880094029,64.99931880094029,1.0098503237729501
12.27,12270,4055.872560257,35.0,22.805241763793045,0.0,0.0,65.03566987561199,65.03566987561199,1.0097520742139687
12.28,12280,4058.1618398393202,35.0,22.807481551737585,0.0,0.0,65.07201741166517,65.07201741166517,1.0096537792547324
12.29,12290,4060.450898320087,35.0,22.809721265023757,0.0,0.0,65.10836140746613,65.10836140746613,1.009555438915706
12.3,12300,4062.7397355959097,35.0,22.811960903654075,0.0,0.0,65.14470186138196,65.14470186138196,1.0094570532173615
12.31,12310,4065.0283515634433,35.0,22.81420046763101,0.0,0.0,65.18103877178045,65.18103877178045,1.0093586221801765
12.32,12320,4067.31674611939,35.0,22.81643995695706,0.0,0.0,65.21737213703014,65.21737213703014,1.0092601458246344
12.33,12330,4069.6049191604975,35.0,22.818679371634712,0.0,0.0,65.2537019555003,65.2537019555003,1.0091616241712267
12.34,12340,4071.89287058356,35.0,22.82091871166645,0.0,0.0,65.29002822556096,65.29002822556096,1.009063057240449
12.35,12350,4074.1806002854178,35.0,22.82315797705477,0.0,0.0,65.32635094558286,65.32635094558286,1.0089644450528048
12.36,12360,4076.4681081629574,35.0,22.825397167802144,0.0,0.0,65.3626701139375,65.3626701139375,1.0088657876288034
12.37,12370,4078.755394113112,35.0,22.827636283911072,0.0,0.0,65.39898572899709,65.39898572899709,1.00876708498896
12.38,12380,4081.04245803286,35.0,22.829875325384045,0.0,0.0,65.43529778913462,65.43529778913462,1.0086683371537966
12.39,12390,4083.3292998192273,35.0,22.83211429222354,0.0,0.0,65.4716062927238,65.4716062927238,1.0085695441438405
12.4,12400,4085.615919369286,35.0,22.83435318443206,0.0,0.0,65.50791123813907,65.50791123813907,1.0084707059796267
12.41,12410,4087.9023165801536,35.0,22.836592002012083,0.0,0.0,65.54421262375561,65.54421262375561,1.0083718226816951
12.42,12420,4090.188491348995,35.0,22.83883074496609,0.0,0.0,65.58051044794935,65.58051044794935,1.008272894270593
12.43,12430,4092.47444357302,35.0,22.841069413296573,0.0,0.0,65.61680470909695,65.61680470909695,1.0081739207668727
12.44,12440,4094.760173149486,35.0,22.843308007006033,0.0,0.0,65.65309540557583,65.65309540557583,1.0080749021910935
12.45,12450,4097.045679975697,35.0,22.845546526096943,0.0,0.0,65.68938253576412,65.68938253576412,1.0079758385638207
12.46,12460,4099.330963949001,35.0,22.847784970571787,0.0,0.0,65.72566609804073,65.72566609804073,1.007876729905626
12.47,12470,4101.6160249667955,35.0,22.85002334043306,0.0,0.0,65.76194609078527,65.76194609078527,1.0077775762370866
12.48,12480,4103.900862926523,35.0,22.852261635683252,0.0,0.0,65.7982225123781,65.7982225123781,1.0076783775787865
12.49,12490,4106.185477725671,35.0,22.85449985632485,0.0,0.0,65.83449536120035,65.83449536120035,1.0075791339513158
12.5,12500,4108.469869261777,35.0,22.856738002360327,0.0,0.0,65.87076463563388,65.87076463563388,1.0074798453752707
12.51,12510,4110.754037432422,35.0,22.858976073792185,0.0,0.0,65.90703033406123,65.90703033406123,1.0073805118712535
12.52,12520,4113.0379821352335,35.0,22.8612140706229,0.0,0.0,65.94329245486578,65.94329245486578,1.0072811334598724
12.53,12530,4115.321703267887,35.0,22.863451992854973,0.0,0.0,65.97955099643161,65.97955099643161,1.0071817101617422
12.54,12540,4117.605200728103,35.0,22.865689840490877,0.0,0.0,66.01580595714353,66.01580595714353,1.0070822419974832
12.55,12550,4119.88847441365,35.0,22.867927613533098,0.0,0.0,66.05205733538709,66.05205733538709,1.0069827289877227
12.56,12560,4122.171524222342,35.0,22.87016531198413,0.0,0.0,66.08830512954862,66.08830512954862,1.0068831711530934
12.57,12570,4124.454350052039,35.0,22.872402935846466,0.0,0.0,66.12454933801511,66.12454933801511,1.0067835685142341
12.58,12580,4126.73695180065,35.0,22.87464048512257,0.0,0.0,66.16078995917442,66.16078995917442,1.0066839210917902
12.59,12590,4129.019329366127,35.0,22.876877959814948,0.0,0.0,66.19702699141504,66.19702699141504,1.0065842289064124
12.6,12600,4131.3014826464705,35.0,22.879115359926082,0.0,0.0,66.23326043312629,66.23326043312629,1.0064844919787583
12.61,12610,4133.583411539728,35.0,22.881352685458452,0.0,0.0,66.26949028269816,66.26949028269816,1.0063847103294912
12.62,12620,4135.865115943993,35.0,22.883589936414545,0.0,0.0,66.30571653852142,66.30571653852142,1.00628488397928
12.63,12630,4138.1465957574055,35.0,22.885827112796854,0.0,0.0,66.34193919898757,66.34193919898757,1.0061850129488006
12.64,12640,4140.427850878153,35.0,22.88806421460785,0.0,0.0,66.37815826248888,66.37815826248888,1.0060850972587339
12.65,12650,4142.708881204468,35.0,22.89030124185004,0.0,0.0,66.41437372741836,66.41437372741836,1.0059851369297677
12.66,12660,4144.98968663463,35.0,22.89253819452589,0.0,0.0,66.45058559216973,66.45058559216973,1.005885131982595
12.67,12670,4147.270267066967,35.0,22.894775072637902,0.0,0.0,66.48679385513749,66.48679385513749,1.005785082437916
12.68,12680,4149.550622399852,35.0,22.897011876188547,0.0,0.0,66.52299851471689,66.52299851471689,1.0056849883164354
12.69,12690,4151.830752531705,35.0,22.899248605180315,0.0,0.0,66.55919956930389,66.55919956930389,1.005584849638865
12.7,12700,4154.110657360992,35.0,22.9014852596157,0.0,0.0,66.59539701729523,66.59539701729523,1.005484666425922
12.71,12710,4156.390336786228,35.0,22.903721839497166,0.0,0.0,66.63159085708837,66.63159085708837,1.0053844386983304
12.72,12720,4158.6697907059715,35.0,22.905958344827223,0.0,0.0,66.66778108708154,66.66778108708154,1.0052841664768188
12.73,12730,4160.949019018831,35.0,22.908194775608344,0.0,0.0,66.7039677056737,66.7039677056737,1.005183849782123
12.74,12740,4163.2280216234585,35.0,22.910431131843012,0.0,0.0,66.74015071126456,66.74015071126456,1.005083488634984
12.75,12750,4165.506798418556,35.0,22.91266741353371,0.0,0.0,66.77633010225458,66.77633010225458,1.004983083056149
12.76,12760,4167.785349302871,35.0,22.91490362068294,0.0,0.0,66.81250587704497,66.81250587704497,1.0048826330663714
12.77,12770,4170.063674175195,35.0,22.917139753293164,0.0,0.0,66.84867803403768,66.84867803403768,1.00478213868641
12.78,12780,4172.341772934372,35.0,22.91937581136688,0.0,0.0,66.8848465716354,66.8848465716354,1.0046815999370298
12.79,12790,4174.619645479287,35.0,22.92161179490657,0.0,0.0,66.9210114882416,66.9210114882416,1.0045810168390017
12.8,12800,4176.897291708876,35.0,22.923847703914713,0.0,0.0,66.95717278226049,66.95717278226049,1.0044803894131025
12.81,12810,4179.174711522121,35.0,22.9260835383938,0.0,0.0,66.99333045209697,66.99333045209697,1.0043797176801148
12.82,12820,4181.451904818048,35.0,22.928319298346313,0.0,0.0,67.02948449615677,67.02948449615677,1.0042790016608272
12.83,12830,4183.728871495734,35.0,22.930554983774737,0.0,0.0,67.0656349128463,67.0656349128463,1.004178241376034
12.84,12840,4186.0056114543,35.0,22.93279059468156,0.0,0.0,67.10178170057279,67.10178170057279,1.0040774368465357
12.85,12850,4188.282124592915,35.0,22.935026131069254,0.0,0.0,67.13792485774414,67.13792485774414,1.0039765880931382
12.86,12860,4190.558410810796,35.0,22.937261592940313,0.0,0.0,67.17406438276906,67.17406438276906,1.0038756951366534
12.87,12870,4192.834470007204,35.0,22.93949698029722,0.0,0.0,67.21020027405699,67.21020027405699,1.0037747579978993
12.88,12880,4195.11030208145,35.0,22.941732293142458,0.0,0.0,67.24633253001811,67.24633253001811,1.0036737766976993
12.89,12890,4197.385906932889,35.0,22.943967531478506,0.0,0.0,67.28246114906335,67.28246114906335,1.003572751256883
12.9,12900,4199.661284460926,35.0,22.946202695307857,0.0,0.0,67.31858612960443,67.31858612960443,1.0034716816962854
12.91,12910,4201.936434565012,35.0,22.94843778463298,0.0,0.0,67.35470747005375,67.35470747005375,1.0033705680367482
12.92,12920,4204.211357144643,35.0,22.950672799456374,0.0,0.0,67.39082516882452,67.39082516882452,1.0032694102991175
12.93,12930,4206.486052099365,35.0,22.952907739780514,0.0,0.0,67.42693922433068,67.42693922433068,1.0031682085042464
12.94,12940,4208.760519328769,35.0,22.95514260560788,0.0,0.0,67.4630496349869,67.4630496349869,1.003066962672993
12.95,12950,4211.034758732493,35.0,22.95737739694097,0.0,0.0,67.49915639920864,67.49915639920864,1.0029656728262213
12.96,12960,4213.308770210224,35.0,22.959612113782246,0.0,0.0,67.5352595154121,67.5352595154121,1.0028643389848018
12.97,12970,4215.582553661694,35.0,22.961846756134207,0.0,0.0,67.5713589820142,67.5713589820142,1.0027629611696098
12.98,12980,4217.8561089866835,35.0,22.964081323999334,0.0,0.0,67.60745479743265,67.60745479743265,1.0026615394015268
12.99,12990,4220.129436085019,35.0,22.966315817380103,0.0,0.0,67.6435469600859,67.6435469600859,1.0025600737014402
13.0,13000,4222.402534856574,35.0,22.968550236278997,0.0,0.0,67.67963546839314,67.67963546839314,1.0024585640902424
13.01,13010,4224.67540520127,35.0,22.970784580698506,0.0,0.0,67.71572032077435,67.71572032077435,1.002357010588832
13.02,13020,4226.948047019076,35.0,22.973018850641118,0.0,0.0,67.7518015156502,67.7518015156502,1.0022554132181136
13.03,13030,4229.220460210006,35.0,22.97525304610929,0.0,0.0,67.78787905144216,67.78787905144216,1.0021537719989975
13.04,13040,4231.492644674125,35.0,22.977487167105533,0.0,0.0,67.82395292657245,67.82395292657245,1.0020520869523983
13.05,13050,4233.76460031154,35.0,22.979721213632313,0.0,0.0,67.86002313946402,67.86002313946402,1.0019503580992384
13.06,13060,4236.036327022409,35.0,22.98195518569212,0.0,0.0,67.8960896885406,67.8960896885406,1.0018485854604442
13.07,13070,4238.307824706937,35.0,22.98418908328743,0.0,0.0,67.93215257222666,67.93215257222666,1.0017467690569486
13.08,13080,4240.5790932653745,35.0,22.986422906420728,0.0,0.0,67.9682117889474,67.9682117889474,1.0016449089096902
13.09,13090,4242.8501325980205,35.0,22.98865665509449,0.0,0.0,68.00426733712882,68.00426733712882,1.0015430050396126
13.1,13100,4245.120942605221,35.0,22.990890329311213,0.0,0.0,68.04031921519766,68.04031921519766,1.0014410574676658
13.11,13110,4247.391523187368,35.0,22.99312392907337,0.0,0.0,68.0763674215814,68.0763674215814,1.0013390662148045
13.12,13120,4249.661874244903,35.0,22.995357454383434,0.0,0.0,68.11241195470826,68.11241195470826,1.00123703130199
13.13,13130,4251.931995678313,35.0,22.997590905243904,0.0,0.0,68.14845281300728,68.14845281300728,1.001134952750189
13.14,13140,4254.2018873881325,35.0,22.99982428165725,0.0,0.0,68.18448999490816,68.18448999490816,1.0010328305803728
13.15,13150,4256.471549274945,35.0,23.00205758362595,0.0,0.0,68.22052349884146,68.22052349884146,1.0009306648135199
13.16,13160,4258.740981239378,35.0,23.0042908111525,0.0,0.0,68.2565533232384,68.2565533232384,1.000828455470613
13.17,13170,4261.01018318211,35.0,23.00652396423937,0.0,0.0,68.29257946653102,68.29257946653102,1.0007262025726413
13.18,13180,4263.279155003865,35.0,23.008757042889044,0.0,0.0,68.32860192715209,68.32860192715209,1.0006239061405993
13.19,13190,4265.547896605413,35.0,23.01099004710401,0.0,0.0,68.36462070353514,68.36462070353514,1.0005215661954865
13.2,13200,4267.816407887575,35.0,23.01322297688673,0.0,0.0,68.40063579411444,68.40063579411444,1.0004191827583087
13.21,13210,4270.084688751216,35.0,23.015455832239706,0.0,0.0,68.43664719732504,68.43664719732504,1.000316755850077
13.22,13220,4272.35273909725,35.0,23.01768861316541,0.0,0.0,68.47265491160275,68.47265491160275,1.0002142854918081
13.23,13230,4274.620558826638,35.0,23.019921319666324,0.0,0.0,68.50865893538412,68.50865893538412,1.0001117717045236
13.24,13240,4276.888147840389,35.0,23.022153951744926,0.0,0.0,68.54465926710644,68.54465926710644,1.0000092145092518
13.25,13250,4279.155506039558,35.0,23.0243865094037,0.0,0.0,68.5806559052078,68.5806559052078,0.9999066139270256
13.26,13260,4281.422633325248,35.0,23.026618992645126,0.0,0.0,68.61664884812704,68.61664884812704,0.9998039699788833
13.27,13270,4283.6895295986105,35.0,23.02885140147168,0.0,0.0,68.65263809430374,68.65263809430374,0.9997012826858697
13.28,13280,4285.956194760844,35.0,23.03108373588585,0.0,0.0,68.68862364217821,68.68862364217821,0.9995985520690338
13.29,13290,4288.222628713193,35.0,23.03331599589012,0.0,0.0,68.72460549019159,68.72460549019159,0.999495778149431
13.3,13300,4290.488831356954,35.0,23.035548181486952,0.0,0.0,68.76058363678573,68.76058363678573,0.9993929609481217
13.31,13310,4292.754802593464,35.0,23.037780292678843,0.0,0.0,68.79655808040323,68.79655808040323,0.9992901004861721
13.32,13320,4295.020542324112,35.0,23.04001232946827,0.0,0.0,68.83252881948746,68.83252881948746,0.9991871967846534
13.33,13330,4297.286050450335,35.0,23.042244291857706,0.0,0.0,68.8684958524826,68.8684958524826,0.9990842498646428
13.34,13340,4299.551326873616,35.0,23.044476179849642,0.0,0.0,68.90445917783349,68.90445917783349,0.9989812597472225
13.35,13350,4301.816371495485,35.0,23.046707993446546,0.0,0.0,68.94041879398581,68.94041879398581,0.9988782264534802
13.36,13360,4304.081184217523,35.0,23.048939732650904,0.0,0.0,68.97637469938599,68.97637469938599,0.9987751500045091
13.37,13370,4306.345764941353,35.0,23.051171397465197,0.0,0.0,69.01232689248114,69.01232689248114,0.9986720304214077
13.38,13380,4308.6101135686495,35.0,23.053402987891896,0.0,0.0,69.04827537171926,69.04827537171926,0.9985688677252799
13.39,13390,4310.8742300011345,35.0,23.055634503933497,0.0,0.0,69.084220135549,69.084220135549,0.9984656619372354
13.4,13400,4313.138114140576,35.0,23.05786594559246,0.0,0.0,69.12016118241982,69.12016118241982,0.9983624130783882
13.41,13410,4315.4017658887915,35.0,23.06009731287128,0.0,0.0,69.15609851078193,69.15609851078193,0.9982591211698594
13.42,13420,4317.665185147644,35.0,23.06232860577243,0.0,0.0,69.19203211908632,69.19203211908632,0.9981557862327736
13.43,13430,4319.928371819045,35.0,23.064559824298392,0.0,0.0,69.2279620057847,69.2279620057847,0.9980524082882621
13.44,13440,4322.191325804956,35.0,23.066790968451635,0.0,0.0,69.26388816932958,69.26388816932958,0.9979489873574606
13.45,13450,4324.4540470073825,35.0,23.06902203823465,0.0,0.0,69.2998106081742,69.2998106081742,0.9978455234615112
13.46,13460,4326.71653532838,35.0,23.071253033649917,0.0,0.0,69.33572932077257,69.33572932077257,0.99774201662156
13.47,13470,4328.97879067005,35.0,23.073483954699903,0.0,0.0,69.37164430557948,69.37164430557948,0.9976384668587598
13.48,13480,4331.240812934544,35.0,23.075714801387097,0.0,0.0,69.40755556105047,69.40755556105047,0.9975348741942675
13.49,13490,4333.502602024059,35.0,23.077945573713972,0.0,0.0,69.44346308564185,69.44346308564185,0.9974312386492462
13.5,13500,4335.764157840841,35.0,23.080176271683,0.0,0.0,69.47936687781066,69.47936687781066,0.9973275602448636
13.51,13510,4338.025480287184,35.0,23.082406895296682,0.0,0.0,69.51526693601475,69.51526693601475,0.9972238390022934
13.52,13520,4340.286569265429,35.0,23.08463744455748,0.0,0.0,69.55116325871269,69.55116325871269,0.9971200749427138
13.53,13530,4342.547424677964,35.0,23.086867919467874,0.0,0.0,69.58705584436383,69.58705584436383,0.997016268087309
13.54,13540,4344.808046427227,35.0,23.08909832003034,0.0,0.0,69.62294469142829,69.62294469142829,0.9969124184572677
13.55,13550,4347.068434415702,35.0,23.091328646247366,0.0,0.0,69.65882979836694,69.65882979836694,0.996808526073785
13.56,13560,4349.328588545922,35.0,23.093558898121415,0.0,0.0,69.69471116364143,69.69471116364143,0.9967045909580595
13.57,13570,4351.588508720466,35.0,23.09578907565498,0.0,0.0,69.73058878571416,69.73058878571416,0.9966006131312967
13.58,13580,4353.848194841964,35.0,23.098019178850535,0.0,0.0,69.76646266304829,69.76646266304829,0.9964965926147064
13.59,13590,4356.1076468130905,35.0,23.100249207710554,0.0,0.0,69.80233279410776,69.80233279410776,0.9963925294295041
13.6,13600,4358.36686453657,35.0,23.102479162237508,0.0,0.0,69.83819917735724,69.83819917735724,0.9962884235969098
13.61,13610,4360.625847915173,35.0,23.104709042433896,0.0,0.0,69.87406181126221,69.87406181126221,0.9961842751381498
13.62,13620,4362.884596851721,35.0,23.10693884830218,0.0,0.0,69.90992069428889,69.90992069428889,0.9960800840744545
13.63,13630,4365.14311124908,35.0,23.109168579844834,0.0,0.0,69.94577582490426,69.94577582490426,0.99597585042706
13.64,13640,4367.401391010166,35.0,23.111398237064346,0.0,0.0,69.98162720157607,69.98162720157607,0.9958715742172077
13.65,13650,4369.659436037942,35.0,23.113627819963188,0.0,0.0,70.01747482277285,70.01747482277285,0.9957672554661436
13.66,13660,4371.91724623542,35.0,23.115857328543843,0.0,0.0,70.05331868696388,70.05331868696388,0.9956628941951197
13.67,13670,4374.174821505658,35.0,23.11808676280878,0.0,0.0,70.0891587926192,70.0891587926192,0.9955584904253922
13.68,13680,4376.4321617517635,35.0,23.12031612276048,0.0,0.0,70.12499513820961,70.12499513820961,0.9954540441782235
13.69,13690,4378.689266876892,35.0,23.12254540840142,0.0,0.0,70.16082772220672,70.16082772220672,0.9953495554748797
13.7,13700,4380.946136784247,35.0,23.124774619734076,0.0,0.0,70.19665654308284,70.19665654308284,0.9952450243366335
13.71,13710,4383.2027713770785,35.0,23.127003756760928,0.0,0.0,70.2324815993111,70.2324815993111,0.9951404507847617
13.72,13720,4385.459170558686,35.0,23.129232819484454,0.0,0.0,70.26830288936536,70.26830288936536,0.9950358348405468
13.73,13730,4387.715334232417,35.0,23.13146180790712,0.0,0.0,70.30412041172026,70.30412041172026,0.9949311765252763
13.74,13740,4389.971262301667,35.0,23.133690722031417,0.0,0.0,70.33993416485123,70.33993416485123,0.9948264758602421
13.75,13750,4392.226954669877,35.0,23.13591956185981,0.0,0.0,70.37574414723443,70.37574414723443,0.994721732866742
13.76,13760,4394.482411240541,35.0,23.138148327394788,0.0,0.0,70.41155035734681,70.41155035734681,0.9946169475660788
13.77,13770,4396.737631917197,35.0,23.14037701863881,0.0,0.0,70.44735279366607,70.44735279366607,0.9945121199795597
13.78,13780,4398.992616603433,35.0,23.142605635594364,0.0,0.0,70.4831514546707,70.4831514546707,0.9944072501284978
13.79,13790,4401.247365202883,35.0,23.14483417826393,0.0,0.0,70.51894633883992,70.51894633883992,0.9943023380342108
13.8,13800,4403.501877619232,35.0,23.14706264664997,0.0,0.0,70.55473744465377,70.55473744465377,0.9941973837180212
13.81,13810,4405.7561537562115,35.0,23.149291040754978,0.0,0.0,70.59052477059302,70.59052477059302,0.9940923872012566
13.82,13820,4408.010193517601,35.0,23.151519360581418,0.0,0.0,70.6263083151392,70.6263083151392,0.9939873485052506
13.83,13830,4410.263996807228,35.0,23.153747606131766,0.0,0.0,70.66208807677465,70.66208807677465,0.99388226765134
13.84,13840,4412.51756352897,35.0,23.155975777408504,0.0,0.0,70.69786405398244,70.69786405398244,0.9937771446608685
13.85,13850,4414.77089358675,35.0,23.158203874414095,0.0,0.0,70.73363624524643,70.73363624524643,0.9936719795551835
13.86,13860,4417.023986884542,35.0,23.160431897151035,0.0,0.0,70.76940464905122,70.76940464905122,0.9935667723556377
13.87,13870,4419.2768433263645,35.0,23.162659845621775,0.0,0.0,70.80516926388225,70.80516926388225,0.9934615230835889
13.88,13880,4421.529462816287,35.0,23.164887719828815,0.0,0.0,70.8409300882256,70.8409300882256,0.9933562317603998
13.89,13890,4423.781845258428,35.0,23.16711551977462,0.0,0.0,70.87668712056828,70.87668712056828,0.9932508984074384
13.9,13900,4426.033990556951,35.0,23.169343245461654,0.0,0.0,70.91244035939795,70.91244035939795,0.993145523046077
13.91,13910,4428.28589861607,35.0,23.17157089689241,0.0,0.0,70.94818980320306,70.94818980320306,0.9930401056976929
13.92,13920,4430.5375693400465,35.0,23.173798474069354,0.0,0.0,70.98393545047287,70.98393545047287,0.9929346463836691
13.93,13930,4432.789002633192,35.0,23.176025976994964,0.0,0.0,71.01967729969738,71.01967729969738,0.9928291451253927
13.94,13940,4435.040198399862,35.0,23.178253405671715,0.0,0.0,71.05541534936737,71.05541534936737,0.9927236019442562
13.95,13950,4437.291156544465,35.0,23.18048076010208,0.0,0.0,71.0911495979744,71.0911495979744,0.9926180168616565
13.96,13960,4439.541876971455,35.0,23.182708040288528,0.0,0.0,71.12688004401076,71.12688004401076,0.9925123898989959
13.97,13970,4441.792359585335,35.0,23.184935246233547,0.0,0.0,71.16260668596955,71.16260668596955,0.9924067210776818
13.98,13980,4444.042604290657,35.0,23.187162377939604,0.0,0.0,71.19832952234464,71.19832952234464,0.9923010104191253
13.99,13990,4446.292610992021,35.0,23.18938943540918,0.0,0.0,71.23404855163065,71.23404855163065,0.9921952579447437
14.0,14000,4448.542379594074,35.0,23.191616418644735,0.0,0.0,71.26976377232299,71.26976377232299,0.9920894636759585
14.01,14010,4450.791910001513,35.0,23.19384332764876,0.0,0.0,71.30547518291782,71.30547518291782,0.991983627634196
14.02,14020,4453.041202119083,35.0,23.196070162423716,0.0,0.0,71.3411827819121,71.3411827819121,0.9918777498408875
14.03,14030,4455.290255851576,35.0,23.198296922972087,0.0,0.0,71.37688656780352,71.37688656780352,0.9917718303174694
14.04,14040,4457.539071103834,35.0,23.200523609296347,0.0,0.0,71.4125865390906,71.4125865390906,0.9916658690853822
14.05,14050,4459.787647780748,35.0,23.20275022139896,0.0,0.0,71.44828269427258,71.44828269427258,0.9915598661660722
14.06,14060,4462.035985787254,35.0,23.204976759282413,0.0,0.0,71.4839750318495,71.4839750318495,0.9914538215809898
14.07,14070,4464.28408502834,35.0,23.207203222949165,0.0,0.0,71.51966355032216,71.51966355032216,0.99134773535159
14.08,14080,4466.531945409041,35.0,23.209429612401703,0.0,0.0,71.55534824819213,71.55534824819213,0.9912416074993334
14.09,14090,4468.7795668344415,35.0,23.211655927642497,0.0,0.0,71.59102912396177,71.59102912396177,0.991135438045685
14.1,14100,4471.026949209671,35.0,23.213882168674026,0.0,0.0,71.6267061761342,71.6267061761342,0.9910292270121145
14.11,14110,4473.274092439912,35.0,23.216108335498745,0.0,0.0,71.66237940321334,71.66237940321334,0.990922974420096
14.12,14120,4475.520996430393,35.0,23.218334428119142,0.0,0.0,71.69804880370383,71.69804880370383,0.9908166802911088
14.13,14130,4477.767661086391,35.0,23.220560446537696,0.0,0.0,71.7337143761111,71.7337143761111,0.9907103446466374
14.14,14140,4480.014086313232,35.0,23.222786390756866,0.0,0.0,71.7693761189414,71.7693761189414,0.9906039675081705
14.15,14150,4482.26027201629,35.0,23.22501226077913,0.0,0.0,71.80503403070169,71.80503403070169,0.990497548897201
14.16,14160,4484.506218100989,35.0,23.22723805660697,0.0,0.0,71.84068810989974,71.84068810989974,0.9903910888352275
14.17,14170,4486.751924472799,35.0,23.22946377824285,0.0,0.0,71.87633835504413,71.87633835504413,0.9902845873437527
14.18,14180,4488.997391037241,35.0,23.23168942568925,0.0,0.0,71.91198476464413,71.91198476464413,0.9901780444442845
14.19,14190,4491.242617699882,35.0,23.23391499894863,0.0,0.0,71.94762733720984,71.94762733720984,0.9900714601583347
14.2,14200,4493.487604366341,35.0,23.236140498023474,0.0,0.0,71.98326607125209,71.98326607125209,0.9899648345074208
14.21,14210,4495.732350942281,35.0,23.238365922916252,0.0,0.0,72.01890096528257,72.01890096528257,0.9898581675130644
14.22,14220,4497.976857333419,35.0,23.24059127362944,0.0,0.0,72.05453201781366,72.05453201781366,0.9897514591967916
14.23,14230,4500.221123445515,35.0,23.2428165501655,0.0,0.0,72.09015922735854,72.09015922735854,0.9896447095801335
14.24,14240,4502.465149184382,35.0,23.245041752526916,0.0,0.0,72.1257825924312,72.1257825924312,0.9895379186846258
14.25,14250,4504.70893445588,35.0,23.247266880716154,0.0,0.0,72.16140211154634,72.16140211154634,0.9894310865318088
14.26,14260,4506.952479165917,35.0,23.249491934735694,0.0,0.0,72.1970177832195,72.1970177832195,0.9893242131432274
14.27,14270,4509.19578322045,35.0,23.251716914588002,0.0,0.0,72.23262960596693,72.23262960596693,0.9892172985404313
14.28,14280,4511.438846525485,35.0,23.25394182027555,0.0,0.0,72.26823757830576,72.26823757830576,0.9891103427449747
14.29,14290,4513.681668987077,35.0,23.256166651800804,0.0,0.0,72.30384169875377,72.30384169875377,0.989003345778416
14.3,14300,4515.924250511328,35.0,23.258391409166247,0.0,0.0,72.33944196582962,72.33944196582962,0.9888963076623188
14.31,14310,4518.16659100439,35.0,23.26061609237435,0.0,0.0,72.37503837805268,72.37503837805268,0.9887892284182513
14.32,14320,4520.408690372465,35.0,23.262840701427585,0.0,0.0,72.41063093394311,72.41063093394311,0.9886821080677858
14.33,14330,4522.6505485218,35.0,23.26506523632841,0.0,0.0,72.44621963202188,72.44621963202188,0.9885749466324997
14.34,14340,4524.892165358695,35.0,23.267289697079313,0.0,0.0,72.4818044708107,72.4818044708107,0.9884677441339742
14.35,14350,4527.133540789495,35.0,23.269514083682765,0.0,0.0,72.51738544883209,72.51738544883209,0.9883605005937964
14.36,14360,4529.374674720596,35.0,23.271738396141227,0.0,0.0,72.55296256460929,72.55296256460929,0.9882532160335562
14.37,14370,4531.615567058442,35.0,23.273962634457178,0.0,0.0,72.58853581666638,72.58853581666638,0.9881458904748497
14.38,14380,4533.856217709526,35.0,23.27618679863309,0.0,0.0,72.62410520352819,72.62410520352819,0.9880385239392766
14.39,14390,4536.09662658039,35.0,23.278410888671424,0.0,0.0,72.65967072372034,72.65967072372034,0.987931116448441
14.4,14400,4538.336793577622,35.0,23.28063490457467,0.0,0.0,72.69523237576921,72.69523237576921,0.9878236680239522
14.41,14410,4540.576718607864,35.0,23.282858846345277,0.0,0.0,72.73079015820196,72.73079015820196,0.987716178687423
14.42,14420,4542.816401577802,35.0,23.28508271398573,0.0,0.0,72.76634406954653,72.76634406954653,0.9876086484604724
14.43,14430,4545.055842394174,35.0,23.287306507498503,0.0,0.0,72.80189410833167,72.80189410833167,0.9875010773647218
14.44,14440,4547.295040963764,35.0,23.289530226886058,0.0,0.0,72.83744027308686,72.83744027308686,0.9873934654217988
14.45,14450,4549.533997193407,35.0,23.291753872150867,0.0,0.0,72.87298256234239,72.87298256234239,0.9872858126533347
14.46,14460,4551.772710989987,35.0,23.293977443295407,0.0,0.0,72.9085209746293,72.9085209746293,0.9871781190809649
14.47,14470,4554.011182260435,35.0,23.296200940322137,0.0,0.0,72.94405550847945,72.94405550847945,0.98707038472633
14.48,14480,4556.2494109117315,35.0,23.298424363233543,0.0,0.0,72.97958616242545,72.97958616242545,0.9869626096110747
14.49,14490,4558.487396850907,35.0,23.300647712032085,0.0,0.0,73.0151129350007,73.0151129350007,0.9868547937568483
14.5,14500,4560.72513998504,35.0,23.302870986720226,0.0,0.0,73.05063582473936,73.05063582473936,0.9867469371853043
14.51,14510,4562.962640221258,35.0,23.305094187300455,0.0,0.0,73.08615483017641,73.08615483017641,0.9866390399181006
14.52,14520,4565.199897466737,35.0,23.307317313775233,0.0,0.0,73.12166994984759,73.12166994984759,0.9865311019769
14.53,14530,4567.436911628702,35.0,23.309540366147026,0.0,0.0,73.15718118228939,73.15718118228939,0.9864231233833689
14.54,14540,4569.673682614427,35.0,23.31176334441831,0.0,0.0,73.19268852603912,73.19268852603912,0.9863151041591788
14.55,14550,4571.910210331235,35.0,23.31398624859156,0.0,0.0,73.22819197963486,73.22819197963486,0.9862070443260051
14.56,14560,4574.1464946865,35.0,23.31620907866923,0.0,0.0,73.26369154161546,73.26369154161546,0.9860989439055283
14.57,14570,4576.382535587641,35.0,23.3184318346538,0.0,0.0,73.29918721052056,73.29918721052056,0.9859908029194324
14.58,14580,4578.618332942127,35.0,23.32065451654774,0.0,0.0,73.33467898489057,73.33467898489057,0.985882621389406
14.59,14590,4580.85388665748,35.0,23.322877124353525,0.0,0.0,73.3701668632667,73.3701668632667,0.9857743993371423
14.6,14600,4583.0891966412655,35.0,23.325099658073604,0.0,0.0,73.40565084419096,73.40565084419096,0.985666136784339
14.61,14610,4585.324262801101,35.0,23.327322117710473,0.0,0.0,73.44113092620604,73.44113092620604,0.9855578337526973
14.62,14620,4587.559085044652,35.0,23.329544503266586,0.0,0.0,73.47660710785554,73.47660710785554,0.9854494902639241
14.63,14630,4589.793663279634,35.0,23.331766814744412,0.0,0.0,73.51207938768377,73.51207938768377,0.9853411063397292
14.64,14640,4592.027997413809,35.0,23.33398905214642,0.0,0.0,73.54754776423583,73.54754776423583,0.9852326820018273
14.65,14650,4594.262087354992,35.0,23.336211215475096,0.0,0.0,73.58301223605763,73.58301223605763,0.9851242172719376
14.66,14660,4596.495933011044,35.0,23.338433304732884,0.0,0.0,73.61847280169582,73.61847280169582,0.9850157121717833
14.67,14670,4598.729534289877,35.0,23.340655319922266,0.0,0.0,73.65392945969784,73.65392945969784,0.9849071667230922
14.68,14680,4600.962891099449,35.0,23.342877261045714,0.0,0.0,73.68938220861195,73.68938220861195,0.9847985809475959
14.69,14690,4603.19600334777,35.0,23.345099128105687,0.0,0.0,73.72483104698716,73.72483104698716,0.9846899548670305
14.7,14700,4605.428870942898,35.0,23.347320921104657,0.0,0.0,73.76027597337328,73.76027597337328,0.9845812885031368
14.71,14710,4607.661493792942,35.0,23.349542640045104,0.0,0.0,73.79571698632087,73.79571698632087,0.9844725818776587
14.72,14720,4609.893871806055,35.0,23.35176428492948,0.0,0.0,73.83115408438131,73.83115408438131,0.9843638350123456
14.73,14730,4612.126004890445,35.0,23.353985855760264,0.0,0.0,73.86658726610675,73.86658726610675,0.9842550479289509
14.74,14740,4614.3578929543655,35.0,23.35620735253992,0.0,0.0,73.90201653005012,73.90201653005012,0.9841462206492312
14.75,14750,4616.589535906121,35.0,23.358428775270916,0.0,0.0,73.93744187476514,73.93744187476514,0.9840373531949483
14.76,14760,4618.820933654062,35.0,23.36065012395573,0.0,0.0,73.9728632988063,73.9728632988063,0.9839284455878682
14.77,14770,4621.0520861065925,35.0,23.362871398596806,0.0,0.0,74.00828080072891,74.00828080072891,0.9838194978497604
14.78,14780,4623.282993172163,35.0,23.365092599196643,0.0,0.0,74.043694379089,74.043694379089,0.9837105100023994
14.79,14790,4625.513654759274,35.0,23.367313725757686,0.0,0.0,74.07910403244342,74.07910403244342,0.9836014820675634
14.8,14800,4627.7440707764745,35.0,23.369534778282407,0.0,0.0,74.11450975934983,74.11450975934983,0.9834924140670349
14.81,14810,4629.974241132363,35.0,23.37175575677329,0.0,0.0,74.14991155836665,74.14991155836665,0.9833833060226004
14.82,14820,4632.204165735588,35.0,23.37397666123278,0.0,0.0,74.18530942805307,74.18530942805307,0.983274157956051
14.83,14830,4634.433844494845,35.0,23.37619749166336,0.0,0.0,74.22070336696909,74.22070336696909,0.9831649698891809
14.84,14840,4636.663277318882,35.0,23.378418248067494,0.0,0.0,74.25609337367547,74.25609337367547,0.9830557418437902
14.85,14850,4638.892464116494,35.0,23.38063893044765,0.0,0.0,74.29147944673377,74.29147944673377,0.9829464738416812
14.86,14860,4641.121404796524,35.0,23.382859538806287,0.0,0.0,74.32686158470634,74.32686158470634,0.9828371659046619
14.87,14870,4643.350099267867,35.0,23.385080073145886,0.0,0.0,74.3622397861563,74.3622397861563,0.9827278180545436
14.88,14880,4645.578547439467,35.0,23.387300533468903,0.0,0.0,74.39761404964759,74.39761404964759,0.9826184303131413
14.89,14890,4647.806749220315,35.0,23.3895209197778,0.0,0.0,74.43298437374486,74.43298437374486,0.9825090027022753
14.9,14900,4650.034704519454,35.0,23.39174123207507,0.0,0.0,74.46835075701364,74.46835075701364,0.982399535243769
14.91,14910,4652.262413245973,35.0,23.39396147036316,0.0,0.0,74.50371319802018,74.50371319802018,0.98229002795945
14.92,14920,4654.489875309015,35.0,23.396181634644538,0.0,0.0,74.53907169533154,74.53907169533154,0.9821804808711507
14.93,14930,4656.717090617766,35.0,23.398401724921673,0.0,0.0,74.57442624751558,74.57442624751558,0.9820708940007065
14.94,14940,4658.9440590814675,35.0,23.40062174119703,0.0,0.0,74.60977685314089,74.60977685314089,0.9819612673699576
14.95,14950,4661.170780609406,35.0,23.402841683473078,0.0,0.0,74.64512351077691,74.64512351077691,0.9818516010007479
14.96,14960,4663.397255110921,35.0,23.405061551752286,0.0,0.0,74.68046621899386,74.68046621899386,0.9817418949149254
14.97,14970,4665.623482495397,35.0,23.407281346037117,0.0,0.0,74.71580497636269,74.71580497636269,0.9816321491343427
14.98,14980,4667.849462672272,35.0,23.40950106633004,0.0,0.0,74.75113978145521,74.75113978145521,0.9815223636808551
14.99,14990,4670.07519555103,35.0,23.411720712633517,0.0,0.0,74.78647063284394,74.78647063284394,0.9814125385763234
15.0,15000,4671.860393553091,0.0,23.41394028495002,0.0,35.0,74.7097862387797,74.7097862387797,-2.1301220573401847
15.01,15010,4673.232623842318,0.0,23.416159783282012,0.0,35.0,74.63311042681559,74.63311042681559,-2.129883665669599
15.02,15020,4674.21773059641,0.0,23.418379207631958,0.0,35.0,74.55644318718822,74.55644318718822,-2.129645545204394
15.03,15030,4674.839942693593,0.0,23.42059855800232,0.0,35.0,74.47978451013826,74.47978451013826,-2.1294076958321937
15.04,15040,4675.121974668862,0.0,23.422817834395577,0.0,35.0,74.40313438591039,74.40313438591039,-2.1291701174407676
15.05,15050,4675.085121360445,0.0,23.425037036814185,0.0,35.0,74.32649280475334,74.32649280475334,-2.1289328099180316
15.06,15060,4674.749346640864,0.0,23.42725616526061,0.0,35.0,74.24985975691988,74.24985975691988,-2.1286957731520477
15.07,15070,4674.133366602314,0.0,23.429475219737323,0.0,35.0,74.17323523266677,74.17323523266677,-2.1284590070310223
15.08,15080,4673.254727542943,0.0,23.43169420024678,0.0,35.0,74.0966192222548,74.0966192222548,-2.12822251144331
15.09,15090,4672.129879079,0.0,23.433913106791465,0.0,35.0,74.02001171594883,74.02001171594883,-2.1279862862774097
15.1,15100,4670.774242687465,0.0,23.43613193937382,70.0,35.0,73.94341270401763,73.94341270401763,-2.1277503314219652
15.11,15110,4669.202275964773,0.0,23.438350697996324,70.0,35.0,73.86682217673406,73.86682217673406,-2.1275146467657673
15.12,15120,4667.427532869366,0.0,23.44056938266144,70.0,35.0,73.79024012437495,73.79024012437495,-2.127279232197751
15.13,15130,4665.462720199073,0.0,23.44278799337164,70.0,35.0,73.7136665372211,73.7136665372211,-2.127044087606997
15.14,15140,4663.319750538678,0.0,23.445006530129376,70.0,35.0,73.63710140555732,73.63710140555732,-2.1268092128827307
15.15,15150,4661.009791898237,0.0,23.447224992937116,70.0,35.0,73.5605447196724,73.5605447196724,-2.1265746079143226
15.16,15160,4658.5433142490265,0.0,23.44944338179733,70.0,35.0,73.48399646985911,73.48399646985911,-2.1263402725912885
15.17,15170,4655.930133150973,0.0,23.45166169671249,70.0,35.0,73.40745664641419,73.40745664641419,-2.1261062068032883
15.18,15180,4653.179450653385,0.0,23.45387993768504,70.0,35.0,73.33092523963833,73.33092523963833,-2.125872410440127
15.19,15190,4650.299893639378,0.0,23.456098104717455,70.0,35.0,73.25440223983622,73.25440223983622,-2.1256388833917543
15.2,15200,4647.299549773778,0.0,23.458316197812216,70.0,35.0,73.17788763731649,73.17788763731649,-2.1254056255482627
15.21,15210,4644.186001204283,0.0,23.460534216971762,70.0,35.0,73.1013814223917,73.1013814223917,-2.1251726367998915
15.22,15220,4640.966356156293,0.0,23.46275216219857,70.0,35.0,73.02488358537836,73.02488358537836,-2.1249399170370222
15.23,15230,4637.647278553076,0.0,23.464970033495103,70.0,35.0,72.94839411659696,72.94839411659696,-2.124707466150181
15.24,15240,4634.235015784661,0.0,23.46718783086383,70.0,35.0,72.87191300637187,72.87191300637187,-2.1244752840300385
15.25,15250,4630.735424741186,0.0,23.469405554307205,70.0,35.0,72.79544024503146,72.79544024503146,-2.1242433705674086
15.26,15260,4627.153996219151,0.0,23.47162320382769,70.0,35.0,72.71897582290794,72.71897582290794,-2.1240117256532494
15.27,15270,4623.495877802291,0.0,23.473840779427768,70.0,35.0,72.64251973033751,72.64251973033751,-2.1237803491786615
15.28,15280,4619.7658953123855,0.0,23.476058281109886,70.0,35.0,72.56607195766026,72.56607195766026,-2.1235492410348904
15.29,15290,4615.968572919399,0.0,23.478275708876517,70.0,35.0,72.48963249522018,72.48963249522018,-2.1233184011133246
15.3,15300,4612.108151994731,0.0,23.480493062730112,70.0,35.0,72.41320133336518,72.41320133336518,-2.123087829305495
15.31,15310,4608.188608786147,0.0,23.48271034267315,70.0,35.0,72.33677846244707,72.33677846244707,-2.122857525503077
15.32,15320,4604.213670988015,0.0,23.484927548708093,70.0,35.0,72.26036387282154,72.26036387282154,-2.1226274895978876
15.33,15330,4600.186833275913,0.0,23.487144680837396,70.0,35.0,72.18395755484819,72.18395755484819,-2.1223977214818888
15.34,15340,4596.111371870316,0.0,23.489361739063522,70.0,35.0,72.10755949889048,72.10755949889048,-2.122168221047183
15.35,15350,4591.990358190056,0.0,23.491578723388944,70.0,35.0,72.03116969531578,72.03116969531578,-2.121938988186017
15.36,15360,4587.8266716524395,0.0,23.49379563381612,70.0,35.0,71.95478813449532,71.95478813449532,-2.1217100227907806
15.37,15370,4583.623011673358,0.0,23.49601247034751,70.0,35.0,71.87841480680417,71.87841480680417,-2.121481324754004
15.38,15380,4579.381908917392,0.0,23.498229232985587,70.0,35.0,71.80204970262132,71.80204970262132,-2.1212528939683613
15.39,15390,4575.105735844784,0.0,23.500445921732794,70.0,35.0,71.72569281232956,71.72569281232956,-2.121024730326669
15.4,15400,4570.796716599223,0.0,23.50266253659162,70.0,35.0,71.64934412631557,71.64934412631557,-2.120796833721885
15.41,15410,4566.456936277645,0.0,23.504879077564517,70.0,35.0,71.57300363496987,71.57300363496987,-2.1205692040471105
15.42,15420,4562.08834962067,0.0,23.50709554465394,70.0,35.0,71.49667132868683,71.49667132868683,-2.1203418411955877
15.43,15430,4557.692789159888,0.0,23.509311937862357,70.0,35.0,71.42034719786463,71.42034719786463,-2.1201147450607
15.44,15440,4553.271972855938,0.0,23.511528257192236,70.0,35.0,71.34403123290534,71.34403123290534,-2.119887915535974
15.45,15450,4548.827511259205,0.0,23.51374450264603,70.0,35.0,71.2677234242148,71.2677234242148,-2.119661352515077
15.46,15460,4544.360914222978,0.0,23.515960674226214,70.0,35.0,71.19142376220269,71.19142376220269,-2.1194350558918185
15.47,15470,4539.873597197035,0.0,23.518176771935238,70.0,35.0,71.11513223728251,71.11513223728251,-2.1192090255601483
15.48,15480,4535.366887127875,0.0,23.520392795775567,70.0,35.0,71.0388488398716,71.0388488398716,-2.1189832614141593
15.49,15490,4530.842027990188,0.0,23.52260874574967,70.0,35.0,70.96257356039108,70.96257356039108,-2.118757763348084
15.5,15500,4526.300185972611,0.0,23.524824621860013,70.0,35.0,70.88630638926585,70.88630638926585,-2.1185325312562964
15.51,15510,4521.742454339365,0.0,23.52704042410904,70.0,35.0,70.81004731692465,70.81004731692465,-2.1183075650333114
15.52,15520,4517.169857988054,0.0,23.529256152499222,70.0,35.0,70.7337963338,70.7337963338,-2.118082864573786
15.53,15530,4512.583357722587,0.0,23.53147180703302,70.0,35.0,70.65755343032819,70.65755343032819,-2.117858429772516
15.54,15540,4507.9838542590505,0.0,23.533687387712902,70.0,35.0,70.58131859694932,70.58131859694932,-2.117634260524439
15.55,15550,4503.372191981215,0.0,23.535902894541326,70.0,35.0,70.50509182410723,70.50509182410723,-2.117410356724634
15.56,15560,4498.749162461316,0.0,23.538118327520756,70.0,35.0,70.42887310224955,70.42887310224955,-2.117186718268318
15.57,15570,4494.115507760791,0.0,23.54033368665365,70.0,35.0,70.35266242182773,70.35266242182773,-2.1169633450508503
15.58,15580,4489.47192352472,0.0,23.54254897194247,70.0,35.0,70.27645977329689,70.27645977329689,-2.1167402369677304
15.59,15590,4484.819061882863,0.0,23.544764183389674,70.0,35.0,70.20026514711597,70.20026514711597,-2.116517393914597
15.6,15600,4480.15753416938,0.0,23.546979320997732,70.0,35.0,70.12407853374762,70.12407853374762,-2.1162948157872292
15.61,15610,4475.487913472571,0.0,23.549194384769095,70.0,35.0,70.04789992365828,70.04789992365828,-2.1160725024815465
15.62,15620,4470.810737025258,0.0,23.551409374706232,70.0,35.0,69.97172930731811,69.97172930731811,-2.115850453893607
15.63,15630,4466.12650844577,0.0,23.553624290811598,70.0,35.0,69.89556667520101,69.89556667520101,-2.1156286699196105
15.64,15640,4461.435699838857,0.0,23.555839133087662,70.0,35.0,69.8194120177846,69.8194120177846,-2.1154071504558947
15.65,15650,4456.738753765308,0.0,23.55805390153688,70.0,35.0,69.74326532555024,69.74326532555024,-2.1151858953989366
15.66,15660,4452.036085088462,0.0,23.560268596161716,70.0,35.0,69.66712658898301,69.66712658898301,-2.1149649046453542
15.67,15670,4447.328082705313,0.0,23.562483216964623,70.0,35.0,69.59099579857171,69.59099579857171,-2.1147441780919034
15.68,15680,4442.615111169422,0.0,23.564697763948075,70.0,35.0,69.51487294480883,69.51487294480883,-2.1145237156354804
15.69,15690,4437.897512212394,0.0,23.566912237114515,70.0,35.0,69.4387580181906,69.4387580181906,-2.1143035171731186
15.7,15700,4433.175606170268,0.0,23.569126636466414,70.0,35.0,69.36265100921692,69.36265100921692,-2.114083582601993
15.71,15710,4428.449693320752,0.0,23.57134096200624,70.0,35.0,69.28655190839142,69.28655190839142,-2.113863911819415
15.72,15720,4423.720055136883,0.0,23.573555213736434,70.0,35.0,69.2104607062214,69.2104607062214,-2.1136445047228367
15.73,15730,4418.986955462336,0.0,23.57576939165947,70.0,35.0,69.13437739321783,69.13437739321783,-2.113425361209847
15.74,15740,4414.250641613269,0.0,23.577983495777815,70.0,35.0,69.05830195989542,69.05830195989542,-2.113206481178175
15.75,15750,4409.511345411314,0.0,23.58019752609391,70.0,35.0,68.9822343967725,68.9822343967725,-2.112987864525688
15.76,15760,4404.769284151994,0.0,23.582411482610226,70.0,35.0,68.90617469437109,68.90617469437109,-2.11276951115039
15.77,15770,4400.024661512619,0.0,23.584625365329224,70.0,35.0,68.83012284321687,68.83012284321687,-2.1125514209504255
15.78,15780,4395.277668403442,0.0,23.586839174253363,70.0,35.0,68.75407883383919,68.75407883383919,-2.1123335938240757
15.79,15790,4390.528483765613,0.0,23.589052909385096,70.0,35.0,68.67804265677108,68.67804265677108,-2.1121160296697603
15.8,15800,4385.777275319261,0.0,23.591266570726884,70.0,35.0,68.6020143025492,68.6020143025492,-2.111898728386037
15.81,15810,4381.024200264825,0.0,23.593480158281196,70.0,35.0,68.52599376171382,68.52599376171382,-2.111681689871601
15.82,15820,4376.269405940545,0.0,23.595693672050487,70.0,35.0,68.4499810248089,68.4499810248089,-2.1114649140252855
15.83,15830,4371.513030438867,0.0,23.597907112037213,70.0,35.0,68.37397608238206,68.37397608238206,-2.1112484007460615
15.84,15840,4366.755203184319,0.0,23.60012047824384,70.0,35.0,68.29797892498446,68.29797892498446,-2.1110321499330373
15.85,15850,4361.996045475269,0.0,23.60233377067282,70.0,35.0,68.22198954317099,68.22198954317099,-2.110816161485458
15.86,15860,4357.235670991824,0.0,23.604546989326614,70.0,35.0,68.1460079275001,68.1460079275001,-2.1106004353027075
15.87,15870,4352.4741862719875,0.0,23.60676013420768,70.0,35.0,68.07003406853386,68.07003406853386,-2.1103849712843052
15.88,15880,4347.711691158053,0.0,23.60897320531848,70.0,35.0,67.99406795683798,67.99406795683798,-2.110169769329909
15.89,15890,4342.948279215102,0.0,23.61118620266148,70.0,35.0,67.91810958298177,67.91810958298177,-2.109954829339313
15.9,15900,4338.1840381233405,0.0,23.613399126239127,70.0,35.0,67.84215893753812,67.84215893753812,-2.1097401512124487
15.91,15910,4333.419050045923,0.0,23.615611976053884,70.0,35.0,67.76621601108353,67.76621601108353,-2.109525734849384
15.92,15920,4328.653391973778,0.0,23.617824752108206,70.0,35.0,67.69028079419812,67.69028079419812,-2.1093115801503237
15.93,15930,4323.887136048887,0.0,23.62003745440456,70.0,35.0,67.61435327746555,67.61435327746555,-2.109097687015609
15.94,15940,4319.120349867362,0.0,23.622250082945403,70.0,35.0,67.53843345147311,67.53843345147311,-2.1088840553457184
15.95,15950,4314.35309676357,0.0,23.62446263773319,70.0,35.0,67.46252130681164,67.46252130681164,-2.108670685041266
15.96,15960,4309.585436076509,0.0,23.626675118770375,70.0,35.0,67.38661683407553,67.38661683407553,-2.108457576003002
15.97,15970,4304.817423399534,0.0,23.628887526059422,70.0,35.0,67.31072002386277,67.31072002386277,-2.1082447281318135
15.98,15980,4300.049110814472,0.0,23.631099859602784,70.0,35.0,67.23483086677494,67.23483086677494,-2.108032141328724
15.99,15990,4295.280547111107,0.0,23.633312119402937,70.0,35.0,67.15894935341711,67.15894935341711,-2.1078198154948913
16.0,16000,4290.511777992944,0.0,23.63552430546231,70.0,35.0,67.08307547439799,67.08307547439799,-2.107607750531611
16.01,16010,4285.742846270122,0.0,23.63773641778339,70.0,35.0,67.00720922032973,67.00720922032973,-2.1073959463403136
16.02,16020,4280.973792040257,0.0,23.639948456368618,70.0,35.0,66.93135058182811,66.93135058182811,-2.1071844028225657
16.03,16030,4276.2046528579895,0.0,23.64216042122045,70.0,35.0,66.85549954951244,66.85549954951244,-2.106973119880069
16.04,16040,4271.4354638939385,0.0,23.644372312341353,70.0,35.0,66.7796561140055,66.7796561140055,-2.106762097414661
16.05,16050,4266.666258083712,0.0,23.64658412973378,70.0,35.0,66.7038202659337,66.7038202659337,-2.106551335328314
16.06,16060,4261.897066267611,0.0,23.648795873400186,70.0,35.0,66.62799199592686,66.62799199592686,-2.1063408335231375
16.07,16070,4257.1279173216,0.0,23.65100754334304,70.0,35.0,66.55217129461842,66.55217129461842,-2.1061305919013735
16.08,16080,4252.358838280092,0.0,23.65321913956479,70.0,35.0,66.47635815264526,66.47635815264526,-2.1059206103654016
16.09,16090,4247.589854451058,0.0,23.655430662067886,70.0,35.0,66.40055256064784,66.40055256064784,-2.105710888817735
16.1,16100,4242.820989523947,0.0,23.657642110854805,70.0,35.0,66.32475450927004,66.32475450927004,-2.105501427161022
16.11,16110,4238.052265670853,0.0,23.659853485927982,70.0,35.0,66.24896398915931,66.24896398915931,-2.105292225298046
16.12,16120,4233.283703641363,0.0,23.662064787289893,70.0,35.0,66.17318099096656,66.17318099096656,-2.1050832831317243
16.13,16130,4228.515322851484,0.0,23.66427601494298,70.0,35.0,66.09740550534622,66.09740550534622,-2.104874600565111
16.14,16140,4223.747141466997,0.0,23.666487168889713,70.0,35.0,66.02163752295617,66.02163752295617,-2.1046661775013917
16.15,16150,4218.979176481617,0.0,23.66869824913254,70.0,35.0,65.94587703445778,65.94587703445778,-2.104458013843889
16.16,16160,4214.211443790256,0.0,23.670909255673926,70.0,35.0,65.87012403051592,65.87012403051592,-2.104250109496058
16.17,16170,4209.443958257714,0.0,23.673120188516314,70.0,35.0,65.79437850179892,65.79437850179892,-2.104042464361489
16.18,16180,4204.676733783074,0.0,23.675331047662173,70.0,35.0,65.71864043897854,65.71864043897854,-2.103835078343907
16.19,16190,4199.909783360073,0.0,23.67754183311396,70.0,35.0,65.64290983273004,65.64290983273004,-2.1036279513471694
16.2,16200,4195.143119133698,0.0,23.679752544874116,70.0,35.0,65.56718667373212,65.56718667373212,-2.103421083275269
16.21,16210,4190.37675245325,0.0,23.68196318294512,70.0,35.0,65.49147095266696,65.49147095266696,-2.1032144740323315
16.22,16220,4185.610693922088,0.0,23.684173747329407,70.0,35.0,65.41576266022015,65.41576266022015,-2.103008123522617
16.23,16230,4180.844953444257,0.0,23.68638423802945,70.0,35.0,65.34006178708074,65.34006178708074,-2.1028020316505183
16.24,16240,4176.079540268218,0.0,23.688594655047694,70.0,35.0,65.2643683239412,65.2643683239412,-2.102596198320563
16.25,16250,4171.3144630278275,0.0,23.690804998386596,70.0,35.0,65.18868226149746,65.18868226149746,-2.102390623437412
16.26,16260,4166.549729780771,0.0,23.69301526804862,70.0,35.0,65.11300359044886,65.11300359044886,-2.102185306905859
16.27,16270,4161.78534804458,0.0,23.695225464036213,70.0,35.0,65.03733230149814,65.03733230149814,-2.1019802486308303
16.28,16280,4157.021324830411,0.0,23.697435586351837,70.0,35.0,64.96166838535152,64.96166838535152,-2.101775448517387
16.29,16290,4152.257666674704,0.0,23.699645634997943,70.0,35.0,64.88601183271857,64.88601183271857,-2.1015709064707218
16.3,16300,4147.494379668866,0.0,23.70185560997698,70.0,35.0,64.81036263431231,64.81036263431231,-2.101366622396162
16.31,16310,4142.7314694871,0.0,23.704065511291425,70.0,35.0,64.73472078084913,64.73472078084913,-2.101162596199166
16.32,16320,4137.968941412493,0.0,23.706275338943723,70.0,35.0,64.65908626304886,64.65908626304886,-2.1009588277853264
16.33,16330,4133.206800361474,0.0,23.708485092936314,70.0,35.0,64.58345907163469,64.58345907163469,-2.1007553170603672
16.34,16340,4128.445050906744,0.0,23.710694773271676,70.0,35.0,64.5078391973332,64.5078391973332,-2.1005520639301465
16.35,16350,4123.683697298771,0.0,23.712904379952253,70.0,35.0,64.43222663087437,64.43222663087437,-2.100349068300654
16.36,16360,4118.922743485946,0.0,23.71511391298049,70.0,35.0,64.35662136299156,64.35662136299156,-2.1001463300780117
16.37,16370,4114.16219313347,0.0,23.71732337235887,70.0,35.0,64.28102338442149,64.28102338442149,-2.0999438491684743
16.38,16380,4109.402049641074,0.0,23.719532758089827,70.0,35.0,64.20543268590427,64.20543268590427,-2.0997416254784285
16.39,16390,4104.6423161596185,0.0,23.721742070175814,70.0,35.0,64.12984925818336,64.12984925818336,-2.0995396589143933
16.4,16400,4099.882995606664,0.0,23.7239513086193,70.0,35.0,64.05427309200557,64.05427309200557,-2.09933794938302
16.41,16410,4095.124090681064,0.0,23.726160473422723,70.0,35.0,63.978704178121085,63.978704178121085,-2.099136496791091
16.42,16420,4090.365603876648,0.0,23.728369564588558,70.0,35.0,63.90314250728344,63.90314250728344,-2.0989353010455214
16.43,16430,4085.607537495049,0.0,23.730578582119236,70.0,35.0,63.82758807024952,63.82758807024952,-2.0987343620533574
16.44,16440,4080.8498936577284,0.0,23.732787526017233,70.0,35.0,63.75204085777954,63.75204085777954,-2.0985336797217777
16.45,16450,4076.0926743172495,0.0,23.734996396284988,70.0,35.0,63.676500860637056,63.676500860637056,-2.0983332539580917
16.46,16460,4071.335881267847,0.0,23.737205192924964,70.0,35.0,63.60096806958894,63.60096806958894,-2.0981330846697412
16.47,16470,4066.5795161553365,0.0,23.73941391593961,70.0,35.0,63.52544247540542,63.52544247540542,-2.0979331717642977
16.48,16480,4061.823580486402,0.0,23.741622565331383,70.0,35.0,63.449924068860035,63.449924068860035,-2.097733515149466
16.49,16490,4057.0680756373067,0.0,23.743831141102742,70.0,35.0,63.37441284072964,63.37441284072964,-2.0975341147330813
16.5,16500,4052.3130028620553,0.0,23.746039643256132,70.0,35.0,63.29890878179441,63.29890878179441,-2.0973349704231095
16.51,16510,4047.5583633000497,0.0,23.74824807179401,70.0,35.0,63.22341188283781,63.22341188283781,-2.0971360821276477
16.52,16520,4042.8041579832634,0.0,23.750456426718824,70.0,35.0,63.14792213464663,63.14792213464663,-2.0969374497549245
16.53,16530,4038.05038784297,0.0,23.752664708033045,70.0,35.0,63.07243952801095,63.07243952801095,-2.096739073213299
16.54,16540,4033.297053716049,0.0,23.75487291573911,70.0,35.0,62.99696405372415,62.99696405372415,-2.0965409524112606
16.55,16550,4028.544156350899,0.0,23.757081049839478,70.0,35.0,62.92149570258288,62.92149570258288,-2.0963430872574293
16.56,16560,4023.7916964129795,0.0,23.759289110336603,70.0,35.0,62.8460344653871,62.8460344653871,-2.096145477660557
16.57,16570,4019.039674490009,0.0,23.761497097232944,70.0,35.0,62.770580332940035,62.770580332940035,-2.0959481235295243
16.58,16580,4014.2880910968356,0.0,23.76370501053094,70.0,35.0,62.6951332960482,62.6951332960482,-2.0957510247733433
16.59,16590,4009.5369466800043,0.0,23.76591285023306,70.0,35.0,62.61969334552135,62.61969334552135,-2.0955541813011567
16.6,16600,4004.7862416220396,0.0,23.768120616341744,70.0,35.0,62.54426047217255,62.54426047217255,-2.095357593022236
16.61,16610,4000.0359762454586,0.0,23.770328308859455,70.0,35.0,62.468834666818104,62.468834666818104,-2.0951612598459843
16.62,16620,3995.2861508165347,0.0,23.772535927788635,70.0,35.0,62.39341592027755,62.39341592027755,-2.094965181681933
16.63,16630,3990.5367655488258,0.0,23.774743473131746,70.0,35.0,62.31800422337372,62.31800422337372,-2.0947693584397453
16.64,16640,3985.7878206064815,0.0,23.776950944891247,70.0,35.0,62.24259956693267,62.24259956693267,-2.094573790029213
16.65,16650,3981.039316107344,0.0,23.77915834306957,70.0,35.0,62.1672019417837,62.1672019417837,-2.094378476360258
16.66,16660,3976.2912521258545,0.0,23.78136566766919,70.0,35.0,62.09181133875936,62.09181133875936,-2.0941834173429323
16.67,16670,3971.5436286957793,0.0,23.78357291869255,70.0,35.0,62.016427748695406,62.016427748695406,-2.0939886128874163
16.68,16680,3966.796445812764,0.0,23.785780096142098,70.0,35.0,61.94105116243087,61.94105116243087,-2.0937940629040215
16.69,16690,3962.0497034367295,0.0,23.78798720002029,70.0,35.0,61.86568157080795,61.86568157080795,-2.093599767303187
16.7,16700,3957.303401494116,0.0,23.790194230329583,70.0,35.0,61.79031896467212,61.79031896467212,-2.0934057259954826
16.71,16710,3952.5575398799897,0.0,23.792401187072414,70.0,35.0,61.71496333487202,61.71496333487202,-2.0932119388916064
16.72,16720,3947.8121184600154,0.0,23.79460807025126,70.0,35.0,61.63961467225954,61.63961467225954,-2.0930184059023866
16.73,16730,3943.0671370723067,0.0,23.79681487986855,70.0,35.0,61.56427296768974,61.56427296768974,-2.0928251269387794
16.74,16740,3938.3225955291614,0.0,23.79902161592675,70.0,35.0,61.48893821202091,61.48893821202091,-2.09263210191187
16.75,16750,3933.5784936186856,0.0,23.801228278428308,70.0,35.0,61.41361039611453,61.41361039611453,-2.0924393307328737
16.76,16760,3928.834831106321,0.0,23.803434867375675,70.0,35.0,61.33828951083525,61.33828951083525,-2.092246813313133
16.77,16770,3924.091607736271,0.0,23.805641382771302,70.0,35.0,61.26297554705094,61.26297554705094,-2.0920545495641205
16.78,16780,3919.3488232328423,0.0,23.807847824617635,70.0,35.0,61.18766849563263,61.18766849563263,-2.0918625393974364
16.79,16790,3914.6064773017015,0.0,23.81005419291714,70.0,35.0,61.11236834745454,61.11236834745454,-2.0916707827248087
16.8,16800,3909.8645696310505,0.0,23.812260487672262,70.0,35.0,61.03707509339405,61.03707509339405,-2.091479279458096
16.81,16810,3905.123099892732,0.0,23.814466708885448,70.0,35.0,60.96178872433171,60.96178872433171,-2.091288029509283
16.82,16820,3900.3820677432645,0.0,23.81667285655915,70.0,35.0,60.88650923115126,60.88650923115126,-2.0910970327904845
16.83,16830,3895.6414728248114,0.0,23.81887893069583,70.0,35.0,60.811236604739555,60.811236604739555,-2.090906289213942
16.84,16840,3890.9013147660908,0.0,23.82108493129792,70.0,35.0,60.73597083598664,60.73597083598664,-2.0907157986920257
16.85,16850,3886.161593183229,0.0,23.823290858367894,70.0,35.0,60.66071191578571,60.66071191578571,-2.0905255611372344
16.86,16860,3881.422307680559,0.0,23.82549671190818,70.0,35.0,60.58545983503306,60.58545983503306,-2.0903355764621927
16.87,16870,3876.6834578513703,0.0,23.827702491921244,70.0,35.0,60.5102145846282,60.5102145846282,-2.0901458445796557
16.88,16880,3871.9450432786116,0.0,23.829908198409537,70.0,35.0,60.434976155473706,60.434976155473706,-2.089956365402504
16.89,16890,3867.207063535549,0.0,23.8321138313755,70.0,35.0,60.35974453847533,60.35974453847533,-2.0897671388437473
16.9,16900,3862.4695181863835,0.0,23.834319390821594,70.0,35.0,60.284519724541944,60.284519724541944,-2.089578164816522
16.91,16910,3857.7324067868294,0.0,23.836524876750268,70.0,35.0,60.20930170458551,60.20930170458551,-2.0893894432340923
16.92,16920,3852.9957288846585,0.0,23.838730289163966,70.0,35.0,60.13409046952116,60.13409046952116,-2.0892009740098496
16.93,16930,3848.2594840202064,0.0,23.84093562806514,70.0,35.0,60.058886010267095,60.058886010267095,-2.0890127570573127
16.94,16940,3843.5236717268517,0.0,23.84314089345624,70.0,35.0,59.98368831774465,59.98368831774465,-2.0888247922901275
16.95,16950,3838.7882915314613,0.0,23.845346085339727,70.0,35.0,59.90849738287826,59.90849738287826,-2.088637079622067
16.96,16960,3834.05334295481,0.0,23.847551203718034,70.0,35.0,59.83331319659545,59.83331319659545,-2.0884496189670316
16.97,16970,3829.3188255119744,0.0,23.84975624859363,70.0,35.0,59.75813574982684,59.75813574982684,-2.0882624102390484
16.98,16980,3824.5847387127,0.0,23.851961219968945,70.0,35.0,59.682965033506164,59.682965033506164,-2.0880754533522707
16.99,16990,3819.851082061746,0.0,23.854166117846447,70.0,35.0,59.607801038570216,59.607801038570216,-2.08788874822098
17.0,17000,3815.1178550592113,0.0,23.856370942228576,70.0,35.0,59.53264375595887,59.53264375595887,-2.0877022947595827
17.01,17010,3810.385057200835,0.0,23.85857569311778,70.0,35.0,59.457493176615095,59.457493176615095,-2.087516092882613
17.02,17020,3805.652687978283,0.0,23.86078037051652,70.0,35.0,59.38234929148492,59.38234929148492,-2.087330142504732
17.03,17030,3800.920746879414,0.0,23.862984974427228,70.0,35.0,59.30721209151745,59.30721209151745,-2.087144443540726
17.04,17040,3796.1892333885285,0.0,23.86518950485237,70.0,35.0,59.232081567664856,59.232081567664856,-2.0869589959055084
17.05,17050,3791.458146986605,0.0,23.867393961794384,70.0,35.0,59.15695771088235,59.15695771088235,-2.0867737995141185
17.06,17060,3786.7274871515174,0.0,23.86959834525573,70.0,35.0,59.0818405121282,59.0818405121282,-2.086588854281722
17.07,17070,3781.9972533582436,0.0,23.871802655238856,70.0,35.0,59.00672996236376,59.00672996236376,-2.086404160123611
17.08,17080,3777.267445079056,0.0,23.874006891746205,70.0,35.0,58.93162605255336,58.93162605255336,-2.0862197169552026
17.09,17090,3772.5380617837036,0.0,23.87621105478022,70.0,35.0,58.85652877366445,58.85652877366445,-2.0860355246920412
17.1,17100,3767.809102939582,0.0,23.878415144343364,70.0,35.0,58.78143811666746,58.78143811666746,-2.085851583249796
17.11,17110,3763.0805680118906,0.0,23.88061916043808,70.0,35.0,58.70635407253586,58.70635407253586,-2.0856678925442624
17.12,17120,3758.352456463784,0.0,23.88282310306682,70.0,35.0,58.63127663224618,58.63127663224618,-2.0854844524913614
17.13,17130,3753.624767756511,0.0,23.885026972232026,70.0,35.0,58.55620578677792,58.55620578677792,-2.085301263007139
17.14,17140,3748.8975013495437,0.0,23.887230767936153,70.0,35.0,58.48114152711365,58.48114152711365,-2.0851183240077678
17.15,17150,3744.1706567007027,0.0,23.88943449018165,70.0,35.0,58.406083844238914,58.406083844238914,-2.084935635409545
17.16,17160,3739.44423326627,0.0,23.891638138970958,70.0,35.0,58.33103272914227,58.33103272914227,-2.0847531971288937
17.17,17170,3734.7182305010997,0.0,23.893841714306532,70.0,35.0,58.25598817281531,58.25598817281531,-2.0845710090823615
17.18,17180,3729.992647858716,0.0,23.89604521619082,70.0,35.0,58.180950166252586,58.180950166252586,-2.0843890711866226
17.19,17190,3725.2674847914095,0.0,23.898248644626268,70.0,35.0,58.10591870045168,58.10591870045168,-2.0842073833584744
17.2,17200,3720.5427407503266,0.0,23.900451999615328,70.0,35.0,58.03089376641314,58.03089376641314,-2.08402594551484
17.21,17210,3715.818415185551,0.0,23.902655281160442,70.0,35.0,57.95587535514053,57.95587535514053,-2.0838447575727694
17.22,17220,3711.094507546183,0.0,23.904858489264065,70.0,35.0,57.880863457640345,57.880863457640345,-2.083663819449434
17.23,17230,3706.371017280412,0.0,23.90706162392864,70.0,35.0,57.805858064922106,57.805858064922106,-2.083483131062133
17.24,17240,3701.647943835586,0.0,23.90926468515662,70.0,35.0,57.730859167998275,57.730859167998275,-2.0833026923282874
17.25,17250,3696.9252866582738,0.0,23.91146767295045,70.0,35.0,57.655866757884326,57.655866757884326,-2.0831225031654457
17.26,17260,3692.2030451943283,0.0,23.91367058731257,70.0,35.0,57.58088082559864,57.58088082559864,-2.0829425634912795
17.27,17270,3687.4812188889396,0.0,23.915873428245444,70.0,35.0,57.50590136216259,57.50590136216259,-2.0827628732235848
17.28,17280,3682.75980718669,0.0,23.918076195751503,70.0,35.0,57.4309283586005,57.4309283586005,-2.082583432280282
17.29,17290,3678.0388095316034,0.0,23.920278889833206,70.0,35.0,57.355961805939636,57.355961805939636,-2.0824042405794154
17.3,17300,3673.3182253671903,0.0,23.922481510492997,70.0,35.0,57.28100169521023,57.28100169521023,-2.082225298039155
17.31,17310,3668.5980541364925,0.0,23.92468405773332,70.0,35.0,57.206048017445426,57.206048017445426,-2.0820466045777932
17.32,17320,3663.8782952821243,0.0,23.92688653155663,70.0,35.0,57.13110076368134,57.13110076368134,-2.0818681601137476
17.33,17330,3659.158948246309,0.0,23.929088931965374,70.0,35.0,57.05615992495697,57.05615992495697,-2.0816899645655584
17.34,17340,3654.440012470917,0.0,23.931291258961984,70.0,35.0,56.98122549231431,56.98122549231431,-2.081512017851892
17.35,17350,3649.7214873974963,0.0,23.93349351254892,70.0,35.0,56.906297456798214,56.906297456798214,-2.081334319891536
17.36,17360,3645.003372467307,0.0,23.935695692728633,70.0,35.0,56.831375809456496,56.831375809456496,-2.0811568706034036
17.37,17370,3640.2856671213494,0.0,23.937897799503553,70.0,35.0,56.756460541339855,56.756460541339855,-2.0809796699065304
17.38,17380,3635.5683708003908,0.0,23.940099832876143,70.0,35.0,56.68155164350193,56.68155164350193,-2.080802717720076
17.39,17390,3630.8514829449923,0.0,23.94230179284884,70.0,35.0,56.60664910699926,56.60664910699926,-2.0806260139633244
17.4,17400,3626.1350029955333,0.0,23.944503679424102,70.0,35.0,56.53175292289125,56.53175292289125,-2.0804495585556815
17.41,17410,3621.418930392233,0.0,23.946705492604366,70.0,35.0,56.456863082240254,56.456863082240254,-2.080273351416677
17.42,17420,3616.703264575173,0.0,23.94890723239208,70.0,35.0,56.381979576111476,56.381979576111476,-2.0800973924659645
17.43,17430,3611.988004984315,0.0,23.951108898789688,70.0,35.0,56.30710239557304,56.30710239557304,-2.0799216816233197
17.44,17440,3607.2731510595227,0.0,23.95331049179964,70.0,35.0,56.23223153169592,56.23223153169592,-2.0797462188086424
17.45,17450,3602.558702240576,0.0,23.955512011424382,70.0,35.0,56.15736697555402,56.15736697555402,-2.0795710039419544
17.46,17460,3597.84465796719,0.0,23.95771345766636,70.0,35.0,56.082508718224055,56.082508718224055,-2.079396036943402
17.47,17470,3593.1310176790275,0.0,23.95991483052802,70.0,35.0,56.007656750785664,56.007656750785664,-2.079221317733252
17.48,17480,3588.4177808157156,0.0,23.962116130011808,70.0,35.0,55.932811064321314,55.932811064321314,-2.079046846231896
17.49,17490,3583.704946816858,0.0,23.964317356120173,70.0,35.0,55.85797164991636,55.85797164991636,-2.0788726223598477
17.5,17500,3578.992515122048,0.0,23.96651850885555,70.0,35.0,55.783138498659,55.783138498659,-2.078698646037743
17.51,17510,3574.280485170881,0.0,23.968719588220395,70.0,35.0,55.70831160164029,55.70831160164029,-2.0785249171863405
17.52,17520,3569.5688564029624,0.0,23.970920594217148,70.0,35.0,55.63349094995414,55.63349094995414,-2.0783514357265216
17.53,17530,3564.8576282579215,0.0,23.973121526848267,70.0,35.0,55.558676534697284,55.558676534697284,-2.078178201579289
17.54,17540,3560.1468001754192,0.0,23.975322386116172,70.0,35.0,55.48386834696932,55.48386834696932,-2.0780052146657697
17.55,17550,3555.436371595157,0.0,23.97752317202334,70.0,35.0,55.409066377872655,55.409066377872655,-2.0778324749072112
17.56,17560,3550.7263419568867,0.0,23.97972388457219,70.0,35.0,55.334270618512555,55.334270618512555,-2.0776599822249837
17.57,17570,3546.0167107004163,0.0,23.981924523765176,70.0,35.0,55.25948105999709,55.25948105999709,-2.0774877365405793
17.58,17580,3541.307477265618,0.0,23.984125089604753,70.0,35.0,55.18469769343717,55.18469769343717,-2.0773157377756126
17.59,17590,3536.598641092437,0.0,23.986325582093354,70.0,35.0,55.10992050994651,55.10992050994651,-2.0771439858518193
17.6,17600,3531.890201620895,0.0,23.988526001233428,70.0,35.0,55.03514950064163,55.03514950064163,-2.076972480691057
17.61,17610,3527.182158291097,0.0,23.99072634702742,70.0,35.0,54.960384656641885,54.960384656641885,-2.0768012222153067
17.62,17620,3522.4745105432394,0.0,23.99292661947777,70.0,35.0,54.88562596906941,54.88562596906941,-2.0766302103466687
17.63,17630,3517.767257817611,0.0,23.995126818586932,70.0,35.0,54.810873429049145,54.810873429049145,-2.0764594450073663
17.64,17640,3513.060399554601,0.0,23.997326944357347,70.0,35.0,54.73612702770883,54.73612702770883,-2.0762889261197444
17.65,17650,3508.353935194703,0.0,23.99952699679146,70.0,35.0,54.661386756179006,54.661386756179006,-2.076118653606269
17.66,17660,3503.6478641785175,0.0,24.00172697589171,70.0,35.0,54.58665260559298,54.58665260559298,-2.0759486273895265
17.67,17670,3498.9421859467584,0.0,24.00392688166055,70.0,35.0,54.51192456708686,54.51192456708686,-2.0757788473922263
17.68,17680,3494.2368999402547,0.0,24.006126714100414,70.0,35.0,54.43720263179952,54.43720263179952,-2.0756093135371985
17.69,17690,3489.532005599955,0.0,24.008326473213756,70.0,35.0,54.362486790872616,54.362486790872616,-2.075440025747394
17.7,17700,3484.8275023669303,0.0,24.01052615900302,70.0,35.0,54.28777703545057,54.28777703545057,-2.075270983945884
17.71,17710,3480.1233896823765,0.0,24.01272577147064,70.0,35.0,54.21307335668055,54.21307335668055,-2.0751021880558636
17.72,17720,3475.419666987618,0.0,24.014925310619066,70.0,35.0,54.13837574571253,54.13837574571253,-2.0749336380006445
17.73,17730,3470.7163337241095,0.0,24.017124776450743,70.0,35.0,54.0636841936992,54.0636841936992,-2.074765333703663
17.74,17740,3466.01338933344,0.0,24.01932416896812,70.0,35.0,53.98899869179602,53.98899869179602,-2.074597275088475
17.75,17750,3461.310833257332,0.0,24.021523488173628,70.0,35.0,53.91431923116119,53.91431923116119,-2.074429462078755
17.76,17760,3456.608664937646,0.0,24.02372273406972,70.0,35.0,53.83964580295565,53.83964580295565,-2.0742618945983025
17.77,17770,3451.9068838163826,0.0,24.025921906658837,70.0,35.0,53.76497839834309,53.76497839834309,-2.0740945725710334
17.78,17780,3447.2054893356812,0.0,24.028121005943422,70.0,35.0,53.690317008489934,53.690317008489934,-2.0739274959209855
17.79,17790,3442.5044809378255,0.0,24.03032003192592,70.0,35.0,53.615661624565334,53.615661624565334,-2.073760664572318
17.8,17800,3437.803858065243,0.0,24.032518984608778,70.0,35.0,53.54101223774116,53.54101223774116,-2.073594078449309
17.81,17810,3433.1036201605048,0.0,24.03471786399443,70.0,35.0,53.46636883919201,53.46636883919201,-2.0734277374763583
17.82,17820,3428.4037666663307,0.0,24.03691667008533,70.0,35.0,53.391731420095205,53.391731420095205,-2.073261641577984
17.83,17830,3423.7042970255875,0.0,24.03911540288391,70.0,35.0,53.31709997163076,53.31709997163076,-2.0730957906788263
17.84,17840,3419.0052106812905,0.0,24.041314062392612,70.0,35.0,53.242474484981436,53.242474484981436,-2.072930184703644
17.85,17850,3414.3065070766047,0.0,24.0435126486139,70.0,35.0,53.16785495133265,53.16785495133265,-2.0727648235773155
17.86,17860,3409.6081856548462,0.0,24.045711161550187,70.0,35.0,53.09324136187256,53.09324136187256,-2.072599707224841
17.87,17870,3404.910245859482,0.0,24.04790960120394,70.0,35.0,53.01863370779199,53.01863370779199,-2.0724348355713396
17.88,17880,3400.2126871341316,0.0,24.05010796757759,70.0,35.0,52.94403198028448,52.94403198028448,-2.0722702085420486
17.89,17890,3395.5155089225664,0.0,24.052306260673586,70.0,35.0,52.86943617054624,52.86943617054624,-2.072105826062328
17.9,17900,3390.818710668712,0.0,24.054504480494362,70.0,35.0,52.79484626977616,52.79484626977616,-2.071941688057654
17.91,17910,3386.122291816647,0.0,24.056702627042366,70.0,35.0,52.72026226917583,52.72026226917583,-2.071777794453625
17.92,17920,3381.4262518106043,0.0,24.058900700320038,70.0,35.0,52.6456841599495,52.6456841599495,-2.071614145175958
17.93,17930,3376.7305900949723,0.0,24.061098700329822,70.0,35.0,52.571111933304074,52.571111933304074,-2.071450740150489
17.94,17940,3372.0353061142937,0.0,24.063296627074163,70.0,35.0,52.49654558044916,52.49654558044916,-2.0712875793031733
17.95,17950,3367.3403993132665,0.0,24.0654944805555,70.0,35.0,52.421985092597,52.421985092597,-2.0711246625600856
17.96,17960,3362.645869136744,0.0,24.06769226077627,70.0,35.0,52.34743046096249,52.34743046096249,-2.0709619898474196
17.97,17970,3357.951715029735,0.0,24.069889967738924,70.0,35.0,52.2728816767632,52.2728816767632,-2.0707995610914893
17.98,17980,3353.257936437405,0.0,24.072087601445904,70.0,35.0,52.19833873121932,52.19833873121932,-2.0706373762187256
17.99,17990,3348.564532805074,0.0,24.074285161899642,70.0,35.0,52.12380161555372,52.12380161555372,-2.0704754351556796
18.0,18000,3343.871503578219,0.0,24.07648264910259,70.0,35.0,52.049270320991866,52.049270320991866,-2.070313737829022
18.01,18010,3339.178848202472,0.0,24.078680063057185,70.0,35.0,51.97474483876191,51.97474483876191,-2.07015228416554
18.02,18020,3334.4865661236227,0.0,24.080877403765868,70.0,35.0,51.90022516009459,51.90022516009459,-2.069991074092142
18.03,18030,3329.7946567876147,0.0,24.08307467123108,70.0,35.0,51.8257112762233,51.8257112762233,-2.0698301075358536
18.04,18040,3325.103119640549,0.0,24.085271865455265,70.0,35.0,51.751203178384046,51.751203178384046,-2.0696693844238196
18.05,18050,3320.411954128681,0.0,24.087468986440864,70.0,35.0,51.67670085781545,51.67670085781545,-2.0695089046833024
18.06,18060,3315.7211596984234,0.0,24.089666034190316,70.0,35.0,51.60220430575875,51.60220430575875,-2.069348668241684
18.07,18070,3311.030735796343,0.0,24.091863008706063,70.0,35.0,51.52771351345779,51.52771351345779,-2.069188675026464
18.08,18080,3306.340681869162,0.0,24.094059909990552,70.0,35.0,51.45322847215905,51.45322847215905,-2.0690289249652607
18.09,18090,3301.6509973637585,0.0,24.096256738046208,70.0,35.0,51.37874917311155,51.37874917311155,-2.0688694179858107
18.1,18100,3296.961681727165,0.0,24.098453492875496,70.0,35.0,51.30427560756698,51.30427560756698,-2.0687101540159683
18.11,18110,3292.272734406568,0.0,24.100650174480837,70.0,35.0,51.229807766779565,51.229807766779565,-2.0685511329837065
18.12,18120,3287.5841548493095,0.0,24.102846782864674,70.0,35.0,51.15534564200615,51.15534564200615,-2.068392354817115
18.13,18130,3282.8959425028847,0.0,24.105043318029455,70.0,35.0,51.08088922450615,51.08088922450615,-2.068233819444403
18.14,18140,3278.208096814943,0.0,24.107239779977622,70.0,35.0,51.00643850554157,51.00643850554157,-2.0680755267938973
18.15,18150,3273.520617233287,0.0,24.109436168711603,70.0,35.0,50.93199347637698,50.93199347637698,-2.0679174767940416
18.16,18160,3268.833503205872,0.0,24.11163248423385,70.0,35.0,50.857554128279546,50.857554128279546,-2.067759669373398
18.17,18170,3264.1467541808065,0.0,24.1138287265468,70.0,35.0,50.78312045251896,50.78312045251896,-2.0676021044606467
18.18,18180,3259.460369606351,0.0,24.116024895652895,70.0,35.0,50.708692440367514,50.708692440367514,-2.0674447819845847
18.19,18190,3254.7743489309178,0.0,24.118220991554576,70.0,35.0,50.63427008310004,50.63427008310004,-2.0672877018741262
18.2,18200,3250.088691603071,0.0,24.120417014254276,70.0,35.0,50.559853371993945,50.559853371993945,-2.067130864058304
18.21,18210,3245.403397071525,0.0,24.12261296375444,70.0,35.0,50.48544229832916,50.48544229832916,-2.066974268466268
18.22,18220,3240.7184647851454,0.0,24.124808840057504,70.0,35.0,50.41103685338818,50.41103685338818,-2.066817915027285
18.23,18230,3236.033894192948,0.0,24.12700464316591,70.0,35.0,50.33663702845604,50.33663702845604,-2.0666618036707383
18.24,18240,3231.3496847440974,0.0,24.129200373082107,70.0,35.0,50.2622428148203,50.2622428148203,-2.066505934326131
18.25,18250,3226.6658358879076,0.0,24.13139602980852,70.0,35.0,50.18785420377106,50.18785420377106,-2.06635030692308
18.26,18260,3221.9823470738415,0.0,24.133591613347598,70.0,35.0,50.113471186600975,50.113471186600975,-2.066194921391322
18.27,18270,3217.29921775151,0.0,24.13578712370178,70.0,35.0,50.03909375460518,50.03909375460518,-2.066039777660709
18.28,18280,3212.6164473706704,0.0,24.1379825608735,70.0,35.0,49.96472189908138,49.96472189908138,-2.0658848756612107
18.29,18290,3207.9340353812286,0.0,24.1401779248652,70.0,35.0,49.89035561132976,49.89035561132976,-2.0657302153229136
18.3,18300,3203.2519812332357,0.0,24.14237321567932,70.0,35.0,49.815994882653015,49.815994882653015,-2.06557579657602
18.31,18310,3198.5702843768886,0.0,24.144568433318298,70.0,35.0,49.74163970435639,49.74163970435639,-2.065421619350851
18.32,18320,3193.8889442625295,0.0,24.146763577784576,70.0,35.0,49.66729006774759,49.66729006774759,-2.065267683577841
18.33,18330,3189.2079603406455,0.0,24.14895864908059,70.0,35.0,49.59294596413684,49.59294596413684,-2.065113989187545
18.34,18340,3184.5273320618667,0.0,24.15115364720878,70.0,35.0,49.518607384836855,49.518607384836855,-2.0649605361106316
18.35,18350,3179.8470588769674,0.0,24.153348572171595,70.0,35.0,49.44427432116285,49.44427432116285,-2.0648073242778864
18.36,18360,3175.1671402368634,0.0,24.155543423971455,70.0,35.0,49.36994676443253,49.36994676443253,-2.0646543536202127
18.37,18370,3170.487575592613,0.0,24.15773820261081,70.0,35.0,49.295624705966056,49.295624705966056,-2.0645016240686282
18.38,18380,3165.808364395416,0.0,24.159932908092088,70.0,35.0,49.2213081370861,49.2213081370861,-2.0643491355542682
18.39,18390,3161.1295060966113,0.0,24.162127540417746,70.0,35.0,49.1469970491178,49.1469970491178,-2.0641968880083836
18.4,18400,3156.4510001476788,0.0,24.16432209959021,70.0,35.0,49.072691433388755,49.072691433388755,-2.0640448813623413
18.41,18410,3151.772846000237,0.0,24.16651658561192,70.0,35.0,48.99839128122904,48.99839128122904,-2.063893115547625
18.42,18420,3147.095043106043,0.0,24.168710998485313,70.0,35.0,48.92409658397119,48.92409658397119,-2.063741590495833
18.43,18430,3142.4175909169894,0.0,24.170905338212833,70.0,35.0,48.8498073329502,48.8498073329502,-2.063590306138681
18.44,18440,3137.740488885108,0.0,24.173099604796914,70.0,35.0,48.77552351950351,48.77552351950351,-2.063439262408
18.45,18450,3133.0637364625645,0.0,24.17529379824,70.0,35.0,48.701245134971025,48.701245134971025,-2.063288459235736
18.46,18460,3128.387333101661,0.0,24.177487918544514,70.0,35.0,48.62697217069508,48.62697217069508,-2.0631378965539517
18.47,18470,3123.711278254833,0.0,24.179681965712902,70.0,35.0,48.55270461802047,48.55270461802047,-2.062987574294825
18.48,18480,3119.035571374649,0.0,24.181875939747606,70.0,35.0,48.4784424682944,48.4784424682944,-2.0628374923906496
18.49,18490,3114.3602119138104,0.0,24.184069840651066,70.0,35.0,48.40418571286655,48.40418571286655,-2.062687650773834
18.5,18500,3109.6851993251503,0.0,24.18626366842571,70.0,35.0,48.32993434308898,48.32993434308898,-2.0625380493769034
18.51,18510,3105.0105330616316,0.0,24.188457423073984,70.0,35.0,48.25568835031621,48.25568835031621,-2.062388688132497
18.52,18520,3100.3362125763474,0.0,24.190651104598317,70.0,35.0,48.18144772590517,48.18144772590517,-2.062239566973371
18.53,18530,3095.6622373225196,0.0,24.192844713001158,70.0,35.0,48.107212461215205,48.107212461215205,-2.0620906858323944
18.54,18540,3090.9886067534976,0.0,24.19503824828493,70.0,35.0,48.03298254760807,48.03298254760807,-2.0619420446425543
18.55,18550,3086.315320322757,0.0,24.197231710452087,70.0,35.0,47.95875797644794,47.95875797644794,-2.0617936433369497
18.56,18560,3081.6423774839004,0.0,24.199425099505042,70.0,35.0,47.88453873910139,47.88453873910139,-2.061645481848798
18.57,18570,3076.9697776906537,0.0,24.201618415446262,70.0,35.0,47.810324826937375,47.810324826937375,-2.0614975601114294
18.58,18580,3072.2975203968667,0.0,24.203811658278163,70.0,35.0,47.73611623132728,47.73611623132728,-2.0613498780582895
18.59,18590,3067.6256050565125,0.0,24.206004828003188,70.0,35.0,47.66191294364485,47.66191294364485,-2.061202435622939
18.6,18600,3062.954031123685,0.0,24.20819792462378,70.0,35.0,47.58771495526625,47.58771495526625,-2.0610552327390526
18.61,18610,3058.2827980525985,0.0,24.21039094814236,70.0,35.0,47.51352225756999,47.51352225756999,-2.0609082693404215
18.62,18620,3053.6119052975864,0.0,24.21258389856138,70.0,35.0,47.439334841937,47.439334841937,-2.060761545360949
18.63,18630,3048.9413523131,0.0,24.214776775883266,70.0,35.0,47.36515269975055,47.36515269975055,-2.060615060734656
18.64,18640,3044.2711385537077,0.0,24.21696958011046,70.0,35.0,47.290975822396305,47.290975822396305,-2.060468815395675
18.65,18650,3039.601263474093,0.0,24.219162311245405,70.0,35.0,47.216804201262285,47.216804201262285,-2.0603228092782553
18.66,18660,3034.931726529054,0.0,24.22135496929053,70.0,35.0,47.14263782773888,47.14263782773888,-2.0601770423167594
18.67,18670,3030.262527173501,0.0,24.223547554248263,70.0,35.0,47.068476693218834,47.068476693218834,-2.0600315144456642
18.68,18680,3025.593664862458,0.0,24.225740066121055,70.0,35.0,46.99432078909725,46.99432078909725,-2.0598862255995614
18.69,18690,3020.925139051057,0.0,24.227932504911333,70.0,35.0,46.92017010677157,46.92017010677157,-2.059741175713156
18.7,18700,3016.256949194541,0.0,24.230124870621538,70.0,35.0,46.84602463764161,46.84602463764161,-2.0595963647212683
18.71,18710,3011.589094748259,0.0,24.232317163254105,70.0,35.0,46.77188437310949,46.77188437310949,-2.059451792558832
18.72,18720,3006.921575167667,0.0,24.234509382811467,70.0,35.0,46.6977493045797,46.6977493045797,-2.0593074591608955
18.73,18730,3002.254389908326,0.0,24.236701529296067,70.0,35.0,46.62361942345905,46.62361942345905,-2.05916336446262
18.74,18740,2997.5875384258998,0.0,24.238893602710327,70.0,35.0,46.54949472115668,46.54949472115668,-2.059019508399281
18.75,18750,2992.921020176154,0.0,24.241085603056693,70.0,35.0,46.475375189084055,46.475375189084055,-2.058875890906269
18.76,18760,2988.2548346149542,0.0,24.2432775303376,70.0,35.0,46.40126081865497,46.40126081865497,-2.058732511919087
18.77,18770,2983.5889811982656,0.0,24.245469384555484,70.0,35.0,46.32715160128553,46.32715160128553,-2.0585893713733525
18.78,18780,2978.9234593821493,0.0,24.247661165712778,70.0,35.0,46.253047528394156,46.253047528394156,-2.0584464692047955
18.79,18790,2974.258268622762,0.0,24.249852873811918,70.0,35.0,46.17894859140158,46.17894859140158,-2.0583038053492606
18.8,18800,2969.593408376354,0.0,24.252044508855338,70.0,35.0,46.10485478173084,46.10485478173084,-2.058161379742706
18.81,18810,2964.928878099268,0.0,24.254236070845465,70.0,35.0,46.03076609080728,46.03076609080728,-2.058019192321203
18.82,18820,2960.264677247936,0.0,24.256427559784758,70.0,35.0,45.95668251005853,45.95668251005853,-2.057877243020936
18.83,18830,2955.6008052788793,0.0,24.25861897567563,70.0,35.0,45.882604030914514,45.882604030914514,-2.057735531778204
18.84,18840,2950.9372616487053,0.0,24.26081031852052,70.0,35.0,45.808530644807455,45.808530644807455,-2.0575940585294172
18.85,18850,2946.2740458141056,0.0,24.263001588321874,70.0,35.0,45.734462343171856,45.734462343171856,-2.057452823211101
18.86,18860,2941.611157231855,0.0,24.265192785082114,70.0,35.0,45.660399117444506,45.660399117444506,-2.0573118257598937
18.87,18870,2936.948595358809,0.0,24.26738390880368,70.0,35.0,45.58634095906445,45.58634095906445,-2.0571710661125455
18.88,18880,2932.2863596519014,0.0,24.269574959489006,70.0,35.0,45.51228785947304,45.51228785947304,-2.0570305442059196
18.89,18890,2927.6244495681426,0.0,24.27176593714053,70.0,35.0,45.43823981011387,45.43823981011387,-2.0568902599769947
18.9,18900,2922.9628645646176,0.0,24.273956841760675,70.0,35.0,45.36419680243281,45.36419680243281,-2.0567502133628595
18.91,18910,2918.301604098484,0.0,24.27614767335188,70.0,35.0,45.29015882787798,45.29015882787798,-2.056610404300717
18.92,18920,2913.640667626969,0.0,24.278338431916595,70.0,35.0,45.21612587789978,45.21612587789978,-2.056470832727883
18.93,18930,2908.9800546073684,0.0,24.280529117457235,70.0,35.0,45.14209794395084,45.14209794395084,-2.0563314985817853
18.94,18940,2904.3197644970423,0.0,24.282719729976243,70.0,35.0,45.06807501748604,45.06807501748604,-2.056192401799965
18.95,18950,2899.6597967534153,0.0,24.284910269476043,70.0,35.0,44.99405708996252,44.99405708996252,-2.056053542320076
18.96,18960,2895.000150833972,0.0,24.28710073595909,70.0,35.0,44.92004415283964,44.92004415283964,-2.0559149200798834
18.97,18970,2890.340826196255,0.0,24.289291129427795,70.0,35.0,44.84603619757902,44.84603619757902,-2.055776535017267
18.98,18980,2885.681822297863,0.0,24.291481449884607,70.0,35.0,44.77203321564449,44.77203321564449,-2.0556383870702173
18.99,18990,2881.023138596448,0.0,24.293671697331952,70.0,35.0,44.698035198502126,44.698035198502126,-2.055500476176838
19.0,19000,2876.364774549712,0.0,24.295861871772264,70.0,35.0,44.624042137620215,44.624042137620215,-2.055362802275344
19.01,19010,2871.7067296154046,0.0,24.298051973207976,70.0,35.0,44.55005402446927,44.55005402446927,-2.0552253653040644
19.02,19020,2867.049003251321,0.0,24.30024200164153,70.0,35.0,44.47607085052202,44.47607085052202,-2.055088165201439
19.03,19030,2862.3915949152984,0.0,24.302431957075342,70.0,35.0,44.4020926072534,44.4020926072534,-2.0549512019060208
19.04,19040,2857.734504065212,0.0,24.304621839511867,70.0,35.0,44.32811928614057,44.32811928614057,-2.0548144753564728
19.05,19050,2853.0777301589746,0.0,24.306811648953516,70.0,35.0,44.25415087866287,44.25415087866287,-2.0546779854915727
19.06,19060,2848.421272654531,0.0,24.309001385402745,70.0,35.0,44.18018737630186,44.18018737630186,-2.054541732250208
19.07,19070,2843.765131009857,0.0,24.31119104886197,70.0,35.0,44.10622877054129,44.10622877054129,-2.05440571557138
19.08,19080,2839.1093046829546,0.0,24.31338063933363,70.0,35.0,44.0322750528671,44.0322750528671,-2.0542699353942004
19.09,19090,2834.4537931318487,0.0,24.315570156820158,70.0,35.0,43.95832621476742,43.95832621476742,-2.054134391657893
19.1,19100,2829.7985958145855,0.0,24.317759601323985,70.0,35.0,43.88438224773255,43.88438224773255,-2.053999084301794
19.11,19110,2825.1437121892272,0.0,24.319948972847545,70.0,35.0,43.810443143255,43.810443143255,-2.0538640132653505
19.12,19120,2820.489141713849,0.0,24.32213827139328,70.0,35.0,43.73650889282943,43.73650889282943,-2.0537291784881218
19.13,19130,2815.8348838465363,0.0,24.3243274969636,70.0,35.0,43.66257948795267,43.66257948795267,-2.053594579909778
19.14,19140,2811.1809380453797,0.0,24.326516649560954,70.0,35.0,43.58865492012375,43.58865492012375,-2.053460217470101
19.15,19150,2806.527303768472,0.0,24.328705729187774,70.0,35.0,43.51473518084382,43.51473518084382,-2.053326091108985
19.16,19160,2801.8739804739043,0.0,24.330894735846485,70.0,35.0,43.44082026161623,43.44082026161623,-2.0531922007664347
19.17,19170,2797.220967619762,0.0,24.333083669539526,70.0,35.0,43.366910153946456,43.366910153946456,-2.0530585463825655
19.18,19180,2792.5682646641208,0.0,24.33527253026933,70.0,35.0,43.29300484934215,43.29300484934215,-2.052925127897606
19.19,19190,2787.9158710650418,0.0,24.337461318038322,70.0,35.0,43.21910433931308,43.21910433931308,-2.052791945251894
19.2,19200,2783.263786280568,0.0,24.339650032848937,70.0,35.0,43.14520861537118,43.14520861537118,-2.0526589983858803
19.21,19210,2778.6120097687203,0.0,24.34183867470361,70.0,35.0,43.07131766903054,43.07131766903054,-2.052526287240125
19.22,19220,2773.960540987492,0.0,24.344027243604767,70.0,35.0,42.997431491807355,42.997431491807355,-2.0523938117553002
19.23,19230,2769.3093793948456,0.0,24.346215739554843,70.0,35.0,42.92355007521995,42.92355007521995,-2.0522615718721893
19.24,19240,2764.6585244487055,0.0,24.34840416255627,70.0,35.0,42.84967341078881,42.84967341078881,-2.0521295675316855
19.25,19250,2760.0079756069567,0.0,24.350592512611485,70.0,35.0,42.775801490036514,42.775801490036514,-2.0519977986747944
19.26,19260,2755.357732327437,0.0,24.35278078972291,70.0,35.0,42.701934304487786,42.701934304487786,-2.0518662652426305
19.27,19270,2750.7077940679337,0.0,24.35496899389298,70.0,35.0,42.62807184566943,42.62807184566943,-2.0517349671764213
19.28,19280,2746.0581602861776,0.0,24.35715712512413,70.0,35.0,42.554214105110404,42.554214105110404,-2.051603904417503
19.29,19290,2741.4088304398374,0.0,24.359345183418778,70.0,35.0,42.48036107434174,42.48036107434174,-2.0514730769073237
19.3,19300,2736.759803986516,0.0,24.361533168779378,70.0,35.0,42.40651274489659,42.40651274489659,-2.0513424845874413
19.31,19310,2732.111080383743,0.0,24.363721081208336,70.0,35.0,42.332669108310206,42.332669108310206,-2.0512121273995243
19.32,19320,2727.4626590889693,0.0,24.365908920708105,70.0,35.0,42.25883015611993,42.25883015611993,-2.051082005285353
19.33,19330,2722.8145395595634,0.0,24.368096687281103,70.0,35.0,42.184995879865205,42.184995879865205,-2.0509521181868164
19.34,19340,2718.1667212528027,0.0,24.370284380929768,70.0,35.0,42.111166271087555,42.111166271087555,-2.0508224660459144
19.35,19350,2713.519203625868,0.0,24.37247200165652,70.0,35.0,42.03734132133059,42.03734132133059,-2.050693048804758
19.36,19360,2708.8719861358395,0.0,24.3746595494638,70.0,35.0,41.963521022139986,41.963521022139986,-2.050563866405567
19.37,19370,2704.225068239687,0.0,24.376847024354028,70.0,35.0,41.88970536506353,41.88970536506353,-2.050434918790673
19.38,19380,2699.5784493942656,0.0,24.379034426329653,70.0,35.0,41.81589434165104,41.81589434165104,-2.050306205902516
19.39,19390,2694.9321290563084,0.0,24.381221755393085,70.0,35.0,41.74208794345443,41.74208794345443,-2.050177727683648
19.4,19400,2690.28610668242,0.0,24.38340901154677,70.0,35.0,41.66828616202766,41.66828616202766,-2.0500494840767294
19.41,19410,2685.6403817290684,0.0,24.385596194793127,70.0,35.0,41.594488988926784,41.594488988926784,-2.0499214750245316
19.42,19420,2680.9949536525787,0.0,24.38778330513459,70.0,35.0,41.52069641570987,41.52069641570987,-2.049793700469935
19.43,19430,2676.3498219091257,0.0,24.389970342573598,70.0,35.0,41.446908433937054,41.446908433937054,-2.0496661603559314
19.44,19440,2671.704985954726,0.0,24.39215730711257,70.0,35.0,41.37312503517053,41.37312503517053,-2.049538854625621
19.45,19450,2667.06044524523,0.0,24.39434419875393,70.0,35.0,41.299346210974534,41.299346210974534,-2.049411783222214
19.46,19460,2662.416199236314,0.0,24.396531017500124,70.0,35.0,41.22557195291533,41.22557195291533,-2.0492849460890303
19.47,19470,2657.772247383473,0.0,24.398717763353574,70.0,35.0,41.151802252561225,41.151802252561225,-2.0491583431695006
19.48,19480,2653.1285891420107,0.0,24.40090443631671,70.0,35.0,41.078037101482565,41.078037101482565,-2.0490319744071632
19.49,19490,2648.4852239670336,0.0,24.403091036391963,70.0,35.0,41.00427649125172,41.00427649125172,-2.0489058397456676
19.5,19500,2643.8421513134385,0.0,24.40527756358176,70.0,35.0,40.930520413443084,40.930520413443084,-2.048779939128772
19.51,19510,2639.1993706359067,0.0,24.407464017888536,70.0,35.0,40.85676885963307,40.85676885963307,-2.0486542725003445
19.52,19520,2634.5568813888935,0.0,24.409650399314714,70.0,35.0,40.78302182140011,40.78302182140011,-2.048528839804362
19.53,19530,2629.914683026619,0.0,24.41183670786272,70.0,35.0,40.70927929032466,40.70927929032466,-2.0484036409849113
19.54,19540,2625.2727750030585,0.0,24.414022943535,70.0,35.0,40.63554125798915,40.63554125798915,-2.048278675986188
19.55,19550,2620.631156771932,0.0,24.416209106333966,70.0,35.0,40.56180771597806,40.56180771597806,-2.0481539447524972
19.56,19560,2615.989827786696,0.0,24.41839519626205,70.0,35.0,40.48807865587785,40.48807865587785,-2.048029447228253
19.57,19570,2611.3487875005294,0.0,24.42058121332169,70.0,35.0,40.41435406927696,40.41435406927696,-2.0479051833579787
19.58,19580,2606.7080353663273,0.0,24.422767157515306,70.0,35.0,40.34063394776585,40.34063394776585,-2.047781153086307
19.59,19590,2602.0675708366875,0.0,24.42495302884533,70.0,35.0,40.26691828293697,40.26691828293697,-2.0476573563579787
19.6,19600,2597.4273933638997,0.0,24.42713882731419,70.0,35.0,40.19320706638472,40.19320706638472,-2.047533793117845
19.61,19610,2592.787502399934,0.0,24.429324552924317,70.0,35.0,40.11950028970553,40.11950028970553,-2.0474104633108645
19.62,19620,2588.1478973964304,0.0,24.43151020567814,70.0,35.0,40.04579794449778,40.04579794449778,-2.0472873668821054
19.63,19630,2583.5085778046855,0.0,24.433695785578085,70.0,35.0,39.972100022361815,39.972100022361815,-2.0471645037767443
19.64,19640,2578.8695430756406,0.0,24.435881292626576,70.0,35.0,39.898406514899975,39.898406514899975,-2.047041873940068
19.65,19650,2574.230792659869,0.0,24.438066726826047,70.0,35.0,39.82471741371655,39.82471741371655,-2.046919477317469
19.66,19660,2569.592326007564,0.0,24.440252088178926,70.0,35.0,39.75103271041779,39.75103271041779,-2.046797313854452
19.67,19670,2564.9541425685247,0.0,24.442437376687643,70.0,35.0,39.67735239661191,39.67735239661191,-2.046675383496628
19.68,19680,2560.3162417921426,0.0,24.44462259235463,70.0,35.0,39.60367646390908,39.60367646390908,-2.0465536861897164
19.69,19690,2555.6786231273886,0.0,24.4468077351823,70.0,35.0,39.530004903921416,39.530004903921416,-2.046432221879547
19.7,19700,2551.041286022798,0.0,24.44899280517309,70.0,35.0,39.45633770826298,39.45633770826298,-2.0463109905120556
19.71,19710,2546.4042299264565,0.0,24.45117780232943,70.0,35.0,39.38267486854978,39.38267486854978,-2.0461899920332884
19.72,19720,2541.767454285985,0.0,24.453362726653744,70.0,35.0,39.30901637639976,39.30901637639976,-2.0460692263893994
19.73,19730,2537.1309585485246,0.0,24.455547578148465,70.0,35.0,39.2353622234328,39.2353622234328,-2.0459486935266495
19.74,19740,2532.4947421607208,0.0,24.457732356816013,70.0,35.0,39.16171240127071,39.16171240127071,-2.04582839339141
19.75,19750,2527.8588045687075,0.0,24.459917062658818,70.0,35.0,39.088066901537225,39.088066901537225,-2.0457083259301587
19.76,19760,2523.2231452180918,0.0,24.46210169567931,70.0,35.0,39.014425715858,39.014425715858,-2.0455884910894824
19.77,19770,2518.587763553935,0.0,24.464286255879916,70.0,35.0,38.94078883586062,38.94078883586062,-2.045468888816076
19.78,19780,2513.952659020738,0.0,24.466470743263063,70.0,35.0,38.86715625317458,38.86715625317458,-2.045349519056742
19.79,19790,2509.3178310624216,0.0,24.468655157831172,70.0,35.0,38.79352795943128,38.79352795943128,-2.0452303817583903
19.8,19800,2504.6832791223105,0.0,24.47083949958668,70.0,35.0,38.719903946264026,38.719903946264026,-2.0451114768680405
19.81,19810,2500.0490026431125,0.0,24.47302376853201,70.0,35.0,38.64628420530804,38.64628420530804,-2.0449928043328187
19.82,19820,2495.4150010669023,0.0,24.47520796466959,70.0,35.0,38.57266872820044,38.57266872820044,-2.044874364099959
19.83,19830,2490.7812738351,0.0,24.477392088001842,70.0,35.0,38.499057506580236,38.499057506580236,-2.0447561561168035
19.84,19840,2486.1478203884526,0.0,24.479576138531197,70.0,35.0,38.42545053208833,38.42545053208833,-2.044638180330802
19.85,19850,2481.5146401670136,0.0,24.481760116260077,70.0,35.0,38.3518477963675,38.3518477963675,-2.044520436689512
19.86,19860,2476.8817326101216,0.0,24.483944021190922,70.0,35.0,38.278249291062444,38.278249291062444,-2.044402925140598
19.87,19870,2472.2490971563807,0.0,24.48612785332614,70.0,35.0,38.204655007819696,38.204655007819696,-2.0442856456318332
19.88,19880,2467.616733243636,0.0,24.488311612668177,70.0,35.0,38.13106493828769,38.13106493828769,-2.0441685981110975
19.89,19890,2462.984640308955,0.0,24.49049529921944,70.0,35.0,38.05747907411674,38.05747907411674,-2.044051782526379
19.9,19900,2458.352817788601,0.0,24.49267891298237,70.0,35.0,37.98389740695902,37.98389740695902,-2.043935198825772
19.91,19910,2453.7212651180125,0.0,24.494862453959385,70.0,35.0,37.910319928468546,37.910319928468546,-2.0438188469574796
19.92,19920,2449.0899817317786,0.0,24.497045922152918,70.0,35.0,37.836746630301235,37.836746630301235,-2.0437027268698107
19.93,19930,2444.458967063614,0.0,24.49922931756538,70.0,35.0,37.76317750411483,37.76317750411483,-2.043586838511183
19.94,19940,2439.8282205463356,0.0,24.50141264019922,70.0,35.0,37.68961254156894,37.68961254156894,-2.0434711818301206
19.95,19950,2435.197741611834,0.0,24.503595890056847,70.0,35.0,37.61605173432503,37.61605173432503,-2.043355756775255
19.96,19960,2430.56752969105,0.0,24.50577906714069,70.0,35.0,37.54249507404641,37.54249507404641,-2.043240563295324
19.97,19970,2425.937584213947,0.0,24.50796217145318,70.0,35.0,37.46894255239819,37.46894255239819,-2.0431256013391748
19.98,19980,2421.3079046094826,0.0,24.510145202996735,70.0,35.0,37.395394161047385,37.395394161047385,-2.0430108708557584
19.99,19990,2416.6784903055823,0.0,24.512328161773787,70.0,35.0,37.321849891662794,37.321849891662794,-2.0428963717941353
20.0,20000,2412.0493407291083,0.0,24.514511047786755,70.0,35.0,37.24830973591507,37.24830973591507,-2.0427821041034724
20.01,20010,2407.420455305832,0.0,24.51669386103808,70.0,35.0,37.17477368547668,37.17477368547668,-2.042668067733042
20.02,20020,2402.7918334604037,0.0,24.51887660153016,70.0,35.0,37.101241732021926,37.101241732021926,-2.0425542626322257
20.03,20030,2398.16347461632,0.0,24.52105926926545,70.0,35.0,37.02771386722691,37.02771386722691,-2.04244068875051
20.04,20040,2393.5353781958947,0.0,24.52324186424635,70.0,35.0,36.95419008276955,36.95419008276955,-2.0423273460374887
20.05,20050,2388.907543620225,0.0,24.525424386475308,70.0,35.0,36.88067037032961,36.88067037032961,-2.0422142344428624
20.06,20060,2384.279970309158,0.0,24.52760683595473,70.0,35.0,36.80715472158862,36.80715472158862,-2.0421013539164385
20.07,20070,2379.652657681259,0.0,24.529789212687053,70.0,35.0,36.73364312822993,36.73364312822993,-2.0419887044081304
20.08,20080,2375.025605153773,0.0,24.531971516674695,70.0,35.0,36.66013558193868,36.66013558193868,-2.0418762858679584
20.09,20090,2370.398812142594,0.0,24.534153747920087,70.0,35.0,36.58663207440183,36.58663207440183,-2.04176409824605
20.1,20100,2365.7722780622253,0.0,24.53633590642564,70.0,35.0,36.51313259730809,36.51313259730809,-2.041652141492638
20.11,20110,2361.146002325743,0.0,24.538517992193796,70.0,35.0,36.439637142348005,36.439637142348005,-2.0415404155580625
20.12,20120,2356.51998434476,0.0,24.540700005226967,70.0,35.0,36.36614570121387,36.36614570121387,-2.0414289203927685
20.13,20130,2351.894223529384,0.0,24.542881945527586,70.0,35.0,36.29265826559976,36.29265826559976,-2.0413176559473096
20.14,20140,2347.26871928818,0.0,24.54506381309808,70.0,35.0,36.21917482720156,36.21917482720156,-2.041206622172344
20.15,20150,2342.643471028129,0.0,24.54724560794086,70.0,35.0,36.14569537771689,36.14569537771689,-2.041095819018637
20.16,20160,2338.0184781545872,0.0,24.549427330058354,70.0,35.0,36.072219908845156,36.072219908845156,-2.040985246437059
20.17,20170,2333.393740071241,0.0,24.551608979452993,70.0,35.0,35.99874841228753,35.99874841228753,-2.0408749043785868
20.18,20180,2328.769256180066,0.0,24.553790556127197,70.0,35.0,35.925280879746936,35.925280879746936,-2.0407647927943047
20.19,20190,2324.145025881281,0.0,24.55597206008339,70.0,35.0,35.85181730292806,35.85181730292806,-2.040654911635402
20.2,20200,2319.521048573304,0.0,24.558153491324,70.0,35.0,35.77835767353734,35.77835767353734,-2.040545260853173
20.21,20210,2314.8973236527036,0.0,24.560334849851444,70.0,35.0,35.70490198328298,35.70490198328298,-2.0404358403990197
20.22,20220,2310.2738505141524,0.0,24.56251613566815,70.0,35.0,35.6314502238749,35.6314502238749,-2.040326650224449
20.23,20230,2305.6506285503788,0.0,24.564697348776544,70.0,35.0,35.55800238702478,35.55800238702478,-2.040217690281074
20.24,20240,2301.0276571521154,0.0,24.56687848917904,70.0,35.0,35.48455846444604,35.48455846444604,-2.0401089605206133
20.25,20250,2296.4049357080494,0.0,24.569059556878074,70.0,35.0,35.41111844785382,35.41111844785382,-2.0400004608948916
20.26,20260,2291.7824636047703,0.0,24.57124055187606,70.0,35.0,35.33768232896501,35.33768232896501,-2.039892191355839
20.27,20270,2287.1602402267167,0.0,24.57342147417542,70.0,35.0,35.26425009949821,35.26425009949821,-2.0397841518554922
20.28,20280,2282.5382649561207,0.0,24.57560232377859,70.0,35.0,35.19082175117376,35.19082175117376,-2.039676342345991
20.29,20290,2277.916537172953,0.0,24.57778310068798,70.0,35.0,35.1173972757137,35.1173972757137,-2.0395687627795844
20.3,20300,2273.2950562548663,0.0,24.579963804906015,70.0,35.0,35.043976664841786,35.043976664841786,-2.0394614131086244
20.31,20310,2268.6738215771356,0.0,24.582144436435126,70.0,35.0,34.9705599102835,34.9705599102835,-2.0393542932855686
20.32,20320,2264.0528325126,0.0,24.584324995277726,70.0,35.0,34.89714700376604,34.89714700376604,-2.0392474032629813
20.33,20330,2259.432088431601,0.0,24.586505481436248,70.0,35.0,34.823737937018265,34.823737937018265,-2.039140742993531
20.34,20340,2254.811588701921,0.0,24.58868589491311,70.0,35.0,34.75033270177079,34.75033270177079,-2.039034312429992
20.35,20350,2250.1913326887184,0.0,24.590866235710727,70.0,35.0,34.676931289755885,34.676931289755885,-2.038928111525245
20.36,20360,2245.571319754463,0.0,24.59304650383153,70.0,35.0,34.60353369270752,34.60353369270752,-2.0388221402322735
20.37,20370,2240.9515492588694,0.0,24.595226699277944,70.0,35.0,34.53013990236137,34.53013990236137,-2.0387163985041683
20.38,20380,2236.33202055883,0.0,24.597406822052385,70.0,35.0,34.45674991045478,34.45674991045478,-2.0386108862941246
20.39,20390,2231.7127330083454,0.0,24.599586872157282,70.0,35.0,34.38336370872678,34.38336370872678,-2.038505603555443
20.4,20400,2227.093685958451,0.0,24.60176684959505,70.0,35.0,34.309981288918095,34.309981288918095,-2.038400550241529
20.41,20410,2222.4748787571466,0.0,24.603946754368117,70.0,35.0,34.236602642771075,34.236602642771075,-2.038295726305893
20.42,20420,2217.8563107493223,0.0,24.6061265864789,70.0,35.0,34.1632277620298,34.1632277620298,-2.0381911317021504
20.43,20430,2213.2379812766817,0.0,24.608306345929826,70.0,35.0,34.08985663843997,34.08985663843997,-2.038086766384022
20.44,20440,2208.6198896776655,0.0,24.610486032723315,70.0,35.0,34.01648926374898,34.01648926374898,-2.037982630305333
20.45,20450,2204.0020352873707,0.0,24.612665646861785,70.0,35.0,33.94312562970586,33.94312562970586,-2.0378787234200146
20.46,20460,2199.384417437472,0.0,24.614845188347658,70.0,35.0,33.8697657280613,33.8697657280613,-2.0377750456821
20.47,20470,2194.767035456138,0.0,24.617024657183364,70.0,35.0,33.79640955056766,33.79640955056766,-2.037671597045731
20.48,20480,2190.1498886679456,0.0,24.619204053371323,70.0,35.0,33.72305708897891,33.72305708897891,-2.0375683774651514
20.49,20490,2185.532976393797,0.0,24.621383376913954,70.0,35.0,33.649708335050704,33.649708335050704,-2.0374653868947106
20.5,20500,2180.916297950829,0.0,24.623562627813673,70.0,35.0,33.576363280540306,33.576363280540306,-2.0373626252888624
20.51,20510,2176.2998526523247,0.0,24.625741806072906,70.0,35.0,33.503021917206624,33.503021917206624,-2.037260092602166
20.52,20520,2171.68363980762,0.0,24.627920911694076,70.0,35.0,33.42968423681021,33.42968423681021,-2.0371577887892833
20.53,20530,2167.067658722011,0.0,24.6300999446796,70.0,35.0,33.35635023111323,33.35635023111323,-2.0370557138049827
20.54,20540,2162.451908696659,0.0,24.632278905031903,70.0,35.0,33.28301989187948,33.28301989187948,-2.036953867604137
20.55,20550,2157.8363890284913,0.0,24.634457792753402,70.0,35.0,33.209693210874384,33.209693210874384,-2.0368522501417217
20.56,20560,2153.2210990101025,0.0,24.636636607846523,70.0,35.0,33.13637017986496,33.13637017986496,-2.0367508613728185
20.57,20570,2148.606037929652,0.0,24.638815350313692,70.0,35.0,33.06305079061987,33.06305079061987,-2.036649701252612
20.58,20580,2143.9912050707594,0.0,24.640994020157315,70.0,35.0,32.98973503490936,32.98973503490936,-2.036548769736392
20.59,20590,2139.3765997124005,0.0,24.643172617379815,70.0,35.0,32.916422904505296,32.916422904505296,-2.0364480667795535
20.6,20600,2134.762221128797,0.0,24.645351141983628,70.0,35.0,32.843114391181146,32.843114391181146,-2.0363475923375933
20.61,20610,2130.148068589306,0.0,24.647529593971157,70.0,35.0,32.769809486711964,32.769809486711964,-2.0362473463661144
20.62,20620,2125.5341413583083,0.0,24.64970797334484,70.0,35.0,32.69650818287442,32.69650818287442,-2.0361473288208223
20.63,20630,2120.9204386950923,0.0,24.651886280107078,70.0,35.0,32.62321047144674,32.62321047144674,-2.036047539657529
20.64,20640,2116.3069598537363,0.0,24.654064514260302,70.0,35.0,32.54991634420878,32.54991634420878,-2.0359479788321475
20.65,20650,2111.69370408299,0.0,24.65624267580693,70.0,35.0,32.47662579294196,32.47662579294196,-2.0358486463006975
20.66,20660,2107.0806706261496,0.0,24.65842076474939,70.0,35.0,32.403338809429265,32.403338809429265,-2.035749542019301
20.67,20670,2102.4678587209364,0.0,24.660598781090087,70.0,35.0,32.330055385455275,32.330055385455275,-2.035650665944185
20.68,20680,2097.855267599366,0.0,24.66277672483146,70.0,35.0,32.256775512806136,32.256775512806136,-2.0355520180316797
20.69,20690,2093.2428964876212,0.0,24.664954595975907,70.0,35.0,32.18349918326956,32.18349918326956,-2.0354535982382194
20.7,20700,2088.630744605918,0.0,24.66713239452586,70.0,35.0,32.110226388634835,32.110226388634835,-2.0353554065203414
20.71,20710,2084.0188111683715,0.0,24.669310120483747,70.0,35.0,32.03695712069278,32.03695712069278,-2.035257442834689
20.72,20720,2079.4070953828564,0.0,24.671487773851972,70.0,35.0,31.963691371235814,31.963691371235814,-2.035159707138006
20.73,20730,2074.795596450869,0.0,24.67366535463296,70.0,35.0,31.890429132057875,31.890429132057875,-2.035062199387143
20.74,20740,2070.1843135673835,0.0,24.675842862829136,70.0,35.0,31.81717039495447,31.81717039495447,-2.0349649195390525
20.75,20750,2065.573245920704,0.0,24.67802029844291,70.0,35.0,31.743915151722643,31.743915151722643,-2.034867867550791
20.76,20760,2060.9623926923173,0.0,24.68019766147671,70.0,35.0,31.670663394160982,31.670663394160982,-2.0347710433795183
20.77,20770,2056.351753056743,0.0,24.682374951932957,70.0,35.0,31.597415114069616,31.597415114069616,-2.034674446982498
20.78,20780,2051.7413261813754,0.0,24.684552169814054,70.0,35.0,31.5241703032502,31.5241703032502,-2.0345780783170975
20.79,20790,2047.1311112263286,0.0,24.686729315122435,70.0,35.0,31.450928953505933,31.450928953505933,-2.0344819373407863
20.8,20800,2042.5211073442752,0.0,24.688906387860523,70.0,35.0,31.377691056641535,31.377691056641535,-2.0343860240111398
20.81,20810,2037.9113136802832,0.0,24.691083388030716,70.0,35.0,31.304456604463248,31.304456604463248,-2.034290338285834
20.82,20820,2033.3017293716493,0.0,24.693260315635456,70.0,35.0,31.23122558877883,31.23122558877883,-2.0341948801226497
20.83,20830,2028.6923535477295,0.0,24.69543717067715,70.0,35.0,31.15799800139757,31.15799800139757,-2.034099649479472
20.84,20840,2024.0831853297657,0.0,24.697613953158218,70.0,35.0,31.084773834130253,31.084773834130253,-2.034004646314286
20.85,20850,2019.474223830711,0.0,24.69979066308108,70.0,35.0,31.011553078789184,31.011553078789184,-2.0339098705851835
20.86,20860,2014.86546815505,0.0,24.701967300448153,70.0,35.0,30.93833572718817,30.93833572718817,-2.033815322250357
20.87,20870,2010.2569173986165,0.0,24.704143865261862,70.0,35.0,30.86512177114252,30.86512177114252,-2.033721001268104
20.88,20880,2005.6485706484077,0.0,24.70632035752461,70.0,35.0,30.79191120246903,30.79191120246903,-2.033626907596824
20.89,20890,2001.0404269823962,0.0,24.708496777238828,70.0,35.0,30.718704012986013,30.718704012986013,-2.033533041195019
20.9,20900,1996.4324854693368,0.0,24.71067312440693,70.0,35.0,30.64550019451325,30.64550019451325,-2.0334394020212954
20.91,20910,1991.8247451685718,0.0,24.712849399031338,70.0,35.0,30.57229973887201,30.57229973887201,-2.033345990034362
20.92,20920,1987.2172051298312,0.0,24.71502560111447,70.0,35.0,30.49910263788506,30.49910263788506,-2.0332528051930296
20.93,20930,1982.6098643930309,0.0,24.717201730658736,70.0,35.0,30.425908883376632,30.425908883376632,-2.0331598474562136
20.94,20940,1978.0027219880665,0.0,24.719377787666563,70.0,35.0,30.352718467172444,30.352718467172444,-2.033067116782931
20.95,20950,1973.3957769346043,0.0,24.721553772140364,70.0,35.0,30.279531381099684,30.279531381099684,-2.0329746131323017
20.96,20960,1968.789028241868,0.0,24.723729684082564,70.0,35.0,30.206347616986992,30.206347616986992,-2.0328823364635493
20.97,20970,1964.1824749084228,0.0,24.72590552349557,70.0,35.0,30.1331671666645,30.1331671666645,-2.0327902867359993
20.98,20980,1959.5761159219549,0.0,24.728081290381798,70.0,35.0,30.05999002196377,30.05999002196377,-2.0326984639090795
20.99,20990,1954.9699502590483,0.0,24.73025698474368,70.0,35.0,29.986816174717845,29.986816174717845,-2.032606867942322
21.0,21000,1950.3639768849578,0.0,24.73243260658362,70.0,35.0,29.913645616761215,29.913645616761215,-2.0325154987953593
21.01,21010,1945.7581947533774,0.0,24.73460815590405,70.0,35.0,29.840478339929813,29.840478339929813,-2.0324243564279287
21.02,21020,1941.152602806207,0.0,24.73678363270737,70.0,35.0,29.767314336061016,29.767314336061016,-2.032333440799868
21.03,21030,1936.5471999733134,0.0,24.738959036996008,70.0,35.0,29.694153596993658,29.694153596993658,-2.0322427518711197
21.04,21040,1931.9419851722892,0.0,24.74113436877238,70.0,35.0,29.620996114567998,29.620996114567998,-2.032152289601727
21.05,21050,1927.3369573082073,0.0,24.74330962803889,70.0,35.0,29.54784188062573,29.54784188062573,-2.0320620539518357
21.06,21060,1922.7321152733712,0.0,24.745484814797983,70.0,35.0,29.474690887009988,29.474690887009988,-2.0319720448816945
21.07,21070,1918.1274579470632,0.0,24.747659929052045,70.0,35.0,29.401543125565325,29.401543125565325,-2.031882262351655
21.08,21080,1913.5229841952873,0.0,24.749834970803512,70.0,35.0,29.328398588137727,29.328398588137727,-2.0317927063221703
21.09,21090,1908.9186928705092,0.0,24.752009940054798,70.0,35.0,29.25525726657459,29.25525726657459,-2.0317033767537955
21.1,21100,1904.3145828113925,0.0,24.754184836808317,70.0,35.0,29.182119152724734,29.182119152724734,-2.0316142736071887
21.11,21110,1899.7106528425318,0.0,24.75635966106648,70.0,35.0,29.108984238438385,29.108984238438385,-2.03152539684311
21.12,21120,1895.1069017741804,0.0,24.758534412831715,70.0,35.0,29.03585251556718,29.03585251556718,-2.031436746422422
21.13,21130,1890.503328401977,0.0,24.76070909210643,70.0,35.0,28.96272397596416,28.96272397596416,-2.031348322306088
21.14,21140,1885.899931506666,0.0,24.76288369889305,70.0,35.0,28.889598611483773,28.889598611483773,-2.0312601244551756
21.15,21150,1881.296709853817,0.0,24.765058233193976,70.0,35.0,28.81647641398186,28.81647641398186,-2.031172152830852
21.16,21160,1876.693662193538,0.0,24.76723269501164,70.0,35.0,28.743357375315664,28.743357375315664,-2.0310844073943892
21.17,21170,1872.0907872601877,0.0,24.769407084348448,70.0,35.0,28.67024148734381,28.67024148734381,-2.030996888107159
21.18,21180,1867.4880837720812,0.0,24.771581401206824,70.0,35.0,28.597128741926305,28.597128741926305,-2.0309095949306353
21.19,21190,1862.8855504311964,0.0,24.773755645589173,70.0,35.0,28.524019130924554,28.524019130924554,-2.030822527826395
21.2,21200,1858.2831859228731,0.0,24.775929817497925,70.0,35.0,28.450912646201335,28.450912646201335,-2.030735686756117
21.21,21210,1853.6809889155113,0.0,24.778103916935482,70.0,35.0,28.3778092796208,28.3778092796208,-2.03064907168158
21.22,21220,1849.0789580602648,0.0,24.780277943904267,70.0,35.0,28.304709023048467,28.304709023048467,-2.030562682564667
21.23,21230,1844.4770919907326,0.0,24.78245189840669,70.0,35.0,28.231611868351244,28.231611868351244,-2.0304765193673617
21.24,21240,1839.8753893226467,0.0,24.78462578044518,70.0,35.0,28.15851780739738,28.15851780739738,-2.030390582051749
21.25,21250,1835.2738486535575,0.0,24.786799590022135,70.0,35.0,28.0854268320565,28.0854268320565,-2.0303048705800166
21.26,21260,1830.6724685625147,0.0,24.788973327139985,70.0,35.0,28.01233893419958,28.01233893419958,-2.0302193849144525
21.27,21270,1826.0712476097478,0.0,24.791146991801128,70.0,35.0,27.93925410569895,27.93925410569895,-2.030134125017448
21.28,21280,1821.4701843363414,0.0,24.793320584008,70.0,35.0,27.866172338428296,27.866172338428296,-2.0300490908514943
21.29,21290,1816.8692772639101,0.0,24.795494103762998,70.0,35.0,27.793093624262642,27.793093624262642,-2.029964282379186
21.3,21300,1812.2685248942691,0.0,24.79766755106855,70.0,35.0,27.720017955078365,27.720017955078365,-2.029879699563217
21.31,21310,1807.6679257091043,0.0,24.799840925927068,70.0,35.0,27.646945322753176,27.646945322753176,-2.029795342366385
21.32,21320,1803.0674781696384,0.0,24.802014228340965,70.0,35.0,27.57387571916612,27.57387571916612,-2.0297112107515876
21.33,21330,1798.4671807162965,0.0,24.804187458312647,70.0,35.0,27.500809136197574,27.500809136197574,-2.029627304681824
21.34,21340,1793.8670317683689,0.0,24.806360615844547,70.0,35.0,27.427745565729246,27.427745565729246,-2.029543624120195
21.35,21350,1789.2670297236727,0.0,24.80853370093907,70.0,35.0,27.35468499964417,27.35468499964417,-2.0294601690299037
21.36,21360,1784.6671729582126,0.0,24.81070671359862,70.0,35.0,27.2816274298267,27.2816274298267,-2.0293769393742527
21.37,21370,1780.0674598258383,0.0,24.812879653825632,70.0,35.0,27.2085728481625,27.2085728481625,-2.0292939351166477
21.38,21380,1775.4678886579038,0.0,24.815052521622505,70.0,35.0,27.13552124653856,27.13552124653856,-2.029211156220594
21.39,21390,1770.8684577629235,0.0,24.81722531699166,70.0,35.0,27.06247261684317,27.06247261684317,-2.029128602649699
21.4,21400,1766.2691654262294,0.0,24.819398039935507,70.0,35.0,26.989426950965935,26.989426950965935,-2.029046274367672
21.41,21410,1761.670009909627,0.0,24.82157069045647,70.0,35.0,26.916384240797754,26.916384240797754,-2.028964171338321
21.42,21420,1757.070989451052,0.0,24.823743268556953,70.0,35.0,26.843344478230836,26.843344478230836,-2.028882293525558
21.43,21430,1752.4721022642261,0.0,24.825915774239366,70.0,35.0,26.770307655158675,26.770307655158675,-2.0288006408933943
21.44,21440,1747.873346538316,0.0,24.82808820750614,70.0,35.0,26.69727376347606,26.69727376347606,-2.028719213405943
21.45,21450,1743.2747204375896,0.0,24.830260568359673,70.0,35.0,26.62424279507907,26.62424279507907,-2.028638011027418
21.46,21460,1738.6762221010777,0.0,24.832432856802384,70.0,35.0,26.551214741865074,26.551214741865074,-2.0285570337221333
21.47,21470,1734.0778496422342,0.0,24.834605072836695,70.0,35.0,26.47818959573271,26.47818959573271,-2.028476281454506
21.48,21480,1729.4796011486,0.0,24.836777216465006,70.0,35.0,26.40516734858191,26.40516734858191,-2.028395754189052
21.49,21490,1724.8814746814694,0.0,24.83894928768973,70.0,35.0,26.332147992313853,26.332147992313853,-2.0283154518903883
21.5,21500,1720.2834682755583,0.0,24.841121286513292,70.0,35.0,26.25913151883102,26.25913151883102,-2.028235374523234
21.51,21510,1715.6855799386778,0.0,24.843293212938104,70.0,35.0,26.18611792003713,26.18611792003713,-2.028155522052409
21.52,21520,1711.0878076514105,0.0,24.84546506696657,70.0,35.0,26.113107187837187,26.113107187837187,-2.028075894442832
21.53,21530,1706.4901493667905,0.0,24.847636848601105,70.0,35.0,26.040099314137446,26.040099314137446,-2.027996491659524
21.54,21540,1701.8926030099913,0.0,24.84980855784414,70.0,35.0,25.967094290845413,25.967094290845413,-2.0279173136676074
21.55,21550,1697.2951664780157,0.0,24.851980194698054,70.0,35.0,25.89409210986985,25.89409210986985,-2.0278383604323036
21.56,21560,1692.6978376393945,0.0,24.854151759165294,70.0,35.0,25.821092763120767,25.821092763120767,-2.027759631918935
21.57,21570,1688.1006143338911,0.0,24.856323251248252,70.0,35.0,25.748096242509423,25.748096242509423,-2.0276811280929254
21.58,21580,1683.5034943722137,0.0,24.858494670949348,70.0,35.0,25.67510253994831,25.67510253994831,-2.0276028489197992
21.59,21590,1678.9064755357354,0.0,24.86066601827099,70.0,35.0,25.602111647351162,25.602111647351162,-2.02752479436518
21.6,21600,1674.3095555762238,0.0,24.8628372932156,70.0,35.0,25.52912355663295,25.52912355663295,-2.0274469643947937
21.61,21610,1669.7127322155802,0.0,24.86500849578558,70.0,35.0,25.456138259709867,25.456138259709867,-2.0273693589744655
21.62,21620,1665.1160031455893,0.0,24.867179625983347,70.0,35.0,25.383155748499345,25.383155748499345,-2.027291978070121
21.63,21630,1660.5193660276796,0.0,24.869350683811316,70.0,35.0,25.310176014920028,25.310176014920028,-2.027214821647787
21.64,21640,1655.9228184926974,0.0,24.8715216692719,70.0,35.0,25.23719905089178,25.23719905089178,-2.02713788967359
21.65,21650,1651.3263581406925,0.0,24.873692582367504,70.0,35.0,25.16422484833568,25.16422484833568,-2.0270611821137576
21.66,21660,1646.7299825407197,0.0,24.875863423100547,70.0,35.0,25.091253399174036,25.091253399174036,-2.0269846989346174
21.67,21670,1642.1336892306538,0.0,24.878034191473432,70.0,35.0,25.018284695330344,25.018284695330344,-2.0269084401025967
21.68,21680,1637.5374757170225,0.0,24.880204887488585,70.0,35.0,24.945318728729312,24.945318728729312,-2.0268324055842233
21.69,21690,1632.9413394748553,0.0,24.88237551114841,70.0,35.0,24.87235549129685,24.87235549129685,-2.026756595346126
21.7,21700,1628.3452779475524,0.0,24.884546062455314,70.0,35.0,24.799394974960073,24.799394974960073,-2.026681009355033
21.71,21710,1623.7492885467716,0.0,24.886716541411715,70.0,35.0,24.72643717164727,24.72643717164727,-2.0266056475777727
21.72,21720,1619.153368652338,0.0,24.888886948020023,70.0,35.0,24.653482073287943,24.653482073287943,-2.0265305099812747
21.73,21730,1614.5575156121752,0.0,24.89105728228265,70.0,35.0,24.580529671812773,24.580529671812773,-2.0264555965325672
21.74,21740,1609.9617267422607,0.0,24.893227544202013,70.0,35.0,24.507579959153613,24.507579959153613,-2.0263809071987793
21.75,21750,1605.365999326606,0.0,24.895397733780502,70.0,35.0,24.434632927243516,24.434632927243516,-2.0263064419471397
21.76,21760,1600.7703306172648,0.0,24.897567851020558,70.0,35.0,24.3616885680167,24.3616885680167,-2.0262322007449782
21.77,21770,1596.1747178343678,0.0,24.899737895924577,70.0,35.0,24.28874687340855,24.28874687340855,-2.0261581835597235
21.78,21780,1591.5791581661895,0.0,24.901907868494966,70.0,35.0,24.215807835355626,24.215807835355626,-2.0260843903589043
21.79,21790,1586.9836487692453,0.0,24.904077768734147,70.0,35.0,24.14287144579566,24.14287144579566,-2.0260108211101495
21.8,21800,1582.388186768423,0.0,24.906247596644523,70.0,35.0,24.069937696667537,24.069937696667537,-2.0259374757811877
21.81,21810,1577.792769257151,0.0,24.908417352228504,70.0,35.0,23.997006579911304,23.997006579911304,-2.025864354339848
21.82,21820,1573.1973932976002,0.0,24.91058703548851,70.0,35.0,23.924078087468157,23.924078087468157,-2.025791456754059
21.83,21830,1568.6020559209308,0.0,24.912756646426946,70.0,35.0,23.85115221128045,23.85115221128045,-2.0257187829918486
21.84,21840,1564.0067541275769,0.0,24.914926185046223,70.0,35.0,23.778228943291683,23.778228943291683,-2.025646333021345
21.85,21850,1559.4114848875765,0.0,24.917095651348745,70.0,35.0,23.705308275446495,23.705308275446495,-2.0255741068107755
21.86,21860,1554.8162451409485,0.0,24.91926504533693,70.0,35.0,23.63239019969067,23.63239019969067,-2.0255021043284684
21.87,21870,1550.2210317981167,0.0,24.921434367013195,70.0,35.0,23.559474707971127,23.559474707971127,-2.0254303255428505
21.88,21880,1545.6258417403874,0.0,24.923603616379932,70.0,35.0,23.48656179223592,23.48656179223592,-2.0253587704224487
21.89,21890,1541.0306718204793,0.0,24.925772793439574,70.0,35.0,23.413651444434226,23.413651444434226,-2.0252874389358895
21.9,21900,1536.435518863111,0.0,24.927941898194508,70.0,35.0,23.34074365651636,23.34074365651636,-2.025216331051899
21.91,21910,1531.8403796656478,0.0,24.930110930647164,70.0,35.0,23.267838420433744,23.267838420433744,-2.025145446739303
21.92,21920,1527.245250998812,0.0,24.93227989079994,70.0,35.0,23.194935728138933,23.194935728138933,-2.0250747859670266
21.93,21930,1522.6501296074578,0.0,24.934448778655245,70.0,35.0,23.122035571585585,23.122035571585585,-2.025004348704094
21.94,21940,1518.0550122114157,0.0,24.936617594215498,70.0,35.0,23.04913794272848,23.04913794272848,-2.0249341349196297
21.95,21950,1513.45989550641,0.0,24.9387863374831,70.0,35.0,22.976242833523497,22.976242833523497,-2.024864144582858
21.96,21960,1508.8647761650518,0.0,24.94095500846047,70.0,35.0,22.903350235927622,22.903350235927622,-2.0247943776631008
21.97,21970,1504.269650837911,0.0,24.943123607150007,70.0,35.0,22.83046014189895,22.83046014189895,-2.0247248341297817
21.98,21980,1499.6745161546733,0.0,24.945292133554133,70.0,35.0,22.757572543396662,22.757572543396662,-2.024655513952421
21.99,21990,1495.079368725383,0.0,24.947460587675238,70.0,35.0,22.68468743238104,22.68468743238104,-2.0245864171006414
22.0,22000,1562.2357538769957,0.0,24.94962896951575,70.0,45.0,22.592604800813447,22.592604800813447,-2.557850876877496
22.01,22010,1624.5368780770111,0.0,24.95179727907808,70.0,45.0,22.500525290394396,22.500525290394396,-2.5577641783070453
22.02,22020,1682.2861256491524,0.0,24.953965516364615,70.0,45.0,22.408448888323466,22.408448888323466,-2.55767783530352
22.03,22030,1735.7679167280335,0.0,24.956133681377786,70.0,45.0,22.316375581801978,22.316375581801978,-2.5575918478191335
22.04,22040,1785.2488924568152,0.0,24.958301774119995,70.0,45.0,22.224305358032954,22.224305358032954,-2.557506215806298
22.05,22050,1830.9790261088403,0.0,24.96046979459365,70.0,45.0,22.13223820422112,22.13223820422112,-2.557420939217623
22.06,22060,1873.1926647630023,0.0,24.962637742801157,70.0,45.0,22.04017410757291,22.04017410757291,-2.557336018005918
22.07,22070,1912.109505873244,0.0,24.964805618744933,70.0,45.0,21.94811305529644,21.94811305529644,-2.557251452124192
22.08,22080,1947.9355128013142,0.0,24.96697342242738,70.0,45.0,21.856055034601514,21.856055034601514,-2.557167241525651
22.09,22090,1980.8637731275855,0.0,24.969141153850906,70.0,45.0,21.764000032699624,21.764000032699624,-2.5570833861637
22.1,22100,2011.075303316319,0.0,24.971308813017924,90.0,45.0,21.671948036803915,21.671948036803915,-2.556999885991944
22.11,22110,2038.7398030882375,0.0,24.973476399930842,90.0,45.0,21.579899034129205,21.579899034129205,-2.556916740964184
22.12,22120,2064.016362643721,0.0,24.97564391459207,90.0,45.0,21.487853011891964,21.487853011891964,-2.5568339510344216
22.13,22130,2087.0541256834786,0.0,24.977811357004004,90.0,45.0,21.39580995731032,21.39580995731032,-2.5567515161568557
22.14,22140,2107.992910989379,0.0,24.97997872716907,90.0,45.0,21.303769857604028,21.303769857604028,-2.556669436285884
22.15,22150,2126.9637951554637,0.0,24.982146025089662,90.0,45.0,21.211732699994485,21.211732699994485,-2.556587711376102
22.16,22160,2144.089658897277,0.0,24.9843132507682,90.0,45.0,21.119698471704723,21.119698471704723,-2.5565063413823035
22.17,22170,2159.485699215916,0.0,24.986480404207082,90.0,45.0,21.027667159959382,21.027667159959382,-2.556425326259481
22.18,22180,2173.2599095509104,0.0,24.988647485408716,90.0,45.0,20.93563875198472,20.93563875198472,-2.556344665962825
22.19,22190,2185.5135299226786,0.0,24.99081449437552,90.0,45.0,20.8436132350086,20.8436132350086,-2.5562643604477233
22.2,22200,2196.3414689402603,0.0,24.992981431109893,90.0,45.0,20.75159059626049,20.75159059626049,-2.5561844096697626
22.21,22210,2205.8326994327995,0.0,24.99514829561425,90.0,45.0,20.65957082297144,20.65957082297144,-2.5561048135847266
22.22,22220,2214.0706293533513,0.0,24.99731508789099,90.0,45.0,20.567553902374087,20.567553902374087,-2.5560255721485983
22.23,22230,2221.133449500557,0.0,24.999481807942527,90.0,45.0,20.475539821702654,20.475539821702654,-2.5559466853175574
22.24,22240,2227.094459507145,0.0,25.001648455771264,90.0,45.0,20.383528568192926,20.383528568192926,-2.555868153047981
22.25,22250,2232.022373453651,0.0,25.00381503137961,90.0,45.0,20.291520129082254,20.291520129082254,-2.5557899752964466
22.26,22260,2235.981606380874,0.0,25.005981534769973,90.0,45.0,20.19951449160954,20.19951449160954,-2.5557121520197255
22.27,22270,2239.032542894978,0.0,25.00814796594476,90.0,45.0,20.107511643015247,20.107511643015247,-2.555634683174789
22.28,22280,2241.231788984557,0.0,25.010314324906382,90.0,45.0,20.01551157054137,20.01551157054137,-2.555557568718807
22.29,22290,2242.632408099013,0.0,25.012480611657235,90.0,45.0,19.923514261431443,19.923514261431443,-2.5554808086091443
22.3,22300,2243.284142472038,0.0,25.01464682619974,90.0,45.0,19.831519702930525,19.831519702930525,-2.555404402803365
22.31,22310,2243.233620612499,0.0,25.016812968536293,90.0,45.0,19.73952788228519,19.73952788228519,-2.55532835125923
22.32,22320,2242.524551827397,0.0,25.018979038669308,90.0,45.0,19.647538786743542,19.647538786743542,-2.5552526539346974
22.33,22330,2241.19790858754,0.0,25.021145036601183,90.0,45.0,19.55555240355518,19.55555240355518,-2.555177310787924
22.34,22340,2239.292097495915,0.0,25.023310962334335,90.0,45.0,19.463568719971196,19.463568719971196,-2.5551023217772615
22.35,22350,2236.84311957125,0.0,25.025476815871162,90.0,45.0,19.37158772324419,19.37158772324419,-2.555027686861261
22.36,22360,2233.884720514748,0.0,25.02764259721408,90.0,45.0,19.27960940062824,19.27960940062824,-2.55495340599867
22.37,22370,2230.4485315862303,0.0,25.02980830636549,90.0,45.0,19.187633739378896,19.187633739378896,-2.554879479148433
22.38,22380,2226.5642016768024,0.0,25.031973943327788,90.0,45.0,19.095660726753188,19.095660726753188,-2.554805906269692
22.39,22390,2222.259521128477,0.0,25.0341395081034,90.0,45.0,19.003690350009602,19.003690350009602,-2.5547326873217857
22.4,22400,2217.5605378167966,0.0,25.03630500069472,90.0,45.0,18.91172259640809,18.91172259640809,-2.5546598222642505
22.41,22410,2212.491665980264,0.0,25.038470421104158,90.0,45.0,18.819757453210045,18.819757453210045,-2.554587311056818
22.42,22420,2207.0757882501644,0.0,25.040635769334116,90.0,45.0,18.72779490767831,18.72779490767831,-2.554515153659419
22.43,22430,2201.334351306035,0.0,25.042801045387005,90.0,45.0,18.63583494707715,18.63583494707715,-2.5544433500321793
22.44,22440,2195.287455555469,0.0,25.044966249265226,90.0,45.0,18.54387755867227,18.54387755867227,-2.554371900135423
22.45,22450,2188.9539392120514,0.0,25.047131380971187,90.0,45.0,18.451922729730803,18.451922729730803,-2.55430080392967
22.46,22460,2182.351457121873,0.0,25.049296440507298,90.0,45.0,18.359970447521277,18.359970447521277,-2.554230061375637
22.47,22470,2175.4965546671892,0.0,25.051461427875957,90.0,45.0,18.268020699313645,18.268020699313645,-2.554159672434238
22.48,22480,2168.404737055281,0.0,25.053626343079568,90.0,45.0,18.176073472379247,18.176073472379247,-2.554089637066583
22.49,22490,2161.090534281334,0.0,25.05579118612055,90.0,45.0,18.084128753990825,18.084128753990825,-2.5540199552339784
22.5,22500,2153.5675620361326,0.0,25.0579559570013,90.0,45.0,17.9921865314225,17.9921865314225,-2.5539506268979286
22.51,22510,2145.8485788124653,0.0,25.060120655724223,90.0,45.0,17.900246791949776,17.900246791949776,-2.553881652020132
22.52,22520,2137.9455394482884,0.0,25.062285282291718,90.0,45.0,17.808309522849527,17.808309522849527,-2.553813030562486
22.53,22530,2129.8696453298526,0.0,25.0644498367062,90.0,45.0,17.716374711399993,17.716374711399993,-2.5537447624870837
22.54,22540,2121.631391464067,0.0,25.066614318970075,90.0,45.0,17.62444234488077,17.62444234488077,-2.553676847756213
22.55,22550,2113.2406106163317,0.0,25.068778729085736,90.0,45.0,17.532512410572803,17.532512410572803,-2.55360928633236
22.56,22560,2104.7065146978343,0.0,25.0709430670556,90.0,45.0,17.440584895758384,17.440584895758384,-2.5535420781782054
22.57,22570,2096.0377335748335,0.0,25.073107332882074,90.0,45.0,17.348659787721147,17.348659787721147,-2.553475223256629
22.58,22580,2087.242351461712,0.0,25.07527152656754,90.0,45.0,17.25673707374604,17.25673707374604,-2.553408721530703
22.59,22590,2078.3279410494983,0.0,25.077435648114434,90.0,45.0,17.16481674111935,17.16481674111935,-2.5533425729636985
22.6,22600,2069.301595512117,0.0,25.07959969752514,90.0,45.0,17.07289877712866,17.07289877712866,-2.553276777519082
22.61,22610,2060.1699585237684,0.0,25.08176367480207,90.0,45.0,16.98098316906288,16.98098316906288,-2.553211335160515
22.62,22620,2050.9392524125483,0.0,25.08392757994762,90.0,45.0,16.889069904212214,16.889069904212214,-2.553146245851857
22.63,22630,2041.6153045676308,0.0,25.08609141296421,90.0,45.0,16.797158969868157,16.797158969868157,-2.5530815095571615
22.64,22640,2032.2035722100586,0.0,25.088255173854225,90.0,45.0,16.705250353323493,16.705250353323493,-2.5530171262406793
22.65,22650,2022.7091656303414,0.0,25.090418862620083,90.0,45.0,16.613344041872285,16.613344041872285,-2.5529530958668567
22.66,22660,2013.1368699896668,0.0,25.09258247926418,90.0,45.0,16.521440022809873,16.521440022809873,-2.5528894184003352
22.67,22670,2003.4911657755226,0.0,25.094746023788932,90.0,45.0,16.42953828343286,16.42953828343286,-2.5528260938059537
22.68,22680,1993.776247996905,0.0,25.096909496196737,90.0,45.0,16.337638811039103,16.337638811039103,-2.5527631220487446
22.69,22690,1983.9960441990165,0.0,25.099072896489993,90.0,45.0,16.245741592927722,16.245741592927722,-2.5527005030939374
22.7,22700,1974.1542313724117,0.0,25.1012362246711,90.0,45.0,16.15384661639907,16.15384661639907,-2.552638236906958
22.71,22710,1964.2542518269292,0.0,25.103399480742475,90.0,45.0,16.061953868754745,16.061953868754745,-2.5525763234534264
22.72,22720,1954.2993280963983,0.0,25.105562664706518,90.0,45.0,15.970063337297576,15.970063337297576,-2.552514762699159
22.73,22730,1944.2924769360484,0.0,25.10772577656563,90.0,45.0,15.87817500933161,15.87817500933161,-2.5524535546101674
22.74,22740,1934.2365224707416,0.0,25.109888816322215,90.0,45.0,15.786288872162114,15.786288872162114,-2.552392699152659
22.75,22750,1924.1341085485726,0.0,25.112051783978675,90.0,45.0,15.694404913095562,15.694404913095562,-2.552332196293037
22.76,22760,1913.987710351039,0.0,25.114214679537415,90.0,45.0,15.602523119439638,15.602523119439638,-2.5522720459979
22.77,22770,1903.7996453078486,0.0,25.11637750300084,90.0,45.0,15.510643478503212,15.510643478503212,-2.552212248234041
22.78,22780,1893.5720833614964,0.0,25.11854025437135,90.0,45.0,15.41876597759635,15.41876597759635,-2.5521528029684486
22.79,22790,1883.3070566239862,0.0,25.12070293365135,90.0,45.0,15.326890604030291,15.326890604030291,-2.552093710168308
22.8,22800,1873.0064684654972,0.0,25.122865540843243,90.0,45.0,15.235017345117454,15.235017345117454,-2.5520349698009985
22.81,22810,1862.6721020723799,0.0,25.12502807594943,90.0,45.0,15.143146188171425,15.143146188171425,-2.5519765818340954
22.82,22820,1852.3056285095995,0.0,25.127190538972318,90.0,45.0,15.05127712050695,15.05127712050695,-2.551918546235368
22.83,22830,1841.908614320624,0.0,25.129352929914297,90.0,45.0,14.95941012943993,14.95941012943993,-2.551860862972782
22.84,22840,1831.4825286957675,0.0,25.131515248777788,90.0,45.0,14.86754520228741,14.86754520228741,-2.5518035320144987
22.85,22850,1821.028750238133,0.0,25.133677495565188,90.0,45.0,14.77568232636757,14.77568232636757,-2.551746553328872
22.86,22860,1810.5485733545565,0.0,25.135839670278884,90.0,45.0,14.683821488999728,14.683821488999728,-2.5516899268844537
22.87,22870,1800.0432142973143,0.0,25.138001772921292,90.0,45.0,14.591962677504329,14.591962677504329,-2.551633652649989
22.88,22880,1789.5138168808194,0.0,25.140163803494822,90.0,45.0,14.500105879202929,14.500105879202929,-2.5515777305944183
22.89,22890,1778.9614578960975,0.0,25.14232576200186,90.0,45.0,14.408251081418202,14.408251081418202,-2.5515221606868774
22.9,22900,1768.3871522444795,0.0,25.144487648444827,90.0,45.0,14.31639827147392,14.31639827147392,-2.5514669428966967
22.91,22910,1757.79185781068,0.0,25.146649462826105,90.0,45.0,14.224547436694957,14.224547436694957,-2.5514120771934015
22.92,22920,1747.1764800942449,0.0,25.148811205148107,90.0,45.0,14.132698564407276,14.132698564407276,-2.551357563546712
22.93,22930,1736.5418766172281,0.0,25.15097287541323,90.0,45.0,14.040851641937921,14.040851641937921,-2.5513034019265426
22.94,22940,1725.8888611249154,0.0,25.15313447362388,90.0,45.0,13.949006656615014,13.949006656615014,-2.551249592303004
22.95,22950,1715.218207595414,0.0,25.15529599978245,90.0,45.0,13.857163595767743,13.857163595767743,-2.5511961346464003
22.96,22960,1704.5306540730107,0.0,25.157457453891357,90.0,45.0,13.765322446726362,13.765322446726362,-2.55114302892723
22.97,22970,1693.82690633931,0.0,25.15961883595299,90.0,45.0,13.673483196822179,13.673483196822179,-2.5510902751161884
22.98,22980,1683.1076414353472,0.0,25.161780145969765,90.0,45.0,13.58164583338755,13.58164583338755,-2.5510378731841628
22.99,22990,1672.3735110470873,0.0,25.163941383944064,90.0,45.0,13.489810343755869,13.489810343755869,-2.5509858231022373
23.0,23000,1661.6251447659765,0.0,25.166102549878303,90.0,45.0,13.397976715261567,13.397976715261567,-2.5509341248416884
23.01,23010,1650.863153235518,0.0,25.168263643774868,90.0,45.0,13.306144935240102,13.306144935240102,-2.550882778373989
23.02,23020,1640.0881311941716,0.0,25.170424665636183,90.0,45.0,13.214314991027955,13.214314991027955,-2.550831783670805
23.03,23030,1629.300660424247,0.0,25.172585615464627,90.0,45.0,13.12248686996261,13.12248686996261,-2.550781140703999
23.04,23040,1618.5013126158485,0.0,25.174746493262617,90.0,45.0,13.030660559382568,13.030660559382568,-2.550730849445625
23.05,23050,1607.6906521543515,0.0,25.176907299032546,90.0,45.0,12.938836046627323,12.938836046627323,-2.5506809098679346
23.06,23060,1596.8692388393329,0.0,25.17906803277681,90.0,45.0,12.847013319037362,12.847013319037362,-2.5506313219433707
23.07,23070,1586.0376305423365,0.0,25.181228694497825,90.0,45.0,12.755192363954157,12.755192363954157,-2.5505820856445727
23.08,23080,1575.1963858103331,0.0,25.18338928419798,90.0,45.0,12.66337316872016,12.66337316872016,-2.550533200944373
23.09,23090,1564.3460664212305,0.0,25.18554980187968,90.0,45.0,12.57155572067879,12.57155572067879,-2.5504846678158
23.1,23100,1553.4872398972907,0.0,25.187710247545326,90.0,45.0,12.479740007174437,12.479740007174437,-2.5504364862320736
23.11,23110,1542.620481981827,0.0,25.189870621197315,90.0,45.0,12.38792601555244,12.38792601555244,-2.5503886561666107
23.12,23120,1531.7463790840754,0.0,25.192030922838047,90.0,45.0,12.296113733159089,12.296113733159089,-2.550341177593021
23.13,23130,1520.865530696661,0.0,25.19419115246992,90.0,45.0,12.204303147341625,12.204303147341625,-2.550294050485108
23.14,23140,1509.9785517896098,0.0,25.19635131009535,90.0,45.0,12.112494245448218,12.112494245448218,-2.5502472748168707
23.15,23150,1499.086075184387,0.0,25.198511395716718,90.0,45.0,12.020687014827969,12.020687014827969,-2.5502008505625
23.16,23160,1488.1887539109698,0.0,25.20067140933643,90.0,45.0,11.928881442830898,11.928881442830898,-2.5501547776963833
23.17,23170,1477.287263550491,0.0,25.2028313509569,90.0,45.0,11.837077516807947,11.837077516807947,-2.5501090561931004
23.18,23180,1466.3823045655085,0.0,25.2049912205805,90.0,45.0,11.745275224110959,11.745275224110959,-2.5500636860274257
23.19,23190,1455.474604619474,0.0,25.20715101820965,90.0,45.0,11.653474552092682,11.653474552092682,-2.5500186671743275
23.2,23200,1444.5649208864713,0.0,25.20931074384675,90.0,45.0,11.56167548810676,11.56167548810676,-2.549973999608968
23.21,23210,1433.654042351807,0.0,25.211470397494203,90.0,45.0,11.469878019507718,11.469878019507718,-2.5499296833067033
23.22,23220,1422.7427921035035,0.0,25.213629979154387,90.0,45.0,11.378082133650969,11.378082133650969,-2.5498857182430825
23.23,23230,1411.8320296142356,0.0,25.21578948882972,90.0,45.0,11.28628781789279,11.28628781789279,-2.549842104393851
23.24,23240,1400.9226530127028,0.0,25.217948926522595,90.0,45.0,11.19449505959033,11.19449505959033,-2.5497988417349453
23.25,23250,1390.0156013428812,0.0,25.220108292235423,90.0,45.0,11.102703846101601,11.102703846101601,-2.549755930242497
23.26,23260,1379.1118568090346,0.0,25.222267585970584,90.0,45.0,11.01091416478546,11.01091416478546,-2.5497133698928316
23.27,23270,1368.2124470037836,0.0,25.224426807730485,90.0,45.0,10.91912600300161,10.91912600300161,-2.549671160662468
23.28,23280,1357.3184471159357,0.0,25.226585957517536,90.0,45.0,10.827339348110597,10.827339348110597,-2.549629302528118
23.29,23290,1346.4309821141787,0.0,25.22874503533412,90.0,45.0,10.735554187473795,10.735554187473795,-2.549587795466689
23.3,23300,1335.5512289021146,0.0,25.230904041182644,90.0,45.0,10.643770508453406,10.643770508453406,-2.5495466394552806
23.31,23310,1324.6804184394791,0.0,25.233062975065504,90.0,45.0,10.551988298412441,10.551988298412441,-2.549505834471186
23.32,23320,1313.8198378237569,0.0,25.235221836985104,90.0,45.0,10.460207544714734,10.460207544714734,-2.5494653804918928
23.33,23330,1302.970832325743,0.0,25.237380626943843,90.0,45.0,10.368428234724911,10.368428234724911,-2.5494252774950814
23.34,23340,1292.134807371954,0.0,25.23953934494411,90.0,45.0,10.2766503558084,10.2766503558084,-2.549385525458627
23.35,23350,1281.3132304661233,0.0,25.241697990988314,90.0,45.0,10.18487389533142,10.18487389533142,-2.549346124360596
23.36,23360,1270.5076330413654,0.0,25.243856565078843,90.0,45.0,10.093098840660966,10.093098840660966,-2.549307074179251
23.37,23370,1259.7196122339253,0.0,25.246015067218103,90.0,45.0,10.001325179164816,10.001325179164816,-2.5492683748930465
23.38,23380,1248.9508325687943,0.0,25.248173497408494,90.0,45.0,9.909552898211514,9.909552898211514,-2.5492300264806302
23.39,23390,1238.2030275468262,0.0,25.250331855652405,90.0,45.0,9.817781985170363,9.817781985170363,-2.549192028920844
23.4,23400,1227.4780011223766,0.0,25.25249014195225,90.0,45.0,9.726012427411424,9.726012427411424,-2.5491543821927234
23.41,23410,1216.7776290598938,0.0,25.254648356310412,90.0,45.0,9.634244212305507,9.634244212305507,-2.5491170862754964
23.42,23420,1206.1038601573246,0.0,25.256806498729297,90.0,45.0,9.542477327224159,9.542477327224159,-2.549080141148585
23.43,23430,1195.4587173236732,0.0,25.2589645692113,90.0,45.0,9.450711759539661,9.450711759539661,-2.549043546791604
23.44,23440,1184.8442984975754,0.0,25.261122567758818,90.0,45.0,9.358947496625024,9.358947496625024,-2.549007303184362
23.45,23450,1174.262777393313,0.0,25.263280494374243,90.0,45.0,9.267184525853978,9.267184525853978,-2.548971410306861
23.46,23460,1163.7164040603386,0.0,25.265438349059988,90.0,45.0,9.175422834600964,9.175422834600964,-2.548935868139295
23.47,23470,1153.2075052420794,0.0,25.267596131818436,90.0,45.0,9.08366241024113,9.08366241024113,-2.5489006766620528
23.48,23480,1142.73848451957,0.0,25.269753842651994,90.0,45.0,8.991903240150323,8.991903240150323,-2.548865835855716
23.49,23490,1132.311822225346,0.0,25.271911481563066,90.0,45.0,8.900145311705085,8.900145311705085,-2.5488313457010587
23.5,23500,1121.9300751129938,0.0,25.27406904855403,90.0,45.0,8.80838861228264,8.80838861228264,-2.548797206179049
23.51,23510,1111.5958757678318,0.0,25.27622654362729,90.0,45.0,8.716633129260888,8.716633129260888,-2.548763417270847
23.52,23520,1101.3119317444034,0.0,25.27838396678525,90.0,45.0,8.624878850018407,8.624878850018407,-2.548729978957807
23.53,23530,1091.0810244167756,0.0,25.280541318030306,90.0,45.0,8.533125761934434,8.533125761934434,-2.5486968912214762
23.54,23540,1080.9060075281016,0.0,25.28269859736485,90.0,45.0,8.441373852388864,8.441373852388864,-2.5486641540435953
23.55,23550,1070.7898054265117,0.0,25.284855804791285,90.0,45.0,8.349623108762245,8.349623108762245,-2.5486317674060963
23.56,23560,1060.735410975144,0.0,25.287012940311993,90.0,45.0,8.257873518435764,8.257873518435764,-2.5485997312911057
23.57,23570,1050.7458831250447,0.0,25.289170003929392,90.0,45.0,8.166125068791251,8.166125068791251,-2.5485680456809434
23.58,23580,1040.8243441407428,0.0,25.291326995645864,90.0,45.0,8.074377747211159,8.074377747211159,-2.5485367105581207
23.59,23590,1030.9739764695466,0.0,25.293483915463813,90.0,45.0,7.982631541078566,7.982631541078566,-2.548505725905344
23.6,23600,1021.1980192470199,0.0,25.295640763385638,90.0,45.0,7.8908864377771675,7.8908864377771675,-2.5484750917055097
23.61,23610,1011.4997644326855,0.0,25.297797539413722,90.0,45.0,7.799142424691266,7.799142424691266,-2.54844480794171
23.62,23620,1001.8825525717547,0.0,25.29995424355047,90.0,45.0,7.7073994892057645,7.7073994892057645,-2.548414874597229
23.63,23630,992.349768180601,0.0,25.302110875798284,90.0,45.0,7.615657618706165,7.615657618706165,-2.548385291655543
23.64,23640,982.9048347557803,0.0,25.304267436159552,90.0,45.0,7.523916800578553,7.523916800578553,-2.548356059100321
23.65,23650,973.5512094086316,0.0,25.30642392463667,90.0,45.0,7.432177022209598,7.432177022209598,-2.548327176915427
23.66,23660,964.292377129875,0.0,25.308580341232037,90.0,45.0,7.340438270986541,7.340438270986541,-2.5482986450849157
23.67,23670,955.131844691123,0.0,25.310736685948058,90.0,45.0,7.248700534297192,7.248700534297192,-2.548270463593035
23.68,23680,946.0731341928496,0.0,25.31289295878711,90.0,45.0,7.156963799529919,7.156963799529919,-2.548242632424227
23.69,23690,937.1197762710749,0.0,25.315049159751595,90.0,45.0,7.065228054073647,7.065228054073647,-2.548215151563124
23.7,23700,928.5497902541327,0.0,25.317205288843926,90.0,45.0,6.9734932853178435,6.9734932853178435,-2.5481880209945533
23.71,23710,920.5154283632495,0.0,25.319361346066476,90.0,45.0,6.881759480652516,6.881759480652516,-2.548161240703534
23.72,23720,912.9832140905464,0.0,25.321517331421653,90.0,45.0,6.7900266274682055,6.7900266274682055,-2.548134810675278
23.73,23730,905.9217632098873,0.0,25.323673244911845,90.0,45.0,6.6982947131559785,6.6982947131559785,-2.54810873089519
23.74,23740,899.3016530092693,0.0,25.325829086539457,90.0,45.0,6.606563725107419,6.606563725107419,-2.548083001348868
23.75,23750,893.09529969619,0.0,25.32798485630687,90.0,45.0,6.514833650714623,6.514833650714623,-2.5480576220221005
23.76,23760,887.2768434651781,0.0,25.330140554216506,90.0,45.0,6.423104477370193,6.423104477370193,-2.548032592900872
23.77,23770,881.8220407486044,0.0,25.332296180270724,90.0,45.0,6.331376192467223,6.331376192467223,-2.548007913971357
23.78,23780,876.7081632018167,0.0,25.334451734471944,90.0,45.0,6.239648783399306,6.239648783399306,-2.5479835852199226
23.79,23790,871.9139030017031,0.0,25.33660721682256,90.0,45.0,6.147922237560514,6.147922237560514,-2.547959606633131
23.8,23800,867.4192840640967,0.0,25.338762627324954,90.0,45.0,6.056196542345395,6.056196542345395,-2.5479359781977338
23.81,23810,863.2055788100906,0.0,25.340917965981536,90.0,45.0,5.964471685148971,5.964471685148971,-2.547912699900678
23.82,23820,859.2552301344599,0.0,25.34307323279469,90.0,45.0,5.872747653366723,5.872747653366723,-2.5478897717291016
23.83,23830,855.5517782510561,0.0,25.345228427766816,90.0,45.0,5.781024434394592,5.781024434394592,-2.5478671936703345
23.84,23840,852.0797921103651,0.0,25.347383550900304,90.0,45.0,5.689302015628963,5.689302015628963,-2.5478449657119007
23.85,23850,848.8248051034673,0.0,25.349538602197548,90.0,45.0,5.597580384466668,5.597580384466668,-2.547823087841516
23.86,23860,845.7732547845005,0.0,25.351693581660957,90.0,45.0,5.505859528304973,5.505859528304973,-2.547801560047089
23.87,23870,842.9124263604692,0.0,25.353848489292908,90.0,45.0,5.414139434541572,5.414139434541572,-2.54778038231672
23.88,23880,840.2303997129399,0.0,25.3560033250958,90.0,45.0,5.322420090574578,5.322420090574578,-2.547759554638703
23.89,23890,837.7159997308811,0.0,25.358158089072035,90.0,45.0,5.230701483802524,5.230701483802524,-2.547739077001523
23.9,23900,835.358749747701,0.0,25.360312781223996,90.0,45.0,5.1389836016243455,5.1389836016243455,-2.547718949393859
23.91,23910,833.1488278884697,0.0,25.36246740155408,90.0,45.0,5.047266431439381,5.047266431439381,-2.547699171804581
23.92,23920,831.0770261454403,0.0,25.36462195006469,90.0,45.0,4.955549960647362,4.955549960647362,-2.547679744222752
23.93,23930,829.1347120113503,0.0,25.36677642675821,90.0,45.0,4.863834176648407,4.863834176648407,-2.547660666637628
23.94,23940,827.313792510641,0.0,25.368930831637037,90.0,45.0,4.772119066843016,4.772119066843016,-2.547641939038657
23.95,23950,825.6066804787259,0.0,25.371085164703565,90.0,45.0,4.680404618632059,4.680404618632059,-2.5476235614154783
23.96,23960,824.0062629488056,0.0,25.373239425960183,90.0,45.0,4.588690819416773,4.588690819416773,-2.5476055337579253
23.97,23970,822.5058715145052,0.0,25.375393615409294,90.0,45.0,4.496977656598757,4.496977656598757,-2.547587856056023
23.98,23980,821.0992545448486,0.0,25.37754773305329,90.0,45.0,4.405265117579957,4.405265117579957,-2.547570528299988
23.99,23990,819.7805511357956,0.0,25.379701778894564,90.0,45.0,4.313553189762669,4.313553189762669,-2.5475535504802305
24.0,24000,818.5442666898084,0.0,25.381855752935497,90.0,45.0,4.2218418605495245,4.2218418605495245,-2.5475369225873523
24.01,24010,817.3852500216954,0.0,25.38400965517849,90.0,45.0,4.130131117343487,4.130131117343487,-2.5475206446121477
24.02,24020,816.2986718953393,0.0,25.386163485625946,90.0,45.0,4.038420947547845,4.038420947547845,-2.5475047165456033
24.03,24030,815.2800049018806,0.0,25.388317244280245,90.0,45.0,3.946711338566205,3.946711338566205,-2.547489138378898
24.04,24040,814.3250045955131,0.0,25.390470931143795,90.0,45.0,3.8550022778024826,3.8550022778024826,-2.547473910103402
24.05,24050,813.4296918082935,0.0,25.39262454621897,90.0,45.0,3.7632937526608985,3.7632937526608985,-2.5474590317106807
24.06,24060,812.5903360702752,0.0,25.39477808950818,90.0,45.0,3.671585750545969,3.671585750545969,-2.547444503192488
24.07,24070,811.8034400658829,0.0,25.3969315610138,90.0,45.0,3.579878258862501,3.579878258862501,-2.5474303245407723
24.08,24080,811.0657250617652,0.0,25.39908496073824,90.0,45.0,3.488171265015585,3.488171265015585,-2.5474164957476746
24.09,24090,810.3741172454048,0.0,25.401238288683885,90.0,45.0,3.3964647564105857,3.3964647564105857,-2.5474030168055255
24.1,24100,809.725734917567,0.0,25.403391544853122,90.0,45.0,3.304758720453139,3.304758720453139,-2.5473898877068515
24.11,24110,809.1178764852191,0.0,25.40554472924836,90.0,45.0,3.213053144549142,3.213053144549142,-2.547377108444368
24.12,24120,808.5480092048929,0.0,25.407697841871975,90.0,45.0,3.121348016104746,3.121348016104746,-2.5473646790109847
24.13,24130,808.0137586295871,0.0,25.409850882726367,90.0,45.0,3.0296433225263533,3.0296433225263533,-2.5473525993998027
24.14,24140,807.5128987152378,0.0,25.412003851813925,90.0,45.0,2.937939051220605,2.937939051220605,-2.5473408696041155
24.15,24150,807.0433425455354,0.0,25.414156749137042,90.0,45.0,2.846235189594378,2.846235189594378,-2.547329489617408
24.16,24160,806.6031336364395,0.0,25.41630957469811,90.0,45.0,2.7545317250547776,2.7545317250547776,-2.547318459433359
24.17,24170,806.190437784162,0.0,25.418462328499523,90.0,45.0,2.662828645009127,2.662828645009127,-2.5473077790458376
24.18,24180,805.8035354226519,0.0,25.420615010543678,90.0,45.0,2.571125936864967,2.571125936864967,-2.5472974484489064
24.19,24190,805.4408144587361,0.0,25.422767620832953,90.0,45.0,2.4794235880300413,2.4794235880300413,-2.5472874676368193
24.2,24200,805.1007635550651,0.0,25.424920159369748,90.0,45.0,2.3877215859122964,2.3877215859122964,-2.5472778366040227
24.21,24210,804.7819658328735,0.0,25.427072626156463,90.0,45.0,2.296019917919871,2.296019917919871,-2.547268555345155
24.22,24220,804.4830929683189,0.0,25.42922502119547,90.0,45.0,2.2043185714610893,2.2043185714610893,-2.5472596238550467
24.23,24230,804.202899657799,0.0,25.431377344489178,90.0,45.0,2.1126175339444555,2.1126175339444555,-2.547251042128721
24.24,24240,803.9402184291865,0.0,25.433529596039968,90.0,45.0,2.0209167927786456,2.0209167927786456,-2.547242810161393
24.25,24250,803.6939547773624,0.0,25.435681775850234,90.0,45.0,1.9292163353725007,1.9292163353725007,-2.547234927948469
24.26,24260,803.4630826037773,0.0,25.437833883922377,90.0,45.0,1.8375161491350207,1.8375161491350207,-2.547227395485548
24.27,24270,803.2466399410412,0.0,25.43998592025877,90.0,45.0,1.7458162214753576,1.7458162214753576,-2.547220212768422
24.28,24280,803.0437249447261,0.0,25.442137884861822,90.0,45.0,1.654116539802807,1.654116539802807,-2.5472133797930736
24.29,24290,802.8534921356808,0.0,25.444289777733907,90.0,45.0,1.5624170915268025,1.5624170915268025,-2.5472068965556787
24.3,24300,802.6751488772007,0.0,25.446441598877435,90.0,45.0,1.4707178640569087,1.4707178640569087,-2.547200763052604
24.31,24310,802.5079520723757,0.0,25.448593348294786,90.0,45.0,1.379018844802814,1.379018844802814,-2.5471949792804094
24.32,24320,802.3512050678522,0.0,25.450745025988347,90.0,45.0,1.2873200211743236,1.2873200211743236,-2.547189545235847
24.33,24330,802.2042547511114,0.0,25.452896631960513,90.0,45.0,1.1956213805813527,1.1956213805813527,-2.5471844609158603
24.34,24340,802.0664888291669,0.0,25.455048166213682,90.0,45.0,1.1039229104339197,1.1039229104339197,-2.5471797263175846
24.35,24350,801.937333277344,0.0,25.45719962875023,90.0,45.0,1.0122245981421392,1.0122245981421392,-2.547175341438348
24.36,24360,801.81624994751,0.0,25.45935101957256,90.0,45.0,0.9205264311162151,0.9205264311162151,-2.5471713062756707
24.37,24370,801.7027343257906,0.0,25.461502338683058,90.0,45.0,0.8288283967664336,0.8288283967664336,-2.5471676208272642
24.38,24380,801.5963134304287,0.0,25.463653586084114,90.0,45.0,0.7371304825031564,0.7371304825031564,-2.5471642850910334
24.39,24390,801.4965438410269,0.0,25.465804761778113,90.0,45.0,0.6454326757368137,0.6454326757368137,-2.547161299065073
24.4,24400,801.4030098509627,0.0,25.467955865767458,90.0,45.0,0.5537349638778976,0.5537349638778976,-2.5471586627476723
24.41,24410,801.3153217352775,0.0,25.470106898054524,90.0,45.0,0.4620373343369544,0.4620373343369544,-2.5471563761373113
24.42,24420,801.2331141268227,0.0,25.47225785864172,90.0,45.0,0.37033977452457856,0.37033977452457856,-2.5471544392326617
24.43,24430,801.1560444938963,0.0,25.474408747531413,90.0,45.0,0.27864227185140533,0.27864227185140533,-2.547152852032588
24.44,24440,801.0837917130277,0.0,25.47655956472601,90.0,45.0,0.18694481372810404,0.18694481372810404,-2.5471516145361472
24.45,24450,801.0160547309634,0.0,25.478710310227896,90.0,45.0,0.09524738756537089,0.09524738756537089,-2.5471507267425872
24.46,24460,800.9525513102782,0.0,25.48086098403946,90.0,45.0,0.003549980773922358,0.003549980773922358,-2.547150188651348
24.47,24470,800.8930168533858,0.0,25.483011586163087,90.0,45.0,0.0,0.0,-2.547150000262063
24.48,24480,800.8372033000492,0.0,25.485162116601174,90.0,45.0,0.0,0.0,0.0
24.49,24490,800.7848780937961,0.0,25.487312575356114,90.0,45.0,0.0,0.0,0.0
24.5,24500,800.7358232129338,0.0,25.489462962430284,90.0,45.0,0.0,0.0,0.0
24.51,24510,800.6898342621255,0.0,25.49161327782608,90.0,45.0,0.0,0.0,0.0
24.52,24520,800.6467196207426,0.0,25.493763521545887,90.0,45.0,0.0,0.0,0.0
24.53,24530,800.6062996444462,0.0,25.495913693592104,90.0,45.0,0.0,0.0,0.0
24.54,24540,800.5684059166683,0.0,25.498063793967113,90.0,45.0,0.0,0.0,0.0
24.55,24550,800.5328805468765,0.0,25.500213822673302,90.0,45.0,0.0,0.0,0.0
24.56,24560,800.4995755126968,0.0,25.502363779713065,90.0,45.0,0.0,0.0,0.0
24.57,24570,800.4683520431532,0.0,25.50451366508879,90.0,45.0,0.0,0.0,0.0
24.58,24580,800.4390800404561,0.0,25.506663478802857,90.0,45.0,0.0,0.0,0.0
24.59,24590,800.4116375379276,0.0,25.50881322085766,90.0,45.0,0.0,0.0,0.0
24.6,24600,800.3859101918072,0.0,25.51096289125559,90.0,45.0,0.0,0.0,0.0
24.61,24610,800.3617908048192,0.0,25.513112489999042,90.0,45.0,0.0,0.0,0.0
24.62,24620,800.3391788795179,0.0,25.515262017090393,90.0,45.0,0.0,0.0,0.0
24.63,24630,800.3179801995481,0.0,25.51741147253203,90.0,45.0,0.0,0.0,0.0
24.64,24640,800.2981064370763,0.0,25.519560856326354,90.0,45.0,0.0,0.0,0.0
24.65,24650,800.279474784759,0.0,25.521710168475742,90.0,45.0,0.0,0.0,0.0
24.66,24660,800.2620076107116,0.0,25.523859408982585,90.0,45.0,0.0,0.0,0.0
24.67,24670,800.2456321350421,0.0,25.52600857784927,90.0,45.0,0.0,0.0,0.0
24.68,24680,800.230280126602,0.0,25.528157675078187,90.0,45.0,0.0,0.0,0.0
24.69,24690,800.2158876186894,0.0,25.53030670067173,90.0,45.0,0.0,0.0,0.0
24.7,24700,800.2023946425213,0.0,25.532455654632273,90.0,45.0,0.0,0.0,0.0
24.71,24710,800.1897449773637,0.0,25.534604536962213,90.0,45.0,0.0,0.0,0.0
24.72,24720,800.1778859162785,0.0,25.53675334766394,90.0,45.0,0.0,0.0,0.0
24.73,24730,800.166768046511,0.0,25.53890208673983,90.0,45.0,0.0,0.0,0.0
24.74,24740,800.1563450436041,0.0,25.541050754192284,90.0,45.0,0.0,0.0,0.0
24.75,24750,800.1465734783789,0.0,25.543199350023684,90.0,45.0,0.0,0.0,0.0
24.76,24760,800.1374126359801,0.0,25.54534787423641,90.0,45.0,0.0,0.0,0.0
24.77,24770,800.1288243462313,0.0,25.547496326832864,90.0,45.0,0.0,0.0,0.0
24.78,24780,800.1207728245919,0.0,25.54964470781542,90.0,45.0,0.0,0.0,0.0
24.79,24790,800.1132245230549,0.0,25.55179301718647,90.0,45.0,0.0,0.0,0.0
24.8,24800,800.106147990364,0.0,25.553941254948406,90.0,45.0,0.0,0.0,0.0
24.81,24810,800.0995137409662,0.0,25.5560894211036,90.0,45.0,0.0,0.0,0.0
24.82,24820,800.0932941321558,0.0,25.558237515654454,90.0,45.0,0.0,0.0,0.0
24.83,24830,800.0874632488961,0.0,25.56038553860335,90.0,45.0,0.0,0.0,0.0
24.84,24840,800.0819967958402,0.0,25.56253348995268,90.0,45.0,0.0,0.0,0.0
24.85,24850,800.0768719961002,0.0,25.56468136970482,90.0,45.0,0.0,0.0,0.0
24.86,24860,800.072067496344,0.0,25.566829177862157,90.0,45.0,0.0,0.0,0.0
24.87,24870,800.0675632778225,0.0,25.56897691442709,90.0,45.0,0.0,0.0,0.0
24.88,24880,800.0633405729586,0.0,25.571124579401992,90.0,45.0,0.0,0.0,0.0
24.89,24890,800.0593817871487,0.0,25.57327217278926,90.0,45.0,0.0,0.0,0.0
24.9,24900,800.0556704254519,0.0,25.57541969459127,90.0,45.0,0.0,0.0,0.0
24.91,24910,800.0521910238612,0.0,25.577567144810413,90.0,45.0,0.0,0.0,0.0
24.92,24920,800.0489290848699,0.0,25.579714523449077,90.0,45.0,0.0,0.0,0.0
24.93,24930,800.0458710170656,0.0,25.581861830509652,90.0,45.0,0.0,0.0,0.0
24.94,24940,800.0430040784989,0.0,25.584009065994508,90.0,45.0,0.0,0.0,0.0
24.95,24950,800.0403163235927,0.0,25.58615622990604,90.0,45.0,0.0,0.0,0.0
24.96,24960,800.0377965533681,0.0,25.58830332224664,90.0,45.0,0.0,0.0,0.0
24.97,24970,800.0354342687826,0.0,25.59045034301869,90.0,45.0,0.0,0.0,0.0
24.98,24980,800.0332196269837,0.0,25.592597292224575,90.0,45.0,0.0,0.0,0.0
24.99,24990,800.0311434002972,0.0,25.594744169866672,90.0,45.0,0.0,0.0,0.0
25.0,25000,800.0291969377786,0.0,25.596890975947368,90.0,0.0,0.0,0.0,0.0
25.01,25010,800.0273721291674,0.0,25.599037710469066,90.0,0.0,0.0,0.0,0.0
25.02,25020,800.0256613710944,0.0,25.601184373434133,90.0,0.0,0.0,0.0,0.0
25.03,25030,800.024057535401,0.0,25.603330964844965,90.0,0.0,0.0,0.0,0.0
25.04,25040,800.0225539394385,0.0,25.605477484703947,90.0,0.0,0.0,0.0,0.0
25.05,25050,800.0211443182236,0.0,25.60762393301345,90.0,0.0,0.0,0.0,0.0
25.06,25060,800.0198227983346,0.0,25.609770309775865,90.0,0.0,0.0,0.0,0.0
25.07,25070,800.0185838734387,0.0,25.611916614993593,90.0,0.0,0.0,0.0,0.0
25.08,25080,800.0174223813488,0.0,25.614062848669,90.0,0.0,0.0,0.0,0.0
25.09,25090,800.0163334825145,0.0,25.616209010804475,90.0,0.0,0.0,0.0,0.0
25.1,25100,800.0153126398574,0.0,25.618355101402408,0.0,0.0,0.0,0.0,0.0
25.11,25110,800.0143555998662,0.0,25.620501120465175,0.0,0.0,0.0,0.0,0.0
25.12,25120,800.0134583748746,0.0,25.622647067995167,0.0,0.0,0.0,0.0,0.0
25.13,25130,800.012617226445,0.0,25.62479294399477,0.0,0.0,0.0,0.0,0.0
25.14,25140,800.0118286497922,0.0,25.626938748466365,0.0,0.0,0.0,0.0,0.0
25.15,25150,800.0110893591801,0.0,25.62908448141233,0.0,0.0,0.0,0.0,0.0
25.16,25160,800.0103962742313,0.0,25.631230142835065,0.0,0.0,0.0,0.0,0.0
25.17,25170,800.0097465070919,0.0,25.633375732736937,0.0,0.0,0.0,0.0,0.0
25.18,25180,800.0091373503986,0.0,25.63552125112034,0.0,0.0,0.0,0.0,0.0
25.19,25190,800.0085662659988,0.0,25.63766669798766,0.0,0.0,0.0,0.0,0.0
25.2,25200,800.0080308743738,0.0,25.639812073341275,0.0,0.0,0.0,0.0,0.0
25.21,25210,800.0075289447254,0.0,25.641957377183566,0.0,0.0,0.0,0.0,0.0
25.22,25220,800.0070583856801,0.0,25.64410260951692,0.0,0.0,0.0,0.0,0.0
25.23,25230,800.0066172365752,0.0,25.646247770343727,0.0,0.0,0.0,0.0,0.0
25.24,25240,800.0062036592892,0.0,25.648392859666362,0.0,0.0,0.0,0.0,0.0
25.25,25250,800.0058159305836,0.0,25.65053787748721,0.0,0.0,0.0,0.0,0.0
25.26,25260,800.0054524349221,0.0,25.652682823808654,0.0,0.0,0.0,0.0,0.0
25.27,25270,800.0051116577395,0.0,25.65482769863308,0.0,0.0,0.0,0.0,0.0
25.28,25280,800.0047921791307,0.0,25.656972501962876,0.0,0.0,0.0,0.0,0.0
25.29,25290,800.0044926679351,0.0,25.659117233800416,0.0,0.0,0.0,0.0,0.0
25.3,25300,800.0042118761892,0.0,25.661261894148083,0.0,0.0,0.0,0.0,0.0
25.31,25310,800.0039486339274,0.0,25.663406483008266,0.0,0.0,0.0,0.0,0.0
25.32,25320,800.003701844307,0.0,25.66555100038334,0.0,0.0,0.0,0.0,0.0
25.33,25330,800.0034704790378,0.0,25.667695446275697,0.0,0.0,0.0,0.0,0.0
25.34,25340,800.0032535740979,0.0,25.66983982068772,0.0,0.0,0.0,0.0,0.0
25.35,25350,800.0030502257168,0.0,25.671984123621783,0.0,0.0,0.0,0.0,0.0
25.36,25360,800.0028595866095,0.0,25.674128355080267,0.0,0.0,0.0,0.0,0.0
25.37,25370,800.0026808624464,0.0,25.67627251506557,0.0,0.0,0.0,0.0,0.0
25.38,25380,800.0025133085435,0.0,25.67841660358006,0.0,0.0,0.0,0.0,0.0
25.39,25390,800.0023562267595,0.0,25.680560620626125,0.0,0.0,0.0,0.0,0.0
25.4,25400,800.002208962587,0.0,25.682704566206144,0.0,0.0,0.0,0.0,0.0
25.41,25410,800.0020709024253,0.0,25.684848440322504,0.0,0.0,0.0,0.0,0.0
25.42,25420,800.0019414710238,0.0,25.68699224297759,0.0,0.0,0.0,0.0,0.0
25.43,25430,800.0018201290848,0.0,25.68913597417377,0.0,0.0,0.0,0.0,0.0
25.44,25440,800.001706371017,0.0,25.69127963391343,0.0,0.0,0.0,0.0,0.0
25.45,25450,800.0015997228285,0.0,25.69342322219897,0.0,0.0,0.0,0.0,0.0
25.46,25460,800.0014997401516,0.0,25.69556673903275,0.0,0.0,0.0,0.0,0.0
25.47,25470,800.0014060063921,0.0,25.697710184417154,0.0,0.0,0.0,0.0,0.0
25.48,25480,800.0013181309927,0.0,25.69985355835458,0.0,0.0,0.0,0.0,0.0
25.49,25490,800.0012357478056,0.0,25.701996860847395,0.0,0.0,0.0,0.0,0.0
25.5,25500,800.0011585135677,0.0,25.704140091897983,0.0,0.0,0.0,0.0,0.0
25.51,25510,800.0010861064698,0.0,25.70628325150873,0.0,0.0,0.0,0.0,0.0
25.52,25520,800.0010182248154,0.0,25.708426339682006,0.0,0.0,0.0,0.0,0.0
25.53,25530,800.0009545857645,0.0,25.71056935642021,0.0,0.0,0.0,0.0,0.0
25.54,25540,800.0008949241542,0.0,25.71271230172571,0.0,0.0,0.0,0.0,0.0
25.55,25550,800.0008389913945,0.0,25.714855175600896,0.0,0.0,0.0,0.0,0.0
25.56,25560,800.0007865544324,0.0,25.716997978048134,0.0,0.0,0.0,0.0,0.0
25.57,25570,800.0007373947803,0.0,25.719140709069816,0.0,0.0,0.0,0.0,0.0
25.58,25580,800.0006913076065,0.0,25.721283368668317,0.0,0.0,0.0,0.0,0.0
25.59,25590,800.0006481008811,0.0,25.72342595684603,0.0,0.0,0.0,0.0,0.0
25.6,25600,800.0006075945761,0.0,25.72556847360533,0.0,0.0,0.0,0.0,0.0
25.61,25610,800.000569619915,0.0,25.727710918948585,0.0,0.0,0.0,0.0,0.0
25.62,25620,800.0005340186704,0.0,25.72985329287819,0.0,0.0,0.0,0.0,0.0
25.63,25630,800.0005006425034,0.0,25.731995595396512,0.0,0.0,0.0,0.0,0.0
25.64,25640,800.000469352347,0.0,25.734137826505957,0.0,0.0,0.0,0.0,0.0
25.65,25650,800.0004400178252,0.0,25.736279986208878,0.0,0.0,0.0,0.0,0.0
25.66,25660,800.0004125167111,0.0,25.73842207450767,0.0,0.0,0.0,0.0,0.0
25.67,25670,800.0003867344167,0.0,25.7405640914047,0.0,0.0,0.0,0.0,0.0
25.68,25680,800.0003625635156,0.0,25.74270603690237,0.0,0.0,0.0,0.0,0.0
25.69,25690,800.0003399032959,0.0,25.744847911003035,0.0,0.0,0.0,0.0,0.0
25.7,25700,800.0003186593399,0.0,25.746989713709095,0.0,0.0,0.0,0.0,0.0
25.71,25710,800.0002987431311,0.0,25.74913144502292,0.0,0.0,0.0,0.0,0.0
25.72,25720,800.0002800716854,0.0,25.751273104946883,0.0,0.0,0.0,0.0,0.0
25.73,25730,800.0002625672051,0.0,25.75341469348338,0.0,0.0,0.0,0.0,0.0
25.74,25740,800.0002461567548,0.0,25.755556210634776,0.0,0.0,0.0,0.0,0.0
25.75,25750,800.0002307719576,0.0,25.757697656403465,0.0,0.0,0.0,0.0,0.0
25.76,25760,800.0002163487103,0.0,25.75983903079181,0.0,0.0,0.0,0.0,0.0
25.77,25770,800.0002028269159,0.0,25.761980333802207,0.0,0.0,0.0,0.0,0.0
25.78,25780,800.0001901502337,0.0,25.764121565437016,0.0,0.0,0.0,0.0,0.0
25.79,25790,800.0001782658442,0.0,25.76626272569864,0.0,0.0,0.0,0.0,0.0
25.8,25800,800.0001671242289,0.0,25.768403814589433,0.0,0.0,0.0,0.0,0.0
25.81,25810,800.0001566789647,0.0,25.77054483211179,0.0,0.0,0.0,0.0,0.0
25.82,25820,800.0001468865294,0.0,25.77268577826808,0.0,0.0,0.0,0.0,0.0
25.83,25830,800.0001377061212,0.0,25.7748266530607,0.0,0.0,0.0,0.0,0.0
25.84,25840,800.0001290994886,0.0,25.776967456492006,0.0,0.0,0.0,0.0,0.0
25.85,25850,800.0001210307706,0.0,25.779108188564386,0.0,0.0,0.0,0.0,0.0
25.86,25860,800.0001134663474,0.0,25.78124884928023,0.0,0.0,0.0,0.0,0.0
25.87,25870,800.0001063747007,0.0,25.783389438641898,0.0,0.0,0.0,0.0,0.0
25.88,25880,800.000099726282,0.0,25.78552995665178,0.0,0.0,0.0,0.0,0.0
25.89,25890,800.0000934933894,0.0,25.787670403312248,0.0,0.0,0.0,0.0,0.0
25.9,25900,800.0000876500526,0.0,25.789810778625682,0.0,0.0,0.0,0.0,0.0
25.91,25910,800.0000821719243,0.0,25.791951082594466,0.0,0.0,0.0,0.0,0.0
25.92,25920,800.000077036179,0.0,25.794091315220975,0.0,0.0,0.0,0.0,0.0
25.93,25930,800.0000722214179,0.0,25.79623147650758,0.0,0.0,0.0,0.0,0.0
25.94,25940,800.0000677075793,0.0,25.798371566456662,0.0,0.0,0.0,0.0,0.0
25.95,25950,800.0000634758557,0.0,25.800511585070602,0.0,0.0,0.0,0.0,0.0
25.96,25960,800.0000595086146,0.0,25.80265153235178,0.0,0.0,0.0,0.0,0.0
25.97,25970,800.0000557893262,0.0,25.80479140830257,0.0,0.0,0.0,0.0,0.0
25.98,25980,800.0000523024934,0.0,25.806931212925353,0.0,0.0,0.0,0.0,0.0
25.99,25990,800.0000490335875,0.0,25.809070946222505,0.0,0.0,0.0,0.0,0.0
26.0,26000,800.0000459689883,0.0,25.811210608196397,0.0,0.0,0.0,0.0,0.0
26.01,26010,800.0000430959265,0.0,25.81335019884942,0.0,0.0,0.0,0.0,0.0
26.02,26020,800.0000404024311,0.0,25.815489718183933,0.0,0.0,0.0,0.0,0.0
26.03,26030,800.0000378772792,0.0,25.817629166202327,0.0,0.0,0.0,0.0,0.0
26.04,26040,800.0000355099493,0.0,25.819768542906978,0.0,0.0,0.0,0.0,0.0
26.05,26050,800.0000332905774,0.0,25.821907848300263,0.0,0.0,0.0,0.0,0.0
26.06,26060,800.0000312099164,0.0,25.82404708238455,0.0,0.0,0.0,0.0,0.0
26.07,26070,800.0000292592966,0.0,25.826186245162233,0.0,0.0,0.0,0.0,0.0
26.08,26080,800.0000274305906,0.0,25.828325336635668,0.0,0.0,0.0,0.0,0.0
26.09,26090,800.0000257161787,0.0,25.830464356807248,0.0,0.0,0.0,0.0,0.0
26.1,26100,800.0000241089175,0.0,25.832603305679342,0.0,0.0,0.0,0.0,0.0
26.11,26110,800.0000226021101,0.0,25.834742183254328,0.0,0.0,0.0,0.0,0.0
26.12,26120,800.0000211894783,0.0,25.836880989534585,0.0,0.0,0.0,0.0,0.0
26.13,26130,800.0000198651359,0.0,25.839019724522483,0.0,0.0,0.0,0.0,0.0
26.14,26140,800.0000186235649,0.0,25.841158388220407,0.0,0.0,0.0,0.0,0.0
26.15,26150,800.0000174595921,0.0,25.843296980630726,0.0,0.0,0.0,0.0,0.0
26.16,26160,800.0000163683676,0.0,25.845435501755823,0.0,0.0,0.0,0.0,0.0
26.17,26170,800.0000153453447,0.0,25.847573951598072,0.0,0.0,0.0,0.0,0.0
26.18,26180,800.0000143862607,0.0,25.84971233015984,0.0,0.0,0.0,0.0,0.0
26.19,26190,800.0000134871194,0.0,25.851850637443516,0.0,0.0,0.0,0.0,0.0
26.2,26200,800.0000126441745,0.0,25.853988873451467,0.0,0.0,0.0,0.0,0.0
26.21,26210,800.0000118539136,0.0,25.856127038186074,0.0,0.0,0.0,0.0,0.0
26.22,26220,800.000011113044,0.0,25.858265131649716,0.0,0.0,0.0,0.0,0.0
26.23,26230,800.0000104184787,0.0,25.86040315384476,0.0,0.0,0.0,0.0,0.0
26.24,26240,800.0000097673238,0.0,25.862541104773584,0.0,0.0,0.0,0.0,0.0
26.25,26250,800.0000091568661,0.0,25.864678984438562,0.0,0.0,0.0,0.0,0.0
26.26,26260,800.000008584562,0.0,25.86681679284208,0.0,0.0,0.0,0.0,0.0
26.27,26270,800.0000080480269,0.0,25.868954529986503,0.0,0.0,0.0,0.0,0.0
26.28,26280,800.0000075450251,0.0,25.871092195874212,0.0,0.0,0.0,0.0,0.0
26.29,26290,800.0000070734611,0.0,25.87322979050757,0.0,0.0,0.0,0.0,0.0
26.3,26300,800.0000066313698,0.0,25.87536731388897,0.0,0.0,0.0,0.0,0.0
26.31,26310,800.0000062169092,0.0,25.877504766020767,0.0,0.0,0.0,0.0,0.0
26.32,26320,800.0000058283524,0.0,25.879642146905354,0.0,0.0,0.0,0.0,0.0
26.33,26330,800.0000054640803,0.0,25.881779456545104,0.0,0.0,0.0,0.0,0.0
26.34,26340,800.0000051225753,0.0,25.883916694942375,0.0,0.0,0.0,0.0,0.0
26.35,26350,800.0000048024143,0.0,25.88605386209956,0.0,0.0,0.0,0.0,0.0
26.36,26360,800.0000045022634,0.0,25.888190958019027,0.0,0.0,0.0,0.0,0.0
26.37,26370,800.0000042208719,0.0,25.89032798270315,0.0,0.0,0.0,0.0,0.0
26.38,26380,800.0000039570674,0.0,25.892464936154305,0.0,0.0,0.0,0.0,0.0
26.39,26390,800.0000037097507,0.0,25.894601818374866,0.0,0.0,0.0,0.0,0.0
26.4,26400,800.0000034778913,0.0,25.896738629367206,0.0,0.0,0.0,0.0,0.0
26.41,26410,800.000003260523,0.0,25.898875369133698,0.0,0.0,0.0,0.0,0.0
26.42,26420,800.0000030567403,0.0,25.90101203767672,0.0,0.0,0.0,0.0,0.0
26.43,26430,800.000002865694,0.0,25.90314863499865,0.0,0.0,0.0,0.0,0.0
26.44,26440,800.0000026865881,0.0,25.905285161101844,0.0,0.0,0.0,0.0,0.0
26.45,26450,800.0000025186764,0.0,25.9074216159887,0.0,0.0,0.0,0.0,0.0
26.46,26460,800.0000023612591,0.0,25.90955799966157,0.0,0.0,0.0,0.0,0.0
26.47,26470,800.0000022136804,0.0,25.911694312122847,0.0,0.0,0.0,0.0,0.0
26.48,26480,800.0000020753254,0.0,25.913830553374886,0.0,0.0,0.0,0.0,0.0
26.49,26490,800.0000019456176,0.0,25.915966723420077,0.0,0.0,0.0,0.0,0.0
26.5,26500,800.0000018240164,0.0,25.91810282226078,0.0,0.0,0.0,0.0,0.0
26.51,26510,800.0000017100153,0.0,25.920238849899384,0.0,0.0,0.0,0.0,0.0
26.52,26520,800.0000016031394,0.0,25.92237480633825,0.0,0.0,0.0,0.0,0.0
26.53,26530,800.0000015029432,0.0,25.92451069157975,0.0,0.0,0.0,0.0,0.0
26.54,26540,800.0000014090092,0.0,25.926646505626266,0.0,0.0,0.0,0.0,0.0
26.55,26550,800.0000013209461,0.0,25.928782248480168,0.0,0.0,0.0,0.0,0.0
26.56,26560,800.000001238387,0.0,25.930917920143827,0.0,0.0,0.0,0.0,0.0
26.57,26570,800.0000011609878,0.0,25.933053520619616,0.0,0.0,0.0,0.0,0.0
26.58,26580,800.0000010884261,0.0,25.935189049909912,0.0,0.0,0.0,0.0,0.0
26.59,26590,800.0000010203994,0.0,25.937324508017078,0.0,0.0,0.0,0.0,0.0
26.6,26600,800.0000009566245,0.0,25.939459894943504,0.0,0.0,0.0,0.0,0.0
26.61,26610,800.0000008968354,0.0,25.94159521069154,0.0,0.0,0.0,0.0,0.0
26.62,26620,800.0000008407833,0.0,25.943730455263584,0.0,0.0,0.0,0.0,0.0
26.63,26630,800.0000007882343,0.0,25.94586562866198,0.0,0.0,0.0,0.0,0.0
26.64,26640,800.0000007389697,0.0,25.948000730889124,0.0,0.0,0.0,0.0,0.0
26.65,26650,800.000000692784,0.0,25.95013576194738,0.0,0.0,0.0,0.0,0.0
26.66,26660,800.0000006494851,0.0,25.952270721839117,0.0,0.0,0.0,0.0,0.0
26.67,26670,800.0000006088923,0.0,25.954405610566713,0.0,0.0,0.0,0.0,0.0
26.68,26680,800.0000005708365,0.0,25.956540428132534,0.0,0.0,0.0,0.0,0.0
26.69,26690,800.0000005351592,0.0,25.95867517453896,0.0,0.0,0.0,0.0,0.0
26.7,26700,800.0000005017117,0.0,25.96080984978836,0.0,0.0,0.0,0.0,0.0
26.71,26710,800.0000004703547,0.0,25.9629444538831,0.0,0.0,0.0,0.0,0.0
26.72,26720,800.0000004409576,0.0,25.96507898682556,0.0,0.0,0.0,0.0,0.0
26.73,26730,800.0000004133977,0.0,25.9672134486181,0.0,0.0,0.0,0.0,0.0
26.74,26740,800.0000003875604,0.0,25.96934783926311,0.0,0.0,0.0,0.0,0.0
26.75,26750,800.0000003633378,0.0,25.971482158762946,0.0,0.0,0.0,0.0,0.0
26.76,26760,800.0000003406292,0.0,25.97361640711998,0.0,0.0,0.0,0.0,0.0
26.77,26770,800.0000003193398,0.0,25.975750584336595,0.0,0.0,0.0,0.0,0.0
26.78,26780,800.0000002993811,0.0,25.977884690415152,0.0,0.0,0.0,0.0,0.0
26.79,26790,800.0000002806698,0.0,25.980018725358022,0.0,0.0,0.0,0.0,0.0
26.8,26800,800.000000263128,0.0,25.982152689167584,0.0,0.0,0.0,0.0,0.0
26.81,26810,800.0000002466825,0.0,25.984286581846206,0.0,0.0,0.0,0.0,0.0
26.82,26820,800.0000002312648,0.0,25.98642040339625,0.0,0.0,0.0,0.0,0.0
26.83,26830,800.0000002168108,0.0,25.988554153820097,0.0,0.0,0.0,0.0,0.0
26.84,26840,800.0000002032601,0.0,25.990687833120116,0.0,0.0,0.0,0.0,0.0
26.85,26850,800.0000001905564,0.0,25.992821441298677,0.0,0.0,0.0,0.0,0.0
26.86,26860,800.0000001786466,0.0,25.99495497835815,0.0,0.0,0.0,0.0,0.0
26.87,26870,800.0000001674812,0.0,25.99708844430091,0.0,0.0,0.0,0.0,0.0
26.88,26880,800.0000001570136,0.0,25.999221839129326,0.0,0.0,0.0,0.0,0.0
26.89,26890,800.0000001472002,0.0,26.001355162845762,0.0,0.0,0.0,0.0,0.0
26.9,26900,800.0000001380002,0.0,26.00348841545259,0.0,0.0,0.0,0.0,0.0
26.91,26910,800.0000001293753,0.0,26.005621596952185,0.0,0.0,0.0,0.0,0.0
26.92,26920,800.0000001212893,0.0,26.00775470734692,0.0,0.0,0.0,0.0,0.0
26.93,26930,800.0000001137087,0.0,26.00988774663915,0.0,0.0,0.0,0.0,0.0
26.94,26940,800.0000001066019,0.0,26.012020714831266,0.0,0.0,0.0,0.0,0.0
26.95,26950,800.0000000999393,0.0,26.01415361192562,0.0,0.0,0.0,0.0,0.0
26.96,26960,800.0000000936931,0.0,26.01628643792459,0.0,0.0,0.0,0.0,0.0
26.97,26970,800.0000000878373,0.0,26.018419192830546,0.0,0.0,0.0,0.0,0.0
26.98,26980,800.0000000823475,0.0,26.02055187664586,0.0,0.0,0.0,0.0,0.0
26.99,26990,800.0000000772008,0.0,26.0226844893729,0.0,0.0,0.0,0.0,0.0
27.0,27000,800.0000000723757,0.0,26.024817031014027,0.0,0.0,0.0,0.0,0.0
27.01,27010,800.0000000678522,0.0,26.02694950157162,0.0,0.0,0.0,0.0,0.0
27.02,27020,800.0000000636114,0.0,26.02908190104804,0.0,0.0,0.0,0.0,0.0
27.03,27030,800.0000000596357,0.0,26.03121422944567,0.0,0.0,0.0,0.0,0.0
27.04,27040,800.0000000559085,0.0,26.033346486766874,0.0,0.0,0.0,0.0,0.0
27.05,27050,800.0000000524142,0.0,26.035478673014012,0.0,0.0,0.0,0.0,0.0
27.06,27060,800.0000000491383,0.0,26.037610788189465,0.0,0.0,0.0,0.0,0.0
27.07,27070,800.0000000460672,0.0,26.039742832295588,0.0,0.0,0.0,0.0,0.0
27.08,27080,800.0000000431879,0.0,26.041874805334764,0.0,0.0,0.0,0.0,0.0
27.09,27090,800.0000000404887,0.0,26.044006707309357,0.0,0.0,0.0,0.0,0.0
27.1,27100,800.0000000379581,0.0,26.046138538221733,0.0,0.0,0.0,0.0,0.0
27.11,27110,800.0000000355857,0.0,26.048270298074264,0.0,0.0,0.0,0.0,0.0
27.12,27120,800.0000000333616,0.0,26.050401986869314,0.0,0.0,0.0,0.0,0.0
27.13,27130,800.0000000312765,0.0,26.05253360460926,0.0,0.0,0.0,0.0,0.0
27.14,27140,800.0000000293218,0.0,26.054665151296465,0.0,0.0,0.0,0.0,0.0
27.15,27150,800.0000000274891,0.0,26.0567966269333,0.0,0.0,0.0,0.0,0.0
27.16,27160,800.0000000257711,0.0,26.05892803152213,0.0,0.0,0.0,0.0,0.0
27.17,27170,800.0000000241604,0.0,26.061059365065322,0.0,0.0,0.0,0.0,0.0
27.18,27180,800.0000000226504,0.0,26.06319062756524,0.0,0.0,0.0,0.0,0.0
27.19,27190,800.0000000212348,0.0,26.06532181902427,0.0,0.0,0.0,0.0,0.0
27.2,27200,800.0000000199076,0.0,26.067452939444763,0.0,0.0,0.0,0.0,0.0
27.21,27210,800.0000000186634,0.0,26.0695839888291,0.0,0.0,0.0,0.0,0.0
27.22,27220,800.000000017497,0.0,26.071714967179634,0.0,0.0,0.0,0.0,0.0
27.23,27230,800.0000000164034,0.0,26.073845874498744,0.0,0.0,0.0,0.0,0.0
27.24,27240,800.0000000153782,0.0,26.075976710788794,0.0,0.0,0.0,0.0,0.0
27.25,27250,800.0000000144171,0.0,26.07810747605214,0.0,0.0,0.0,0.0,0.0
27.26,27260,800.000000013516,0.0,26.080238170291178,0.0,0.0,0.0,0.0,0.0
27.27,27270,800.0000000126713,0.0,26.082368793508248,0.0,0.0,0.0,0.0,0.0
27.28,27280,800.0000000118794,0.0,26.08449934570573,0.0,0.0,0.0,0.0,0.0
27.29,27290,800.0000000111369,0.0,26.08662982688599,0.0,0.0,0.0,0.0,0.0
27.3,27300,800.0000000104408,0.0,26.088760237051396,0.0,0.0,0.0,0.0,0.0
27.31,27310,800.0000000097882,0.0,26.090890576204306,0.0,0.0,0.0,0.0,0.0
27.32,27320,800.0000000091765,0.0,26.0930208443471,0.0,0.0,0.0,0.0,0.0
27.33,27330,800.0000000086029,0.0,26.095151041482143,0.0,0.0,0.0,0.0,0.0
27.34,27340,800.0000000080652,0.0,26.09728116761179,0.0,0.0,0.0,0.0,0.0
27.35,27350,800.0000000075611,0.0,26.099411222738425,0.0,0.0,0.0,0.0,0.0
27.36,27360,800.0000000070885,0.0,26.101541206864404,0.0,0.0,0.0,0.0,0.0
27.37,27370,800.0000000066455,0.0,26.103671119992086,0.0,0.0,0.0,0.0,0.0
27.38,27380,800.0000000062302,0.0,26.105800962123855,0.0,0.0,0.0,0.0,0.0
27.39,27390,800.0000000058408,0.0,26.10793073326207,0.0,0.0,0.0,0.0,0.0
27.4,27400,800.0000000054757,0.0,26.110060433409096,0.0,0.0,0.0,0.0,0.0
27.41,27410,800.0000000051335,0.0,26.1121900625673,0.0,0.0,0.0,0.0,0.0
27.42,27420,800.0000000048127,0.0,26.114319620739046,0.0,0.0,0.0,0.0,0.0
27.43,27430,800.0000000045119,0.0,26.116449107926705,0.0,0.0,0.0,0.0,0.0
27.44,27440,800.00000000423,0.0,26.118578524132637,0.0,0.0,0.0,0.0,0.0
27.45,27450,800.0000000039656,0.0,26.120707869359215,0.0,0.0,0.0,0.0,0.0
27.46,27460,800.0000000037178,0.0,26.122837143608805,0.0,0.0,0.0,0.0,0.0
27.47,27470,800.0000000034854,0.0,26.12496634688376,0.0,0.0,0.0,0.0,0.0
27.48,27480,800.0000000032676,0.0,26.127095479186465,0.0,0.0,0.0,0.0,0.0
27.49,27490,800.0000000030634,0.0,26.129224540519278,0.0,0.0,0.0,0.0,0.0
27.5,27500,800.000000002872,0.0,26.131353530884553,0.0,0.0,0.0,0.0,0.0
27.51,27510,800.0000000026924,0.0,26.13348245028467,0.0,0.0,0.0,0.0,0.0
27.52,27520,800.0000000025242,0.0,26.13561129872199,0.0,0.0,0.0,0.0,0.0
27.53,27530,800.0000000023664,0.0,26.137740076198877,0.0,0.0,0.0,0.0,0.0
27.54,27540,800.0000000022185,0.0,26.1398687827177,0.0,0.0,0.0,0.0,0.0
27.55,27550,800.0000000020798,0.0,26.141997418280816,0.0,0.0,0.0,0.0,0.0
27.56,27560,800.0000000019498,0.0,26.144125982890603,0.0,0.0,0.0,0.0,0.0
27.57,27570,800.000000001828,0.0,26.14625447654941,0.0,0.0,0.0,0.0,0.0
27.58,27580,800.0000000017137,0.0,26.14838289925962,0.0,0.0,0.0,0.0,0.0
27.59,27590,800.0000000016066,0.0,26.15051125102358,0.0,0.0,0.0,0.0,0.0
27.6,27600,800.0000000015062,0.0,26.152639531843676,0.0,0.0,0.0,0.0,0.0
27.61,27610,800.0000000014121,0.0,26.154767741722246,0.0,0.0,0.0,0.0,0.0
27.62,27620,800.0000000013239,0.0,26.15689588066168,0.0,0.0,0.0,0.0,0.0
27.63,27630,800.0000000012411,0.0,26.15902394866433,0.0,0.0,0.0,0.0,0.0
27.64,27640,800.0000000011636,0.0,26.161151945732556,0.0,0.0,0.0,0.0,0.0
27.65,27650,800.0000000010908,0.0,26.163279871868728,0.0,0.0,0.0,0.0,0.0
27.66,27660,800.0000000010226,0.0,26.165407727075216,0.0,0.0,0.0,0.0,0.0
27.67,27670,800.0000000009587,0.0,26.16753551135438,0.0,0.0,0.0,0.0,0.0
27.68,27680,800.0000000008988,0.0,26.169663224708586,0.0,0.0,0.0,0.0,0.0
27.69,27690,800.0000000008426,0.0,26.17179086714019,0.0,0.0,0.0,0.0,0.0
27.7,27700,800.00000000079,0.0,26.173918438651565,0.0,0.0,0.0,0.0,0.0
27.71,27710,800.0000000007407,0.0,26.176045939245064,0.0,0.0,0.0,0.0,0.0
27.72,27720,800.0000000006944,0.0,26.178173368923066,0.0,0.0,0.0,0.0,0.0
27.73,27730,800.000000000651,0.0,26.18030072768793,0.0,0.0,0.0,0.0,0.0
27.74,27740,800.0000000006103,0.0,26.18242801554201,0.0,0.0,0.0,0.0,0.0
27.75,27750,800.0000000005721,0.0,26.18455523248768,0.0,0.0,0.0,0.0,0.0
27.76,27760,800.0000000005364,0.0,26.186682378527298,0.0,0.0,0.0,0.0,0.0
27.77,27770,800.0000000005028,0.0,26.188809453663232,0.0,0.0,0.0,0.0,0.0
27.78,27780,800.0000000004715,0.0,26.190936457897838,0.0,0.0,0.0,0.0,0.0
27.79,27790,800.000000000442,0.0,26.193063391233494,0.0,0.0,0.0,0.0,0.0
27.8,27800,800.0000000004144,0.0,26.19519025367255,0.0,0.0,0.0,0.0,0.0
27.81,27810,800.0000000003885,0.0,26.197317045217368,0.0,0.0,0.0,0.0,0.0
27.82,27820,800.0000000003641,0.0,26.19944376587032,0.0,0.0,0.0,0.0,0.0
27.83,27830,800.0000000003414,0.0,26.201570415633764,0.0,0.0,0.0,0.0,0.0
27.84,27840,800.00000000032,0.0,26.20369699451006,0.0,0.0,0.0,0.0,0.0
27.85,27850,800.0000000003,0.0,26.205823502501584,0.0,0.0,0.0,0.0,0.0
27.86,27860,800.0000000002813,0.0,26.20794993961069,0.0,0.0,0.0,0.0,0.0
27.87,27870,800.0000000002636,0.0,26.210076305839735,0.0,0.0,0.0,0.0,0.0
27.88,27880,800.0000000002472,0.0,26.212202601191088,0.0,0.0,0.0,0.0,0.0
27.89,27890,800.0000000002317,0.0,26.214328825667103,0.0,0.0,0.0,0.0,0.0
27.9,27900,800.0000000002173,0.0,26.21645497927016,0.0,0.0,0.0,0.0,0.0
27.91,27910,800.0000000002037,0.0,26.218581062002613,0.0,0.0,0.0,0.0,0.0
27.92,27920,800.000000000191,0.0,26.220707073866816,0.0,0.0,0.0,0.0,0.0
27.93,27930,800.000000000179,0.0,26.222833014865138,0.0,0.0,0.0,0.0,0.0
27.94,27940,800.0000000001679,0.0,26.224958884999943,0.0,0.0,0.0,0.0,0.0
27.95,27950,800.0000000001575,0.0,26.227084684273592,0.0,0.0,0.0,0.0,0.0
27.96,27960,800.0000000001476,0.0,26.229210412688452,0.0,0.0,0.0,0.0,0.0
27.97,27970,800.0000000001384,0.0,26.231336070246872,0.0,0.0,0.0,0.0,0.0
27.98,27980,800.0000000001297,0.0,26.233461656951214,0.0,0.0,0.0,0.0,0.0
27.99,27990,800.0000000001216,0.0,26.23558717280386,0.0,0.0,0.0,0.0,0.0
28.0,28000,800.000000000114,0.0,26.23771261780715,0.0,0.0,0.0,0.0,0.0
28.01,28010,800.0000000001069,0.0,26.239837991963455,0.0,0.0,0.0,0.0,0.0
28.02,28020,800.0000000001002,0.0,26.24196329527514,0.0,0.0,0.0,0.0,0.0
28.03,28030,800.0000000000939,0.0,26.24408852774456,0.0,0.0,0.0,0.0,0.0
28.04,28040,800.000000000088,0.0,26.246213689374077,0.0,0.0,0.0,0.0,0.0
28.05,28050,800.0000000000825,0.0,26.24833878016606,0.0,0.0,0.0,0.0,0.0
28.06,28060,800.0000000000774,0.0,26.25046380012286,0.0,0.0,0.0,0.0,0.0
28.07,28070,800.0000000000725,0.0,26.25258874924684,0.0,0.0,0.0,0.0,0.0
28.08,28080,800.000000000068,0.0,26.25471362754036,0.0,0.0,0.0,0.0,0.0
28.09,28090,800.0000000000638,0.0,26.256838435005783,0.0,0.0,0.0,0.0,0.0
28.1,28100,800.0000000000598,0.0,26.258963171645476,0.0,0.0,0.0,0.0,0.0
28.11,28110,800.000000000056,0.0,26.261087837461794,0.0,0.0,0.0,0.0,0.0
28.12,28120,800.0000000000525,0.0,26.263212432457102,0.0,0.0,0.0,0.0,0.0
28.13,28130,800.0000000000492,0.0,26.265336956633753,0.0,0.0,0.0,0.0,0.0
28.14,28140,800.0000000000462,0.0,26.267461409994116,0.0,0.0,0.0,0.0,0.0
28.15,28150,800.0000000000433,0.0,26.269585792540543,0.0,0.0,0.0,0.0,0.0
28.16,28160,800.0000000000406,0.0,26.271710104275392,0.0,0.0,0.0,0.0,0.0
28.17,28170,800.0000000000381,0.0,26.273834345201042,0.0,0.0,0.0,0.0,0.0
28.18,28180,800.0000000000357,0.0,26.275958515319836,0.0,0.0,0.0,0.0,0.0
28.19,28190,800.0000000000334,0.0,26.278082614634137,0.0,0.0,0.0,0.0,0.0
28.2,28200,800.0000000000314,0.0,26.28020664314631,0.0,0.0,0.0,0.0,0.0
28.21,28210,800.0000000000294,0.0,26.282330600858714,0.0,0.0,0.0,0.0,0.0
28.22,28220,800.0000000000276,0.0,26.28445448777371,0.0,0.0,0.0,0.0,0.0
28.23,28230,800.0000000000259,0.0,26.286578303893656,0.0,0.0,0.0,0.0,0.0
28.24,28240,800.0000000000243,0.0,26.288702049220902,0.0,0.0,0.0,0.0,0.0
28.25,28250,800.0000000000229,0.0,26.290825723757823,0.0,0.0,0.0,0.0,0.0
28.26,28260,800.0000000000214,0.0,26.29294932750677,0.0,0.0,0.0,0.0,0.0
28.27,28270,800.00000000002,0.0,26.295072860470107,0.0,0.0,0.0,0.0,0.0
28.28,28280,800.0000000000188,0.0,26.297196322650194,0.0,0.0,0.0,0.0,0.0
28.29,28290,800.0000000000176,0.0,26.299319714049382,0.0,0.0,0.0,0.0,0.0
28.3,28300,800.0000000000165,0.0,26.301443034670044,0.0,0.0,0.0,0.0,0.0
28.31,28310,800.0000000000155,0.0,26.30356628451453,0.0,0.0,0.0,0.0,0.0
28.32,28320,800.0000000000146,0.0,26.3056894635852,0.0,0.0,0.0,0.0,0.0
28.33,28330,800.0000000000136,0.0,26.30781257188441,0.0,0.0,0.0,0.0,0.0
28.34,28340,800.0000000000127,0.0,26.309935609414524,0.0,0.0,0.0,0.0,0.0
28.35,28350,800.0000000000119,0.0,26.312058576177904,0.0,0.0,0.0,0.0,0.0
28.36,28360,800.0000000000111,0.0,26.314181472176898,0.0,0.0,0.0,0.0,0.0
28.37,28370,800.0000000000105,0.0,26.316304297413872,0.0,0.0,0.0,0.0,0.0
28.38,28380,800.0000000000098,0.0,26.31842705189119,0.0,0.0,0.0,0.0,0.0
28.39,28390,800.0000000000092,0.0,26.320549735611202,0.0,0.0,0.0,0.0,0.0
28.4,28400,800.0000000000086,0.0,26.322672348576273,0.0,0.0,0.0,0.0,0.0
28.41,28410,800.0000000000081,0.0,26.32479489078875,0.0,0.0,0.0,0.0,0.0
28.42,28420,800.0000000000076,0.0,26.326917362251006,0.0,0.0,0.0,0.0,0.0
28.43,28430,800.0000000000072,0.0,26.329039762965387,0.0,0.0,0.0,0.0,0.0
28.44,28440,800.0000000000067,0.0,26.331162092934257,0.0,0.0,0.0,0.0,0.0
28.45,28450,800.0000000000063,0.0,26.333284352159975,0.0,0.0,0.0,0.0,0.0
28.46,28460,800.0000000000059,0.0,26.3354065406449,0.0,0.0,0.0,0.0,0.0
28.47,28470,800.0000000000056,0.0,26.337528658391385,0.0,0.0,0.0,0.0,0.0
28.48,28480,800.0000000000052,0.0,26.339650705401795,0.0,0.0,0.0,0.0,0.0
28.49,28490,800.0000000000049,0.0,26.34177268167848,0.0,0.0,0.0,0.0,0.0
28.5,28500,800.0000000000045,0.0,26.3438945872238,0.0,0.0,0.0,0.0,0.0
28.51,28510,800.0000000000043,0.0,26.346016422040115,0.0,0.0,0.0,0.0,0.0
28.52,28520,800.0000000000041,0.0,26.348138186129788,0.0,0.0,0.0,0.0,0.0
28.53,28530,800.0000000000039,0.0,26.350259879495155,0.0,0.0,0.0,0.0,0.0
28.54,28540,800.0000000000036,0.0,26.352381502138606,0.0,0.0,0.0,0.0,0.0
28.55,28550,800.0000000000034,0.0,26.35450305406247,0.0,0.0,0.0,0.0,0.0
28.56,28560,800.0000000000032,0.0,26.35662453526912,0.0,0.0,0.0,0.0,0.0
28.57,28570,800.000000000003,0.0,26.35874594576091,0.0,0.0,0.0,0.0,0.0
28.58,28580,800.0000000000027,0.0,26.360867285540184,0.0,0.0,0.0,0.0,0.0
28.59,28590,800.0000000000025,0.0,26.362988554609323,0.0,0.0,0.0,0.0,0.0
28.6,28600,800.0000000000024,0.0,26.36510975297066,0.0,0.0,0.0,0.0,0.0
28.61,28610,800.0000000000023,0.0,26.367230880626575,0.0,0.0,0.0,0.0,0.0
28.62,28620,800.0000000000022,0.0,26.36935193757941,0.0,0.0,0.0,0.0,0.0
28.63,28630,800.000000000002,0.0,26.37147292383152,0.0,0.0,0.0,0.0,0.0
28.64,28640,800.0000000000019,0.0,26.373593839385272,0.0,0.0,0.0,0.0,0.0
28.65,28650,800.0000000000018,0.0,26.375714684243015,0.0,0.0,0.0,0.0,0.0
28.66,28660,800.0000000000017,0.0,26.377835458407105,0.0,0.0,0.0,0.0,0.0
28.67,28670,800.0000000000016,0.0,26.379956161879903,0.0,0.0,0.0,0.0,0.0
28.68,28680,800.0000000000015,0.0,26.382076794663764,0.0,0.0,0.0,0.0,0.0
28.69,28690,800.0000000000014,0.0,26.38419735676105,0.0,0.0,0.0,0.0,0.0
28.7,28700,800.0000000000013,0.0,26.3863178481741,0.0,0.0,0.0,0.0,0.0
28.71,28710,800.0000000000011,0.0,26.38843826890529,0.0,0.0,0.0,0.0,0.0
28.72,28720,800.000000000001,0.0,26.390558618956963,0.0,0.0,0.0,0.0,0.0
28.73,28730,800.0000000000009,0.0,26.39267889833148,0.0,0.0,0.0,0.0,0.0
28.74,28740,800.0000000000009,0.0,26.394799107031194,0.0,0.0,0.0,0.0,0.0
28.75,28750,800.0000000000009,0.0,26.39691924505846,0.0,0.0,0.0,0.0,0.0
28.76,28760,800.0000000000009,0.0,26.39903931241564,0.0,0.0,0.0,0.0,0.0
28.77,28770,800.0000000000009,0.0,26.401159309105083,0.0,0.0,0.0,0.0,0.0
28.78,28780,800.0000000000009,0.0,26.403279235129148,0.0,0.0,0.0,0.0,0.0
28.79,28790,800.0000000000009,0.0,26.405399090490196,0.0,0.0,0.0,0.0,0.0
28.8,28800,800.0000000000009,0.0,26.40751887519057,0.0,0.0,0.0,0.0,0.0
28.81,28810,800.0000000000009,0.0,26.409638589232635,0.0,0.0,0.0,0.0,0.0
28.82,28820,800.0000000000009,0.0,26.411758232618737,0.0,0.0,0.0,0.0,0.0
28.83,28830,800.0000000000009,0.0,26.41387780535124,0.0,0.0,0.0,0.0,0.0
28.84,28840,800.0000000000009,0.0,26.4159973074325,0.0,0.0,0.0,0.0,0.0
28.85,28850,800.0000000000009,0.0,26.418116738864867,0.0,0.0,0.0,0.0,0.0
28.86,28860,800.0000000000009,0.0,26.420236099650698,0.0,0.0,0.0,0.0,0.0
28.87,28870,800.0000000000009,0.0,26.42235538979234,0.0,0.0,0.0,0.0,0.0
28.88,28880,800.0000000000009,0.0,26.42447460929216,0.0,0.0,0.0,0.0,0.0
28.89,28890,800.0000000000009,0.0,26.426593758152503,0.0,0.0,0.0,0.0,0.0
28.9,28900,800.0000000000009,0.0,26.428712836375734,0.0,0.0,0.0,0.0,0.0
28.91,28910,800.0000000000009,0.0,26.4308318439642,0.0,0.0,0.0,0.0,0.0
28.92,28920,800.0000000000009,0.0,26.432950780920258,0.0,0.0,0.0,0.0,0.0
28.93,28930,800.0000000000009,0.0,26.435069647246255,0.0,0.0,0.0,0.0,0.0
28.94,28940,800.0000000000009,0.0,26.43718844294456,0.0,0.0,0.0,0.0,0.0
28.95,28950,800.0000000000009,0.0,26.439307168017514,0.0,0.0,0.0,0.0,0.0
28.96,28960,800.0000000000009,0.0,26.441425822467476,0.0,0.0,0.0,0.0,0.0
28.97,28970,800.0000000000009,0.0,26.443544406296795,0.0,0.0,0.0,0.0,0.0
28.98,28980,800.0000000000009,0.0,26.445662919507836,0.0,0.0,0.0,0.0,0.0
28.99,28990,800.0000000000009,0.0,26.44778136210295,0.0,0.0,0.0,0.0,0.0
29.0,29000,800.0000000000009,0.0,26.44989973408448,0.0,0.0,0.0,0.0,0.0
29.01,29010,800.0000000000009,0.0,26.452018035454792,0.0,0.0,0.0,0.0,0.0
29.02,29020,800.0000000000009,0.0,26.45413626621624,0.0,0.0,0.0,0.0,0.0
29.03,29030,800.0000000000009,0.0,26.456254426371167,0.0,0.0,0.0,0.0,0.0
29.04,29040,800.0000000000009,0.0,26.45837251592193,0.0,0.0,0.0,0.0,0.0
29.05,29050,800.0000000000009,0.0,26.46049053487089,0.0,0.0,0.0,0.0,0.0
29.06,29060,800.0000000000009,0.0,26.462608483220393,0.0,0.0,0.0,0.0,0.0
29.07,29070,800.0000000000009,0.0,26.46472636097279,0.0,0.0,0.0,0.0,0.0
29.08,29080,800.0000000000009,0.0,26.466844168130443,0.0,0.0,0.0,0.0,0.0
29.09,29090,800.0000000000009,0.0,26.4689619046957,0.0,0.0,0.0,0.0,0.0
29.1,29100,800.0000000000009,0.0,26.47107957067091,0.0,0.0,0.0,0.0,0.0
29.11,29110,800.0000000000009,0.0,26.47319716605844,0.0,0.0,0.0,0.0,0.0
29.12,29120,800.0000000000009,0.0,26.475314690860632,0.0,0.0,0.0,0.0,0.0
29.13,29130,800.0000000000009,0.0,26.477432145079835,0.0,0.0,0.0,0.0,0.0
29.14,29140,800.0000000000009,0.0,26.479549528718408,0.0,0.0,0.0,0.0,0.0
29.15,29150,800.0000000000009,0.0,26.481666841778704,0.0,0.0,0.0,0.0,0.0
29.16,29160,800.0000000000009,0.0,26.48378408426307,0.0,0.0,0.0,0.0,0.0
29.17,29170,800.0000000000009,0.0,26.485901256173868,0.0,0.0,0.0,0.0,0.0
29.18,29180,800.0000000000009,0.0,26.488018357513447,0.0,0.0,0.0,0.0,0.0
29.19,29190,800.0000000000009,0.0,26.490135388284155,0.0,0.0,0.0,0.0,0.0
29.2,29200,800.0000000000009,0.0,26.492252348488343,0.0,0.0,0.0,0.0,0.0
29.21,29210,800.0000000000009,0.0,26.49436923812837,0.0,0.0,0.0,0.0,0.0
29.22,29220,800.0000000000009,0.0,26.496486057206585,0.0,0.0,0.0,0.0,0.0
29.23,29230,800.0000000000009,0.0,26.498602805725337,0.0,0.0,0.0,0.0,0.0
29.24,29240,800.0000000000009,0.0,26.500719483686986,0.0,0.0,0.0,0.0,0.0
29.25,29250,800.0000000000009,0.0,26.50283609109388,0.0,0.0,0.0,0.0,0.0
29.26,29260,800.0000000000009,0.0,26.504952627948363,0.0,0.0,0.0,0.0,0.0
29.27,29270,800.0000000000009,0.0,26.507069094252795,0.0,0.0,0.0,0.0,0.0
29.28,29280,800.0000000000009,0.0,26.50918549000953,0.0,0.0,0.0,0.0,0.0
29.29,29290,800.0000000000009,0.0,26.511301815220918,0.0,0.0,0.0,0.0,0.0
29.3,29300,800.0000000000009,0.0,26.5134180698893,0.0,0.0,0.0,0.0,0.0
29.31,29310,800.0000000000009,0.0,26.515534254017044,0.0,0.0,0.0,0.0,0.0
29.32,29320,800.0000000000009,0.0,26.517650367606482,0.0,0.0,0.0,0.0,0.0
29.33,29330,800.0000000000009,0.0,26.51976641065998,0.0,0.0,0.0,0.0,0.0
29.34,29340,800.0000000000009,0.0,26.521882383179893,0.0,0.0,0.0,0.0,0.0
29.35,29350,800.0000000000009,0.0,26.52399828516856,0.0,0.0,0.0,0.0,0.0
29.36,29360,800.0000000000009,0.0,26.526114116628328,0.0,0.0,0.0,0.0,0.0
29.37,29370,800.0000000000009,0.0,26.528229877561564,0.0,0.0,0.0,0.0,0.0
29.38,29380,800.0000000000009,0.0,26.530345567970613,0.0,0.0,0.0,0.0,0.0
29.39,29390,800.0000000000009,0.0,26.53246118785782,0.0,0.0,0.0,0.0,0.0
29.4,29400,800.0000000000009,0.0,26.534576737225535,0.0,0.0,0.0,0.0,0.0
29.41,29410,800.0000000000009,0.0,26.53669221607612,0.0,0.0,0.0,0.0,0.0
29.42,29420,800.0000000000009,0.0,26.538807624411916,0.0,0.0,0.0,0.0,0.0
29.43,29430,800.0000000000009,0.0,26.540922962235275,0.0,0.0,0.0,0.0,0.0
29.44,29440,800.0000000000009,0.0,26.54303822954855,0.0,0.0,0.0,0.0,0.0
29.45,29450,800.0000000000009,0.0,26.545153426354084,0.0,0.0,0.0,0.0,0.0
29.46,29460,800.0000000000009,0.0,26.547268552654238,0.0,0.0,0.0,0.0,0.0
29.47,29470,800.0000000000009,0.0,26.549383608451357,0.0,0.0,0.0,0.0,0.0
29.48,29480,800.0000000000009,0.0,26.551498593747795,0.0,0.0,0.0,0.0,0.0
29.49,29490,800.0000000000009,0.0,26.55361350854589,0.0,0.0,0.0,0.0,0.0
29.5,29500,800.0000000000009,0.0,26.555728352848007,0.0,0.0,0.0,0.0,0.0
29.51,29510,800.0000000000009,0.0,26.557843126656486,0.0,0.0,0.0,0.0,0.0
29.52,29520,800.0000000000009,0.0,26.559957829973683,0.0,0.0,0.0,0.0,0.0
29.53,29530,800.0000000000009,0.0,26.56207246280194,0.0,0.0,0.0,0.0,0.0
29.54,29540,800.0000000000009,0.0,26.56418702514361,0.0,0.0,0.0,0.0,0.0
29.55,29550,800.0000000000009,0.0,26.566301517001044,0.0,0.0,0.0,0.0,0.0
29.56,29560,800.0000000000009,0.0,26.568415938376596,0.0,0.0,0.0,0.0,0.0
29.57,29570,800.0000000000009,0.0,26.5705302892726,0.0,0.0,0.0,0.0,0.0
29.58,29580,800.0000000000009,0.0,26.572644569691423,0.0,0.0,0.0,0.0,0.0
29.59,29590,800.0000000000009,0.0,26.574758779635406,0.0,0.0,0.0,0.0,0.0
29.6,29600,800.0000000000009,0.0,26.576872919106897,0.0,0.0,0.0,0.0,0.0
29.61,29610,800.0000000000009,0.0,26.578986988108248,0.0,0.0,0.0,0.0,0.0
29.62,29620,800.0000000000009,0.0,26.581100986641808,0.0,0.0,0.0,0.0,0.0
29.63,29630,800.0000000000009,0.0,26.58321491470992,0.0,0.0,0.0,0.0,0.0
29.64,29640,800.0000000000009,0.0,26.585328772314945,0.0,0.0,0.0,0.0,0.0
29.65,29650,800.0000000000009,0.0,26.58744255945922,0.0,0.0,0.0,0.0,0.0
29.66,29660,800.0000000000009,0.0,26.5895562761451,0.0,0.0,0.0,0.0,0.0
29.67,29670,800.0000000000009,0.0,26.591669922374923,0.0,0.0,0.0,0.0,0.0
29.68,29680,800.0000000000009,0.0,26.59378349815106,0.0,0.0,0.0,0.0,0.0
29.69,29690,800.0000000000009,0.0,26.59589700347583,0.0,0.0,0.0,0.0,0.0
29.7,29700,800.0000000000009,0.0,26.598010438351604,0.0,0.0,0.0,0.0,0.0
29.71,29710,800.0000000000009,0.0,26.600123802780725,0.0,0.0,0.0,0.0,0.0
29.72,29720,800.0000000000009,0.0,26.60223709676553,0.0,0.0,0.0,0.0,0.0
29.73,29730,800.0000000000009,0.0,26.604350320308388,0.0,0.0,0.0,0.0,0.0
29.74,29740,800.0000000000009,0.0,26.60646347341163,0.0,0.0,0.0,0.0,0.0
29.75,29750,800.0000000000009,0.0,26.608576556077608,0.0,0.0,0.0,0.0,0.0
29.76,29760,800.0000000000009,0.0,26.61068956830868,0.0,0.0,0.0,0.0,0.0
29.77,29770,800.0000000000009,0.0,26.612802510107176,0.0,0.0,0.0,0.0,0.0
29.78,29780,800.0000000000009,0.0,26.61491538147545,0.0,0.0,0.0,0.0,0.0
29.79,29790,800.0000000000009,0.0,26.617028182415854,0.0,0.0,0.0,0.0,0.0
29.8,29800,800.0000000000009,0.0,26.61914091293074,0.0,0.0,0.0,0.0,0.0
29.81,29810,800.0000000000009,0.0,26.621253573022443,0.0,0.0,0.0,0.0,0.0
29.82,29820,800.0000000000009,0.0,26.623366162693316,0.0,0.0,0.0,0.0,0.0
29.83,29830,800.0000000000009,0.0,26.625478681945715,0.0,0.0,0.0,0.0,0.0
29.84,29840,800.0000000000009,0.0,26.627591130781973,0.0,0.0,0.0,0.0,0.0
29.85,29850,800.0000000000009,0.0,26.629703509204443,0.0,0.0,0.0,0.0,0.0
29.86,29860,800.0000000000009,0.0,26.63181581721547,0.0,0.0,0.0,0.0,0.0
29.87,29870,800.0000000000009,0.0,26.63392805481741,0.0,0.0,0.0,0.0,0.0
29.88,29880,800.0000000000009,0.0,26.6360402220126,0.0,0.0,0.0,0.0,0.0
29.89,29890,800.0000000000009,0.0,26.638152318803392,0.0,0.0,0.0,0.0,0.0
29.9,29900,800.0000000000009,0.0,26.64026434519213,0.0,0.0,0.0,0.0,0.0
29.91,29910,800.0000000000009,0.0,26.642376301181166,0.0,0.0,0.0,0.0,0.0
29.92,29920,800.0000000000009,0.0,26.644488186772833,0.0,0.0,0.0,0.0,0.0
29.93,29930,800.0000000000009,0.0,26.646600001969492,0.0,0.0,0.0,0.0,0.0
29.94,29940,800.0000000000009,0.0,26.648711746773486,0.0,0.0,0.0,0.0,0.0
29.95,29950,800.0000000000009,0.0,26.650823421187155,0.0,0.0,0.0,0.0,0.0
29.96,29960,800.0000000000009,0.0,26.652935025212855,0.0,0.0,0.0,0.0,0.0
29.97,29970,800.0000000000009,0.0,26.655046558852924,0.0,0.0,0.0,0.0,0.0
29.98,29980,800.0000000000009,0.0,26.657158022109712,0.0,0.0,0.0,0.0,0.0
29.99,29990,800.0000000000009,0.0,26.659269414985566,0.0,0.0,0.0,0.0,0.0
30.0,30000,865.7808876220281,40.0,26.661380737482833,0.0,0.0,0.0873735677419355,0.0873735677419355,2.427043548387097
30.01,30010,927.164128272055,40.0,26.66349198960385,0.0,0.0,0.17474712976886872,0.17474712976886872,2.4270433896370336
30.02,30020,984.4170061891555,40.0,26.665603171350973,0.0,0.0,0.26212067465079664,0.26212067465079664,2.427042913386885
30.03,30030,1037.7899829600456,40.0,26.667714282726543,0.0,0.0,0.3494941909577228,0.3494941909577228,2.427042119636838
30.04,30040,1087.517752349816,40.0,26.66982532373291,0.0,0.0,0.43686766725966364,0.43686766725966364,2.4270410083872456
30.05,30050,1133.8202295941392,40.0,26.671936294372408,0.0,0.0,0.5242410921266542,0.5242410921266542,2.427039579638627
30.06,30060,1176.9034792619027,40.0,26.674047194647393,0.0,0.0,0.6116144541287543,0.6116144541287543,2.427037833391668
30.07,30070,1216.9605855397078,40.0,26.676158024560216,0.0,0.0,0.6989877418360542,0.6989877418360542,2.4270357696472193
30.08,30080,1254.1724685481272,40.0,26.678268784113204,0.0,0.0,0.7863609438186809,0.7863609438186809,2.427033388406299
30.09,30090,1288.7086500730456,40.0,26.68037947330872,0.0,0.0,0.8737340486468042,0.8737340486468042,2.4270306896700906
30.1,30100,1320.7279718828588,40.0,26.682490092149106,0.0,0.0,0.9611070448906422,0.9611070448906422,2.427027673439944
30.11,30110,1350.3792696029132,40.0,26.684600640636695,0.0,0.0,1.0484799211204678,1.0484799211204678,2.4270243397173754
30.12,30120,1377.8020049314978,40.0,26.686711118773836,0.0,0.0,1.1358526659066142,1.1358526659066142,2.4270206885040664
30.13,30130,1403.126858806174,40.0,26.688821526562894,0.0,0.0,1.2232252678194815,1.2232252678194815,2.4270167198018657
30.14,30140,1426.4762879645416,40.0,26.690931864006185,0.0,0.0,1.3105977154295416,1.3105977154295416,2.427012433612788
30.15,30150,1447.9650471889943,40.0,26.69304213110607,0.0,0.0,1.3979699973073463,1.3979699973073463,2.4270078299390128
30.16,30160,1467.7006793799965,40.0,26.695152327864896,0.0,0.0,1.4853421020235302,1.4853421020235302,2.4270029087828875
30.17,30170,1485.7839754663182,40.0,26.697262454284996,0.0,0.0,1.5727140181488195,1.5727140181488195,2.4269976701469247
30.18,30180,1502.309406032942,40.0,26.69937251036872,0.0,0.0,1.6600857342540365,1.6600857342540365,2.426992114033803
30.19,30190,1517.3655264274857,40.0,26.70148249611842,0.0,0.0,1.7474572389101057,1.7474572389101057,2.426986240446368
30.2,30200,1531.0353569934991,40.0,26.703592411536434,0.0,0.0,1.8348285206880603,1.8348285206880603,2.42698004938763
30.21,30210,1543.3967399734108,40.0,26.705702256625095,0.0,0.0,1.9221995681590478,1.9221995681590478,2.4269735408607667
30.22,30220,1554.5226745248415,40.0,26.707812031386766,0.0,0.0,2.009570369894336,2.009570369894336,2.4269667148691214
30.23,30230,1564.4816312010287,40.0,26.709921735823787,0.0,0.0,2.096940914465319,2.096940914465319,2.426959571416203
30.24,30240,1573.3378471588933,40.0,26.712031369938494,0.0,0.0,2.1843111904435237,2.1843111904435237,2.4269521105056877
30.25,30250,1581.1516032764562,40.0,26.71414093373324,0.0,0.0,2.2716811864006146,2.2716811864006146,2.4269443321414164
30.26,30260,1587.9794842845758,40.0,26.716250427210362,0.0,0.0,2.3590508909084007,2.3590508909084007,2.426936236327397
30.27,30270,1593.8746229460266,40.0,26.718359850372202,0.0,0.0,2.446420292538842,2.446420292538842,2.4269278230678037
30.28,30280,1598.886929247495,40.0,26.720469203221118,0.0,0.0,2.5337893798640527,2.5337893798640527,2.426919092366976
30.29,30290,1603.0633055068786,40.0,26.722578485759435,0.0,0.0,2.6211581414563123,2.6211581414563123,2.4269100442294196
30.3,30300,1606.447848239099,40.0,26.72468769798951,0.0,0.0,2.7085265658880653,2.7085265658880653,2.426900678659807
30.31,30310,1609.08203756824,40.0,26.726796839913685,0.0,0.0,2.7958946417319326,2.7958946417319326,2.4268909956629754
30.32,30320,1611.004914922022,40.0,26.728905911534305,0.0,0.0,2.8832623575607137,2.8832623575607137,2.42688099524393
30.33,30330,1612.253249696182,40.0,26.7310149128537,0.0,0.0,2.9706297019473964,2.9706297019473964,2.42687067740784
30.34,30340,1612.8616955311113,40.0,26.733123843874225,0.0,0.0,3.0579966634651576,3.0579966634651576,2.4268600421600417
30.35,30350,1612.8629368008956,40.0,26.735232704598218,0.0,0.0,3.1453632306873747,3.1453632306873747,2.4268490895060384
30.36,30360,1612.2878258755736,40.0,26.737341495028033,0.0,0.0,3.232729392187629,3.232729392187629,2.4268378194514972
30.37,30370,1611.1655116808147,40.0,26.739450215166002,0.0,0.0,3.32009513653971,3.32009513653971,2.4268262320022527
30.38,30380,1609.523560045167,40.0,26.74155886501447,0.0,0.0,3.407460452317625,3.407460452317625,2.4268143271643057
30.39,30390,1607.388066293421,40.0,26.743667444575777,0.0,0.0,3.4948253280956028,3.4948253280956028,2.426802104943822
30.4,30400,1604.78376051533,40.0,26.745775953852274,0.0,0.0,3.5821897524480995,3.5821897524480995,2.4267895653471343
30.41,30410,1601.7341059117998,40.0,26.747884392846302,0.0,0.0,3.669553713949806,3.669553713949806,2.426776708380741
30.42,30420,1598.261390595602,40.0,26.749992761560208,0.0,0.0,3.7569172011756535,3.7569172011756535,2.4267635340513056
30.43,30430,1594.386813200546,40.0,26.752101059996317,0.0,0.0,3.844280202700817,3.844280202700817,2.42675004236566
30.44,30440,1590.1305626317612,40.0,26.754209288156982,0.0,0.0,3.931642707100726,3.931642707100726,2.426736233330799
30.45,30450,1585.511892270189,40.0,26.756317446044548,0.0,0.0,4.019004702951066,4.019004702951066,2.426722106953886
30.46,30460,1580.5491889264363,40.0,26.758425533661367,0.0,0.0,4.106366178827787,4.106366178827787,2.426707663242249
30.47,30470,1575.2600368227315,40.0,26.760533551009754,0.0,0.0,4.193727123307109,4.193727123307109,2.4266929022033814
30.48,30480,1569.6612768667123,40.0,26.762641498092076,0.0,0.0,4.2810875249655265,4.2810875249655265,2.426677823844945
30.49,30490,1563.7690614670807,40.0,26.764749374910664,0.0,0.0,4.368447372379818,4.368447372379818,2.4266624281747644
30.5,30500,1557.598905128689,40.0,26.76685718146786,0.0,0.0,4.4558066541270485,4.4558066541270485,2.4266467152008317
30.51,30510,1551.1657310532635,40.0,26.768964917766013,0.0,0.0,4.5431653587845755,4.5431653587845755,2.4266306849313057
30.52,30520,1544.4839139616452,40.0,26.77107258380746,0.0,0.0,4.630523474930057,4.630523474930057,2.4266143373745104
30.53,30530,1537.5673193440298,40.0,26.77318017959454,0.0,0.0,4.717880991141459,4.717880991141459,2.426597672538935
30.54,30540,1530.42933933614,40.0,26.7752877051296,0.0,0.0,4.805237895997056,4.805237895997056,2.426580690433235
30.55,30550,1523.082925411461,40.0,26.777395160414983,0.0,0.0,4.8925941780754405,4.8925941780754405,2.4265633910662325
30.56,30560,1515.5406180725474,40.0,26.77950254545302,0.0,0.0,4.979949825955529,4.979949825955529,2.4265457744469145
30.57,30570,1507.814573717862,40.0,26.78160986024606,0.0,0.0,5.067304828216569,5.067304828216569,2.4265278405844346
30.58,30580,1499.9165888545756,40.0,26.78371710479645,0.0,0.0,5.154659173438142,5.154659173438142,2.426509589488112
30.59,30590,1491.8581218221527,40.0,26.785824279106524,0.0,0.0,5.242012850200169,5.242012850200169,2.4264910211674313
30.6,30600,1483.650312186302,40.0,26.787931383178627,0.0,0.0,5.329365847082923,5.329365847082923,2.426472135632044
30.61,30610,1475.3039979579203,40.0,26.79003841701509,0.0,0.0,5.416718152667026,5.416718152667026,2.426452932891766
30.62,30620,1466.829730786936,40.0,26.792145380618265,0.0,0.0,5.504069755533464,5.504069755533464,2.4264334129565803
30.63,30630,1458.2377892764048,40.0,26.794252273990498,0.0,0.0,5.591420644263582,5.591420644263582,2.4264135758366354
30.64,30640,1449.538190557782,40.0,26.796359097134115,0.0,0.0,5.678770807439103,5.678770807439103,2.4263934215422447
30.65,30650,1440.7407002639325,40.0,26.798465850051468,0.0,0.0,5.766120233642124,5.766120233642124,2.426372950083888
30.66,30660,1431.8548410321155,40.0,26.80057253274489,0.0,0.0,5.853468911455124,5.853468911455124,2.426352161472212
30.67,30670,1422.8898996648436,40.0,26.802679145216736,0.0,0.0,5.940816829460973,5.940816829460973,2.4263310557180273
30.68,30680,1413.8549330721535,40.0,26.804785687469327,0.0,0.0,6.0281639762429355,6.0281639762429355,2.4263096328323113
30.69,30690,1404.7587731143944,40.0,26.80689215950501,0.0,0.0,6.115510340384679,6.115510340384679,2.426287892826206
30.7,30700,1395.610030460144,40.0,26.80899856132614,0.0,0.0,6.202855910470276,6.202855910470276,2.426265835711021
30.71,30710,1386.417097569265,40.0,26.81110489293504,0.0,0.0,6.290200675084211,6.290200675084211,2.4262434614982302
30.72,30720,1377.1881509064342,40.0,26.813211154334056,0.0,0.0,6.377544622811393,6.377544622811393,2.426220770199474
30.73,30730,1367.931152485676,40.0,26.81531734552553,0.0,0.0,6.464887742237148,6.464887742237148,2.426197761826557
30.74,30740,1358.6538508415597,40.0,26.817423466511805,0.0,0.0,6.552230021947241,6.552230021947241,2.4261744363914515
30.75,30750,1349.3637815177347,40.0,26.81952951729521,0.0,0.0,6.639571450527868,6.639571450527868,2.426150793906294
30.76,30760,1340.0682671584204,40.0,26.8216354978781,0.0,0.0,6.726912016565669,6.726912016565669,2.4261268343833873
30.77,30770,1330.7744172833463,40.0,26.823741408262798,0.0,0.0,6.8142517086477365,6.8142517086477365,2.4261025578351996
30.78,30780,1321.4891278214527,40.0,26.82584724845166,0.0,0.0,6.9015905153616135,6.9015905153616135,2.426077964274365
30.79,30790,1312.2190804734603,40.0,26.827953018447015,0.0,0.0,6.988928425295306,6.988928425295306,2.426053053713683
30.8,30800,1303.2018682567311,40.0,26.83005871825121,0.0,0.0,7.076265427037287,7.076265427037287,2.426027826166118
30.81,30810,1294.6378035988987,40.0,26.83216434786658,0.0,0.0,7.1636015091765,7.1636015091765,2.4260022816448013
30.82,30820,1286.5152906085978,40.0,26.834269907295457,0.0,0.0,7.2509366603023695,7.2509366603023695,2.4259764201630287
30.83,30830,1278.8234197740521,40.0,26.83637539654021,0.0,0.0,7.338270869004803,7.338270869004803,2.425950241734262
30.84,30840,1271.5519060999168,40.0,26.838480815603145,0.0,0.0,7.4256041238742,7.4256041238742,2.425923746372129
30.85,30850,1264.691031796286,40.0,26.840586164486613,0.0,0.0,7.512936413501454,7.512936413501454,2.4258969340904217
30.86,30860,1258.2315932712943,40.0,26.842691443192955,0.0,0.0,7.600267726477966,7.600267726477966,2.4258698049030984
30.87,30870,1252.1648521893953,40.0,26.844796651724508,0.0,0.0,7.687598051395641,7.687598051395641,2.425842358824284
30.88,30880,1246.4824903674503,40.0,26.84690179008362,0.0,0.0,7.7749273768468985,7.7749273768468985,2.4258145958682658
30.89,30890,1241.1765682902546,40.0,26.849006858272624,0.0,0.0,7.862255691424681,7.862255691424681,2.4257865160495
30.9,30900,1236.239487036152,40.0,26.851111856293848,0.0,0.0,7.949582983722454,7.949582983722454,2.425758119382606
30.91,30910,1231.6639534119859,40.0,26.853216784149645,0.0,0.0,8.036909242334218,8.036909242334218,2.4257294058823695
30.92,30920,1227.442948104873,40.0,26.855321641842345,0.0,0.0,8.124234455854515,8.124234455854515,2.4257003755637414
30.93,30930,1223.5696966661897,40.0,26.857426429374303,0.0,0.0,8.21155861287842,8.21155861287842,2.425671028441838
30.94,30940,1220.0376431507948,40.0,26.859531146747837,0.0,0.0,8.29888170200157,8.29888170200157,2.4256413645319417
30.95,30950,1216.8404262418894,40.0,26.8616357939653,0.0,0.0,8.386203711820151,8.386203711820151,2.4256113838494984
30.96,30960,1213.9718576990686,40.0,26.863740371029024,0.0,0.0,8.473524630930918,8.473524630930918,2.4255810864101206
30.97,30970,1211.425902974082,40.0,26.865844877941342,0.0,0.0,8.560844447931181,8.560844447931181,2.425550472229587
30.98,30980,1209.1966638455979,40.0,26.867949314704603,0.0,0.0,8.648163151418839,8.648163151418839,2.425519541323839
30.99,30990,1207.2783629308801,40.0,26.870053681321142,0.0,0.0,8.73548072999236,8.73548072999236,2.425488293708986
31.0,31000,1205.6653299387458,40.0,26.872157977793293,0.0,0.0,8.822797172250809,8.822797172250809,2.4254567294013016
31.01,31010,1204.3519895344946,40.0,26.874262204123404,0.0,0.0,8.910112466793828,8.910112466793828,2.4254248484172245
31.02,31020,1203.332850693666,40.0,26.876366360313796,0.0,0.0,8.997426602221669,8.997426602221669,2.425392650773358
31.03,31030,1202.6024974275297,40.0,26.878470446366826,0.0,0.0,9.084739567135182,9.084739567135182,2.4253601364864714
31.04,31040,1202.1555807691138,40.0,26.880574462284823,0.0,0.0,9.17205135013583,9.17205135013583,2.4253273055735
31.05,31050,1201.986811914342,40.0,26.88267840807012,0.0,0.0,9.259361939825686,9.259361939825686,2.425294158051542
31.06,31060,1202.0909564184883,40.0,26.88478228372506,0.0,0.0,9.346671324807447,9.346671324807447,2.425260693937864
31.07,31070,1202.4628293536425,40.0,26.88688608925198,0.0,0.0,9.433979493684445,9.433979493684445,2.4252269132498943
31.08,31080,1203.0972913382357,40.0,26.888989824653223,0.0,0.0,9.521286435060633,9.521286435060633,2.4251928160052283
31.09,31090,1203.989245354872,40.0,26.891093489931123,0.0,0.0,9.608592137540613,9.608592137540613,2.425158402221627
31.1,31100,1205.1336342777693,40.0,26.893197085088005,0.0,0.0,9.695896589729625,9.695896589729625,2.4251236719170133
31.11,31110,1206.5254390360087,40.0,26.895300610126228,0.0,0.0,9.783199780233565,9.783199780233565,2.42508862510948
31.12,31120,1208.15967734354,40.0,26.89740406504811,0.0,0.0,9.870501697658987,9.870501697658987,2.425053261817281
31.13,31130,1210.0314029314607,40.0,26.899507449856003,0.0,0.0,9.957802330613106,9.957802330613106,2.425017582058836
31.14,31140,1212.1357052225176,40.0,26.901610764552235,0.0,0.0,10.045101667703804,10.045101667703804,2.424981585852732
31.15,31150,1214.467709392017,40.0,26.903714009139147,0.0,0.0,10.132399697539642,10.132399697539642,2.4249452732177175
31.16,31160,1217.0225767634251,40.0,26.90581718361907,0.0,0.0,10.21969640872986,10.21969640872986,2.424908644172709
31.17,31170,1219.7955054908427,40.0,26.90792028799435,0.0,0.0,10.306991789884384,10.306991789884384,2.4248716987367853
31.18,31180,1222.7817314842862,40.0,26.910023322267314,0.0,0.0,10.394285829613834,10.394285829613834,2.4248344369291925
31.19,31190,1225.9765295372763,40.0,26.912126286440312,0.0,0.0,10.481578516529531,10.481578516529531,2.4247968587693403
31.2,31200,1229.3752146196357,40.0,26.91422918051566,0.0,0.0,10.568869839243495,10.568869839243495,2.424758964276803
31.21,31210,1232.9731433016277,40.0,26.91633200449572,0.0,0.0,10.656159786368463,10.656159786368463,2.424720753471321
31.22,31220,1236.7657152786298,40.0,26.91843475838281,0.0,0.0,10.743448346517884,10.743448346517884,2.4246822263727985
31.23,31230,1240.7483749684318,40.0,26.920537442179274,0.0,0.0,10.830735508305931,10.830735508305931,2.424643383001304
31.24,31240,1244.916613155981,40.0,26.92264005588744,0.0,0.0,10.918021260347507,10.918021260347507,2.424604223377073
31.25,31250,1249.2659686629681,40.0,26.92474259950966,0.0,0.0,11.005305591258244,11.005305591258244,2.424564747520503
31.26,31260,1253.792030022064,40.0,26.926845073048256,0.0,0.0,11.092588489654522,11.092588489654522,2.424524955452158
31.27,31270,1258.490437137874,40.0,26.928947476505563,0.0,0.0,11.179869944153461,11.179869944153461,2.4244848471927667
31.28,31280,1263.3568829187986,40.0,26.93104980988393,0.0,0.0,11.267149943372939,11.267149943372939,2.4244444227632216
31.29,31290,1268.3871148659478,40.0,26.93315207318569,0.0,0.0,11.354428475931584,11.354428475931584,2.4244036821845802
31.3,31300,1273.5769366070965,40.0,26.935254266413168,0.0,0.0,11.441705530448795,11.441705530448795,2.4243626254780652
31.31,31310,1278.922209365355,40.0,26.937356389568706,0.0,0.0,11.528981095544736,11.528981095544736,2.424321252665063
31.32,31320,1284.4188533538013,40.0,26.93945844265464,0.0,0.0,11.616255159840355,11.616255159840355,2.4242795637671253
31.33,31330,1290.062849088764,40.0,26.941560425673305,0.0,0.0,11.703527711957369,11.703527711957369,2.424237558805968
31.34,31340,1295.8502386157704,40.0,26.943662338627043,0.0,0.0,11.790798740518294,11.790798740518294,2.424195237803472
31.35,31350,1301.7771266433842,40.0,26.94576418151818,0.0,0.0,11.878068234146435,11.878068234146435,2.4241526007816825
31.36,31360,1307.8396815812723,40.0,26.947865954349055,0.0,0.0,11.965336181465895,11.965336181465895,2.424109647762809
31.37,31370,1314.034136479836,40.0,26.949967657121995,0.0,0.0,12.052602571101588,12.052602571101588,2.424066378769225
31.38,31380,1320.3567898696585,40.0,26.952069289839358,0.0,0.0,12.139867391679234,12.139867391679234,2.4240227938234704
31.39,31390,1326.804006499839,40.0,26.954170852503452,0.0,0.0,12.22713063182537,12.22713063182537,2.423978892948247
31.4,31400,1333.3722179750157,40.0,26.95627234511663,0.0,0.0,12.314392280167361,12.314392280167361,2.4239346761664224
31.41,31410,1340.0579232915409,40.0,26.958373767681223,0.0,0.0,12.401652325333398,12.401652325333398,2.423890143501029
31.42,31420,1346.8576892738492,40.0,26.960475120199565,0.0,0.0,12.488910755952508,12.488910755952508,2.423845294975262
31.43,31430,1353.768150912573,40.0,26.96257640267399,0.0,0.0,12.576167560654557,12.576167560654557,2.4238001306124826
31.44,31440,1360.7860116064046,40.0,26.964677615106837,0.0,0.0,12.66342272807026,12.66342272807026,2.423754650436215
31.45,31450,1367.9080433100994,40.0,26.966778757500432,0.0,0.0,12.750676246831187,12.750676246831187,2.4237088544701484
31.46,31460,1375.131086591336,40.0,26.968879829857116,0.0,0.0,12.837928105569759,12.837928105569759,2.4236627427381365
31.47,31470,1382.45205059944,40.0,26.970980832179215,0.0,0.0,12.92517829291927,12.92517829291927,2.423616315264196
31.48,31480,1389.8679129492082,40.0,26.973081764469075,0.0,0.0,13.01242679751388,13.01242679751388,2.423569572072509
31.49,31490,1397.375719523259,40.0,26.97518262672903,0.0,0.0,13.099673607988626,13.099673607988626,2.423522513187421
31.5,31500,1404.9725841964944,40.0,26.977283418961406,0.0,0.0,13.18691871297943,13.18691871297943,2.4234751386334428
31.51,31510,1412.6556884863658,40.0,26.979384141168545,0.0,0.0,13.2741621011231,13.2741621011231,2.423427448435248
31.52,31520,1420.4222811327274,40.0,26.98148479335277,0.0,0.0,13.361403761057336,13.361403761057336,2.4233794426176742
31.53,31530,1428.2696776111088,40.0,26.98358537551643,0.0,0.0,13.44864368142074,13.44864368142074,2.4233311212057247
31.54,31540,1436.195259583272,40.0,26.98568588766185,0.0,0.0,13.535881850852824,13.535881850852824,2.423282484224565
31.55,31550,1444.1964742889181,40.0,26.987786329791366,0.0,0.0,13.623118257994006,13.623118257994006,2.4232335316995255
31.56,31560,1452.2708338823938,40.0,26.989886701907306,0.0,0.0,13.710352891485627,13.710352891485627,2.4231842636561005
31.57,31570,1460.4159147182124,40.0,26.991987004012017,0.0,0.0,13.797585739969945,13.797585739969945,2.4231346801199485
31.58,31580,1468.6293565891524,40.0,26.994087236107816,0.0,0.0,13.884816792090154,13.884816792090154,2.423084781116891
31.59,31590,1476.9088619206277,40.0,26.99618739819705,0.0,0.0,13.97204603649038,13.97204603649038,2.4230345666729147
31.6,31600,1485.2521949249503,40.0,26.998287490282053,0.0,0.0,14.059273461815689,14.059273461815689,2.422984036814169
31.61,31610,1493.6571807190098,40.0,27.000387512365144,0.0,0.0,14.1464990567121,14.1464990567121,2.422933191566968
31.62,31620,1502.121704408802,40.0,27.002487464448674,0.0,0.0,14.233722809826581,14.233722809826581,2.4228820309577883
31.63,31630,1510.6437101441302,40.0,27.00458734653496,0.0,0.0,14.320944709807058,14.320944709807058,2.422830555013272
31.64,31640,1519.221200146688,40.0,27.006687158626345,0.0,0.0,14.408164745302425,14.408164745302425,2.422778763760224
31.65,31650,1527.8522337146228,40.0,27.008786900725166,0.0,0.0,14.495382904962549,14.495382904962549,2.4227266572256125
31.66,31660,1536.5349262065483,40.0,27.01088657283374,0.0,0.0,14.582599177438267,14.582599177438267,2.422674235436571
31.67,31670,1545.2674480078613,40.0,27.01298617495442,0.0,0.0,14.669813551381402,14.669813551381402,2.422621498420394
31.68,31680,1554.0480234820825,40.0,27.015085707089526,0.0,0.0,14.757026015444767,14.757026015444767,2.4225684462045427
31.69,31690,1562.8749299098238,40.0,27.017185169241387,0.0,0.0,14.844236558282166,14.844236558282166,2.4225150788166396
31.7,31700,1571.7464964178496,40.0,27.019284561412356,0.0,0.0,14.931445168548406,14.931445168548406,2.4224613962844717
31.71,31710,1580.66110290058,40.0,27.02138388360474,0.0,0.0,15.0186518348993,15.0186518348993,2.422407398635989
31.72,31720,1589.617178936255,40.0,27.02348313582089,0.0,0.0,15.105856545991676,15.105856545991676,2.422353085899306
31.73,31730,1598.6132026998525,40.0,27.025582318063126,0.0,0.0,15.193059290483374,15.193059290483374,2.4222984581027
31.74,31740,1607.6476998747394,40.0,27.027681430333793,0.0,0.0,15.280260057033258,15.280260057033258,2.4222435152746113
31.75,31750,1616.7192425649046,40.0,27.029780472635217,0.0,0.0,15.36745883430123,15.36745883430123,2.4221882574436444
31.76,31760,1625.8264482095137,40.0,27.031879444969732,0.0,0.0,15.454655610948217,15.454655610948217,2.4221326846385667
31.77,31770,1634.9679785014087,40.0,27.033978347339662,0.0,0.0,15.541850375636196,15.541850375636196,2.4220767968883097
31.78,31780,1644.1425383110636,40.0,27.036077179747352,0.0,0.0,15.629043117028186,15.629043117028186,2.4220205942219666
31.79,31790,1653.3488746174028,40.0,27.03817594219512,0.0,0.0,15.716233823788263,15.716233823788263,2.4219640766687958
31.8,31800,1662.5857754467795,40.0,27.040274634685318,0.0,0.0,15.803422484581558,15.803422484581558,2.4219072442582177
31.81,31810,1671.8520688213196,40.0,27.042373257220255,0.0,0.0,15.890609088074271,15.890609088074271,2.4218500970198167
31.82,31820,1681.1466217177303,40.0,27.044471809802275,0.0,0.0,15.977793622933671,15.977793622933671,2.421792634983339
31.83,31830,1690.4683390375883,40.0,27.04657029243371,0.0,0.0,16.064976077828103,16.064976077828103,2.421734858178696
31.84,31840,1699.816162590027,40.0,27.04866870511689,0.0,0.0,16.152156441427,16.152156441427,2.42167676663596
31.85,31850,1709.189070087663,40.0,27.05076704785415,0.0,0.0,16.239334702400875,16.239334702400875,2.421618360385369
31.86,31860,1718.5860741565143,40.0,27.05286532064782,0.0,0.0,16.32651084942134,16.32651084942134,2.421559639457321
31.87,31870,1728.0062213605931,40.0,27.05496352350022,0.0,0.0,16.413684871161102,16.413684871161102,2.4215006038823796
31.88,31880,1737.4485912417729,40.0,27.057061656413694,0.0,0.0,16.500856756293988,16.500856756293988,2.4214412536912704
31.89,31890,1746.9122953754709,40.0,27.05915971939057,0.0,0.0,16.588026493494926,16.588026493494926,2.4213815889148806
31.9,31900,1756.3964764426103,40.0,27.06125771243317,0.0,0.0,16.67519407143996,16.67519407143996,2.4213216095842633
31.91,31910,1765.9003073182698,40.0,27.063355635543846,0.0,0.0,16.762359478806264,16.762359478806264,2.4212613157306317
31.92,31920,1775.4229901773695,40.0,27.06545348872492,0.0,0.0,16.849522704272136,16.849522704272136,2.4212007073853634
31.93,31930,1784.9637556176813,40.0,27.06755127197871,0.0,0.0,16.93668373651702,16.93668373651702,2.421139784579998
31.94,31940,1794.521861800406,40.0,27.06964898530756,0.0,0.0,17.023842564221482,17.023842564221482,2.421078547346239
31.95,31950,1804.096593608505,40.0,27.0717466287138,0.0,0.0,17.110999176067256,17.110999176067256,2.421016995715951
31.96,31960,1813.6872618229304,40.0,27.07384420219976,0.0,0.0,17.198153560737218,17.198153560737218,2.4209551297211624
31.97,31970,1823.293202316857,40.0,27.075941705767764,0.0,0.0,17.285305706915402,17.285305706915402,2.4208929493940645
31.98,31980,1832.9137752679726,40.0,27.07803913942015,0.0,0.0,17.372455603287015,17.372455603287015,2.4208304547670103
31.99,31990,1842.5483643888529,40.0,27.080136503159245,0.0,0.0,17.459603238538428,17.459603238538428,2.4207676458725165
32.0,32000,1852.196376175409,40.0,27.08223379698738,0.0,0.0,17.546748601357184,17.546748601357184,2.420704522743261
32.01,32010,1861.8572391733624,40.0,27.08433102090689,0.0,0.0,17.63389168043202,17.63389168043202,2.4206410854120852
32.02,32020,1871.530403262677,40.0,27.0864281749201,0.0,0.0,17.721032464452854,17.721032464452854,2.420577333911993
32.03,32030,1881.2153389598434,40.0,27.08852525902934,0.0,0.0,17.808170942110795,17.808170942110795,2.4205132682761503
32.04,32040,1890.9115367378931,40.0,27.09062227323694,0.0,0.0,17.89530710209816,17.89530710209816,2.420448888537886
32.05,32050,1900.6185063639919,40.0,27.09271921754523,0.0,0.0,17.98244093310846,17.98244093310846,2.4203841947306906
32.06,32060,1910.335776254443,40.0,27.094816091956545,0.0,0.0,18.069572423836437,18.069572423836437,2.420319186888217
32.07,32070,1920.0628928469118,40.0,27.096912896473214,0.0,0.0,18.156701562978036,18.156701562978036,2.420253865044282
32.08,32080,1929.7994199896618,40.0,27.09900963109756,0.0,0.0,18.24382833923042,18.24382833923042,2.4201882292328625
32.09,32090,1939.5449383475868,40.0,27.10110629583191,0.0,0.0,18.330952741291988,18.330952741291988,2.4201222794880985
32.1,32100,1949.2990448247965,40.0,27.103202890678617,0.0,0.0,18.41807475786238,18.41807475786238,2.420056015844293
32.11,32110,1959.0613520035106,40.0,27.10529941563998,0.0,0.0,18.505194377642475,18.505194377642475,2.41998943833591
32.12,32120,1968.8314875990027,40.0,27.10739587071835,0.0,0.0,18.592311589334386,18.592311589334386,2.419922546997576
32.13,32130,1978.6090939303215,40.0,27.10949225591604,0.0,0.0,18.67942638164149,18.67942638164149,2.4198553418640794
32.14,32140,1988.3938274065163,40.0,27.111588571235394,0.0,0.0,18.766538743268427,18.766538743268427,2.4197878229703718
32.15,32150,1998.1853580280779,40.0,27.113684816678735,0.0,0.0,18.853648662921085,18.853648662921085,2.4197199903515645
32.16,32160,2007.9833689033073,40.0,27.115780992248396,0.0,0.0,18.94075612930663,18.94075612930663,2.4196518440429333
32.17,32170,2017.7875557793147,40.0,27.117877097946696,0.0,0.0,19.027861131133506,19.027861131133506,2.4195833840799144
32.18,32180,2027.5976265873494,40.0,27.11997313377597,0.0,0.0,19.11496365711144,19.11496365711144,2.419514610498106
32.19,32190,2037.4133010021578,40.0,27.122069099738553,0.0,0.0,19.202063695951434,19.202063695951434,2.4194455233332683
32.2,32200,2047.234310015064,40.0,27.124164995836768,0.0,0.0,19.289161236365803,19.289161236365803,2.4193761226213235
32.21,32210,2057.060395520465,40.0,27.126260822072936,0.0,0.0,19.376256267068143,19.376256267068143,2.419306408398356
32.22,32220,2066.891309915436,40.0,27.128356578449402,0.0,0.0,19.463348776773366,19.463348776773366,2.419236380700611
32.23,32230,2076.7268157121325,40.0,27.13045226496849,0.0,0.0,19.550438754197685,19.550438754197685,2.4191660395644963
32.24,32240,2086.566685162686,40.0,27.13254788163251,0.0,0.0,19.637526188058644,19.637526188058644,2.41909538502658
32.25,32250,2096.4106998962875,40.0,27.134643428443816,0.0,0.0,19.72461106707509,19.72461106707509,2.419024417123593
32.26,32260,2106.258650568149,40.0,27.136738905404727,0.0,0.0,19.81169337996722,19.81169337996722,2.418953135892427
32.27,32270,2116.110336520043,40.0,27.13883431251757,0.0,0.0,19.898773115456546,19.898773115456546,2.418881541370137
32.28,32280,2125.965565452123,40.0,27.140929649784674,0.0,0.0,19.98585026226593,19.98585026226593,2.4188096335939364
32.29,32290,2135.8241531057192,40.0,27.14302491720836,0.0,0.0,20.072924809119574,20.072924809119574,2.4187374126012027
32.3,32300,2145.6859229568213,40.0,27.145120114790963,0.0,0.0,20.159996744743037,20.159996744743037,2.4186648784294738
32.31,32310,2155.5507059199563,40.0,27.14721524253482,0.0,0.0,20.24706605786323,20.24706605786323,2.418592031116449
32.32,32320,2165.418340062172,40.0,27.149310300442238,0.0,0.0,20.334132737208424,20.334132737208424,2.4185188706999887
32.33,32330,2175.288670326843,40.0,27.151405288515566,0.0,0.0,20.421196771508278,20.421196771508278,2.418445397218115
32.34,32340,2185.1615482670263,40.0,27.153500206757112,0.0,0.0,20.5082581494938,20.5082581494938,2.4183716107090114
32.35,32350,2195.0368317880793,40.0,27.155595055169222,0.0,0.0,20.595316859897395,20.595316859897395,2.418297511211022
32.36,32360,2204.914384899285,40.0,27.157689833754212,0.0,0.0,20.682372891452854,20.682372891452854,2.418223098762652
32.37,32370,2214.7940774742106,40.0,27.159784542514416,0.0,0.0,20.769426232895345,20.769426232895345,2.418148373402569
32.38,32380,2224.6757850195395,40.0,27.16187918145215,0.0,0.0,20.85647687296145,20.85647687296145,2.418073335169599
32.39,32390,2234.559388452126,40.0,27.163973750569763,0.0,0.0,20.94352480038915,20.94352480038915,2.4179979841027324
32.4,32400,2244.444773884019,40.0,27.166068249869557,0.0,0.0,21.03057000391783,21.03057000391783,2.417922320241118
32.41,32410,2254.3318324152106,40.0,27.168162679353877,0.0,0.0,21.117612472288297,21.117612472288297,2.417846343624067
32.42,32420,2264.2204599338725,40.0,27.170257039025046,0.0,0.0,21.204652194242776,21.204652194242776,2.41777005429105
32.43,32430,2274.1105569238416,40.0,27.172351328885387,0.0,0.0,21.291689158524918,21.291689158524918,2.417693452281701
32.44,32440,2284.0020282791306,40.0,27.17444554893723,0.0,0.0,21.378723353879803,21.378723353879803,2.4176165376358107
32.45,32450,2293.894783125237,40.0,27.176539699182904,0.0,0.0,21.465754769053962,21.465754769053962,2.4175393103933356
32.46,32460,2303.7887346470316,40.0,27.178633779624725,0.0,0.0,21.55278339279536,21.55278339279536,2.417461770594389
32.47,32470,2313.6837999230165,40.0,27.180727790265035,0.0,0.0,21.639809213853415,21.639809213853415,2.417383918279247
32.48,32480,2323.5798997657434,40.0,27.18282173110615,0.0,0.0,21.726832220978995,21.726832220978995,2.417305753488345
32.49,32490,2333.476958568188,40.0,27.184915602150404,0.0,0.0,21.813852402924436,21.813852402924436,2.4172272762622793
32.5,32500,2343.3749041558863,40.0,27.18700940340011,0.0,0.0,21.90086974844354,21.90086974844354,2.417148486641808
32.51,32510,2353.2736676446398,40.0,27.189103134857618,0.0,0.0,21.987884246291582,21.987884246291582,2.417069384667848
32.52,32520,2363.1731833036006,40.0,27.191196796525237,0.0,0.0,22.074895885225317,22.074895885225317,2.416989970381477
32.53,32530,2373.0733884235583,40.0,27.193290388405295,0.0,0.0,22.16190465400298,22.16190465400298,2.4169102438239345
32.54,32540,2382.974223190249,40.0,27.195383910500112,0.0,0.0,22.2489105413843,22.2489105413843,2.416830205036619
32.55,32550,2392.8756305625166,40.0,27.19747736281203,0.0,0.0,22.335913536130498,22.335913536130498,2.416749854061089
32.56,32560,2402.777556155155,40.0,27.199570745343365,0.0,0.0,22.422913627004306,22.422913627004306,2.4166691909390647
32.57,32570,2412.6799481262765,40.0,27.201664058096448,0.0,0.0,22.50991080276995,22.50991080276995,2.4165882157124257
32.58,32580,2422.582757069044,40.0,27.2037573010736,0.0,0.0,22.596905052193186,22.596905052193186,2.416506928423211
32.59,32590,2432.4859359076117,40.0,27.205850474277153,0.0,0.0,22.683896364041278,22.683896364041278,2.416425329113621
32.6,32600,2442.389439797132,40.0,27.20794357770943,0.0,0.0,22.770884727083015,22.770884727083015,2.4163434178260164
32.61,32610,2452.2932260276825,40.0,27.21003661137275,0.0,0.0,22.85787013008872,22.85787013008872,2.4162611946029164
32.62,32620,2462.1972539319704,40.0,27.212129575269444,0.0,0.0,22.944852561830253,22.944852561830253,2.4161786594870014
32.63,32630,2472.1014847966835,40.0,27.214222469401843,0.0,0.0,23.031832011081015,23.031832011081015,2.4160958125211116
32.64,32640,2482.0058817773547,40.0,27.216315293772254,0.0,0.0,23.118808466615953,23.118808466615953,2.416012653748246
32.65,32650,2491.910409816613,40.0,27.21840804838303,0.0,0.0,23.20578191721157,23.20578191721157,2.415929183211566
32.66,32660,2501.815035565699,40.0,27.220500733236474,0.0,0.0,23.292752351645927,23.292752351645927,2.41584540095439
32.67,32670,2511.7197273091247,40.0,27.222593348334925,0.0,0.0,23.379719758698656,23.379719758698656,2.415761307020197
32.68,32680,2521.6244548923637,40.0,27.224685893680693,0.0,0.0,23.46668412715095,23.46668412715095,2.415676901452627
32.69,32690,2531.529189652458,40.0,27.226778369276115,0.0,0.0,23.553645445785584,23.553645445785584,2.415592184295478
32.7,32700,2541.4339043514383,40.0,27.228870775123518,0.0,0.0,23.640603703386923,23.640603703386923,2.4155071555927092
32.71,32710,2551.3385731124463,40.0,27.230963111225215,0.0,0.0,23.727558888740905,23.727558888740905,2.4154218153884375
32.72,32720,2561.243171358465,40.0,27.233055377583547,0.0,0.0,23.81451099063508,23.81451099063508,2.4153361637269404
32.73,32730,2571.147675753557,40.0,27.235147574200823,0.0,0.0,23.901459997858574,23.901459997858574,2.415250200652655
32.74,32740,2581.052064146513,40.0,27.23723970107937,0.0,0.0,23.98840589920214,23.98840589920214,2.4151639262101776
32.75,32750,2590.9563155168275,40.0,27.239331758221525,0.0,0.0,24.075348683458135,24.075348683458135,2.4150773404442636
32.76,32760,2600.8604099229037,40.0,27.241423745629604,0.0,0.0,24.162288339420527,24.162288339420527,2.414990443399828
32.77,32770,2610.7643284524115,40.0,27.243515663305924,0.0,0.0,24.249224855884915,24.249224855884915,2.414903235121945
32.78,32780,2620.668053174712,40.0,27.24560751125282,0.0,0.0,24.336158221648525,24.336158221648525,2.414815715655848
32.79,32790,2630.571567095269,40.0,27.247699289472614,0.0,0.0,24.423088425510215,24.423088425510215,2.41472788504693
32.8,32800,2640.474854111973,40.0,27.249790997967626,0.0,0.0,24.51001545627048,24.51001545627048,2.414639743340742
32.81,32810,2650.377898973303,40.0,27.251882636740188,0.0,0.0,24.596939302731467,24.596939302731467,2.4145512905829953
32.82,32820,2660.2806872382566,40.0,27.253974205792623,0.0,0.0,24.68385995369697,24.68385995369697,2.4144625268195603
32.83,32830,2670.1832052379737,40.0,27.25606570512724,0.0,0.0,24.77077739797244,24.77077739797244,2.4143734520964646
32.84,32840,2680.0854400389967,40.0,27.25815713474639,0.0,0.0,24.857691624364996,24.857691624364996,2.414284066459896
32.85,32850,2689.9873794080954,40.0,27.260248494652373,0.0,0.0,24.94460262168342,24.94460262168342,2.414194369956202
32.86,32860,2699.8890117786,40.0,27.262339784847523,0.0,0.0,25.03151037873817,25.03151037873817,2.4141043626318868
32.87,32870,2709.79032621818,40.0,27.264431005334153,0.0,0.0,25.11841488434138,25.11841488434138,2.414014044533616
32.88,32880,2719.691312398011,40.0,27.266522156114604,0.0,0.0,25.205316127306872,25.205316127306872,2.413923415708211
32.89,32890,2729.5919605632816,40.0,27.268613237191186,0.0,0.0,25.29221409645017,25.29221409645017,2.413832476202654
32.9,32900,2739.492261504973,40.0,27.27070424856623,0.0,0.0,25.379108780588478,25.379108780588478,2.413741226064085
32.91,32910,2749.3922065328775,40.0,27.272795190242057,0.0,0.0,25.466000168540713,25.466000168540713,2.413649665339803
32.92,32920,2759.291787449791,40.0,27.274886062220993,0.0,0.0,25.552888249127495,25.552888249127495,2.4135577940772652
32.93,32930,2769.1909965268433,40.0,27.276976864505354,0.0,0.0,25.63977301117116,25.63977301117116,2.413465612324087
32.94,32940,2779.0898264799116,40.0,27.27906759709747,0.0,0.0,25.72665444349577,25.72665444349577,2.413373120128042
32.95,32950,2788.9882704470824,40.0,27.281158259999657,0.0,0.0,25.813532534927106,25.813532534927106,2.4132803175370636
32.96,32960,2798.8863219671116,40.0,27.28324885321424,0.0,0.0,25.90040727429268,25.90040727429268,2.4131872045992417
32.97,32970,2808.7839749588447,40.0,27.28533937674355,0.0,0.0,25.98727865042174,25.98727865042174,2.413093781362826
32.98,32980,2818.681223701559,40.0,27.287429830589893,0.0,0.0,26.074146652145284,26.074146652145284,2.4130000478762224
32.99,32990,2828.578062816189,40.0,27.289520214755616,0.0,0.0,26.161011268296054,26.161011268296054,2.4129060041879975
33.0,33000,2838.474487247399,40.0,27.291610529243023,0.0,0.0,26.24787248770854,26.24787248770854,2.412811650346874
33.01,33010,2848.3704922464676,40.0,27.29370077405444,0.0,0.0,26.334730299219,26.334730299219,2.4127169864017337
33.02,33020,2858.2660733549505,40.0,27.295790949192195,0.0,0.0,26.42158469166546,26.42158469166546,2.4126220124016156
33.03,33030,2868.161226389088,40.0,27.2978810546586,0.0,0.0,26.508435653887705,26.508435653887705,2.4125267283957172
33.04,33040,2878.0559474249303,40.0,27.29997109045599,0.0,0.0,26.595283174727307,26.595283174727307,2.4124311344333935
33.05,33050,2887.9502327841465,40.0,27.302061056586677,0.0,0.0,26.68212724302762,26.68212724302762,2.412335230564158
33.06,33060,2897.8440790204886,40.0,27.304150953052996,0.0,0.0,26.768967847633775,26.768967847633775,2.412239016837681
33.07,33070,2907.7374829068876,40.0,27.30624077985725,0.0,0.0,26.85580497739271,26.85580497739271,2.4121424933037905
33.08,33080,2917.6304414231477,40.0,27.308330537001773,0.0,0.0,26.94263862115316,26.94263862115316,2.4120456600124736
33.09,33090,2927.5229517442212,40.0,27.310420224488894,0.0,0.0,27.02946876776566,27.02946876776566,2.4119485170138732
33.1,33100,2937.4150112290336,40.0,27.312509842320914,0.0,0.0,27.116295406082557,27.116295406082557,2.411851064358291
33.11,33110,2947.306617409837,40.0,27.314599390500177,0.0,0.0,27.203118524958022,27.203118524958022,2.411753302096186
33.12,33120,2957.197767982072,40.0,27.316688869028987,0.0,0.0,27.289938113248034,27.289938113248034,2.411655230278174
33.13,33130,2967.0884607947105,40.0,27.31877827790968,0.0,0.0,27.376754159810417,27.376754159810417,2.411556848955028
33.14,33140,2976.9786938410657,40.0,27.320867617144568,0.0,0.0,27.463566653504813,27.463566653504813,2.41145815817768
33.15,33150,2986.868465250043,40.0,27.32295688673598,0.0,0.0,27.550375583192714,27.550375583192714,2.4113591579972176
33.16,33160,2996.7577732778173,40.0,27.325046086686232,0.0,0.0,27.63718093773745,27.63718093773745,2.4112598484648857
33.17,33170,3006.646616299916,40.0,27.327135216997643,0.0,0.0,27.723982706004204,27.723982706004204,2.4111602296320878
33.18,33180,3016.5349928036867,40.0,27.329224277672534,0.0,0.0,27.81078087686002,27.81078087686002,2.4110603015503824
33.19,33190,3026.4229013811428,40.0,27.33131326871323,0.0,0.0,27.897575439173792,27.897575439173792,2.410960064271487
33.2,33200,3036.3103407221574,40.0,27.333402190122065,0.0,0.0,27.984366381816294,27.984366381816294,2.4108595178472747
33.21,33210,3046.1973096080014,40.0,27.33549104190133,0.0,0.0,28.071153693660165,28.071153693660165,2.4107586623297768
33.22,33220,3056.0838069052033,40.0,27.33757982405338,0.0,0.0,28.157937363579926,28.157937363579926,2.41065749777118
33.23,33230,3065.96983155972,40.0,27.339668536580504,0.0,0.0,28.244717380451984,28.244717380451984,2.4105560242238284
33.24,33240,3075.8553825914037,40.0,27.341757179485047,0.0,0.0,28.33149373315463,28.33149373315463,2.410454241740223
33.25,33250,3085.74045908875,40.0,27.34384575276931,0.0,0.0,28.41826641056806,28.41826641056806,2.4103521503730225
33.26,33260,3095.62506020392,40.0,27.345934256435633,0.0,0.0,28.50503540157436,28.50503540157436,2.41024975017504
33.27,33270,3105.509185148017,40.0,27.34802269048632,0.0,0.0,28.591800695057533,28.591800695057533,2.4101470411992474
33.28,33280,3115.392833186612,40.0,27.35011105492371,0.0,0.0,28.67856227990349,28.67856227990349,2.4100440234987714
33.29,33290,3125.276003635501,40.0,27.3521993497501,0.0,0.0,28.765320145000057,28.765320145000057,2.4099406971268964
33.3,33300,3135.1586958566936,40.0,27.354287574967827,0.0,0.0,28.85207427923699,28.85207427923699,2.409837062137062
33.31,33310,3145.0409092546065,40.0,27.35637573057921,0.0,0.0,28.938824671505973,28.938824671505973,2.409733118582866
33.32,33320,3154.92264327247,40.0,27.358463816586568,0.0,0.0,29.025571310700624,29.025571310700624,2.40962886651806
33.33,33330,3164.8038973889243,40.0,27.360551832992215,0.0,0.0,29.1123141857165,29.1123141857165,2.409524305996554
33.34,33340,3174.6846711148055,40.0,27.36263977979847,0.0,0.0,29.199053285451107,29.199053285451107,2.409419437072413
33.35,33350,3184.564963990105,40.0,27.36472765700767,0.0,0.0,29.2857885988039,29.2857885988039,2.409314259799859
33.36,33360,3194.4447755811007,40.0,27.366815464622107,0.0,0.0,29.372520114676295,29.372520114676295,2.4092087742332695
33.37,33370,3204.3241054776504,40.0,27.36890320264413,0.0,0.0,29.459247821971672,29.459247821971672,2.409102980427177
33.38,33380,3214.202953290635,40.0,27.370990871076042,0.0,0.0,29.545971709595378,29.545971709595378,2.408996878436272
33.39,33390,3224.081318649551,40.0,27.373078469920166,0.0,0.0,29.632691766454734,29.632691766454734,2.408890468315399
33.4,33400,3233.9592012002427,40.0,27.37516599917882,0.0,0.0,29.719407981459035,29.719407981459035,2.40878375011956
33.41,33410,3243.8366006027645,40.0,27.377253458854327,0.0,0.0,29.806120343519577,29.806120343519577,2.4086767239039113
33.42,33420,3253.7135165293735,40.0,27.379340848949006,0.0,0.0,29.892828841549633,29.892828841549633,2.4085693897237657
33.43,33430,3263.589948662637,40.0,27.381428169465174,0.0,0.0,29.979533464464478,29.979533464464478,2.408461747634591
33.44,33440,3273.4658966936613,40.0,27.383515420405143,0.0,0.0,30.06623420118139,30.06623420118139,2.408353797692012
33.45,33450,3283.341360320422,40.0,27.385602601771254,0.0,0.0,30.15293104061966,30.15293104061966,2.408245539951807
33.46,33460,3293.2163392462057,40.0,27.387689713565802,0.0,0.0,30.239623971700578,30.239623971700578,2.4081369744699113
33.47,33470,3303.090833178142,40.0,27.389776755791114,0.0,0.0,30.326312983347467,30.326312983347467,2.4080281013024143
33.48,33480,3312.964841825837,40.0,27.391863728449525,0.0,0.0,30.412998064485667,30.412998064485667,2.407918920505563
33.49,33490,3322.83836490009,40.0,27.39395063154333,0.0,0.0,30.49967920404255,30.49967920404255,2.4078094321357564
33.5,33500,3332.711402111697,40.0,27.396037465074855,0.0,0.0,30.586356390947536,30.586356390947536,2.4076996362495513
33.51,33510,3342.583953170336,40.0,27.39812422904643,0.0,0.0,30.67302961413207,30.67302961413207,2.4075895329036587
33.52,33520,3352.456017783524,40.0,27.400210923460357,0.0,0.0,30.75969886252965,30.75969886252965,2.4074791221549448
33.53,33530,3362.3275956556527,40.0,27.40229754831897,0.0,0.0,30.846364125075826,30.846364125075826,2.407368404060431
33.54,33540,3372.198686487086,40.0,27.40438410362458,0.0,0.0,30.93302539070821,30.93302539070821,2.407257378677293
33.55,33550,3382.0692899733285,40.0,27.406470589379502,0.0,0.0,31.019682648366473,31.019682648366473,2.4071460460628624
33.56,33560,3391.9394058042526,40.0,27.408557005586058,0.0,0.0,31.106335886992362,31.106335886992362,2.407034406274624
33.57,33570,3401.8090336633836,40.0,27.410643352246566,0.0,0.0,31.19298509552969,31.19298509552969,2.40692245937022
33.58,33580,3411.678173227243,40.0,27.412729629363348,0.0,0.0,31.27963026292436,31.27963026292436,2.4068102054074445
33.59,33590,3421.546824164742,40.0,27.414815836938722,0.0,0.0,31.366271378124356,31.366271378124356,2.4066976444442476
33.6,33600,3431.414986136625,40.0,27.416901974974994,0.0,0.0,31.45290843007975,31.45290843007975,2.4065847765387347
33.61,33610,3441.2826587949617,40.0,27.41898804347449,0.0,0.0,31.539541407742718,31.539541407742718,2.406471601749164
33.62,33620,3451.1498417826815,40.0,27.421074042439532,0.0,0.0,31.62617030006754,31.62617030006754,2.4063581201339495
33.63,33630,3461.016534733151,40.0,27.423159971872433,0.0,0.0,31.712795096010602,31.712795096010602,2.4062443317516595
33.64,33640,3470.8827372697906,40.0,27.425245831775516,0.0,0.0,31.799415784530396,31.799415784530396,2.4061302366610153
33.65,33650,3480.748449005732,40.0,27.427331622151087,0.0,0.0,31.88603235458755,31.88603235458755,2.406015834920894
33.66,33660,3490.6136695435034,40.0,27.429417343001475,0.0,0.0,31.972644795144802,31.972644795144802,2.4059011265903263
33.67,33670,3500.4783984747583,40.0,27.431502994328998,0.0,0.0,32.05925309516703,32.05925309516703,2.4057861117284967
33.68,33680,3510.3426353800264,40.0,27.433588576135957,0.0,0.0,32.145857243621236,32.145857243621236,2.405670790394745
33.69,33690,3520.2063798285003,40.0,27.435674088424694,0.0,0.0,32.23245722947659,32.23245722947659,2.405555162648563
33.7,33700,3530.069631377847,40.0,27.437759531197507,0.0,0.0,32.31905304170437,32.31905304170437,2.4054392285495982
33.71,33710,3539.932389574049,40.0,27.43984490445672,0.0,0.0,32.40564466927805,32.40564466927805,2.405322988157651
33.72,33720,3549.794653951264,40.0,27.441930208204646,0.0,0.0,32.49223210117323,32.49223210117323,2.4052064415326764
33.73,33730,3559.6564240317157,40.0,27.444015442443607,0.0,0.0,32.578815326367675,32.578815326367675,2.405089588734782
33.74,33740,3569.5176993255996,40.0,27.446100607175925,0.0,0.0,32.66539433384135,32.66539433384135,2.4049724298242308
33.75,33750,3579.378479331013,40.0,27.448185702403904,0.0,0.0,32.75196911257637,32.75196911257637,2.4048549648614372
33.76,33760,3589.2387635339037,40.0,27.450270728129865,0.0,0.0,32.838539651557014,32.838539651557014,2.404737193906971
33.77,33770,3599.0985514080357,40.0,27.452355684356135,0.0,0.0,32.92510593976979,32.92510593976979,2.4046191170215545
33.78,33780,3608.9578424149727,40.0,27.454440571085016,0.0,0.0,33.01166796620337,33.01166796620337,2.4045007342660636
33.79,33790,3618.816636004075,40.0,27.45652538831883,0.0,0.0,33.09822571984863,33.09822571984863,2.404382045701528
33.8,33800,3628.6749316125147,40.0,27.4586101360599,0.0,0.0,33.18477918969863,33.18477918969863,2.40426305138913
33.81,33810,3638.532728665301,40.0,27.460694814310536,0.0,0.0,33.27132836474868,33.27132836474868,2.4041437513902055
33.82,33820,3648.3900265753214,40.0,27.46277942307305,0.0,0.0,33.357873233996266,33.357873233996266,2.404024145766244
33.83,33830,3658.246824743392,40.0,27.464863962349764,0.0,0.0,33.44441378644111,33.44441378644111,2.403904234578887
33.84,33840,3668.1031225583197,40.0,27.466948432143,0.0,0.0,33.530950011085146,33.530950011085146,2.4037840178899295
33.85,33850,3677.9589193969746,40.0,27.469032832455063,0.0,0.0,33.61748189693255,33.61748189693255,2.4036634957613203
33.86,33860,3687.8142146243727,40.0,27.471117163288277,0.0,0.0,33.704009432989736,33.704009432989736,2.403542668255159
33.87,33870,3697.6690075937654,40.0,27.473201424644948,0.0,0.0,33.79053260826535,33.79053260826535,2.4034215354337007
33.88,33880,3707.5232976467387,40.0,27.4752856165274,0.0,0.0,33.87705141177029,33.87705141177029,2.4033000973593506
33.89,33890,3717.3770841133182,40.0,27.477369738937952,0.0,0.0,33.963565832517695,33.963565832517695,2.403178354094669
33.9,33900,3727.230366312082,40.0,27.479453791878914,0.0,0.0,34.05007585952298,34.05007585952298,2.4030563057023664
33.91,33910,3737.0831435502796,40.0,27.481537775352603,0.0,0.0,34.13658148180381,34.13658148180381,2.402933952245308
33.92,33920,3746.9354151239554,40.0,27.48362168936133,0.0,0.0,34.223082688380124,34.223082688380124,2.4028112937865105
33.93,33930,3756.787180318078,40.0,27.485705533907417,0.0,0.0,34.30957946827414,34.30957946827414,2.402688330389142
33.94,33940,3766.638438406674,40.0,27.48778930899317,0.0,0.0,34.39607181051033,34.39607181051033,2.4025650621165258
33.95,33950,3776.4891886529676,40.0,27.489873014620922,0.0,0.0,34.48255970411549,34.48255970411549,2.402441489032134
33.96,33960,3786.3394303095192,40.0,27.491956650792968,0.0,0.0,34.56904313811867,34.56904313811867,2.4023176111995928
33.97,33970,3796.1891626183724,40.0,27.49404021751164,0.0,0.0,34.65552210155125,34.65552210155125,2.4021934286826805
33.98,33980,3806.038384811201,40.0,27.496123714779245,0.0,0.0,34.741996583446884,34.741996583446884,2.4020689415453274
33.99,33990,3815.88709610946,40.0,27.49820714259809,0.0,0.0,34.82846657284154,34.82846657284154,2.4019441498516154
34.0,34000,3825.7352957245357,40.0,27.500290500970507,0.0,0.0,34.914932058773516,34.914932058773516,2.4018190536657786
34.01,34010,3835.582982857903,40.0,27.502373789898797,0.0,0.0,35.001393030283396,35.001393030283396,2.4016936530522024
34.02,34020,3845.43015670128,40.0,27.504457009385284,0.0,0.0,35.08784947641411,35.08784947641411,2.401567948075425
34.03,34030,3855.2768164367835,40.0,27.506540159432276,0.0,0.0,35.174301386210914,35.174301386210914,2.401441938800135
34.04,34040,3865.12296123709,40.0,27.508623240042095,0.0,0.0,35.26074874872139,35.26074874872139,2.4013156252911743
34.05,34050,3874.9685902655915,40.0,27.510706251217048,0.0,0.0,35.34719155299548,35.34719155299548,2.401189007613535
34.06,34060,3884.813702676557,40.0,27.512789192959453,0.0,0.0,35.43362978808545,35.43362978808545,2.401062085832361
34.07,34070,3894.6582976152913,40.0,27.514872065271618,0.0,0.0,35.52006344304591,35.52006344304591,2.4009348600129474
34.08,34080,3904.502374218294,40.0,27.51695486815587,0.0,0.0,35.606492506933854,35.606492506933854,2.4008073302207418
34.09,34090,3914.34593161342,40.0,27.51903760161452,0.0,0.0,35.692916968808625,35.692916968808625,2.4006794965213416
34.1,34100,3924.188968920039,40.0,27.52112026564987,0.0,0.0,35.779336817731924,35.779336817731924,2.4005513589804965
34.11,34110,3934.031485249193,40.0,27.523202860264245,0.0,0.0,35.86575204276783,35.86575204276783,2.4004229176641068
34.12,34120,3943.8734797037555,40.0,27.525285385459952,0.0,0.0,35.952162632982805,35.952162632982805,2.400294172638224
34.13,34130,3953.7149513785894,40.0,27.527367841239315,0.0,0.0,36.03856857744569,36.03856857744569,2.4001651239690505
34.14,34140,3963.5558993607024,40.0,27.52945022760465,0.0,0.0,36.12496986522771,36.12496986522771,2.4000357717229392
34.15,34150,3973.396322729403,40.0,27.53153254455825,0.0,0.0,36.21136648540251,36.21136648540251,2.3999061159663952
34.16,34160,3983.236220556455,40.0,27.533614792102448,0.0,0.0,36.297758427046084,36.297758427046084,2.399776156766073
34.17,34170,3993.0755919062312,40.0,27.53569697023954,0.0,0.0,36.38414567923687,36.38414567923687,2.399645894188779
34.18,34180,4002.9144358358653,40.0,27.537779078971866,0.0,0.0,36.470528231055724,36.470528231055724,2.399515328301469
34.19,34190,4012.752751395401,40.0,27.53986111830172,0.0,0.0,36.55690607158589,36.55690607158589,2.39938445917125
34.2,34200,4022.590537627943,40.0,27.54194308823142,0.0,0.0,36.643279189913045,36.643279189913045,2.3992532868653793
34.21,34210,4032.4277935698024,40.0,27.544024988763276,0.0,0.0,36.72964757512529,36.72964757512529,2.399121811451265
34.22,34220,4042.264518250645,40.0,27.546106819899602,0.0,0.0,36.816011216313164,36.816011216313164,2.398990032996465
34.23,34230,4052.100710693633,40.0,27.548188581642716,0.0,0.0,36.902370102569634,36.902370102569634,2.3988579515686883
34.24,34240,4061.9363699155697,40.0,27.55027027399493,0.0,0.0,36.98872422299012,36.98872422299012,2.3987255672357928
34.25,34250,4071.7714949270376,40.0,27.552351896958555,0.0,0.0,37.07507356667249,37.07507356667249,2.3985928800657876
34.26,34260,4081.606084732539,40.0,27.554433450535903,0.0,0.0,37.16141812271706,37.16141812271706,2.3984598901268317
34.27,34270,4091.4401383306326,40.0,27.556514934729293,0.0,0.0,37.247757880226594,37.247757880226594,2.3983265974872334
34.28,34280,4101.2736547140685,40.0,27.558596349541027,0.0,0.0,37.33409282830635,37.33409282830635,2.398193002215452
34.29,34290,4111.106632869921,40.0,27.56067769497343,0.0,0.0,37.42042295606404,37.42042295606404,2.398059104380095
34.3,34300,4120.939071779718,40.0,27.5627589710288,0.0,0.0,37.50674825260983,37.50674825260983,2.3979249040499218
34.31,34310,4130.770970419575,40.0,27.56484017770946,0.0,0.0,37.5930687070564,37.5930687070564,2.3977904012938396
34.32,34320,4140.602327760317,40.0,27.566921315017723,0.0,0.0,37.67938430851892,37.67938430851892,2.3976555961809067
34.33,34330,4150.433142767606,40.0,27.569002382955894,0.0,0.0,37.76569504611501,37.76569504611501,2.397520488780329
34.34,34340,4160.263414402065,40.0,27.5710833815263,0.0,0.0,37.852000908964825,37.852000908964825,2.397385079161464
34.35,34350,4170.093141619397,40.0,27.573164310731233,0.0,0.0,37.938301886191,37.938301886191,2.397249367393817
34.36,34360,4179.922323370505,40.0,27.57524517057302,0.0,0.0,38.02459796691869,38.02459796691869,2.3971133535470437
34.37,34370,4189.750958601609,40.0,27.577325961053965,0.0,0.0,38.11088914027557,38.11088914027557,2.396977037690948
34.38,34380,4199.579046254362,40.0,27.57940668217639,0.0,0.0,38.19717539539181,38.19717539539181,2.3968404198954834
34.39,34390,4209.40658526596,40.0,27.58148733394259,0.0,0.0,38.283456721400114,38.283456721400114,2.3967035002307533
34.4,34400,4219.233574569255,40.0,27.583567916354895,0.0,0.0,38.36973310743573,38.36973310743573,2.3965662787670086
34.41,34410,4229.060013092867,40.0,27.585648429415606,0.0,0.0,38.456004542636414,38.456004542636414,2.39642875557465
34.42,34420,4238.885899761284,40.0,27.58772887312704,0.0,0.0,38.542271016142486,38.542271016142486,2.396290930724227
34.43,34430,4248.7112334949725,40.0,27.589809247491505,0.0,0.0,38.628532517096794,38.628532517096794,2.396152804286438
34.44,34440,4258.536013210476,40.0,27.591889552511308,0.0,0.0,38.71478903464475,38.71478903464475,2.3960143763321295
34.45,34450,4268.360237820521,40.0,27.593969788188772,0.0,0.0,38.801040557934314,38.801040557934314,2.3958756469322973
34.46,34460,4278.183906234113,40.0,27.596049954526205,0.0,0.0,38.88728707611601,38.88728707611601,2.395736616158085
34.47,34470,4288.007017356634,40.0,27.598130051525906,0.0,0.0,38.973528578342915,38.973528578342915,2.3955972840807855
34.48,34480,4297.829570089934,40.0,27.600210079190198,0.0,0.0,39.0597650537707,39.0597650537707,2.395457650771839
34.49,34490,4307.651563332434,40.0,27.6022900375214,0.0,0.0,39.1459964915576,39.1459964915576,2.3953177163028356
34.5,34500,4317.472995979206,40.0,27.604369926521805,0.0,0.0,39.23222288086444,39.23222288086444,2.3951774807455117
34.51,34510,4327.293866922068,40.0,27.606449746193736,0.0,0.0,39.31844421085462,39.31844421085462,2.395036944171754
34.52,34520,4337.114175049675,40.0,27.6085294965395,0.0,0.0,39.404660470694154,39.404660470694154,2.394896106653595
34.53,34530,4346.933919247597,40.0,27.6106091775614,0.0,0.0,39.49087164955162,39.49087164955162,2.3947549682632174
34.54,34540,4356.753098398408,40.0,27.612688789261757,0.0,0.0,39.577077736598255,39.577077736598255,2.39461352907295
34.55,34550,4366.571711381768,40.0,27.614768331642892,0.0,0.0,39.66327872100784,39.66327872100784,2.39447178915527
34.56,34560,4376.389757074503,40.0,27.616847804707092,0.0,0.0,39.749474591956826,39.749474591956826,2.3943297485828032
34.57,34570,4386.2072343506825,40.0,27.618927208456675,0.0,0.0,39.835665338624246,39.835665338624246,2.3941874074283223
34.58,34580,4396.024142081697,40.0,27.621006542893962,0.0,0.0,39.92185095019178,39.92185095019178,2.3940447657647472
34.59,34590,4405.840479136336,40.0,27.623085808021255,0.0,0.0,40.008031415843725,40.008031415843725,2.393901823665147
34.6,34600,4415.656244380859,40.0,27.625165003840863,0.0,0.0,40.09420672476702,40.09420672476702,2.3937585812027358
34.61,34610,4425.471436679066,40.0,27.627244130355102,0.0,0.0,40.180376866151256,40.180376866151256,2.393615038450877
34.62,34620,4435.286054892374,40.0,27.62932318756628,0.0,0.0,40.26654182918865,40.26654182918865,2.3934711954830807
34.63,34630,4445.100097879879,40.0,27.631402175476698,0.0,0.0,40.352701603074074,40.352701603074074,2.393327052373004
34.64,34640,4454.913564498431,40.0,27.633481094088683,0.0,0.0,40.43885617700507,40.43885617700507,2.3931826091944517
34.65,34650,4464.7264536026905,40.0,27.635559943404534,0.0,0.0,40.525005540181844,40.525005540181844,2.3930378660213747
34.66,34660,4474.538764045201,40.0,27.637638723426555,0.0,0.0,40.61114968180725,40.61114968180725,2.3928928229278714
34.67,34670,4484.350494676448,40.0,27.639717434157074,0.0,0.0,40.69728859108682,40.69728859108682,2.392747479988188
34.68,34680,4494.161644344921,40.0,27.641796075598382,0.0,0.0,40.783422257228786,40.783422257228786,2.392601837276716
34.69,34690,4503.972211897175,40.0,27.643874647752803,0.0,0.0,40.86955066944403,40.86955066944403,2.3924558948679935
34.7,34700,4513.782196177886,40.0,27.645953150622635,0.0,0.0,40.95567381694615,40.95567381694615,2.3923096528367074
34.71,34710,4523.5915960299135,40.0,27.648031584210198,0.0,0.0,41.041791688951434,41.041791688951434,2.392163111257689
34.72,34720,4533.40041029435,40.0,27.650109948517787,0.0,0.0,41.12790427467884,41.12790427467884,2.3920162702059176
34.73,34730,4543.208637810581,40.0,27.652188243547734,0.0,0.0,41.21401156335008,41.21401156335008,2.391869129756517
34.74,34740,4553.016277416336,40.0,27.654266469302325,0.0,0.0,41.30011354418953,41.30011354418953,2.391721689984759
34.75,34750,4562.823327947741,40.0,27.656344625783884,0.0,0.0,41.38621020642431,41.38621020642431,2.391573950966062
34.76,34760,4572.6297882393665,40.0,27.658422712994707,0.0,0.0,41.472301539284246,41.472301539284246,2.3914259127759885
34.77,34770,4582.435657124284,40.0,27.660500730937123,0.0,0.0,41.5583875320019,41.5583875320019,2.3912775754902484
34.78,34780,4592.240933434108,40.0,27.662578679613414,0.0,0.0,41.64446817381255,41.64446817381255,2.3911289391846986
34.79,34790,4602.045615999045,40.0,27.66465655902591,0.0,0.0,41.730543453954226,41.730543453954226,2.3909800039353395
34.8,34800,4611.849703647942,40.0,27.666734369176922,0.0,0.0,41.816613361667685,41.816613361667685,2.3908307698183195
34.81,34810,4621.653195208329,40.0,27.66881211006874,0.0,0.0,41.90267788619644,41.90267788619644,2.3906812369099315
34.82,34820,4631.4560895064615,40.0,27.670889781703682,0.0,0.0,41.988737016786764,41.988737016786764,2.3905314052866147
34.83,34830,4641.25838536737,40.0,27.67296738408406,0.0,0.0,42.07479074268767,42.07479074268767,2.390381275024953
34.84,34840,4651.060081614892,40.0,27.675044917212176,0.0,0.0,42.16083905315092,42.16083905315092,2.3902308462016775
34.85,34850,4660.861177071722,40.0,27.67712238109035,0.0,0.0,42.2468819374311,42.2468819374311,2.390080118893663
34.86,34860,4670.661670559445,40.0,27.67919977572088,0.0,0.0,42.332919384785505,42.332919384785505,2.3899290931779307
34.87,34870,4680.46156089858,40.0,27.68127710110607,0.0,0.0,42.41895138447424,42.41895138447424,2.3897777691316464
34.88,34880,4690.260846908613,40.0,27.68335435724824,0.0,0.0,42.5049779257602,42.5049779257602,2.3896261468321214
34.89,34890,4700.059527408036,40.0,27.685431544149687,0.0,0.0,42.59099899790905,42.59099899790905,2.389474226356812
34.9,34900,4709.857601214386,40.0,27.687508661812736,0.0,0.0,42.677014590189245,42.677014590189245,2.38932200778332
34.91,34910,4719.655067144275,40.0,27.689585710239676,0.0,0.0,42.76302469187206,42.76302469187206,2.3891694911893913
34.92,34920,4729.451924013426,40.0,27.69166268943282,0.0,0.0,42.84902929223156,42.84902929223156,2.3890166766529175
34.93,34930,4739.248170636709,40.0,27.693739599394476,0.0,0.0,42.93502838054464,42.93502838054464,2.388863564251934
34.94,34940,4749.04380582817,40.0,27.695816440126958,0.0,0.0,43.02102194609096,43.02102194609096,2.388710154064621
34.95,34950,4758.838828401063,40.0,27.69789321163257,0.0,0.0,43.10700997815306,43.10700997815306,2.388556446169305
34.96,34960,4768.6332371678845,40.0,27.699969913913623,0.0,0.0,43.19299246601626,43.19299246601626,2.388402440644454
34.97,34970,4778.427030940398,40.0,27.70204654697242,0.0,0.0,43.27896939896873,43.27896939896873,2.3882481375686835
34.98,34980,4788.220208529668,40.0,27.70412311081126,0.0,0.0,43.36494076630147,43.36494076630147,2.3880935370207514
34.99,34990,4798.0127687460845,40.0,27.70619960543246,0.0,0.0,43.45090655730834,43.45090655730834,2.3879386390795605
35.0,35000,4669.0558627706005,30.0,27.708276030838334,0.0,0.0,43.48260547096343,43.48260547096343,0.880525379308028
35.01,35010,4548.283355705098,30.0,27.710352387031172,0.0,0.0,43.51430232167246,43.51430232167246,0.8804680752507933
35.02,35020,4435.18371450192,30.0,27.712428674013303,0.0,0.0,43.545997108065386,43.545997108065386,0.8804107331369365
35.03,35030,4329.27737692352,30.0,27.714504891787016,0.0,0.0,43.57768982877257,43.57768982877257,0.8803533529770978
35.04,35040,4230.11475336683,30.0,27.716581040354615,0.0,0.0,43.60938048242472,43.60938048242472,0.8802959347819227
35.05,35050,4137.274353573608,30.0,27.718657119718422,0.0,0.0,43.64106906765296,43.64106906765296,0.8802384785620628
35.06,35060,4050.361030421387,30.0,27.720733129880735,0.0,0.0,43.67275558308877,43.67275558308877,0.8801809843281759
35.07,35070,3969.0043334774914,30.0,27.722809070843866,0.0,0.0,43.70444002736404,43.70444002736404,0.8801234520909257
35.08,35080,3892.8569654559255,30.0,27.724884942610117,0.0,0.0,43.73612239911104,43.73612239911104,0.8800658818609814
35.09,35090,3821.593335145708,30.0,27.726960745181792,0.0,0.0,43.767802696962406,43.767802696962406,0.8800082736490195
35.1,35100,3754.9082007811835,30.0,27.729036478561206,0.0,0.0,43.79948091955117,43.79948091955117,0.8799506274657208
35.11,35110,3692.5153982016936,30.0,27.73111214275066,0.0,0.0,43.83115706551075,43.83115706551075,0.879892943321773
35.12,35120,3634.1466485012643,30.0,27.733187737752463,0.0,0.0,43.86283113347496,43.86283113347496,0.87983522122787
35.13,35130,3579.550440200189,30.0,27.73526326356891,0.0,0.0,43.89450312207797,43.89450312207797,0.879777461194711
35.14,35140,3528.4909812808896,30.0,27.737338720202324,0.0,0.0,43.926173029954356,43.926173029954356,0.8797196632330014
35.15,35150,3480.7472167215346,30.0,27.739414107655,0.0,0.0,43.95784085573908,43.95784085573908,0.8796618273534529
35.16,35160,3436.1119074338058,30.0,27.741489425929245,0.0,0.0,43.989506598067486,43.989506598067486,0.8796039535667823
35.17,35170,3394.3907667670546,30.0,27.74356467502738,0.0,0.0,44.02117025557529,44.02117025557529,0.8795460418837138
35.18,35180,3355.401650980951,30.0,27.745639854951683,0.0,0.0,44.05283182689863,44.05283182689863,0.8794880923149755
35.19,35190,3318.9738003135885,30.0,27.747714965704475,0.0,0.0,44.084491310674,44.084491310674,0.8794301048713036
35.2,35200,3284.947127482834,30.0,27.749790007288066,0.0,0.0,44.11614870553828,44.11614870553828,0.8793720795634384
35.21,35210,3253.1715506563432,30.0,27.751864979704763,0.0,0.0,44.14780401012876,44.14780401012876,0.8793140164021276
35.22,35220,3223.5063681109527,30.0,27.753939882956857,0.0,0.0,44.17945722308309,44.17945722308309,0.8792559153981234
35.23,35230,3195.819671975854,30.0,27.756014717046668,0.0,0.0,44.21110834303933,44.21110834303933,0.8791977765621857
35.24,35240,3169.987798616825,30.0,27.75808948197649,0.0,0.0,44.242757368635914,44.242757368635914,0.8791395999050783
35.25,35250,3145.8948133714434,30.0,27.76016417774864,0.0,0.0,44.27440429851166,44.27440429851166,0.8790813854375723
35.26,35260,3123.4320274883526,30.0,27.762238804365406,0.0,0.0,44.306049131305805,44.306049131305805,0.8790231331704444
35.27,35270,3102.497545257819,30.0,27.764313361829114,0.0,0.0,44.33769186565792,44.33769186565792,0.878964843114477
35.28,35280,3082.995839446635,30.0,27.766387850142053,0.0,0.0,44.369332500208024,44.369332500208024,0.8789065152804584
35.29,35290,3064.8373532683336,30.0,27.768462269306532,0.0,0.0,44.40097103359647,44.40097103359647,0.8788481496791831
35.3,35300,3047.938127230272,30.0,27.77053661932487,0.0,0.0,44.43260746446404,44.43260746446404,0.8787897463214516
35.31,35310,3032.219449302768,30.0,27.772610900199354,0.0,0.0,44.4642417914519,44.4642417914519,0.8787313052180695
35.32,35320,3017.6075269526655,30.0,27.774685111932293,0.0,0.0,44.49587401320157,44.49587401320157,0.8786728263798487
35.33,35330,3004.0331796748033,30.0,27.776759254525988,0.0,0.0,44.527504128355005,44.527504128355005,0.8786143098176075
35.34,35340,2991.4315507402675,30.0,27.77883332798276,0.0,0.0,44.55913213555452,44.55913213555452,0.8785557555421692
35.35,35350,2979.741836960378,30.0,27.780907332304892,0.0,0.0,44.59075803344284,44.59075803344284,0.8784971635643636
35.36,35360,2968.907035340423,30.0,27.7829812674947,0.0,0.0,44.62238182066306,44.62238182066306,0.878438533895026
35.37,35370,2958.87370556754,30.0,27.785055133554497,0.0,0.0,44.65400349585868,44.65400349585868,0.8783798665449982
35.38,35380,2949.5917473431005,30.0,27.78712893048657,0.0,0.0,44.68562305767358,44.68562305767358,0.878321161525127
35.39,35390,2941.0141916318207,30.0,27.78920265829323,0.0,0.0,44.71724050475205,44.71724050475205,0.8782624188462651
35.4,35400,2933.0970049578063,30.0,27.791276316976784,0.0,0.0,44.748855835738745,44.748855835738745,0.878203638519272
35.41,35410,2925.7989059320903,30.0,27.793349906539536,0.0,0.0,44.78046904927872,44.78046904927872,0.8781448205550123
35.42,35420,2919.081193247202,30.0,27.795423426983785,0.0,0.0,44.81208014401744,44.81208014401744,0.8780859649643565
35.43,35430,2912.907584422075,30.0,27.797496878311833,0.0,0.0,44.843689118600736,44.843689118600736,0.8780270717581807
35.44,35440,2907.2440646253986,30.0,27.799570260526,0.0,0.0,44.87529597167484,44.87529597167484,0.8779681409473675
35.45,35450,2902.0587449475083,30.0,27.801643573628574,0.0,0.0,44.90690070188638,44.90690070188638,0.8779091725428049
35.46,35460,2897.321729530286,30.0,27.803716817621854,0.0,0.0,44.93850330788237,44.93850330788237,0.8778501665553871
35.47,35470,2893.0049910014395,30.0,27.80578999250816,0.0,0.0,44.970103788310226,44.970103788310226,0.877791122996013
35.48,35480,2889.082253694138,30.0,27.80786309828979,0.0,0.0,45.001702141817745,45.001702141817745,0.877732041875589
35.49,35490,2885.5288841654246,30.0,27.809936134969046,0.0,0.0,45.03329836705313,45.03329836705313,0.8776729232050257
35.5,35500,2882.3217885572244,30.0,27.812009102548227,0.0,0.0,45.06489246266496,45.06489246266496,0.8776137669952411
35.51,35510,2879.439316372291,30.0,27.81408200102964,0.0,0.0,45.096484427302215,45.096484427302215,0.8775545732571572
35.52,35520,2876.861170264157,30.0,27.81615483041559,0.0,0.0,45.12807425961428,45.12807425961428,0.8774953420017036
35.53,35530,2874.56832146521,30.0,27.818227590708382,0.0,0.0,45.159661958250915,45.159661958250915,0.8774360732398142
35.54,35540,2872.5429305005164,30.0,27.820300281910313,0.0,0.0,45.19124752186228,45.19124752186228,0.8773767669824298
35.55,35550,2870.7682728570317,30.0,27.822372904023688,0.0,0.0,45.222830949098935,45.222830949098935,0.8773174232404963
35.56,35560,2869.228669298482,30.0,27.824445457050814,0.0,0.0,45.254412238611835,45.254412238611835,0.8772580420249657
35.57,35570,2867.909420535569,30.0,27.826517940993988,0.0,0.0,45.28599138905231,45.28599138905231,0.8771986233467957
35.58,35580,2866.796745979284,30.0,27.828590355855518,0.0,0.0,45.31756839907212,45.31756839907212,0.87713916721695
35.59,35590,2865.877726322142,30.0,27.8306627016377,0.0,0.0,45.34914326732339,45.34914326732339,0.8770796736463972
35.6,35600,2865.1402497080876,30.0,27.83273497834284,0.0,0.0,45.380715992458654,45.380715992458654,0.8770201426461129
35.61,35610,2864.5729612667833,30.0,27.83480718597324,0.0,0.0,45.412286573130835,45.412286573130835,0.8769605742270775
35.62,35620,2864.165215802002,30.0,27.83687932453121,0.0,0.0,45.44385500799324,45.44385500799324,0.8769009684002776
35.63,35630,2863.9070334369967,30.0,27.838951394019038,0.0,0.0,45.475421295699604,45.475421295699604,0.8768413251767058
35.64,35640,2863.789058032036,30.0,27.84102339443904,0.0,0.0,45.50698543490403,45.50698543490403,0.8767816445673597
35.65,35650,2863.8025182008405,30.0,27.843095325793513,0.0,0.0,45.538547424261026,45.538547424261026,0.8767219265832433
35.66,35660,2863.9391907634945,30.0,27.84516718808476,0.0,0.0,45.5701072624255,45.5701072624255,0.8766621712353663
35.67,35670,2864.191366483549,30.0,27.847238981315073,0.0,0.0,45.60166494805275,45.60166494805275,0.8766023785347437
35.68,35680,2864.551817946557,30.0,27.849310705486765,0.0,0.0,45.633220479798474,45.633220479798474,0.8765425484923962
35.69,35690,2865.0137694462,30.0,27.85138236060214,0.0,0.0,45.664773856318774,45.664773856318774,0.876482681119351
35.7,35700,2865.570868752531,30.0,27.853453946663493,0.0,0.0,45.696325076270135,45.696325076270135,0.8764227764266403
35.71,35710,2866.217160644703,30.0,27.855525463673132,0.0,0.0,45.727874138309446,45.727874138309446,0.8763628344253024
35.72,35720,2866.9470620979023,30.0,27.857596911633348,0.0,0.0,45.759421041094,45.759421041094,0.8763028551263812
35.73,35730,2867.755339021096,30.0,27.85966829054646,0.0,0.0,45.79096578328147,45.79096578328147,0.8762428385409258
35.74,35740,2868.637084448674,30.0,27.86173960041475,0.0,0.0,45.822508363529955,45.822508363529955,0.8761827846799921
35.75,35750,2869.587698095112,30.0,27.86381084124053,0.0,0.0,45.85404878049792,45.85404878049792,0.876122693554641
35.76,35760,2870.602867187465,30.0,27.865882013026102,0.0,0.0,45.88558703284425,45.88558703284425,0.876062565175939
35.77,35770,2871.6785484958364,30.0,27.86795311577376,0.0,0.0,45.91712311922823,45.91712311922823,0.8760023995549585
35.78,35780,2872.8109514869348,30.0,27.87002414948582,0.0,0.0,45.94865703830953,45.94865703830953,0.8759421967027777
35.79,35790,2873.996522530541,30.0,27.872095114164562,0.0,0.0,45.98018878874822,45.98018878874822,0.8758819566304801
35.8,35800,2875.2319300930653,30.0,27.874166009812303,0.0,0.0,46.01171836920479,46.01171836920479,0.8758216793491556
35.81,35810,2876.514050856512,30.0,27.876236836431342,0.0,0.0,46.043245778340115,46.043245778340115,0.8757613648698989
35.82,35820,2877.8399567050033,30.0,27.878307594023976,0.0,0.0,46.074771014815454,46.074771014815454,0.8757010132038112
35.83,35830,2879.2069025246506,30.0,27.88037828259251,0.0,0.0,46.10629407729248,46.10629407729248,0.8756406243619989
35.84,35840,2880.6123147659314,30.0,27.882448902139235,0.0,0.0,46.13781496443328,46.13781496443328,0.8755801983555735
35.85,35850,2882.0537807209166,30.0,27.884519452666467,0.0,0.0,46.16933367490033,46.16933367490033,0.8755197351956537
35.86,35860,2883.529038470675,30.0,27.886589934176488,0.0,0.0,46.20085020735649,46.20085020735649,0.8754592348933626
35.87,35870,2885.035967460959,30.0,27.88866034667162,0.0,0.0,46.232364560465044,46.232364560465044,0.8753986974598289
35.88,35880,2886.572579666916,30.0,27.89073069015415,0.0,0.0,46.26387673288966,46.26387673288966,0.8753381229061882
35.89,35890,2888.137011310003,30.0,27.892800964626378,0.0,0.0,46.295386723294435,46.295386723294435,0.8752775112435802
35.9,35900,2889.7275150925907,30.0,27.894871170090607,0.0,0.0,46.32689453034382,46.32689453034382,0.8752168624831511
35.91,35910,2891.3424529179115,30.0,27.896941306549138,0.0,0.0,46.35840015270272,46.35840015270272,0.8751561766360528
35.92,35920,2892.980289065005,30.0,27.899011374004267,0.0,0.0,46.38990358903641,46.38990358903641,0.8750954537134424
35.93,35930,2894.639583790232,30.0,27.9010813724583,0.0,0.0,46.42140483801056,46.42140483801056,0.8750346937264828
35.94,35940,2896.3189873286938,30.0,27.90315130191354,0.0,0.0,46.45290389829127,46.45290389829127,0.8749738966863427
35.95,35950,2898.0172342705623,30.0,27.90522116237227,0.0,0.0,46.484400768545015,46.484400768545015,0.8749130626041963
35.96,35960,2899.733138288889,30.0,27.907290953836814,0.0,0.0,46.5158954474387,46.5158954474387,0.8748521914912235
35.97,35970,2901.465587196928,30.0,27.90936067630945,0.0,0.0,46.547387933639605,46.547387933639605,0.8747912833586093
35.98,35980,2903.213538314373,30.0,27.911430329792495,0.0,0.0,46.578878225815444,46.578878225815444,0.8747303382175451
35.99,35990,2904.976014123208,30.0,27.913499914288238,0.0,0.0,46.6103663226343,46.6103663226343,0.8746693560792274
36.0,36000,2906.7520981950647,30.0,27.91556942979898,0.0,0.0,46.64185222276467,46.64185222276467,0.8746083369548584
36.01,36010,2908.5409313731207,30.0,27.91763887632702,0.0,0.0,46.673335924875474,46.673335924875474,0.8745472808556457
36.02,36020,2910.341708192631,30.0,27.919708253874656,0.0,0.0,46.70481742763601,46.70481742763601,0.8744861877928031
36.03,36030,2912.1536735251734,30.0,27.921777562444188,0.0,0.0,46.736296729716,46.736296729716,0.8744250577775492
36.04,36040,2913.97611943263,30.0,27.92384680203792,0.0,0.0,46.76777382978556,46.76777382978556,0.8743638908211088
36.05,36050,2915.808382217795,30.0,27.925915972658153,0.0,0.0,46.79924872651521,46.79924872651521,0.8743026869347119
36.06,36060,2917.6498396593192,30.0,27.927985074307173,0.0,0.0,46.83072141857587,46.83072141857587,0.8742414461295942
36.07,36070,2919.49990841947,30.0,27.930054106987296,0.0,0.0,46.862191904638884,46.862191904638884,0.8741801684169971
36.08,36080,2921.3580416139084,30.0,27.93212307070081,0.0,0.0,46.89366018337598,46.89366018337598,0.8741188538081676
36.09,36090,2923.223726533351,30.0,27.93419196545002,0.0,0.0,46.9251262534593,46.9251262534593,0.8740575023143577
36.1,36100,2925.0964825076326,30.0,27.936260791237217,0.0,0.0,46.95659011356138,46.95659011356138,0.8739961139468254
36.11,36110,2926.975858903262,30.0,27.9383295480647,0.0,0.0,46.98805176235519,46.98805176235519,0.8739346887168346
36.12,36120,2928.8614332461325,30.0,27.940398235934776,0.0,0.0,47.019511198514074,47.019511198514074,0.873873226635654
36.13,36130,2930.752809461559,30.0,27.942466854849734,0.0,0.0,47.0509684207118,47.0509684207118,0.8738117277145581
36.14,36140,2932.6496162243197,30.0,27.944535404811887,0.0,0.0,47.08242342762253,47.08242342762253,0.8737501919648275
36.15,36150,2934.551505411813,30.0,27.946603885823517,0.0,0.0,47.113876217920854,47.113876217920854,0.8736886193977477
36.16,36160,2936.4581506538975,30.0,27.94867229788693,0.0,0.0,47.14532679028174,47.14532679028174,0.8736270100246093
36.17,36170,2938.3692459733625,30.0,27.950740641004423,0.0,0.0,47.17677514338058,47.17677514338058,0.8735653638567098
36.18,36180,2940.2845045113736,30.0,27.952808915178295,0.0,0.0,47.20822127589317,47.20822127589317,0.8735036809053511
36.19,36190,2942.203657332574,30.0,27.95487712041085,0.0,0.0,47.23966518649572,47.23966518649572,0.8734419611818411
36.2,36200,2944.1264523048703,30.0,27.956945256704365,0.0,0.0,47.271106873864824,47.271106873864824,0.873380204697493
36.21,36210,2946.052653049229,30.0,27.959013324061164,0.0,0.0,47.302546336677516,47.302546336677516,0.8733184114636258
36.22,36220,2947.9820379551115,30.0,27.96108132248353,0.0,0.0,47.33398357361121,47.33398357361121,0.873256581491563
36.23,36230,2949.9143992574463,30.0,27.96314925197376,0.0,0.0,47.36541858334374,47.36541858334374,0.8731947147926354
36.24,36240,2951.849542171287,30.0,27.965217112534166,0.0,0.0,47.396851364553356,47.396851364553356,0.8731328113781777
36.25,36250,2953.787284080557,30.0,27.96728490416703,0.0,0.0,47.4282819159187,47.4282819159187,0.8730708712595305
36.26,36260,2955.7274537774974,30.0,27.96935262687465,0.0,0.0,47.45971023611883,47.45971023611883,0.8730088944480406
36.27,36270,2957.669890749647,30.0,27.971420280659338,0.0,0.0,47.49113632383321,47.49113632383321,0.8729468809550596
36.28,36280,2959.614444511389,30.0,27.973487865523374,0.0,0.0,47.522560177741724,47.522560177741724,0.8728848307919446
36.29,36290,2961.5609739772744,30.0,27.97555538146907,0.0,0.0,47.553981796524646,47.553981796524646,0.8728227439700583
36.3,36300,2963.5093468745135,30.0,27.97762282849871,0.0,0.0,47.585401178862675,47.585401178862675,0.8727606205007687
36.31,36310,2965.459439192185,30.0,27.9796902066146,0.0,0.0,47.61681832343691,47.61681832343691,0.8726984603954497
36.32,36320,2967.411134664873,30.0,27.98175751581903,0.0,0.0,47.648233228928866,47.648233228928866,0.87263626366548
36.33,36330,2969.364324288572,30.0,27.983824756114313,0.0,0.0,47.67964589402047,47.67964589402047,0.872574030322245
36.34,36340,2971.3189058668518,30.0,27.985891927502728,0.0,0.0,47.71105631739405,47.71105631739405,0.8725117603771338
36.35,36350,2973.2747835853856,30.0,27.987959029986577,0.0,0.0,47.74246449773234,47.74246449773234,0.8724494538415419
36.36,36360,2975.23186761307,30.0,27.99002606356816,0.0,0.0,47.77387043371851,47.77387043371851,0.8723871107268709
36.37,36370,2977.1900737280735,30.0,27.99209302824977,0.0,0.0,47.80527412403611,47.80527412403611,0.8723247310445268
36.38,36380,2979.149322967262,30.0,27.994159924033703,0.0,0.0,47.83667556736913,47.83667556736913,0.8722623148059211
36.39,36390,2981.1095412975283,30.0,27.996226750922265,0.0,0.0,47.86807476240193,47.86807476240193,0.872199862022471
36.4,36400,2983.0706593076693,30.0,27.998293508917747,0.0,0.0,47.89947170781934,47.89947170781934,0.8721373727055994
36.41,36410,2985.032611919517,30.0,28.00036019802244,0.0,0.0,47.930866402306535,47.930866402306535,0.8720748468667343
36.42,36420,2986.995338117127,30.0,28.00242681823864,0.0,0.0,47.96225884454916,47.96225884454916,0.8720122845173092
36.43,36430,2988.95878069289,30.0,28.004493369568657,0.0,0.0,47.99364903323324,47.99364903323324,0.8719496856687625
36.44,36440,2990.922886009512,30.0,28.006559852014764,0.0,0.0,48.0250369670452,48.0250369670452,0.8718870503325394
36.45,36450,2992.8876037768723,30.0,28.008626265579288,0.0,0.0,48.056422644671926,48.056422644671926,0.8718243785200888
36.46,36460,2994.8528868428266,30.0,28.010692610264492,0.0,0.0,48.08780606480067,48.08780606480067,0.8717616702428659
36.47,36470,2996.8186909970846,30.0,28.0127588860727,0.0,0.0,48.11918722611912,48.11918722611912,0.8716989255123317
36.48,36480,2998.7849747873456,30.0,28.01482509300619,0.0,0.0,48.15056612731535,48.15056612731535,0.8716361443399516
36.49,36490,3000.7516993469267,30.0,28.016891231067262,0.0,0.0,48.18194276707789,48.18194276707789,0.871573326737197
36.5,36500,3002.7188282331617,30.0,28.018957300258215,0.0,0.0,48.213317144095654,48.213317144095654,0.8715104727155443
36.51,36510,3004.686327275903,30.0,28.021023300581344,0.0,0.0,48.24468925705796,48.24468925705796,0.871447582286476
36.52,36520,3006.65416443549,30.0,28.02308923203894,0.0,0.0,48.27605910465458,48.27605910465458,0.8713846554614796
36.53,36530,3008.6223096695967,30.0,28.025155094633313,0.0,0.0,48.307426685575656,48.307426685575656,0.8713216922520471
36.54,36540,3010.590734808397,30.0,28.027220888366728,0.0,0.0,48.338791998511766,48.338791998511766,0.8712586926696777
36.55,36550,3012.559413437538,30.0,28.029286613241517,0.0,0.0,48.3701550421539,48.3701550421539,0.871195656725874
36.56,36560,3014.528320788423,30.0,28.03135226925995,0.0,0.0,48.401515815193456,48.401515815193456,0.8711325844321451
36.57,36570,3016.497433635354,30.0,28.033417856424332,0.0,0.0,48.432874316322255,48.432874316322255,0.8710694758000057
36.58,36580,3018.4667301991008,30.0,28.03548337473695,0.0,0.0,48.46423054423253,48.46423054423253,0.8710063308409748
36.59,36590,3020.4361900565,30.0,28.037548824200115,0.0,0.0,48.495584497616925,48.495584497616925,0.8709431495665776
36.6,36600,3022.4057940557022,30.0,28.0396142048161,0.0,0.0,48.52693617516851,48.52693617516851,0.870879931988344
36.61,36610,3024.375524236715,30.0,28.041679516587223,0.0,0.0,48.55828557558075,48.55828557558075,0.8708166781178103
36.62,36620,3026.345363756916,30.0,28.04374475951576,0.0,0.0,48.58963269754754,48.58963269754754,0.8707533879665167
36.63,36630,3028.3152968212157,30.0,28.045809933604023,0.0,0.0,48.620977539763196,48.620977539763196,0.8706900615460099
36.64,36640,3030.285308616591,30.0,28.047875038854286,0.0,0.0,48.65232010092244,48.65232010092244,0.870626698867841
36.65,36650,3032.2553852507062,30.0,28.04994007526886,0.0,0.0,48.6836603797204,48.6836603797204,0.8705632999435675
36.66,36660,3034.2255136943722,30.0,28.052005042850034,0.0,0.0,48.714998374852655,48.714998374852655,0.8704998647847515
36.67,36670,3036.1956817276014,30.0,28.0540699416001,0.0,0.0,48.74633408501516,48.74633408501516,0.8704363934029601
36.68,36680,3038.165877889034,30.0,28.056134771521357,0.0,0.0,48.77766750890431,48.77766750890431,0.8703728858097662
36.69,36690,3040.1360914285256,30.0,28.0581995326161,0.0,0.0,48.80899864521692,48.80899864521692,0.8703093420167483
36.7,36700,3042.1063122626974,30.0,28.06026422488662,0.0,0.0,48.8403274926502,48.8403274926502,0.8702457620354895
36.71,36710,3044.0765309332655,30.0,28.0623288483352,0.0,0.0,48.871654049901785,48.871654049901785,0.8701821458775788
36.72,36720,3046.046738567974,30.0,28.064393402964157,0.0,0.0,48.90297831566975,48.90297831566975,0.8701184935546098
36.73,36730,3048.0169268439695,30.0,28.066457888775773,0.0,0.0,48.93430028865257,48.93430028865257,0.870054805078182
36.74,36740,3049.9870879534656,30.0,28.068522305772333,0.0,0.0,48.96561996754913,48.96561996754913,0.8699910804599004
36.75,36750,3051.957214571552,30.0,28.070586653956152,0.0,0.0,48.99693735105873,48.99693735105873,0.8699273197113737
36.76,36760,3053.927299826017,30.0,28.07265093332951,0.0,0.0,49.02825243788113,49.02825243788113,0.8698635228442184
36.77,36770,3055.8973372690557,30.0,28.074715143894693,0.0,0.0,49.05956522671645,49.05956522671645,0.869799689870054
36.78,36780,3057.8673208507457,30.0,28.076779285654005,0.0,0.0,49.09087571626527,49.09087571626527,0.8697358208005062
36.79,36790,3059.837244894181,30.0,28.07884335860975,0.0,0.0,49.12218390522857,49.12218390522857,0.869671915647206
36.8,36800,3061.8071040721597,30.0,28.0809073627642,0.0,0.0,49.15348979230775,49.15348979230775,0.8696079744217898
36.81,36810,3063.7768933853313,30.0,28.08297129811966,0.0,0.0,49.18479337620464,49.18479337620464,0.8695439971358989
36.82,36820,3065.7466081417047,30.0,28.085035164678423,0.0,0.0,49.21609465562148,49.21609465562148,0.8694799838011795
36.83,36830,3067.7162439374415,30.0,28.08709896244278,0.0,0.0,49.247393629260934,49.247393629260934,0.8694159344292842
36.84,36840,3069.685796638848,30.0,28.089162691415027,0.0,0.0,49.27869029582608,49.27869029582608,0.8693518490318696
36.85,36850,3071.6552623654916,30.0,28.09122635159745,0.0,0.0,49.30998465402042,49.30998465402042,0.8692877276205981
36.86,36860,3073.624637474376,30.0,28.09328994299235,0.0,0.0,49.34127670254787,49.34127670254787,0.8692235702071378
36.87,36870,3075.5939185451,30.0,28.09535346560201,0.0,0.0,49.372566440112784,49.372566440112784,0.8691593768031607
36.88,36880,3077.5631023659503,30.0,28.09741691942874,0.0,0.0,49.40385386541992,49.40385386541992,0.8690951474203457
36.89,36890,3079.5321859208566,30.0,28.09948030447482,0.0,0.0,49.435138977174454,49.435138977174454,0.8690308820703752
36.9,36900,3081.5011663771684,30.0,28.10154362074254,0.0,0.0,49.466421774081994,49.466421774081994,0.8689665807649384
36.91,36910,3083.4700410741916,30.0,28.103606868234202,0.0,0.0,49.49770225484856,49.49770225484856,0.8689022435157282
36.92,36920,3085.438807512443,30.0,28.105670046952085,0.0,0.0,49.528980418180595,49.528980418180595,0.8688378703344439
36.93,36930,3087.4074633435757,30.0,28.1077331568985,0.0,0.0,49.56025626278498,49.56025626278498,0.8687734612327898
36.94,36940,3089.3760063609366,30.0,28.10979619807572,0.0,0.0,49.59152978736899,49.59152978736899,0.8687090162224747
36.95,36950,3091.3444344907093,30.0,28.111859170486063,0.0,0.0,49.622800990640336,49.622800990640336,0.868644535315213
36.96,36960,3093.3127457836167,30.0,28.113922074131793,0.0,0.0,49.65406987130716,49.65406987130716,0.8685800185227247
36.97,36970,3095.280938407136,30.0,28.115984909015218,0.0,0.0,49.685336428077996,49.685336428077996,0.8685154658567344
36.98,36980,3097.249010638205,30.0,28.11804767513862,0.0,0.0,49.716600659661836,49.716600659661836,0.8684508773289721
36.99,36990,3099.216960856382,30.0,28.120110372504307,0.0,0.0,49.747862564768084,49.747862564768084,0.8683862529511729
37.0,37000,3101.184787537433,30.0,28.122173001114547,0.0,0.0,49.779122142106544,49.779122142106544,0.8683215927350773
37.01,37010,3103.1524892473212,30.0,28.124235560971655,0.0,0.0,49.81037939038747,49.81037939038747,0.8682568966924303
37.02,37020,3105.120064636572,30.0,28.126298052077917,0.0,0.0,49.84163430832153,49.84163430832153,0.8681921648349828
37.03,37030,3107.087512434987,30.0,28.128360474435613,0.0,0.0,49.87288689461981,49.87288689461981,0.8681273971744911
37.04,37040,3109.0548314466932,30.0,28.130422828047053,0.0,0.0,49.90413714799383,49.90413714799383,0.8680625937227151
37.05,37050,3111.022020545499,30.0,28.132485112914516,0.0,0.0,49.935385067155515,49.935385067155515,0.8679977544914218
37.06,37060,3112.989078670539,30.0,28.134547329040288,0.0,0.0,49.966630650817244,49.966630650817244,0.8679328794923818
37.07,37070,3114.9560048221956,30.0,28.136609476426674,0.0,0.0,49.99787389769179,49.99787389769179,0.8678679687373718
37.08,37080,3116.92279805827,30.0,28.13867155507596,0.0,0.0,50.029114806492366,50.029114806492366,0.8678030222381734
37.09,37090,3118.8894574903966,30.0,28.140733564990427,0.0,0.0,50.06035337593261,50.06035337593261,0.8677380400065725
37.1,37100,3120.8559822806797,30.0,28.142795506172387,0.0,0.0,50.09158960472656,50.09158960472656,0.8676730220543617
37.11,37110,3122.822371638541,30.0,28.144857378624113,0.0,0.0,50.12282349158872,50.12282349158872,0.8676079683933373
37.12,37120,3124.7886248177633,30.0,28.146919182347908,0.0,0.0,50.15405503523399,50.15405503523399,0.8675428790353017
37.13,37130,3126.754741113721,30.0,28.14898091734606,0.0,0.0,50.185284234377704,50.185284234377704,0.8674777539920615
37.14,37140,3128.7207198607807,30.0,28.15104258362085,0.0,0.0,50.216511087735626,50.216511087735626,0.867412593275429
37.15,37150,3130.686560429866,30.0,28.15310418117458,0.0,0.0,50.24773559402393,50.24773559402393,0.8673473968972218
37.16,37160,3132.6522622261755,30.0,28.155165710009534,0.0,0.0,50.27895775195922,50.27895775195922,0.8672821648692619
37.17,37170,3134.6178246870413,30.0,28.15722717012801,0.0,0.0,50.31017756025854,50.31017756025854,0.8672168972033769
37.18,37180,3136.583247279923,30.0,28.159288561532286,0.0,0.0,50.34139501763935,50.34139501763935,0.8671515939113994
37.19,37190,3138.548529500525,30.0,28.16134988422467,0.0,0.0,50.37261012281953,50.37261012281953,0.867086255005167
37.2,37200,3140.513670871035,30.0,28.163411138207437,0.0,0.0,50.40382287451741,50.40382287451741,0.8670208804965223
37.21,37210,3142.478670938469,30.0,28.165472323482888,0.0,0.0,50.43503327145171,50.43503327145171,0.8669554703973132
37.22,37220,3144.4435292731205,30.0,28.1675334400533,0.0,0.0,50.46624131234161,50.46624131234161,0.8668900247193927
37.23,37230,3146.408245467109,30.0,28.169594487920975,0.0,0.0,50.49744699590669,50.49744699590669,0.8668245434746186
37.24,37240,3148.372819133017,30.0,28.171655467088208,0.0,0.0,50.52865032086699,50.52865032086699,0.8667590266748539
37.25,37250,3150.3372499026123,30.0,28.17371637755727,0.0,0.0,50.55985128594294,50.55985128594294,0.8666934743319665
37.26,37260,3152.3015374256506,30.0,28.175777219330463,0.0,0.0,50.59104988985542,50.59104988985542,0.8666278864578295
37.27,37270,3154.265681368754,30.0,28.177837992410083,0.0,0.0,50.62224613132573,50.62224613132573,0.8665622630643214
37.28,37280,3156.2296814143565,30.0,28.179898696798404,0.0,0.0,50.65344000907561,50.65344000907561,0.8664966041633249
37.29,37290,3158.1935372597195,30.0,28.181959332497723,0.0,0.0,50.684631521827214,50.684631521827214,0.8664309097667285
37.3,37300,3160.1572486160057,30.0,28.184019899510332,0.0,0.0,50.71582066830313,50.71582066830313,0.8663651798864257
37.31,37310,3162.1208152074114,30.0,28.186080397838516,0.0,0.0,50.747007447226366,50.747007447226366,0.8662994145343142
37.32,37320,3164.0842367703553,30.0,28.188140827484567,0.0,0.0,50.778191857320365,50.778191857320365,0.8662336137222977
37.33,37330,3166.0475130527143,30.0,28.19020118845078,0.0,0.0,50.809373897309,50.809373897309,0.8661677774622843
37.34,37340,3168.0106438131106,30.0,28.19226148073944,0.0,0.0,50.840553565916586,50.840553565916586,0.8661019057661878
37.35,37350,3169.9736288202407,30.0,28.194321704352824,0.0,0.0,50.87173086186784,50.87173086186784,0.8660359986459262
37.36,37360,3171.9364678522484,30.0,28.19638185929324,0.0,0.0,50.902905783887924,50.902905783887924,0.8659700561134226
37.37,37370,3173.899160696135,30.0,28.198441945562976,0.0,0.0,50.93407833070243,50.93407833070243,0.8659040781806061
37.38,37380,3175.8617071472077,30.0,28.200501963164307,0.0,0.0,50.965248501037365,50.965248501037365,0.8658380648594093
37.39,37390,3177.824107008563,30.0,28.202561912099526,0.0,0.0,50.996416293619184,50.996416293619184,0.8657720161617715
37.4,37400,3179.7863600906,30.0,28.20462179237093,0.0,0.0,51.02758170717477,51.02758170717477,0.865705932099635
37.41,37410,3181.7484662105676,30.0,28.206681603980797,0.0,0.0,51.05874474043142,51.05874474043142,0.8656398126849487
37.42,37420,3183.710425192136,30.0,28.208741346931426,0.0,0.0,51.08990539211689,51.08990539211689,0.865573657929666
37.43,37430,3185.672236864999,30.0,28.210801021225098,0.0,0.0,51.121063660959344,51.121063660959344,0.8655074678457453
37.44,37440,3187.6339010644974,30.0,28.2128606268641,0.0,0.0,51.152219545687366,51.152219545687366,0.8654412424451493
37.45,37450,3189.595417631269,30.0,28.21492016385073,0.0,0.0,51.18337304503,51.18337304503,0.8653749817398466
37.46,37460,3191.556786410919,30.0,28.21697963218728,0.0,0.0,51.2145241577167,51.2145241577167,0.8653086857418105
37.47,37470,3193.5180072537105,30.0,28.219039031876015,0.0,0.0,51.24567288247737,51.24567288247737,0.8652423544630192
37.48,37480,3195.479080014276,30.0,28.221098362919243,0.0,0.0,51.27681921804233,51.27681921804233,0.8651759879154558
37.49,37490,3197.4400045513453,30.0,28.223157625319253,0.0,0.0,51.30796316314233,51.30796316314233,0.865109586111108
37.5,37500,3199.4007807274916,30.0,28.22521681907832,0.0,0.0,51.339104716508565,51.339104716508565,0.8650431490619691
37.51,37510,3201.3614084088927,30.0,28.227275944198738,0.0,0.0,51.37024387687264,51.37024387687264,0.8649766767800369
37.52,37520,3203.3218874651075,30.0,28.22933500068281,0.0,0.0,51.40138064296663,51.40138064296663,0.8649101692773147
37.53,37530,3205.2822177688668,30.0,28.231393988532794,0.0,0.0,51.432515013522995,51.432515013522995,0.8648436265658098
37.54,37540,3207.2423991958754,30.0,28.233452907751,0.0,0.0,51.463646987274664,51.463646987274664,0.8647770486575355
37.55,37550,3209.202431624629,30.0,28.235511758339705,0.0,0.0,51.49477656295499,51.49477656295499,0.8647104355645088
37.56,37560,3211.1623149362417,30.0,28.237570540301206,0.0,0.0,51.525903739297746,51.525903739297746,0.8646437872987529
37.57,37570,3213.122049014283,30.0,28.23962925363778,0.0,0.0,51.557028515037146,51.557028515037146,0.8645771038722954
37.58,37580,3215.0816337446277,30.0,28.241687898351728,0.0,0.0,51.58815088890785,51.58815088890785,0.8645103852971678
37.59,37590,3217.041069015311,30.0,28.243746474445324,0.0,0.0,51.61927085964492,51.61927085964492,0.8644436315854085
37.6,37600,3219.000354716398,30.0,28.245804981920855,0.0,0.0,51.650388425983884,51.650388425983884,0.8643768427490592
37.61,37610,3220.9594907398555,30.0,28.247863420780618,0.0,0.0,51.68150358666069,51.68150358666069,0.8643100188001672
37.62,37620,3222.918476979438,30.0,28.2499217910269,0.0,0.0,51.71261634041172,51.71261634041172,0.8642431597507845
37.63,37630,3224.877313330575,30.0,28.25198009266198,0.0,0.0,51.74372668597378,51.74372668597378,0.8641762656129677
37.64,37640,3226.8359996902695,30.0,28.25403832568815,0.0,0.0,51.77483462208414,51.77483462208414,0.864109336398779
37.65,37650,3228.7945359570017,30.0,28.256096490107694,0.0,0.0,51.80594014748048,51.80594014748048,0.8640423721202848
37.66,37660,3230.7529220306365,30.0,28.258154585922913,0.0,0.0,51.8370432609009,51.8370432609009,0.8639753727895568
37.67,37670,3232.7111578123404,30.0,28.260212613136062,0.0,0.0,51.868143961083966,51.868143961083966,0.8639083384186712
37.68,37680,3234.6692432045015,30.0,28.26227057174946,0.0,0.0,51.89924224676868,51.89924224676868,0.8638412690197098
37.69,37690,3236.627178110654,30.0,28.264328461765373,0.0,0.0,51.93033811669446,51.93033811669446,0.8637741646047583
37.7,37700,3238.584962435409,30.0,28.2663862831861,0.0,0.0,51.961431569601146,51.961431569601146,0.8637070251859077
37.71,37710,3240.5425960843895,30.0,28.26844403601393,0.0,0.0,51.99252260422906,51.99252260422906,0.8636398507752541
37.72,37720,3242.500078964167,30.0,28.270501720251136,0.0,0.0,52.02361121931891,52.02361121931891,0.8635726413848979
37.73,37730,3244.4574109822065,30.0,28.272559335900013,0.0,0.0,52.05469741361188,52.05469741361188,0.8635053970269448
37.74,37740,3246.4145920468095,30.0,28.27461688296284,0.0,0.0,52.08578118584957,52.08578118584957,0.8634381177135052
37.75,37750,3248.3716220670653,30.0,28.276674361441902,0.0,0.0,52.116862534774015,52.116862534774015,0.8633708034566944
37.76,37760,3250.328500952803,30.0,28.2787317713395,0.0,0.0,52.147941459127686,52.147941459127686,0.8633034542686322
37.77,37770,3252.2852286145476,30.0,28.28078911265791,0.0,0.0,52.1790179576535,52.1790179576535,0.8632360701614438
37.78,37780,3254.241804963476,30.0,28.282846385399417,0.0,0.0,52.210092029094795,52.210092029094795,0.8631686511472587
37.79,37790,3256.1982299113815,30.0,28.284903589566316,0.0,0.0,52.24116367219537,52.24116367219537,0.8631011972382112
37.8,37800,3258.154503370634,30.0,28.286960725160874,0.0,0.0,52.27223288569944,52.27223288569944,0.8630337084464411
37.81,37810,3260.1106252541467,30.0,28.289017792185398,0.0,0.0,52.30329966835167,52.30329966835167,0.8629661847840923
37.82,37820,3262.066595475344,30.0,28.291074790642156,0.0,0.0,52.33436401889715,52.33436401889715,0.8628986262633137
37.83,37830,3264.022413948131,30.0,28.293131720533445,0.0,0.0,52.36542593608141,52.36542593608141,0.8628310328962588
37.84,37840,3265.9780805868654,30.0,28.295188581861552,0.0,0.0,52.396485418650435,52.396485418650435,0.8627634046950867
37.85,37850,3267.933595306331,30.0,28.297245374628755,0.0,0.0,52.427542465350626,52.427542465350626,0.8626957416719603
37.86,37860,3269.8889580217124,30.0,28.29930209883734,0.0,0.0,52.45859707492883,52.45859707492883,0.862628043839048
37.87,37870,3271.844168648571,30.0,28.3013587544896,0.0,0.0,52.48964924613234,52.48964924613234,0.8625603112085225
37.88,37880,3273.799227102826,30.0,28.3034153415878,0.0,0.0,52.52069897770887,52.52069897770887,0.8624925437925612
37.89,37890,3275.7541333007302,30.0,28.30547186013425,0.0,0.0,52.55174626840659,52.55174626840659,0.862424741603347
37.9,37900,3277.708887158853,30.0,28.307528310131218,0.0,0.0,52.5827911169741,52.5827911169741,0.8623569046530668
37.91,37910,3279.6634885940616,30.0,28.309584691581,0.0,0.0,52.61383352216044,52.61383352216044,0.8622890329539126
37.92,37920,3281.617937523504,30.0,28.311641004485878,0.0,0.0,52.64487348271509,52.64487348271509,0.8622211265180816
37.93,37930,3283.572233864594,30.0,28.313697248848133,0.0,0.0,52.67591099738797,52.67591099738797,0.8621531853577744
37.94,37940,3285.526377534996,30.0,28.31575342467005,0.0,0.0,52.70694606492944,52.70694606492944,0.862085209485198
37.95,37950,3287.480368452609,30.0,28.317809531953916,0.0,0.0,52.737978684090294,52.737978684090294,0.8620171989125629
37.96,37960,3289.434206535558,30.0,28.31986557070201,0.0,0.0,52.76900885362177,52.76900885362177,0.8619491536520851
37.97,37970,3291.3878917021775,30.0,28.321921540916627,0.0,0.0,52.800036572275545,52.800036572275545,0.861881073715985
37.98,37980,3293.341423871002,30.0,28.323977442600047,0.0,0.0,52.831061838803734,52.831061838803734,0.8618129591164877
37.99,37990,3295.294802960755,30.0,28.326033275754547,0.0,0.0,52.8620846519589,52.8620846519589,0.861744809865823
38.0,38000,3297.248028890339,30.0,28.328089040382427,0.0,0.0,52.89310501049405,52.89310501049405,0.8616766259762256
38.01,38010,3299.2011015788253,30.0,28.330144736485956,0.0,0.0,52.924122913162606,52.924122913162606,0.8616084074599352
38.02,38020,3301.154020945446,30.0,28.33220036406742,0.0,0.0,52.95513835871846,52.95513835871846,0.8615401543291952
38.03,38030,3303.106786909586,30.0,28.334255923129106,0.0,0.0,52.986151345915914,52.986151345915914,0.8614718665962549
38.04,38040,3305.0593993907737,30.0,28.336311413673304,0.0,0.0,53.01716187350976,53.01716187350976,0.8614035442733678
38.05,38050,3307.011858308675,30.0,28.338366835702296,0.0,0.0,53.04816994025518,53.04816994025518,0.8613351873727918
38.06,38060,3308.9641635830867,30.0,28.34042218921836,0.0,0.0,53.07917554490782,53.07917554490782,0.8612667959067897
38.07,38070,3310.9163151339285,30.0,28.34247747422377,0.0,0.0,53.110178686223776,53.110178686223776,0.8611983698876295
38.08,38080,3312.868312881238,30.0,28.344532690720833,0.0,0.0,53.141179362959576,53.141179362959576,0.8611299093275833
38.09,38090,3314.8201567451656,30.0,28.34658783871182,0.0,0.0,53.172177573872176,53.172177573872176,0.8610614142389273
38.1,38100,3316.7718466459687,30.0,28.348642918199012,0.0,0.0,53.203173317719,53.203173317719,0.8609928846339444
38.11,38110,3318.7233825040057,30.0,28.350697929184705,0.0,0.0,53.234166593257896,53.234166593257896,0.8609243205249201
38.12,38120,3320.6747642397336,30.0,28.352752871671164,0.0,0.0,53.26515739924717,53.26515739924717,0.8608557219241454
38.13,38130,3322.6259917737016,30.0,28.354807745660683,0.0,0.0,53.296145734445545,53.296145734445545,0.860787088843916
38.14,38140,3324.577065026548,30.0,28.356862551155547,0.0,0.0,53.32713159761222,53.32713159761222,0.8607184212965321
38.15,38150,3326.5279839189966,30.0,28.358917288158036,0.0,0.0,53.358114987506816,53.358114987506816,0.8606497192942989
38.16,38160,3328.478748371852,30.0,28.360971956670433,0.0,0.0,53.389095902889395,53.389095902889395,0.8605809828495258
38.17,38170,3330.429358305997,30.0,28.36302655669502,0.0,0.0,53.42007434252048,53.42007434252048,0.8605122119745268
38.18,38180,3332.37981364239,30.0,28.365081088234078,0.0,0.0,53.45105030516102,53.45105030516102,0.8604434066816211
38.19,38190,3334.3301143020612,30.0,28.3671355512899,0.0,0.0,53.48202378957241,53.48202378957241,0.8603745669831323
38.2,38200,3336.28026020611,30.0,28.369189945864754,0.0,0.0,53.5129947945165,53.5129947945165,0.8603056928913884
38.21,38210,3338.230251275703,30.0,28.371244271960933,0.0,0.0,53.54396331875557,53.54396331875557,0.860236784418722
38.22,38220,3340.1800874320693,30.0,28.373298529580715,0.0,0.0,53.574929361052355,53.574929361052355,0.8601678415774704
38.23,38230,3342.1297685965023,30.0,28.37535271872639,0.0,0.0,53.605892920170035,53.605892920170035,0.8600988643799762
38.24,38240,3344.0792946903543,30.0,28.37740683940023,0.0,0.0,53.63685399487222,53.63685399487222,0.8600298528385856
38.25,38250,3346.0286656350354,30.0,28.379460891604516,0.0,0.0,53.66781258392299,53.66781258392299,0.8599608069656497
38.26,38260,3347.977881352011,30.0,28.381514875341548,0.0,0.0,53.69876868608683,53.69876868608683,0.8598917267735248
38.27,38270,3349.926941762802,30.0,28.383568790613595,0.0,0.0,53.72972230012872,53.72972230012872,0.8598226122745712
38.28,38280,3351.8758467889816,30.0,28.385622637422934,0.0,0.0,53.76067342481404,53.76067342481404,0.8597534634811537
38.29,38290,3353.824596352173,30.0,28.38767641577186,0.0,0.0,53.791622058908644,53.791622058908644,0.859684280405642
38.3,38300,3355.7731903740505,30.0,28.389730125662645,0.0,0.0,53.82256820117882,53.82256820117882,0.8596150630604107
38.31,38310,3357.721628776336,30.0,28.391783767097575,0.0,0.0,53.8535118503913,53.8535118503913,0.859545811457838
38.32,38320,3359.6699114807975,30.0,28.393837340078935,0.0,0.0,53.88445300531327,53.88445300531327,0.8594765256103076
38.33,38330,3361.61803840925,30.0,28.395890844608996,0.0,0.0,53.91539166471236,53.91539166471236,0.859407205530208
38.34,38340,3363.5660094835525,30.0,28.397944280690055,0.0,0.0,53.94632782735664,53.94632782735664,0.8593378512299308
38.35,38350,3365.5138246256083,30.0,28.399997648324376,0.0,0.0,53.97726149201463,53.97726149201463,0.8592684627218735
38.36,38360,3367.461483757363,30.0,28.402050947514255,0.0,0.0,54.00819265745529,54.00819265745529,0.8591990400184377
38.37,38370,3369.4089868008036,30.0,28.404104178261974,0.0,0.0,54.03912132244804,54.03912132244804,0.8591295831320297
38.38,38380,3371.3563336779584,30.0,28.4061573405698,0.0,0.0,54.07004748576274,54.07004748576274,0.8590600920750606
38.39,38390,3373.3035243108957,30.0,28.40821043444003,0.0,0.0,54.100971146169705,54.100971146169705,0.8589905668599449
38.4,38400,3375.2505586217226,30.0,28.410263459874933,0.0,0.0,54.131892302439674,54.131892302439674,0.858921007499103
38.41,38410,3377.1974365325855,30.0,28.4123164168768,0.0,0.0,54.16281095334385,54.16281095334385,0.8588514140049596
38.42,38420,3379.144157965669,30.0,28.4143693054479,0.0,0.0,54.19372709765389,54.19372709765389,0.8587817863899427
38.43,38430,3381.0907228431943,30.0,28.416422125590525,0.0,0.0,54.22464073414188,54.22464073414188,0.8587121246664865
38.44,38440,3383.0371310874198,30.0,28.418474877306956,0.0,0.0,54.25555186158037,54.25555186158037,0.8586424288470286
38.45,38450,3384.9833826206395,30.0,28.420527560599464,0.0,0.0,54.286460478742356,54.286460478742356,0.8585726989440118
38.46,38460,3386.929477365184,30.0,28.422580175470337,0.0,0.0,54.31736658440128,54.31736658440128,0.8585029349698828
38.47,38470,3388.875415243419,30.0,28.424632721921867,0.0,0.0,54.34827017733101,54.34827017733101,0.8584331369370936
38.48,38480,3390.8211961777442,30.0,28.426685199956303,0.0,0.0,54.379171256305895,54.379171256305895,0.8583633048580995
38.49,38490,3392.7668200905946,30.0,28.42873760957596,0.0,0.0,54.41006982010073,54.41006982010073,0.8582934387453618
38.5,38500,3394.7122869044388,30.0,28.430789950783094,0.0,0.0,54.44096586749074,54.44096586749074,0.8582235386113453
38.51,38510,3396.6575965417787,30.0,28.432842223580003,0.0,0.0,54.471859397251606,54.471859397251606,0.858153604468519
38.52,38520,3398.60274892515,30.0,28.434894427968953,0.0,0.0,54.50275040815946,54.50275040815946,0.8580836363293575
38.53,38530,3400.5477439771216,30.0,28.436946563952233,0.0,0.0,54.53363889899089,54.53363889899089,0.8580136342063391
38.54,38540,3402.4925816202945,30.0,28.43899863153211,0.0,0.0,54.564524868522916,54.564524868522916,0.8579435981119468
38.55,38550,3404.437261777302,30.0,28.441050630710883,0.0,0.0,54.59540831553303,54.59540831553303,0.8578735280586682
38.56,38560,3406.38178437081,30.0,28.443102561490825,0.0,0.0,54.62628923879915,54.62628923879915,0.857803424058995
38.57,38570,3408.3261493235154,30.0,28.44515442387421,0.0,0.0,54.65716763709967,54.65716763709967,0.8577332861254235
38.58,38580,3410.2703565581487,30.0,28.44720621786333,0.0,0.0,54.6880435092134,54.6880435092134,0.8576631142704548
38.59,38590,3412.21440599747,30.0,28.449257943460452,0.0,0.0,54.71891685391964,54.71891685391964,0.857592908506594
38.6,38600,3414.1582975642705,30.0,28.451309600667855,0.0,0.0,54.749787669998106,54.749787669998106,0.8575226688463511
38.61,38610,3416.102031181374,30.0,28.45336118948783,0.0,0.0,54.78065595622899,54.78065595622899,0.8574523953022399
38.62,38620,3418.0456067716345,30.0,28.455412709922655,0.0,0.0,54.81152171139291,54.81152171139291,0.8573820878867797
38.63,38630,3419.9890242579363,30.0,28.4574641619746,0.0,0.0,54.84238493427096,54.84238493427096,0.8573117466124929
38.64,38640,3421.9322835631942,30.0,28.459515545645942,0.0,0.0,54.87324562364467,54.87324562364467,0.8572413714919073
38.65,38650,3423.8753846103546,30.0,28.46156686093898,0.0,0.0,54.90410377829602,54.90410377829602,0.8571709625375549
38.66,38660,3425.8183273223926,30.0,28.463618107855982,0.0,0.0,54.934959397007454,54.934959397007454,0.8571005197619722
38.67,38670,3427.7611116223147,30.0,28.465669286399212,0.0,0.0,54.96581247856185,54.96581247856185,0.8570300431776996
38.68,38680,3429.703737433157,30.0,28.467720396570982,0.0,0.0,54.996663021742556,54.996663021742556,0.8569595327972827
38.69,38690,3431.646204677986,30.0,28.469771438373535,0.0,0.0,55.027511025333354,55.027511025333354,0.8568889886332706
38.7,38700,3433.588513279897,30.0,28.47182241180918,0.0,0.0,55.058356488118484,55.058356488118484,0.8568184106982181
38.71,38710,3435.530663162016,30.0,28.473873316880173,0.0,0.0,55.089199408882656,55.089199408882656,0.8567477990046828
38.72,38720,3437.4726542474987,30.0,28.47592415358881,0.0,0.0,55.120039786411,55.120039786411,0.8566771535652281
38.73,38730,3439.4144864595296,30.0,28.477974921937363,0.0,0.0,55.15087761948913,55.15087761948913,0.8566064743924211
38.74,38740,3441.3561597213234,30.0,28.480025621928114,0.0,0.0,55.18171290690309,55.18171290690309,0.856535761498833
38.75,38750,3443.297673956124,30.0,28.482076253563328,0.0,0.0,55.212545647439384,55.212545647439384,0.8564650148970407
38.76,38760,3445.239029087205,30.0,28.484126816845297,0.0,0.0,55.24337583988497,55.24337583988497,0.8563942345996235
38.77,38770,3447.1802250378687,30.0,28.4861773117763,0.0,0.0,55.27420348302726,55.27420348302726,0.856323420619167
38.78,38780,3449.1212617314472,30.0,28.488227738358606,0.0,0.0,55.30502857565411,55.30502857565411,0.85625257296826
38.79,38790,3451.062139091302,30.0,28.4902780965945,0.0,0.0,55.335851116553854,55.335851116553854,0.8561816916594956
38.8,38800,3453.0028570408235,30.0,28.492328386486264,0.0,0.0,55.366671104515255,55.366671104515255,0.8561107767054721
38.81,38810,3454.943415503431,30.0,28.494378608036158,0.0,0.0,55.39748853832753,55.39748853832753,0.8560398281187914
38.82,38820,3456.883814402573,30.0,28.49642876124648,0.0,0.0,55.428303416780366,55.428303416780366,0.8559688459120605
38.83,38830,3458.8240536617277,30.0,28.4984788461195,0.0,0.0,55.45911573866389,55.45911573866389,0.85589783009789
38.84,38840,3460.764133204401,30.0,28.5005288626575,0.0,0.0,55.48992550276869,55.48992550276869,0.855826780688895
38.85,38850,3462.704052954129,30.0,28.50257881086275,0.0,0.0,55.520732707885806,55.520732707885806,0.8557556976976954
38.86,38860,3464.6438128344766,30.0,28.504628690737533,0.0,0.0,55.55153735280673,55.55153735280673,0.8556845811369148
38.87,38870,3466.583412769037,30.0,28.506678502284124,0.0,0.0,55.58233943632342,55.58233943632342,0.855613431019182
38.88,38880,3468.5228526814326,30.0,28.508728245504805,0.0,0.0,55.61313895722829,55.61313895722829,0.8555422473571286
38.89,38890,3470.462132495315,30.0,28.510777920401853,0.0,0.0,55.64393591431417,55.64393591431417,0.8554710301633922
38.9,38900,3472.4012521343648,30.0,28.512827526977546,0.0,0.0,55.67473030637439,55.67473030637439,0.855399779450614
38.91,38910,3474.3402115222907,30.0,28.514877065234145,0.0,0.0,55.705522132202724,55.705522132202724,0.8553284952314395
38.92,38920,3476.279010582831,30.0,28.516926535173948,0.0,0.0,55.73631139059339,55.73631139059339,0.8552571775185182
38.93,38930,3478.2176492397516,30.0,28.51897593679923,0.0,0.0,55.76709808034107,55.76709808034107,0.8551858263245042
38.94,38940,3480.156127416849,30.0,28.52102527011226,0.0,0.0,55.7978822002409,55.7978822002409,0.8551144416620564
38.95,38950,3482.0944450379475,30.0,28.523074535115317,0.0,0.0,55.82866374908848,55.82866374908848,0.8550430235438371
38.96,38960,3484.0326020269003,30.0,28.525123731810673,0.0,0.0,55.85944272567985,55.85944272567985,0.8549715719825135
38.97,38970,3485.970598307589,30.0,28.527172860200615,0.0,0.0,55.890219128811516,55.890219128811516,0.8549000869907568
38.98,38980,3487.9084338039247,30.0,28.529221920287423,0.0,0.0,55.92099295728044,55.92099295728044,0.8548285685812425
38.99,38990,3489.8461084398464,30.0,28.53127091207336,0.0,0.0,55.95176420988403,55.95176420988403,0.8547570167666505
39.0,39000,3491.7836221393227,30.0,28.53331983556071,0.0,0.0,55.982532885420184,55.982532885420184,0.854685431559665
39.01,39010,3493.720974826351,30.0,28.535368690751742,0.0,0.0,56.01329898268721,56.01329898268721,0.854613812972974
39.02,39020,3495.658166424956,30.0,28.537417477648752,0.0,0.0,56.044062500483896,56.044062500483896,0.8545421610192707
39.03,39030,3497.5951968591935,30.0,28.53946619625399,0.0,0.0,56.0748234376095,56.0748234376095,0.8544704757112516
39.04,39040,3499.532066053146,30.0,28.541514846569754,0.0,0.0,56.105581792863724,56.105581792863724,0.8543987570616182
39.05,39050,3501.4687739309256,30.0,28.54356342859832,0.0,0.0,56.136337565046716,56.136337565046716,0.8543270050830751
39.06,39060,3503.4053204166735,30.0,28.54561194234195,0.0,0.0,56.1670907529591,56.1670907529591,0.854255219788333
39.07,39070,3505.3417054345587,30.0,28.547660387802917,0.0,0.0,56.19784135540194,56.19784135540194,0.8541834011901049
39.08,39080,3507.2779289087794,30.0,28.549708764983517,0.0,0.0,56.22858937117678,56.22858937117678,0.8541115493011093
39.09,39090,3509.213990763563,30.0,28.55175707388601,0.0,0.0,56.25933479908561,56.25933479908561,0.8540396641340685
39.1,39100,3511.149890923165,30.0,28.55380531451268,0.0,0.0,56.29007763793087,56.29007763793087,0.8539677457017087
39.11,39110,3513.08562931187,30.0,28.555853486865804,0.0,0.0,56.32081788651547,56.32081788651547,0.8538957940167614
39.12,39120,3515.021205853991,30.0,28.55790159094765,0.0,0.0,56.35155554364278,56.35155554364278,0.853823809091961
39.13,39130,3516.9566204738703,30.0,28.5599496267605,0.0,0.0,56.38229060811663,56.38229060811663,0.8537517909400467
39.14,39140,3518.891873095879,30.0,28.561997594306625,0.0,0.0,56.41302307874128,56.41302307874128,0.8536797395737624
39.15,39150,3520.826963644416,30.0,28.564045493588306,0.0,0.0,56.443752954321496,56.443752954321496,0.8536076550058551
39.16,39160,3522.76189204391,30.0,28.566093324607813,0.0,0.0,56.47448023366246,56.47448023366246,0.853535537249077
39.17,39170,3524.696658218818,30.0,28.568141087367415,0.0,0.0,56.50520491556984,56.50520491556984,0.853463386316184
39.18,39180,3526.6312620936255,30.0,28.57018878186941,0.0,0.0,56.53592699884976,56.53592699884976,0.8533912022199363
39.19,39190,3528.565703592848,30.0,28.572236408116055,0.0,0.0,56.56664648230879,56.56664648230879,0.853318984973098
39.2,39200,3530.499982641028,30.0,28.57428396610963,0.0,0.0,56.597363364753974,56.597363364753974,0.8532467345884379
39.21,39210,3532.4340991627387,30.0,28.5763314558524,0.0,0.0,56.62807764499281,56.62807764499281,0.8531744510787288
39.22,39220,3534.3680530825804,30.0,28.578378877346662,0.0,0.0,56.65878932183325,56.65878932183325,0.8531021344567474
39.23,39230,3536.301844325183,30.0,28.580426230594668,0.0,0.0,56.689498394083714,56.689498394083714,0.8530297847352749
39.24,39240,3538.235472815206,30.0,28.58247351559871,0.0,0.0,56.72020486055309,56.72020486055309,0.8529574019270961
39.25,39250,3540.168938477336,30.0,28.584520732361064,0.0,0.0,56.75090872005071,56.75090872005071,0.8528849860450012
39.26,39260,3542.1022412362895,30.0,28.586567880883983,0.0,0.0,56.78160997138638,56.78160997138638,0.8528125371017828
39.27,39270,3544.0353810168117,30.0,28.588614961169753,0.0,0.0,56.81230861337035,56.81230861337035,0.8527400551102392
39.28,39280,3545.9683577436767,30.0,28.59066197322066,0.0,0.0,56.84300464481334,56.84300464481334,0.8526675400831718
39.29,39290,3547.9011713416876,30.0,28.592708917038966,0.0,0.0,56.87369806452654,56.87369806452654,0.852594992033387
39.3,39300,3549.833821735676,30.0,28.59475579262695,0.0,0.0,56.90438887132159,56.90438887132159,0.8525224109736943
39.31,39310,3551.7663088505024,30.0,28.596802599986887,0.0,0.0,56.935077064010606,56.935077064010606,0.8524497969169085
39.32,39320,3553.698632611056,30.0,28.598849339121042,0.0,0.0,56.96576264140614,56.96576264140614,0.8523771498758472
39.33,39330,3555.6307929422555,30.0,28.600896010031697,0.0,0.0,56.99644560232122,56.99644560232122,0.8523044698633336
39.34,39340,3557.5627897690483,30.0,28.602942612721137,0.0,0.0,57.02712594556933,57.02712594556933,0.8522317568921941
39.35,39350,3559.49462301641,30.0,28.604989147191617,0.0,0.0,57.05780366996444,57.05780366996444,0.8521590109752587
39.36,39360,3561.426292609346,30.0,28.60703561344541,0.0,0.0,57.088478774320954,57.088478774320954,0.8520862321253632
39.37,39370,3563.3577984728904,30.0,28.60908201148481,0.0,0.0,57.11915125745375,57.11915125745375,0.8520134203553456
39.38,39380,3565.289140532106,30.0,28.611128341312074,0.0,0.0,57.14982111817816,57.14982111817816,0.8519405756780495
39.39,39390,3567.2203187120845,30.0,28.613174602929476,0.0,0.0,57.18048835530999,57.18048835530999,0.8518676981063215
39.4,39400,3569.151332937947,30.0,28.615220796339294,0.0,0.0,57.2111529676655,57.2111529676655,0.8517947876530131
39.41,39410,3571.0821831348426,30.0,28.61726692154381,0.0,0.0,57.24181495406141,57.24181495406141,0.8517218443309791
39.42,39420,3573.0128692279504,30.0,28.619312978545288,0.0,0.0,57.27247431331492,57.27247431331492,0.8516488681530794
39.43,39430,3574.943391142478,30.0,28.621358967345998,0.0,0.0,57.303131044243685,57.303131044243685,0.8515758591321767
39.44,39440,3576.8737488036622,30.0,28.62340488794822,0.0,0.0,57.3337851456658,57.3337851456658,0.8515028172811393
39.45,39450,3578.8039421367685,30.0,28.62545074035423,0.0,0.0,57.364436616399864,57.364436616399864,0.8514297426128378
39.46,39460,3580.7339710670913,30.0,28.62749652456629,0.0,0.0,57.39508545526491,57.39508545526491,0.8513566351401484
39.47,39470,3582.6638355199543,30.0,28.62954224058668,0.0,0.0,57.42573166108044,57.42573166108044,0.8512834948759503
39.48,39480,3584.59353542071,30.0,28.63158788841767,0.0,0.0,57.45637523266643,57.45637523266643,0.8512103218331276
39.49,39490,3586.52307069474,30.0,28.633633468061547,0.0,0.0,57.48701616884332,57.48701616884332,0.8511371160245681
39.5,39500,3588.4524412674555,30.0,28.63567897952056,0.0,0.0,57.51765446843199,57.51765446843199,0.8510638774631628
39.51,39510,3590.381647064296,30.0,28.637724422797,0.0,0.0,57.54829013025382,57.54829013025382,0.8509906061618082
39.52,39520,3592.31068801073,30.0,28.639769797893138,0.0,0.0,57.578923153130624,57.578923153130624,0.8509173021334039
39.53,39530,3594.239564032255,30.0,28.64181510481123,0.0,0.0,57.60955353588469,57.60955353588469,0.8508439653908538
39.54,39540,3596.168275054399,30.0,28.64386034355357,0.0,0.0,57.64018127733878,57.64018127733878,0.8507705959470658
39.55,39550,3598.096821002717,30.0,28.64590551412242,0.0,0.0,57.67080637631613,57.67080637631613,0.8506971938149518
39.56,39560,3600.0252018027945,30.0,28.64795061652005,0.0,0.0,57.701428831640385,57.701428831640385,0.8506237590074276
39.57,39570,3601.9534173802454,30.0,28.64999565074874,0.0,0.0,57.73204864213573,57.73204864213573,0.8505502915374133
39.58,39580,3603.881467660713,30.0,28.652040616810755,0.0,0.0,57.76266580662677,57.76266580662677,0.8504767914178328
39.59,39590,3605.8093525698696,30.0,28.654085514708378,0.0,0.0,57.79328032393859,57.79328032393859,0.8504032586616137
39.6,39600,3607.737072033417,30.0,28.656130344443874,0.0,0.0,57.82389219289672,57.82389219289672,0.8503296932816884
39.61,39610,3609.6646259770855,30.0,28.658175106019506,0.0,0.0,57.854501412327195,57.854501412327195,0.8502560952909922
39.62,39620,3611.592014326635,30.0,28.660219799437563,0.0,0.0,57.88510798105648,57.88510798105648,0.8501824647024656
39.63,39630,3613.519237007854,30.0,28.6622644247003,0.0,0.0,57.91571189791152,57.91571189791152,0.8501088015290524
39.64,39640,3615.4462939465607,30.0,28.66430898181,0.0,0.0,57.946313161719736,57.946313161719736,0.8500351057837
39.65,39650,3617.3731850686027,30.0,28.666353470768932,0.0,0.0,57.976911771309,57.976911771309,0.8499613774793606
39.66,39660,3619.299910299856,30.0,28.668397891579374,0.0,0.0,58.00750772550764,58.00750772550764,0.8498876166289902
39.67,39670,3621.2264695662266,30.0,28.670442244243585,0.0,0.0,58.03810102314447,58.03810102314447,0.8498138232455479
39.68,39680,3623.1528627936486,30.0,28.672486528763848,0.0,0.0,58.06869166304879,58.06869166304879,0.8497399973419979
39.69,39690,3625.0790899080866,30.0,28.674530745142427,0.0,0.0,58.09927964405031,58.09927964405031,0.8496661389313079
39.7,39700,3627.0051508355336,30.0,28.676574893381595,0.0,0.0,58.12986496497927,58.12986496497927,0.8495922480264493
39.71,39710,3628.931045502012,30.0,28.678618973483623,0.0,0.0,58.16044762466632,58.16044762466632,0.8495183246403973
39.72,39720,3630.8567738335732,30.0,28.68066298545079,0.0,0.0,58.191027621942624,58.191027621942624,0.8494443687861322
39.73,39730,3632.7823357562984,30.0,28.68270692928536,0.0,0.0,58.22160495563978,58.22160495563978,0.849370380476637
39.74,39740,3634.7077311962976,30.0,28.68475080498959,0.0,0.0,58.25217962458988,58.25217962458988,0.849296359724899
39.75,39750,3636.63296007971,30.0,28.686794612565784,0.0,0.0,58.28275162762546,58.28275162762546,0.8492223065439096
39.76,39760,3638.5580223327047,30.0,28.688838352016177,0.0,0.0,58.31332096357954,58.31332096357954,0.8491482209466643
39.77,39770,3640.4829178814794,30.0,28.690882023343065,0.0,0.0,58.343887631285604,58.343887631285604,0.8490741029461615
39.78,39780,3642.407646652261,30.0,28.692925626548714,0.0,0.0,58.3744516295776,58.3744516295776,0.8489999525554048
39.79,39790,3644.3322085713066,30.0,28.694969161635385,0.0,0.0,58.40501295728995,58.40501295728995,0.8489257697874012
39.8,39800,3646.2566035649015,30.0,28.697012628605357,0.0,0.0,58.435571613257544,58.435571613257544,0.848851554655161
39.81,39810,3648.180831559361,30.0,28.699056027460905,0.0,0.0,58.46612759631572,58.46612759631572,0.8487773071716995
39.82,39820,3650.10489248103,30.0,28.70109935820429,0.0,0.0,58.49668090530032,58.49668090530032,0.8487030273500352
39.83,39830,3652.028786256282,30.0,28.70314262083778,0.0,0.0,58.527231539047634,58.527231539047634,0.8486287152031904
39.84,39840,3653.9525128115197,30.0,28.705185815363656,0.0,0.0,58.557779496394424,58.557779496394424,0.8485543707441917
39.85,39850,3655.876072073176,30.0,28.70722894178418,0.0,0.0,58.58832477617792,58.58832477617792,0.8484799939860695
39.86,39860,3657.7994639677127,30.0,28.709272000101624,0.0,0.0,58.61886737723583,58.61886737723583,0.8484055849418579
39.87,39870,3659.7226884216207,30.0,28.711314990318257,0.0,0.0,58.64940729840632,58.64940729840632,0.8483311436245946
39.88,39880,3661.645745361421,30.0,28.713357912436365,0.0,0.0,58.67994453852802,58.67994453852802,0.848256670047322
39.89,39890,3663.5686347136634,30.0,28.715400766458195,0.0,0.0,58.710479096440054,58.710479096440054,0.8481821642230856
39.9,39900,3665.4913564049275,30.0,28.717443552386023,0.0,0.0,58.74101097098199,58.74101097098199,0.8481076261649351
39.91,39910,3667.4139103618218,30.0,28.71948627022212,0.0,0.0,58.77154016099389,58.77154016099389,0.8480330558859238
39.92,39920,3669.336296510984,30.0,28.721528919968762,0.0,0.0,58.802066665316254,58.802066665316254,0.8479584533991092
39.93,39930,3671.2585147790824,30.0,28.723571501628214,0.0,0.0,58.83259048279009,58.83259048279009,0.8478838187175525
39.94,39940,3673.180565092814,30.0,28.72561401520274,0.0,0.0,58.86311161225685,58.86311161225685,0.8478091518543185
39.95,39950,3675.1024473789053,30.0,28.727656460694618,0.0,0.0,58.89363005255846,58.89363005255846,0.8477344528224761
39.96,39960,3677.0241615641116,30.0,28.729698838106124,0.0,0.0,58.92414580253732,58.92414580253732,0.8476597216350981
39.97,39970,3678.945707575219,30.0,28.731741147439507,0.0,0.0,58.95465886103631,58.95465886103631,0.8475849583052607
39.98,39980,3680.8670853390418,30.0,28.73378338869704,0.0,0.0,58.98516922689876,58.98516922689876,0.8475101628460446
39.99,39990,3682.7882947824246,30.0,28.735825561881015,0.0,0.0,59.01567689896851,59.01567689896851,0.8474353352705336
40.0,40000,3684.7093358322413,30.0,28.737867666993676,0.0,0.0,59.04618187608981,59.04618187608981,0.8473604755918159
40.01,40010,3686.6302084153954,30.0,28.739909704037302,0.0,0.0,59.07668415710743,59.07668415710743,0.8472855838229831
40.02,40020,3688.550912458819,30.0,28.741951673014167,0.0,0.0,59.10718374086661,59.10718374086661,0.8472106599771305
40.03,40030,3690.471447889475,30.0,28.743993573926527,0.0,0.0,59.13768062621303,59.13768062621303,0.8471357040673577
40.04,40040,3692.391814634355,30.0,28.746035406776656,0.0,0.0,59.16817481199288,59.16817481199288,0.8470607161067679
40.05,40050,3694.3120126204803,30.0,28.748077171566834,0.0,0.0,59.19866629705278,59.19866629705278,0.8469856961084679
40.06,40060,3696.232041774902,30.0,28.75011886829931,0.0,0.0,59.22915508023986,59.22915508023986,0.8469106440855685
40.07,40070,3698.1519020247006,30.0,28.752160496976366,0.0,0.0,59.25964116040171,59.25964116040171,0.8468355600511841
40.08,40080,3700.071593296986,30.0,28.754202057600267,0.0,0.0,59.29012453638638,59.29012453638638,0.8467604440184325
40.09,40090,3701.9911155188975,30.0,28.75624355017328,0.0,0.0,59.3206052070424,59.3206052070424,0.8466852960004365
40.1,40100,3703.9104686176047,30.0,28.758284974697684,0.0,0.0,59.35108317121877,59.35108317121877,0.8466101160103214
40.11,40110,3705.829652520306,30.0,28.760326331175726,0.0,0.0,59.38155842776497,59.38155842776497,0.846534904061217
40.12,40120,3707.7486671542297,30.0,28.762367619609687,0.0,0.0,59.41203097553095,59.41203097553095,0.8464596601662561
40.13,40130,3709.667512446634,30.0,28.764408840001842,0.0,0.0,59.44250081336715,59.44250081336715,0.8463843843385763
40.14,40140,3711.5861883248067,30.0,28.766449992354445,0.0,0.0,59.47296794012444,59.47296794012444,0.8463090765913182
40.15,40150,3713.5046947160645,30.0,28.768491076669775,0.0,0.0,59.5034323546542,59.5034323546542,0.8462337369376264
40.16,40160,3715.423031547754,30.0,28.77053209295009,0.0,0.0,59.53389405580827,59.53389405580827,0.8461583653906488
40.17,40170,3717.341198747252,30.0,28.772573041197667,0.0,0.0,59.56435304243896,59.56435304243896,0.8460829619635378
40.18,40180,3719.259196241964,30.0,28.774613921414765,0.0,0.0,59.594809313399054,59.594809313399054,0.8460075266694493
40.19,40190,3721.1770239593266,30.0,28.776654733603664,0.0,0.0,59.62526286754183,59.62526286754183,0.8459320595215423
40.2,40200,3723.0946818268044,30.0,28.778695477766618,0.0,0.0,59.65571370372102,59.65571370372102,0.8458565605329799
40.21,40210,3725.012169771893,30.0,28.780736153905902,0.0,0.0,59.68616182079083,59.68616182079083,0.8457810297169293
40.22,40220,3726.9294877221164,30.0,28.78277676202378,0.0,0.0,59.71660721760595,59.71660721760595,0.8457054670865609
40.23,40230,3728.8466356050294,30.0,28.784817302122526,0.0,0.0,59.74704989302153,59.74704989302153,0.8456298726550494
40.24,40240,3730.763613348216,30.0,28.786857774204393,0.0,0.0,59.77748984589321,59.77748984589321,0.8455542464355722
40.25,40250,3732.68042087929,30.0,28.78889817827166,0.0,0.0,59.807927075077096,59.807927075077096,0.8454785884413116
40.26,40260,3734.5970581258953,30.0,28.790938514326598,0.0,0.0,59.83836157942977,59.83836157942977,0.8454028986854522
40.27,40270,3736.513525015705,30.0,28.792978782371463,0.0,0.0,59.8687933578083,59.8687933578083,0.8453271771811839
40.28,40280,3738.4298214764217,30.0,28.79501898240853,0.0,0.0,59.89922240907019,59.89922240907019,0.8452514239416987
40.29,40290,3740.3459474357783,30.0,28.79705911444006,0.0,0.0,59.92964873207349,59.92964873207349,0.8451756389801937
40.3,40300,3742.2619028215377,30.0,28.799099178468317,0.0,0.0,59.960072325676634,59.960072325676634,0.8450998223098684
40.31,40310,3744.1776875614914,30.0,28.80113917449558,0.0,0.0,59.99049318873861,59.99049318873861,0.8450239739439269
40.32,40320,3746.0933015834617,30.0,28.80317910252411,0.0,0.0,60.020911320118856,60.020911320118856,0.8449480938955763
40.33,40330,3748.0087448153004,30.0,28.805218962556168,0.0,0.0,60.05132671867726,60.05132671867726,0.8448721821780282
40.34,40340,3749.924017184889,30.0,28.80725875459403,0.0,0.0,60.08173938327422,60.08173938327422,0.8447962388044971
40.35,40350,3751.839118620139,30.0,28.809298478639953,0.0,0.0,60.11214931277059,60.11214931277059,0.8447202637882013
40.36,40360,3753.754049048991,30.0,28.811338134696207,0.0,0.0,60.14255650602772,60.14255650602772,0.8446442571423626
40.37,40370,3755.6688083994163,30.0,28.81337772276506,0.0,0.0,60.17296096190741,60.17296096190741,0.8445682188802072
40.38,40380,3757.5833965994157,30.0,28.815417242848778,0.0,0.0,60.20336267927194,60.20336267927194,0.8444921490149639
40.39,40390,3759.4978135770198,30.0,28.817456694949627,0.0,0.0,60.23376165698409,60.23376165698409,0.8444160475598659
40.4,40400,3761.412059260289,30.0,28.81949607906987,0.0,0.0,60.26415789390711,60.26415789390711,0.8443399145281495
40.41,40410,3763.326133577313,30.0,28.82153539521178,0.0,0.0,60.29455138890471,60.29455138890471,0.8442637499330552
40.42,40420,3765.240036456213,30.0,28.82357464337761,0.0,0.0,60.324942140841074,60.324942140841074,0.8441875537878268
40.43,40430,3767.1537678251384,30.0,28.825613823569643,0.0,0.0,60.355330148580876,60.355330148580876,0.8441113261057114
40.44,40440,3769.0673276122684,30.0,28.82765293579013,0.0,0.0,60.38571541098927,60.38571541098927,0.8440350668999599
40.45,40450,3770.9807157458135,30.0,28.829691980041346,0.0,0.0,60.41609792693189,60.41609792693189,0.8439587761838274
40.46,40460,3772.893932154013,30.0,28.831730956325547,0.0,0.0,60.44647769527483,60.44647769527483,0.8438824539705719
40.47,40470,3774.8069767651364,30.0,28.833769864645006,0.0,0.0,60.476854714884674,60.476854714884674,0.8438061002734552
40.48,40480,3776.719849507483,30.0,28.835808705001995,0.0,0.0,60.50722898462848,60.50722898462848,0.8437297151057425
40.49,40490,3778.632550309382,30.0,28.837847477398768,0.0,0.0,60.53760050337379,60.53760050337379,0.843653298480703
40.5,40500,3780.545079099193,30.0,28.839886181837592,0.0,0.0,60.56796926998861,60.56796926998861,0.8435768504116092
40.51,40510,3782.457435805305,30.0,28.841924818320734,0.0,0.0,60.598335283341434,60.598335283341434,0.8435003709117369
40.52,40520,3784.3696203561367,30.0,28.843963386850454,0.0,0.0,60.62869854230123,60.62869854230123,0.8434238599943664
40.53,40530,3786.2816326801376,30.0,28.84600188742903,0.0,0.0,60.65905904573744,60.65905904573744,0.8433473176727806
40.54,40540,3788.1934727057865,30.0,28.848040320058715,0.0,0.0,60.689416792520014,60.689416792520014,0.843270743960266
40.55,40550,3790.105140361592,30.0,28.850078684741785,0.0,0.0,60.719771781519334,60.719771781519334,0.8431941388701137
40.56,40560,3792.016635576093,30.0,28.852116981480492,0.0,0.0,60.750124011606296,60.750124011606296,0.8431175024156173
40.57,40570,3793.9279582778586,30.0,28.854155210277103,0.0,0.0,60.78047348165226,60.78047348165226,0.843040834610074
40.58,40580,3795.8391083954875,30.0,28.856193371133894,0.0,0.0,60.81082019052906,60.81082019052906,0.842964135466785
40.59,40590,3797.750085857609,30.0,28.85823146405312,0.0,0.0,60.841164137109025,60.841164137109025,0.8428874049990551
40.6,40600,3799.6608905928815,30.0,28.86026948903704,0.0,0.0,60.87150532026495,60.87150532026495,0.8428106432201921
40.61,40610,3801.5715225299937,30.0,28.862307446087932,0.0,0.0,60.90184373887011,60.90184373887011,0.8427338501435075
40.62,40620,3803.481981597665,30.0,28.864345335208057,0.0,0.0,60.93217939179827,60.93217939179827,0.8426570257823168
40.63,40630,3805.3922677246437,30.0,28.86638315639968,0.0,0.0,60.962512277923665,60.962512277923665,0.8425801701499386
40.64,40640,3807.3023808397093,30.0,28.868420909665055,0.0,0.0,60.99284239612102,60.99284239612102,0.8425032832596947
40.65,40650,3809.2123208716703,30.0,28.87045859500645,0.0,0.0,61.02316974526552,61.02316974526552,0.8424263651249109
40.66,40660,3811.1220877493656,30.0,28.87249621242614,0.0,0.0,61.053494324232844,61.053494324232844,0.8423494157589166
40.67,40670,3813.0316814016646,30.0,28.87453376192638,0.0,0.0,61.08381613189914,61.08381613189914,0.8422724351750446
40.68,40680,3814.941101757466,30.0,28.87657124350943,0.0,0.0,61.114135167141065,61.114135167141065,0.8421954233866306
40.69,40690,3816.8503487457,30.0,28.878608657177566,0.0,0.0,61.14445142883572,61.14445142883572,0.8421183804070145
40.7,40700,3818.759422295325,30.0,28.880646002933048,0.0,0.0,61.174764915860706,61.174764915860706,0.8420413062495393
40.71,40710,3820.6683223353302,30.0,28.882683280778124,0.0,0.0,61.2050756270941,61.2050756270941,0.8419642009275522
40.72,40720,3822.577048794736,30.0,28.884720490715075,0.0,0.0,61.23538356141445,61.23538356141445,0.8418870644544029
40.73,40730,3824.4856016025915,30.0,28.886757632746168,0.0,0.0,61.26568871770082,61.26568871770082,0.8418098968434445
40.74,40740,3826.393980687976,30.0,28.888794706873654,0.0,0.0,61.295991094832715,61.295991094832715,0.8417326981080351
40.75,40750,3828.30218598,30.0,28.8908317130998,0.0,0.0,61.326290691690126,61.326290691690126,0.8416554682615343
40.76,40760,3830.210217407803,30.0,28.892868651426866,0.0,0.0,61.35658750715354,61.35658750715354,0.8415782073173061
40.77,40770,3832.1180749005553,30.0,28.894905521857122,0.0,0.0,61.38688154010394,61.38688154010394,0.8415009152887191
40.78,40780,3834.025758387457,30.0,28.896942324392825,0.0,0.0,61.41717278942274,61.41717278942274,0.8414235921891425
40.79,40790,3835.933267797738,30.0,28.89897905903625,0.0,0.0,61.44746125399189,61.44746125399189,0.8413462380319519
40.8,40800,3837.84060306066,30.0,28.901015725789648,0.0,0.0,61.47774693269379,61.47774693269379,0.8412688528305247
40.81,40810,3839.7477641055134,30.0,28.90305232465528,0.0,0.0,61.50802982441133,61.50802982441133,0.8411914365982415
40.82,40820,3841.6547508616186,30.0,28.905088855635427,0.0,0.0,61.53830992802788,61.53830992802788,0.8411139893484878
40.83,40830,3843.5615632583267,30.0,28.907125318732326,0.0,0.0,61.56858724242729,61.56858724242729,0.841036511094651
40.84,40840,3845.4682012250196,30.0,28.909161713948265,0.0,0.0,61.5988617664939,61.5988617664939,0.8409590018501231
40.85,40850,3847.374664691108,30.0,28.911198041285488,0.0,0.0,61.629133499112505,61.629133499112505,0.8408814616282986
40.86,40860,3849.2809535860342,30.0,28.91323430074626,0.0,0.0,61.659402439168446,61.659402439168446,0.8408038904425758
40.87,40870,3851.18706783927,30.0,28.91527049233286,0.0,0.0,61.68966858554748,61.68966858554748,0.8407262883063564
40.88,40880,3853.093007380318,30.0,28.917306616047533,0.0,0.0,61.719931937135875,61.719931937135875,0.8406486552330459
40.89,40890,3854.9987721387097,30.0,28.919342671892544,0.0,0.0,61.75019249282037,61.75019249282037,0.8405709912360526
40.9,40900,3856.904362044008,30.0,28.921378659870157,0.0,0.0,61.780450251488205,61.780450251488205,0.840493296328788
40.91,40910,3858.809777025806,30.0,28.92341457998264,0.0,0.0,61.810705212027095,61.810705212027095,0.8404155705246679
40.92,40920,3860.7150170137265,30.0,28.925450432232246,0.0,0.0,61.84095737332523,61.84095737332523,0.8403378138371108
40.93,40930,3862.620081937423,30.0,28.92748621662124,0.0,0.0,61.87120673427129,61.87120673427129,0.8402600262795386
40.94,40940,3864.524971726579,30.0,28.929521933151893,0.0,0.0,61.90145329375444,61.90145329375444,0.8401822078653771
40.95,40950,3866.4296863109093,30.0,28.931557581826453,0.0,0.0,61.931697050664326,61.931697050664326,0.8401043586080547
40.96,40960,3868.334225620157,30.0,28.933593162647192,0.0,0.0,61.96193800389108,61.96193800389108,0.8400264785210038
40.97,40970,3870.2385895840976,30.0,28.935628675616364,0.0,0.0,61.992176152325314,61.992176152325314,0.8399485676176598
40.98,40980,3872.142778132535,30.0,28.937664120736237,0.0,0.0,62.022411494858126,62.022411494858126,0.8398706259114616
40.99,40990,3874.0467911953056,30.0,28.93969949800907,0.0,0.0,62.052644030381096,62.052644030381096,0.8397926534158514
41.0,41000,3875.9506287022737,30.0,28.941734807437122,0.0,0.0,62.082873757786295,62.082873757786295,0.8397146501442748
41.01,41010,3877.8542905833356,30.0,28.94377004902266,0.0,0.0,62.11310067596626,62.11310067596626,0.8396366161101808
41.02,41020,3879.7577767684174,30.0,28.94580522276794,0.0,0.0,62.14332478381403,62.14332478381403,0.8395585513270216
41.03,41030,3881.661087187476,30.0,28.947840328675234,0.0,0.0,62.17354608022313,62.17354608022313,0.8394804558082527
41.04,41040,3883.5642217704976,30.0,28.949875366746788,0.0,0.0,62.20376456408755,62.20376456408755,0.8394023295673333
41.05,41050,3885.4671804474997,30.0,28.95191033698487,0.0,0.0,62.23398023430179,62.23398023430179,0.8393241726177251
41.06,41060,3887.3699631485297,30.0,28.953945239391736,0.0,0.0,62.26419308976082,62.26419308976082,0.8392459849728942
41.07,41070,3889.2725698036656,30.0,28.95598007396966,0.0,0.0,62.29440312936009,62.29440312936009,0.8391677666463092
41.08,41080,3891.175000343016,30.0,28.958014840720892,0.0,0.0,62.32461035199554,62.32461035199554,0.8390895176514422
41.09,41090,3893.0772546967196,30.0,28.9600495396477,0.0,0.0,62.3548147565636,62.3548147565636,0.839011238001769
41.1,41100,3894.979332794945,30.0,28.96208417075234,0.0,0.0,62.38501634196119,62.38501634196119,0.8389329277107684
41.11,41110,3896.881234567892,30.0,28.964118734037072,0.0,0.0,62.4152151070857,62.4152151070857,0.8388545867919219
41.12,41120,3898.782959945791,30.0,28.966153229504158,0.0,0.0,62.44541105083501,62.44541105083501,0.8387762152587156
41.13,41130,3900.6845088589016,30.0,28.96818765715586,0.0,0.0,62.475604172107495,62.475604172107495,0.8386978131246379
41.14,41140,3902.585881237515,30.0,28.970222016994434,0.0,0.0,62.50579446980201,62.50579446980201,0.8386193804031803
41.15,41150,3904.4870770119524,30.0,28.972256309022143,0.0,0.0,62.5359819428179,62.5359819428179,0.8385409171078384
41.16,41160,3906.388096112565,30.0,28.97429053324126,0.0,0.0,62.56616659005497,62.56616659005497,0.838462423252111
41.17,41170,3908.288938469736,30.0,28.976324689654014,0.0,0.0,62.59634841041356,62.59634841041356,0.8383838988494994
41.18,41180,3910.189604013877,30.0,28.9783587782627,0.0,0.0,62.62652740279445,62.62652740279445,0.8383053439135086
41.19,41190,3912.0900926754316,30.0,28.98039279906955,0.0,0.0,62.65670356609892,62.65670356609892,0.8382267584576473
41.2,41200,3913.990404384873,30.0,28.982426752076847,0.0,0.0,62.68687689922876,62.68687689922876,0.8381481424954267
41.21,41210,3915.890539072705,30.0,28.984460637286833,0.0,0.0,62.71704740108622,62.71704740108622,0.8380694960403616
41.22,41220,3917.7904966694623,30.0,28.986494454701777,0.0,0.0,62.74721507057403,62.74721507057403,0.8379908191059701
41.23,41230,3919.6902771057103,30.0,28.98852820432394,0.0,0.0,62.77737990659544,62.77737990659544,0.8379121117057733
41.24,41240,3921.589880312044,30.0,28.990561886155575,0.0,0.0,62.80754190805417,62.80754190805417,0.8378333738532963
41.25,41250,3923.4893062190895,30.0,28.992595500198952,0.0,0.0,62.8377010738544,62.8377010738544,0.8377546055620659
41.26,41260,3925.3885547575032,30.0,28.994629046456314,0.0,0.0,62.86785740290083,62.86785740290083,0.8376758068456138
41.27,41270,3927.287625857972,30.0,28.99666252492994,0.0,0.0,62.89801089409866,62.89801089409866,0.8375969777174739
41.28,41280,3929.1865194512143,30.0,28.998695935622074,0.0,0.0,62.928161546353536,62.928161546353536,0.8375181181911836
41.29,41290,3931.0852354679773,30.0,29.000729278534987,0.0,0.0,62.95830935857163,62.95830935857163,0.8374392282802834
41.3,41300,3932.9837738390406,30.0,29.002762553670927,0.0,0.0,62.988454329659575,62.988454329659575,0.8373603079983174
41.31,41310,3934.8821344952125,30.0,29.004795761032156,0.0,0.0,63.01859645852449,63.01859645852449,0.8372813573588325
41.32,41320,3936.7803173673333,30.0,29.006828900620945,0.0,0.0,63.04873574407401,63.04873574407401,0.8372023763753786
41.33,41330,3938.6783223862735,30.0,29.00886197243954,0.0,0.0,63.07887218521622,63.07887218521622,0.8371233650615099
41.34,41340,3940.576149482934,30.0,29.010894976490203,0.0,0.0,63.10900578085973,63.10900578085973,0.837044323430782
41.35,41350,3942.4737985882457,30.0,29.012927912775194,0.0,0.0,63.139136529913614,63.139136529913614,0.8369652514967553
41.36,41360,3944.3712696331713,30.0,29.014960781296764,0.0,0.0,63.169264431287445,63.169264431287445,0.8368861492729927
41.37,41370,3946.268562548704,30.0,29.01699358205719,0.0,0.0,63.199389483891274,63.199389483891274,0.8368070167730602
41.38,41380,3948.165677265866,30.0,29.019026315058717,0.0,0.0,63.229511686635654,63.229511686635654,0.8367278540105272
41.39,41390,3950.0626137157124,30.0,29.021058980303604,0.0,0.0,63.25963103843162,63.25963103843162,0.8366486609989661
41.4,41400,3951.9593718293268,30.0,29.023091577794116,0.0,0.0,63.289747538190696,63.289747538190696,0.8365694377519527
41.41,41410,3953.8559515378247,30.0,29.025124107532505,0.0,0.0,63.31986118482489,63.31986118482489,0.8364901842830657
41.42,41420,3955.7523527723524,30.0,29.02715656952103,0.0,0.0,63.3499719772467,63.3499719772467,0.8364109006058867
41.43,41430,3957.6485754640858,30.0,29.029188963761957,0.0,0.0,63.38007991436912,63.38007991436912,0.8363315867340013
41.44,41440,3959.5446195442323,30.0,29.031221290257538,0.0,0.0,63.410184995105645,63.410184995105645,0.8362522426809976
41.45,41450,3961.44048494403,30.0,29.03325354901003,0.0,0.0,63.44028721837022,63.44028721837022,0.8361728684604668
41.46,41460,3963.3361715947467,30.0,29.035285740021685,0.0,0.0,63.470386583077314,63.470386583077314,0.8360934640860035
41.47,41470,3965.231679427682,30.0,29.037317863294774,0.0,0.0,63.50048308814187,63.50048308814187,0.8360140295712054
41.48,41480,3967.127008374166,30.0,29.03934991883155,0.0,0.0,63.53057673247934,63.53057673247934,0.8359345649296729
41.49,41490,3969.022158365559,30.0,29.041381906634278,0.0,0.0,63.56066751500564,63.56066751500564,0.8358550701750104
41.5,41500,3970.917129333252,30.0,29.043413826705194,0.0,0.0,63.59075543463719,63.59075543463719,0.8357755453208243
41.51,41510,3972.811921208667,30.0,29.045445679046576,0.0,0.0,63.62084049029089,63.62084049029089,0.8356959903807253
41.52,41520,3974.7065339232568,30.0,29.047477463660684,0.0,0.0,63.65092268088415,63.65092268088415,0.8356164053683263
41.53,41530,3976.6009674085044,30.0,29.049509180549755,0.0,0.0,63.681002005334854,63.681002005334854,0.8355367902972436
41.54,41540,3978.4952215959242,30.0,29.051540829716064,0.0,0.0,63.71107846256137,63.71107846256137,0.8354571451810965
41.55,41550,3980.389296417061,30.0,29.053572411161863,0.0,0.0,63.74115205148258,63.74115205148258,0.8353774700335077
41.56,41560,3982.2831918034904,30.0,29.055603924889407,0.0,0.0,63.771222771017825,63.771222771017825,0.8352977648681026
41.57,41570,3984.1769076868186,30.0,29.057635370900954,0.0,0.0,63.801290620086974,63.801290620086974,0.8352180296985098
41.58,41580,3986.0704439986825,30.0,29.05966674919876,0.0,0.0,63.831355597610354,63.831355597610354,0.8351382645383613
41.59,41590,3987.96380067075,30.0,29.06169805978509,0.0,0.0,63.8614177025088,63.8614177025088,0.8350584694012917
41.6,41600,3989.85697763472,30.0,29.063729302662196,0.0,0.0,63.891476933703636,63.891476933703636,0.8349786443009388
41.61,41610,3991.7499748223213,30.0,29.065760477832335,0.0,0.0,63.92153329011668,63.92153329011668,0.8348987892509437
41.62,41620,3993.6427921653144,30.0,29.067791585297755,0.0,0.0,63.95158677067022,63.95158677067022,0.8348189042649504
41.63,41630,3995.53542959549,30.0,29.069822625060734,0.0,0.0,63.98163737428705,63.98163737428705,0.834738989356606
41.64,41640,3997.4278870446697,30.0,29.071853597123507,0.0,0.0,64.01168509989047,64.01168509989047,0.8346590445395604
41.65,41650,3999.3201644447063,30.0,29.073884501488344,0.0,0.0,64.04172994640426,64.04172994640426,0.8345790698274668
41.66,41660,4001.2122617274836,30.0,29.075915338157493,0.0,0.0,64.07177191275268,64.07177191275268,0.8344990652339814
41.67,41670,4003.104178824915,30.0,29.077946107133215,0.0,0.0,64.10181099786051,64.10181099786051,0.8344190307727634
41.68,41680,4004.9959156689456,30.0,29.07997680841777,0.0,0.0,64.13184720065297,64.13184720065297,0.8343389664574752
41.69,41690,4006.8874721915518,30.0,29.082007442013406,0.0,0.0,64.16188052005585,64.16188052005585,0.8342588723017819
41.7,41700,4008.7788483247396,30.0,29.084038007922395,0.0,0.0,64.19191095499534,64.19191095499534,0.8341787483193518
41.71,41710,4010.6700440005466,30.0,29.086068506146965,0.0,0.0,64.2219385043982,64.2219385043982,0.8340985945238563
41.72,41720,4012.5610591510413,30.0,29.0880989366894,0.0,0.0,64.25196316719163,64.25196316719163,0.8340184109289693
41.73,41730,4014.451893708323,30.0,29.09012929955194,0.0,0.0,64.28198494230338,64.28198494230338,0.8339381975483691
41.74,41740,4016.3425476045218,30.0,29.09215959473684,0.0,0.0,64.31200382866163,64.31200382866163,0.8338579543957348
41.75,41750,4018.2330207717987,30.0,29.094189822246378,0.0,0.0,64.34201982519508,64.34201982519508,0.8337776814847505
41.76,41760,4020.123313142345,30.0,29.096219982082783,0.0,0.0,64.37203293083293,64.37203293083293,0.8336973788291028
41.77,41770,4022.013424648384,30.0,29.09825007424832,0.0,0.0,64.40204314450486,64.40204314450486,0.8336170464424801
41.78,41780,4023.903355222169,30.0,29.100280098745245,0.0,0.0,64.43205046514106,64.43205046514106,0.8335366843385754
41.79,41790,4025.7931047959846,30.0,29.10231005557582,0.0,0.0,64.46205489167217,64.46205489167217,0.8334562925310836
41.8,41800,4027.682673302146,30.0,29.104339944742296,0.0,0.0,64.49205642302938,64.49205642302938,0.833375871033703
41.81,41810,4029.5720606730006,30.0,29.106369766246928,0.0,0.0,64.52205505814433,64.52205505814433,0.8332954198601352
41.82,41820,4031.4612668409245,30.0,29.108399520091965,0.0,0.0,64.55205079594921,64.55205079594921,0.8332149390240842
41.83,41830,4033.350291738326,30.0,29.11042920627967,0.0,0.0,64.58204363537662,64.58204363537662,0.8331344285392567
41.84,41840,4035.2391352976447,30.0,29.112458824812297,0.0,0.0,64.61203357535972,64.61203357535972,0.8330538884193632
41.85,41850,4037.1277974513505,30.0,29.1144883756921,0.0,0.0,64.64202061483213,64.64202061483213,0.8329733186781169
41.86,41860,4039.016278131944,30.0,29.116517858921338,0.0,0.0,64.67200475272799,64.67200475272799,0.8328927193292333
41.87,41870,4040.9045772719583,30.0,29.118547274502255,0.0,0.0,64.7019859879819,64.7019859879819,0.8328120903864319
41.88,41880,4042.7926948039553,30.0,29.12057662243712,0.0,0.0,64.73196431952898,64.73196431952898,0.8327314318634341
41.89,41890,4044.680630660529,30.0,29.12260590272818,0.0,0.0,64.76193974630485,64.76193974630485,0.832650743773965
41.9,41900,4046.568384774305,30.0,29.12463511537769,0.0,0.0,64.79191226724559,64.79191226724559,0.8325700261317521
41.91,41910,4048.4559570779384,30.0,29.126664260387905,0.0,0.0,64.82188188128781,64.82188188128781,0.8324892789505266
41.92,41920,4050.3433475041165,30.0,29.128693337761085,0.0,0.0,64.8518485873686,64.8518485873686,0.8324085022440216
41.93,41930,4052.230555985557,30.0,29.13072234749948,0.0,0.0,64.88181238442553,64.88181238442553,0.8323276960259737
41.94,41940,4054.117582455009,30.0,29.132751289605338,0.0,0.0,64.9117732713967,64.9117732713967,0.8322468603101221
41.95,41950,4056.004426845252,30.0,29.134780164080922,0.0,0.0,64.94173124722066,64.94173124722066,0.8321659951102095
41.96,41960,4057.891089089097,30.0,29.136808970928477,0.0,0.0,64.97168631083649,64.97168631083649,0.8320851004399811
41.97,41970,4059.777569119386,30.0,29.138837710150273,0.0,0.0,65.00163846118376,65.00163846118376,0.8320041763131846
41.98,41980,4061.663866868992,30.0,29.14086638174856,0.0,0.0,65.03158769720253,65.03158769720253,0.8319232227435711
41.99,41990,4063.549982270819,30.0,29.142894985725576,0.0,0.0,65.06153401783334,65.06153401783334,0.8318422397448949
42.0,42000,4065.058525979996,0.0,29.14492352208359,0.0,30.0,64.9954677445979,64.9954677445979,-1.8351742565400555
42.01,42010,4066.213121513298,0.0,29.146951990824856,0.0,30.0,64.92940790371466,64.92940790371466,-1.834995580090114
42.02,42020,4067.0359158874844,0.0,29.14898039195162,0.0,30.0,64.86335448802329,64.86335448802329,-1.8348171025378794
42.03,42030,4067.547671902631,0.0,29.151008725466145,0.0,30.0,64.7973074903661,64.7973074903661,-1.8346388238110187
42.04,42040,4067.7678546556845,0.0,29.153036991370676,0.0,30.0,64.73126690358795,64.73126690358795,-1.8344607438372904
42.05,42050,4067.714712646917,0.0,29.155065189667475,0.0,30.0,64.66523272053634,64.66523272053634,-1.8342828625445433
42.06,42060,4067.4053538172307,0.0,29.157093320358783,0.0,30.0,64.59920493406136,64.59920493406136,-1.8341051798607177
42.07,42070,4066.8558168331247,0.0,29.15912138344686,0.0,30.0,64.53318353701566,64.53318353701566,-1.8339276957138435
42.08,42080,4066.0811379163583,0.0,29.161149378933967,0.0,30.0,64.46716852225451,64.46716852225451,-1.8337504100320423
42.09,42090,4065.095413496758,0.0,29.163177306822355,0.0,30.0,64.40115988263574,64.40115988263574,-1.8335733227435251
42.1,42100,4063.91185894922,0.0,29.165205167114266,60.0,30.0,64.33515761101978,64.33515761101978,-1.8333964337765944
42.11,42110,4062.5428636596575,0.0,29.16723295981196,60.0,30.0,64.26916170026963,64.26916170026963,-1.8332197430596424
42.12,42120,4061.0000426493198,0.0,29.169260684917695,60.0,30.0,64.20317214325087,64.20317214325087,-1.833043250521152
42.13,42130,4059.294284972594,0.0,29.17128834243372,60.0,30.0,64.13718893283163,64.13718893283163,-1.8328669560896964
42.14,42140,4057.4357990899452,0.0,29.173315932362286,60.0,30.0,64.07121206188265,64.07121206188265,-1.8326908596939386
42.15,42150,4055.4341554050457,0.0,29.175343454705644,60.0,30.0,64.0052415232772,64.0052415232772,-1.8325149612626326
42.16,42160,4053.298326143334,0.0,29.17737090946606,60.0,30.0,63.93927730989111,63.93927730989111,-1.8323392607246214
42.17,42170,4051.036722738167,0.0,29.179398296645765,60.0,30.0,63.8733194146028,63.8733194146028,-1.832163758008839
42.18,42180,4048.6572308803325,0.0,29.181425616247033,60.0,30.0,63.80736783029321,63.80736783029321,-1.831988453044309
42.19,42190,4046.1672433769704,0.0,29.1834528682721,60.0,30.0,63.74142254984584,63.74142254984584,-1.8318133457601447
42.2,42200,4043.573690956812,0.0,29.185480052723232,60.0,30.0,63.67548356614677,63.67548356614677,-1.8316384360855493
42.21,42210,4040.8830711500887,0.0,29.187507169602668,60.0,30.0,63.609550872084576,63.609550872084576,-1.8314637239498162
42.22,42220,4038.10147536345,0.0,29.18953421891267,60.0,30.0,63.54362446055041,63.54362446055041,-1.8312892092823279
42.23,42230,4035.2346142626957,0.0,29.191561200655492,60.0,30.0,63.47770432443796,63.47770432443796,-1.8311148920125573
42.24,42240,4032.2878415690907,0.0,29.193588114833382,60.0,30.0,63.41179045664344,63.41179045664344,-1.8309407720700661
42.25,42250,4029.2661763684064,0.0,29.19561496144859,60.0,30.0,63.3458828500656,63.3458828500656,-1.8307668493845062
42.26,42260,4026.174324025651,0.0,29.197641740503368,60.0,30.0,63.27998149760572,63.27998149760572,-1.8305931238856186
42.27,42270,4023.016695792626,0.0,29.199668451999973,60.0,30.0,63.2140863921676,63.2140863921676,-1.8304195955032336
42.28,42280,4019.7974271900107,0.0,29.20169509594065,60.0,30.0,63.14819752665758,63.14819752665758,-1.8302462641672712
42.29,42290,4016.5203952405695,0.0,29.20372167232766,60.0,30.0,63.08231489398451,63.08231489398451,-1.830073129807741
42.3,42300,4013.1892346252794,0.0,29.20574818116325,60.0,30.0,63.01643848705974,63.01643848705974,-1.8299001923547407
42.31,42310,4009.8073528297027,0.0,29.20777462244967,60.0,30.0,62.95056829879715,62.95056829879715,-1.8297274517384579
42.32,42320,4006.3779443437097,0.0,29.209800996189173,60.0,30.0,62.88470432211314,62.88470432211314,-1.8295549078891697
42.33,42330,4002.904003973719,0.0,29.211827302384002,60.0,30.0,62.8188465499266,62.8188465499266,-1.8293825607372416
42.34,42340,3999.3883393229257,0.0,29.21385354103643,60.0,30.0,62.75299497515893,62.75299497515893,-1.829210410213128
42.35,42350,3995.833582491508,0.0,29.215879712148684,60.0,30.0,62.68714959073403,62.68714959073403,-1.8290384562473727
42.36,42360,3992.24220104558,0.0,29.21790581572303,60.0,30.0,62.62131038957828,62.62131038957828,-1.828866698770608
42.37,42370,3988.6165083005776,0.0,29.21993185176172,60.0,30.0,62.55547736462059,62.55547736462059,-1.8286951377135556
42.38,42380,3984.9586729619373,0.0,29.221957820267004,60.0,30.0,62.489650508792344,62.489650508792344,-1.8285237730070247
42.39,42390,3981.2707281632306,0.0,29.223983721241126,60.0,30.0,62.42382981502739,62.42382981502739,-1.8283526045819147
42.4,42400,3977.5545799394145,0.0,29.226009554686332,60.0,30.0,62.358015276262094,62.358015276262094,-1.8281816323692128
42.41,42410,3973.812015170505,0.0,29.228035320604896,60.0,30.0,62.29220688543529,62.29220688543529,-1.8280108562999944
42.42,42420,3970.044709028772,0.0,29.230061018999045,60.0,30.0,62.226404635488294,62.226404635488294,-1.827840276305424
42.43,42430,3966.2542319604813,0.0,29.232086649871043,60.0,30.0,62.16060851936489,62.16060851936489,-1.8276698923167545
42.44,42440,3962.4420562312803,0.0,29.23411221322314,60.0,30.0,62.094818530011345,62.094818530011345,-1.827499704265327
42.45,42450,3958.6095620624965,0.0,29.236137709057576,60.0,30.0,62.029034660376375,62.029034660376375,-1.8273297120825713
42.46,42460,3954.758043383917,0.0,29.238163137376617,60.0,30.0,61.96325690341117,61.96325690341117,-1.8271599157000042
42.47,42470,3950.8887132270197,0.0,29.2401884981825,60.0,30.0,61.8974852520694,61.8974852520694,-1.8269903150492328
42.48,42480,3947.0027087811263,0.0,29.24221379147749,60.0,30.0,61.83171969930717,61.83171969930717,-1.8268209100619504
42.49,42490,3943.1010961335483,0.0,29.244239017263823,60.0,30.0,61.765960238083046,61.765960238083046,-1.826651700669939
42.5,42500,3939.1848747134713,0.0,29.24626417554375,60.0,30.0,61.70020686135806,61.70020686135806,-1.8264826868050692
42.51,42510,3935.254981458097,0.0,29.24828926631953,60.0,30.0,61.63445956209569,61.63445956209569,-1.826313868399299
42.52,42520,3931.3122947184033,0.0,29.250314289593412,60.0,30.0,61.56871833326185,61.56871833326185,-1.826145245384674
42.53,42530,3927.3576379207916,0.0,29.25233924536765,60.0,30.0,61.502983167824894,61.502983167824894,-1.8259768176933289
42.54,42540,3923.3917829998823,0.0,29.25436413364448,60.0,30.0,61.43725405875562,61.43725405875562,-1.8258085852574848
42.55,42550,3919.4154536167616,0.0,29.25638895442615,60.0,30.0,61.37153099902728,61.37153099902728,-1.8256405480094509
42.56,42560,3915.429328176087,0.0,29.258413707714926,60.0,30.0,61.305813981615536,61.305813981615536,-1.8254727058816242
42.57,42570,3911.4340426546228,0.0,29.260438393513052,60.0,30.0,61.2401029994985,61.2401029994985,-1.8253050588064894
42.58,42580,3907.430193252993,0.0,29.26246301182278,60.0,30.0,61.1743980456567,61.1743980456567,-1.8251376067166194
42.59,42590,3903.4183388817,0.0,29.26448756264635,60.0,30.0,61.108699113073094,61.108699113073094,-1.8249703495446725
42.6,42600,3899.399003491767,0.0,29.26651204598602,60.0,30.0,61.04300619473306,61.04300619473306,-1.8248032872233966
42.61,42610,3895.3726782597146,0.0,29.268536461844036,60.0,30.0,60.97731928362438,60.97731928362438,-1.824636419685626
42.62,42620,3891.339823635976,0.0,29.270560810222644,60.0,30.0,60.911638372737265,60.911638372737265,-1.8244697468642823
42.63,42630,3887.3008712652877,0.0,29.272585091124107,60.0,30.0,60.845963455064336,60.845963455064336,-1.8243032686923746
42.64,42640,3883.2562257870554,0.0,29.27460930455065,60.0,30.0,60.78029452360063,60.78029452360063,-1.8241369851029992
42.65,42650,3879.206266523196,0.0,29.276633450504548,60.0,30.0,60.714631571343574,60.714631571343574,-1.8239708960293388
42.66,42660,3875.15134906049,0.0,29.278657528988035,60.0,30.0,60.648974591293,60.648974591293,-1.8238050014046647
42.67,42670,3871.0918067340367,0.0,29.280681540003368,60.0,30.0,60.58332357645116,60.58332357645116,-1.8236393011623337
42.68,42680,3867.0279520179947,0.0,29.282705483552782,60.0,30.0,60.51767851982267,60.51767851982267,-1.82347379523579
42.69,42690,3862.9600778293993,0.0,29.28472935963854,60.0,30.0,60.45203941441456,60.45203941441456,-1.8233084835585653
42.7,42700,3858.888458750492,0.0,29.28675316826289,60.0,30.0,60.386406253236245,60.386406253236245,-1.823143366064278
42.71,42710,3854.8133521746554,0.0,29.288776909428076,60.0,30.0,60.32077902929953,60.32077902929953,-1.8229784426866318
42.72,42720,3850.7349993807243,0.0,29.290800583136345,60.0,30.0,60.255157735618596,60.255157735618596,-1.8228137133594193
42.73,42730,3846.653626540157,0.0,29.292824189389947,60.0,30.0,60.189542365209995,60.189542365209995,-1.8226491780165186
42.74,42740,3842.569445661253,0.0,29.294847728191137,60.0,30.0,60.123932911092695,60.123932911092695,-1.8224848365918946
42.75,42750,3838.482655474362,0.0,29.296871199542156,60.0,30.0,60.05832936628799,60.05832936628799,-1.8223206890195984
42.76,42760,3834.3934422617635,0.0,29.29889460344525,60.0,30.0,59.992731723819574,59.992731723819574,-1.8221567352337682
42.77,42770,3830.3019806356806,0.0,29.300917939902675,60.0,30.0,59.9271399767135,59.9271399767135,-1.8219929751686286
42.78,42780,3826.2084342676685,0.0,29.30294120891667,60.0,30.0,59.861554117998196,59.861554117998196,-1.82182940875849
42.79,42790,3822.1129565724154,0.0,29.304964410489497,60.0,30.0,59.79597414070443,59.79597414070443,-1.8216660359377495
42.8,42800,3818.0156913488054,0.0,29.30698754462339,60.0,30.0,59.73040003786536,59.73040003786536,-1.821502856640891
42.81,42810,3813.916773380916,0.0,29.309010611320602,60.0,30.0,59.66483180251647,59.66483180251647,-1.8213398708024833
42.82,42820,3809.8163290014527,0.0,29.311033610583383,60.0,30.0,59.59926942769561,59.59926942769561,-1.8211770783571826
42.83,42830,3805.7144766199685,0.0,29.313056542413975,60.0,30.0,59.53371290644297,59.53371290644297,-1.8210144792397305
42.84,42840,3801.6113272180705,0.0,29.31507940681464,60.0,30.0,59.46816223180111,59.46816223180111,-1.820852073384955
42.85,42850,3797.5069848136764,0.0,29.317102203787613,60.0,30.0,59.40261739681491,59.40261739681491,-1.8206898607277695
42.86,42860,3793.401546896252,0.0,29.319124933335136,60.0,30.0,59.33707839453159,59.33707839453159,-1.820527841203175
42.87,42870,3789.295104834852,0.0,29.321147595459465,60.0,30.0,59.271545218000725,59.271545218000725,-1.8203660147462557
42.88,42880,3785.187744260651,0.0,29.323170190162852,60.0,30.0,59.206017860274194,59.206017860274194,-1.8202043812921838
42.89,42890,3781.079545425574,0.0,29.325192717447543,60.0,30.0,59.14049631440625,59.14049631440625,-1.8200429407762162
42.9,42900,3776.9705835385053,0.0,29.32721517731577,60.0,30.0,59.07498057345343,59.07498057345343,-1.8198816931336963
42.91,42910,3772.8609290804898,0.0,29.329237569769802,60.0,30.0,59.00947063047463,59.00947063047463,-1.8197206383000522
42.92,42920,3768.7506481002315,0.0,29.331259894811872,60.0,30.0,58.94396647853104,58.94396647853104,-1.8195597762107982
42.93,42930,3764.639802491123,0.0,29.333282152444227,60.0,30.0,58.87846811068618,58.87846811068618,-1.8193991068015338
42.94,42940,3760.5284502509635,0.0,29.335304342669126,60.0,30.0,58.81297552000589,58.81297552000589,-1.8192386300079446
42.95,42950,3756.41664572544,0.0,29.337326465488804,60.0,30.0,58.747488699558325,58.747488699558325,-1.8190783457658009
42.96,42960,3752.304439836395,0.0,29.339348520905506,60.0,30.0,58.68200764241393,58.68200764241393,-1.8189182540109587
42.97,42970,3748.1918802958257,0.0,29.341370508921486,60.0,30.0,58.616532341645474,58.616532341645474,-1.818758354679359
42.98,42980,3744.079011806508,0.0,29.343392429538994,60.0,30.0,58.55106279032802,58.55106279032802,-1.8185986477070288
42.99,42990,3739.965876250081,0.0,29.345414282760267,60.0,30.0,58.48559898153893,58.48559898153893,-1.8184391330300795
43.0,43000,3735.852512863379,0.0,29.347436068587562,60.0,30.0,58.42014090835788,58.42014090835788,-1.8182798105847084
43.01,43010,3731.73895840374,0.0,29.349457787023113,60.0,30.0,58.35468856386682,58.35468856386682,-1.8181206803071968
43.02,43020,3727.625247303982,0.0,29.35147943806917,60.0,30.0,58.28924194115,58.28924194115,-1.8179617421339116
43.03,43030,3723.5114118176957,0.0,29.353501021727986,60.0,30.0,58.22380103329396,58.22380103329396,-1.8178029960013056
43.04,43040,3719.397482155455,0.0,29.3555225380018,60.0,30.0,58.15836583338751,58.15836583338751,-1.817644441845915
43.05,43050,3715.2834866125136,0.0,29.35754398689287,60.0,30.0,58.09293633452175,58.09293633452175,-1.817486079604362
43.06,43060,3711.169451688523,0.0,29.35956536840343,60.0,30.0,58.027512529790066,58.027512529790066,-1.8173279092133527
43.07,43070,3707.055402199766,0.0,29.36158668253573,60.0,30.0,57.96209441228811,57.96209441228811,-1.817169930609679
43.08,43080,3702.9413613843744,0.0,29.36360792929201,60.0,30.0,57.89668197511383,57.89668197511383,-1.817012143730216
43.09,43090,3698.8273510009753,0.0,29.365629108674522,60.0,30.0,57.831275211367405,57.831275211367405,-1.8168545485119254
43.1,43100,3694.7133914211663,0.0,29.367650220685512,60.0,30.0,57.76587411415131,57.76587411415131,-1.8166971448918519
43.11,43110,3690.5995017162154,0.0,29.369671265327227,60.0,30.0,57.70047867657024,57.70047867657024,-1.8165399328071257
43.12,43120,3686.48569973834,0.0,29.371692242601902,60.0,30.0,57.63508889173123,57.63508889173123,-1.8163829121949606
43.13,43130,3682.372002196905,0.0,29.373713152511797,60.0,30.0,57.56970475274349,57.56970475274349,-1.8162260829926553
43.14,43140,3678.2584247298637,0.0,29.37573399505915,60.0,30.0,57.504326252718535,57.504326252718535,-1.8160694451375938
43.15,43150,3674.144981970725,0.0,29.377754770246213,60.0,30.0,57.438953384770116,57.438953384770116,-1.8159129985672426
43.16,43160,3670.031687611343,0.0,29.379775478075217,60.0,30.0,57.37358614201422,57.37358614201422,-1.815756743219154
43.17,43170,3665.918554460779,0.0,29.381796118548422,60.0,30.0,57.30822451756911,57.30822451756911,-1.8156006790309633
43.18,43180,3661.8055945004835,0.0,29.383816691668063,60.0,30.0,57.242868504555254,57.242868504555254,-1.8154448059403911
43.19,43190,3657.692818936032,0.0,29.385837197436395,60.0,30.0,57.17751809609538,57.17751809609538,-1.8152891238852418
43.2,43200,3653.580238245625,0.0,29.387857635855653,60.0,30.0,57.11217328531446,57.11217328531446,-1.8151336328034027
43.21,43210,3649.4678622255583,0.0,29.389878006928082,60.0,30.0,57.04683406533968,57.04683406533968,-1.814978332632847
43.22,43220,3645.35570003285,0.0,29.391898310655936,60.0,30.0,56.98150042930046,56.98150042930046,-1.8148232233116302
43.23,43230,3641.2437602252053,0.0,29.39391854704145,60.0,30.0,56.91617237032846,56.91617237032846,-1.8146683047778926
43.24,43240,3637.1320507984806,0.0,29.39593871608688,60.0,30.0,56.850849881557544,56.850849881557544,-1.8145135769698588
43.25,43250,3633.0205792218085,0.0,29.397958817794464,60.0,30.0,56.78553295612382,56.78553295612382,-1.8143590398258354
43.26,43260,3628.9093524705277,0.0,29.39997885216644,60.0,30.0,56.72022158716558,56.72022158716558,-1.8142046932842146
43.27,43270,3624.798377057052,0.0,29.40199881920507,60.0,30.0,56.654915767823375,56.654915767823375,-1.814050537283471
43.28,43280,3620.687659059813,0.0,29.404018718912575,60.0,30.0,56.58961549123994,56.58961549123994,-1.8138965717621638
43.29,43290,3616.5772041503924,0.0,29.406038551291218,60.0,30.0,56.524320750560214,56.524320750560214,-1.8137427966589352
43.3,43300,3612.4670176189575,0.0,29.408058316343237,60.0,30.0,56.45903153893137,56.45903153893137,-1.8135892119125108
43.31,43310,3608.35710439811,0.0,29.410078014070876,60.0,30.0,56.393747849502745,56.393747849502745,-1.8134358174617002
43.32,43320,3604.2474690852414,0.0,29.412097644476383,60.0,30.0,56.328469675425914,56.328469675425914,-1.8132826132453959
43.33,43330,3600.1381159634925,0.0,29.414117207561997,60.0,30.0,56.26319700985462,56.26319700985462,-1.8131295992025744
43.34,43340,3596.0290490214024,0.0,29.41613670332996,60.0,30.0,56.19792984594481,56.19792984594481,-1.8129767752722947
43.35,43350,3591.92027197133,0.0,29.418156131782524,60.0,30.0,56.132668176854644,56.132668176854644,-1.8128241413936994
43.36,43360,3587.811788266723,0.0,29.42017549292192,60.0,30.0,56.06741199574443,56.06741199574443,-1.8126716975060144
43.37,43370,3583.7036011183095,0.0,29.42219478675041,60.0,30.0,56.00216129577668,56.00216129577668,-1.8125194435485492
43.38,43380,3579.595713509276,0.0,29.424214013270216,60.0,30.0,55.93691607011609,55.93691607011609,-1.8123673794606954
43.39,43390,3575.488128209496,0.0,29.426233172483606,60.0,30.0,55.87167631192955,55.87167631192955,-1.8122155051819282
43.4,43400,3571.3808477888733,0.0,29.428252264392803,60.0,30.0,55.80644201438608,55.80644201438608,-1.812063820651806
43.41,43410,3567.2738746298455,0.0,29.43027128900006,60.0,30.0,55.74121317065692,55.74121317065692,-1.8119123258099696
43.42,43420,3563.1672109391116,0.0,29.432290246307623,60.0,30.0,55.67598977391547,55.67598977391547,-1.8117610205961434
43.43,43430,3559.0608587586225,0.0,29.434309136317722,60.0,30.0,55.61077181733726,55.61077181733726,-1.811609904950134
43.44,43440,3554.9548199758865,0.0,29.43632795903261,60.0,30.0,55.54555929410004,55.54555929410004,-1.8114589788118307
43.45,43450,3550.8490963336308,0.0,29.438346714454536,60.0,30.0,55.48035219738367,55.48035219738367,-1.8113082421212063
43.46,43460,3546.743689438858,0.0,29.440365402585726,60.0,30.0,55.41515052037021,55.41515052037021,-1.811157694818316
43.47,43470,3542.638600771338,0.0,29.442384023428442,60.0,30.0,55.349954256243855,55.349954256243855,-1.811007336843297
43.48,43480,3538.533831691568,0.0,29.444402576984913,60.0,30.0,55.28476339819095,55.28476339819095,-1.8108571681363699
43.49,43490,3534.429383448236,0.0,29.44642106325739,60.0,30.0,55.21957793939998,55.21957793939998,-1.8107071886378372
43.5,43500,3530.325257185216,0.0,29.44843948224811,60.0,30.0,55.15439787306161,55.15439787306161,-1.8105573982880845
43.51,43510,3526.2214539481274,0.0,29.45045783395932,60.0,30.0,55.089223192368614,55.089223192368614,-1.8104077970275791
43.52,43520,3522.1179746904863,0.0,29.452476118393264,60.0,30.0,55.02405389051593,55.02405389051593,-1.8102583847968714
43.53,43530,3518.014820279467,0.0,29.454494335552173,60.0,30.0,54.95888996070061,54.95888996070061,-1.8101091615365936
43.54,43540,3513.9119915013093,0.0,29.456512485438303,60.0,30.0,54.893731396121865,54.893731396121865,-1.8099601271874608
43.55,43550,3509.8094890663833,0.0,29.458530568053895,60.0,30.0,54.828578189981016,54.828578189981016,-1.8098112816902692
43.56,43560,3505.707313613941,0.0,29.460548583401177,60.0,30.0,54.76343033548152,54.76343033548152,-1.8096626249858985
43.57,43570,3501.6054657165687,0.0,29.46256653148241,60.0,30.0,54.69828782582897,54.69828782582897,-1.8095141570153095
43.58,43580,3497.5039458843617,0.0,29.46458441229983,60.0,30.0,54.633150654231066,54.633150654231066,-1.8093658777195456
43.59,43590,3493.4027545688377,0.0,29.466602225855677,60.0,30.0,54.56801881389764,54.56801881389764,-1.8092177870397324
43.6,43600,3489.3018921666076,0.0,29.46861997215219,60.0,30.0,54.50289229804062,54.50289229804062,-1.8090698849170763
43.61,43610,3485.2013590228144,0.0,29.47063765119161,60.0,30.0,54.43777109987408,54.43777109987408,-1.8089221712928674
43.62,43620,3481.101155434357,0.0,29.47265526297619,60.0,30.0,54.37265521261418,54.37265521261418,-1.8087746461084766
43.63,43630,3477.001281652917,0.0,29.47467280750816,60.0,30.0,54.30754462947918,54.30754462947918,-1.808627309305356
43.64,43640,3472.9017378877884,0.0,29.476690284789765,60.0,30.0,54.24243934368948,54.24243934368948,-1.8084801608250411
43.65,43650,3468.802524308538,0.0,29.478707694823257,60.0,30.0,54.177339348467555,54.177339348467555,-1.8083332006091482
43.66,43660,3464.703641047496,0.0,29.48072503761086,60.0,30.0,54.112244637037975,54.112244637037975,-1.8081864285993745
43.67,43670,3460.6050882020913,0.0,29.48274231315483,60.0,30.0,54.04715520262742,54.04715520262742,-1.8080398447375003
43.68,43680,3456.506865837039,0.0,29.4847595214574,60.0,30.0,53.98207103846467,53.98207103846467,-1.8078934489653868
43.69,43690,3452.4089739863966,0.0,29.48677666252081,60.0,30.0,53.91699213778057,53.91699213778057,-1.8077472412249767
43.7,43700,3448.311412655485,0.0,29.48879373634731,60.0,30.0,53.851918493808064,53.851918493808064,-1.807601221458294
43.71,43710,3444.2141818226946,0.0,29.490810742939132,60.0,30.0,53.7868500997822,53.7868500997822,-1.8074553896074443
43.72,43720,3440.1172814411743,0.0,29.49282768229853,60.0,30.0,53.72178694894007,53.72178694894007,-1.8073097456146148
43.73,43730,3436.0207114404193,0.0,29.49484455442773,60.0,30.0,53.65672903452088,53.65672903452088,-1.807164289422074
43.74,43740,3431.9244717277566,0.0,29.49686135932898,60.0,30.0,53.59167634976588,53.59167634976588,-1.807019020972171
43.75,43750,3427.828562189738,0.0,29.49887809700452,60.0,30.0,53.52662888791842,53.52662888791842,-1.8068739402073366
43.76,43760,3423.7329826934474,0.0,29.500894767456597,60.0,30.0,53.4615866422239,53.4615866422239,-1.8067290470700834
43.77,43770,3419.6377330877244,0.0,29.50291137068744,60.0,30.0,53.396549605929785,53.396549605929785,-1.806584341503004
43.78,43780,3415.542813204313,0.0,29.50492790669929,60.0,30.0,53.33151777228563,53.33151777228563,-1.8064398234487722
43.79,43790,3411.448222858938,0.0,29.506944375494406,60.0,30.0,53.266491134543024,53.266491134543024,-1.8062954928501442
43.8,43800,3407.3539618523146,0.0,29.50896077707501,60.0,30.0,53.20146968595563,53.20146968595563,-1.8061513496499553
43.81,43810,3403.260029971093,0.0,29.51097711144335,60.0,30.0,53.136453419779144,53.136453419779144,-1.806007393791123
43.82,43820,3399.1664269887465,0.0,29.512993378601657,60.0,30.0,53.07144232927134,53.07144232927134,-1.805863625216645
43.83,43830,3395.0731526664026,0.0,29.51500957855219,60.0,30.0,53.006436407692036,53.006436407692036,-1.8057200438696004
43.84,43840,3390.980206753622,0.0,29.51702571129717,60.0,30.0,52.941435648303084,52.941435648303084,-1.8055766496931487
43.85,43850,3386.88758898913,0.0,29.519041776838844,60.0,30.0,52.87644004436839,52.87644004436839,-1.80543344263053
43.86,43860,3382.795299101501,0.0,29.521057775179457,60.0,30.0,52.81144958915388,52.81144958915388,-1.8052904226250657
43.87,43870,3378.7033368097996,0.0,29.52307370632124,60.0,30.0,52.74646427592756,52.74646427592756,-1.805147589620157
43.88,43880,3374.6117018241857,0.0,29.525089570266452,60.0,30.0,52.68148409795943,52.68148409795943,-1.8050049435592863
43.89,43890,3370.5203938464756,0.0,29.527105367017306,60.0,30.0,52.61650904852153,52.61650904852153,-1.8048624843860168
43.9,43900,3366.4294125706733,0.0,29.52912109657606,60.0,30.0,52.55153912088794,52.55153912088794,-1.804720212043991
43.91,43910,3362.3387576834652,0.0,29.531136758944946,60.0,30.0,52.486574308334774,52.486574308334774,-1.804578126476933
43.92,43920,3358.248428864686,0.0,29.53315235412621,60.0,30.0,52.42161460414014,52.42161460414014,-1.8044362276286467
43.93,43930,3354.158425787754,0.0,29.535167882122085,60.0,30.0,52.35666000158419,52.35666000158419,-1.8042945154430166
43.94,43940,3350.068748120079,0.0,29.537183342934817,60.0,30.0,52.29171049394908,52.29171049394908,-1.8041529898640076
43.95,43950,3345.9793955234477,0.0,29.539198736566643,60.0,30.0,52.226766074519,52.226766074519,-1.8040116508356647
43.96,43960,3341.8903676543805,0.0,29.541214063019794,60.0,30.0,52.161826736580124,52.161826736580124,-1.8038704983021128
43.97,43970,3337.80166416447,0.0,29.54322932229652,60.0,30.0,52.096892473420645,52.096892473420645,-1.8037295322075573
43.98,43980,3333.713284700694,0.0,29.54524451439905,60.0,30.0,52.03196327833078,52.03196327833078,-1.8035887524962837
43.99,43990,3329.625228905715,0.0,29.54725963932964,60.0,30.0,51.96703914460273,51.96703914460273,-1.8034481591126574
44.0,44000,3325.5374964181547,0.0,29.549274697090514,60.0,30.0,51.90212006553069,51.90212006553069,-1.8033077520011245
44.01,44010,3321.4500868728537,0.0,29.551289687683912,60.0,30.0,51.83720603441086,51.83720603441086,-1.8031675311062096
44.02,44020,3317.362999901118,0.0,29.553304611112075,60.0,30.0,51.772297044541446,51.772297044541446,-1.8030274963725188
44.03,44030,3313.276235130946,0.0,29.555319467377252,60.0,30.0,51.707393089222634,51.707393089222634,-1.8028876477447369
44.04,44040,3309.1897921872414,0.0,29.557334256481667,60.0,30.0,51.6424941617566,51.6424941617566,-1.802747985167629
44.05,44050,3305.103670692015,0.0,29.55934897842756,60.0,30.0,51.5776002554475,51.5776002554475,-1.8026085085860404
44.06,44060,3301.017870264574,0.0,29.56136363321718,60.0,30.0,51.51271136360148,51.51271136360148,-1.8024692179448953
44.07,44070,3296.9323905216966,0.0,29.563378220852762,60.0,30.0,51.44782747952667,51.44782747952667,-1.8023301131891982
44.08,44080,3292.8472310777984,0.0,29.565392741336538,60.0,30.0,51.38294859653317,51.38294859653317,-1.802191194264033
44.09,44090,3288.7623915450877,0.0,29.567407194670757,60.0,30.0,51.31807470793305,51.31807470793305,-1.802052461114563
44.1,44100,3284.677871533709,0.0,29.569421580857643,60.0,30.0,51.253205807040345,51.253205807040345,-1.8019139136860312
44.11,44110,3280.593670651882,0.0,29.57143589989944,60.0,30.0,51.18834188717109,51.18834188717109,-1.8017755519237604
44.12,44120,3276.5097885060263,0.0,29.57345015179839,60.0,30.0,51.12348294164326,51.12348294164326,-1.8016373757731525
44.13,44130,3272.4262247008833,0.0,29.575464336556735,60.0,30.0,51.05862896377679,51.05862896377679,-1.801499385179689
44.14,44140,3268.342978839627,0.0,29.577478454176706,60.0,30.0,50.99377994689359,50.99377994689359,-1.8013615800889304
44.15,44150,3264.2600505239707,0.0,29.579492504660536,60.0,30.0,50.92893588431752,50.92893588431752,-1.801223960446517
44.16,44160,3260.1774393542632,0.0,29.58150648801047,60.0,30.0,50.864096769374385,50.864096769374385,-1.8010865261981677
44.17,44170,3256.095144929583,0.0,29.583520404228747,60.0,30.0,50.79926259539196,50.79926259539196,-1.8009492772896816
44.18,44180,3252.013166847825,0.0,29.5855342533176,60.0,30.0,50.73443335569995,50.73443335569995,-1.800812213666936
44.19,44190,3247.9315047057794,0.0,29.58754803527927,60.0,30.0,50.66960904363001,50.66960904363001,-1.8006753352758877
44.2,44200,3243.8501580992106,0.0,29.589561750115994,60.0,30.0,50.60478965251576,50.60478965251576,-1.800538642062573
44.21,44210,3239.7691266229267,0.0,29.591575397830013,60.0,30.0,50.53997517569273,50.53997517569273,-1.8004021339731064
44.22,44220,3235.688409870847,0.0,29.59358897842355,60.0,30.0,50.47516560649839,50.47516560649839,-1.800265810953682
44.23,44230,3231.6080074360634,0.0,29.595602491898866,60.0,30.0,50.41036093827218,50.41036093827218,-1.800129672950573
44.24,44240,3227.5279189109006,0.0,29.597615938258173,60.0,30.0,50.34556116435541,50.34556116435541,-1.7999937199101306
44.25,44250,3223.44814388697,0.0,29.59962931750372,60.0,30.0,50.28076627809138,50.28076627809138,-1.7998579517787858
44.26,44260,3219.3686819552217,0.0,29.601642629637745,60.0,30.0,50.215976272825266,50.215976272825266,-1.7997223685030477
44.27,44270,3215.289532705993,0.0,29.603655874662493,60.0,30.0,50.1511911419042,50.1511911419042,-1.7995869700295046
44.28,44280,3211.210695729053,0.0,29.605669052580183,60.0,30.0,50.08641087867723,50.08641087867723,-1.7994517563048236
44.29,44290,3207.1321706136446,0.0,29.60768216339307,60.0,30.0,50.0216354764953,50.0216354764953,-1.7993167272757498
44.3,44300,3203.053956948525,0.0,29.60969520710337,60.0,30.0,49.95686492871129,49.95686492871129,-1.799181882889108
44.31,44310,3198.976054322003,0.0,29.61170818371334,60.0,30.0,49.89209922867998,49.89209922867998,-1.7990472230918004
44.32,44320,3194.898462321973,0.0,29.6137210932252,60.0,30.0,49.827338369758074,49.827338369758074,-1.7989127478308085
44.33,44330,3190.8211805359483,0.0,29.615733935641202,60.0,30.0,49.76258234530415,49.76258234530415,-1.7987784570531922
44.34,44340,3186.744208551091,0.0,29.61774671096357,60.0,30.0,49.69783114867874,49.69783114867874,-1.7986443507060894
44.35,44350,3182.6675459542416,0.0,29.619759419194548,60.0,30.0,49.633084773244214,49.633084773244214,-1.7985104287367173
44.36,44360,3178.5911923319445,0.0,29.621772060336376,60.0,30.0,49.56834321236489,49.56834321236489,-1.7983766910923702
44.37,44370,3174.515147270474,0.0,29.62378463439127,60.0,30.0,49.50360645940695,49.50360645940695,-1.7982431377204218
44.38,44380,3170.4394103558575,0.0,29.625797141361495,60.0,30.0,49.4388745077385,49.4388745077385,-1.7981097685683234
44.39,44390,3166.363981173898,0.0,29.62780958124926,60.0,30.0,49.37414735072949,49.37414735072949,-1.7979765835836048
44.4,44400,3162.288859310194,0.0,29.629821954056816,60.0,30.0,49.30942498175179,49.30942498175179,-1.7978435827138743
44.41,44410,3158.214044350158,0.0,29.6318342597864,60.0,30.0,49.244707394179144,49.244707394179144,-1.7977107659068177
44.42,44420,3154.1395358790373,0.0,29.63384649844025,60.0,30.0,49.17999458138717,49.17999458138717,-1.797578133110199
44.43,44430,3150.065333481928,0.0,29.635858670020585,60.0,30.0,49.11528653675339,49.11528653675339,-1.7974456842718602
44.44,44440,3145.991436743792,0.0,29.637870774529656,60.0,30.0,49.05058325365715,49.05058325365715,-1.7973134193397222
44.45,44450,3141.9178452494716,0.0,29.63988281196969,60.0,30.0,48.985884725479735,48.985884725479735,-1.7971813382617825
44.46,44460,3137.8445585837035,0.0,29.641894782342938,60.0,30.0,48.92119094560423,48.92119094560423,-1.797049440986118
44.47,44470,3133.7715763311317,0.0,29.643906685651622,60.0,30.0,48.85650190741564,48.85650190741564,-1.7969177274608816
44.48,44480,3129.6988980763185,0.0,29.64591852189797,60.0,30.0,48.79181760430081,48.79181760430081,-1.7967861976343054
44.49,44490,3125.6265234037583,0.0,29.647930291084233,60.0,30.0,48.72713802964844,48.72713802964844,-1.7966548514546992
44.5,44500,3121.554451897885,0.0,29.649941993212646,60.0,30.0,48.6624631768491,48.6624631768491,-1.7965236888704497
44.51,44510,3117.482683143084,0.0,29.65195362828543,60.0,30.0,48.59779303929522,48.59779303929522,-1.7963927098300225
44.52,44520,3113.411216723701,0.0,29.65396519630484,60.0,30.0,48.53312761038107,48.53312761038107,-1.79626191428196
44.53,44530,3109.3400522240495,0.0,29.65597669727309,60.0,30.0,48.46846688350278,48.46846688350278,-1.796131302174882
44.54,44540,3105.2691892284206,0.0,29.657988131192425,60.0,30.0,48.40381085205831,48.40381085205831,-1.7960008734574866
44.55,44550,3101.198627321089,0.0,29.65999949806509,60.0,30.0,48.339159509447484,48.339159509447484,-1.795870628078549
44.56,44560,3097.1283660863205,0.0,29.66201079789331,60.0,30.0,48.274512849071954,48.274512849071954,-1.7957405659869219
44.57,44570,3093.0584051083783,0.0,29.664022030679305,60.0,30.0,48.209870864335215,48.209870864335215,-1.7956106871315354
44.58,44580,3088.988743971529,0.0,29.666033196425335,60.0,30.0,48.14523354864261,48.14523354864261,-1.7954809914613974
44.59,44590,3084.9193822600487,0.0,29.668044295133626,60.0,30.0,48.08060089540129,48.08060089540129,-1.7953514789255924
44.6,44600,3080.850319558228,0.0,29.670055326806406,60.0,30.0,48.01597289802025,48.01597289802025,-1.7952221494732825
44.61,44610,3076.781555450376,0.0,29.672066291445915,60.0,30.0,47.95134954991032,47.95134954991032,-1.7950930030537073
44.62,44620,3072.713089520826,0.0,29.67407718905439,60.0,30.0,47.886730844484134,47.886730844484134,-1.794964039616184
44.63,44630,3068.64492135394,0.0,29.676088019634058,60.0,30.0,47.82211677515617,47.82211677515617,-1.794835259110106
44.64,44640,3064.57705053411,0.0,29.678098783187153,60.0,30.0,47.75750733534271,47.75750733534271,-1.794706661484944
44.65,44650,3060.509476645765,0.0,29.68010947971592,60.0,30.0,47.69290251846186,47.69290251846186,-1.7945782466902462
44.66,44660,3056.4421992733714,0.0,29.682120109222584,60.0,30.0,47.62830231793354,47.62830231793354,-1.794450014675638
44.67,44670,3052.3752180014385,0.0,29.684130671709383,60.0,30.0,47.563706727179465,47.563706727179465,-1.7943219653908211
44.68,44680,3048.308532414519,0.0,29.686141167178548,60.0,30.0,47.49911573962319,47.49911573962319,-1.7941940987855751
44.69,44690,3044.242142097213,0.0,29.688151595632316,60.0,30.0,47.434529348690035,47.434529348690035,-1.7940664148097552
44.7,44700,3040.176046634171,0.0,29.690161957072924,60.0,30.0,47.36994754780716,47.36994754780716,-1.793938913413295
44.71,44710,3036.110245610094,0.0,29.692172251502587,60.0,30.0,47.3053703304035,47.3053703304035,-1.7938115945462034
44.72,44720,3032.0447386097367,0.0,29.69418247892356,60.0,30.0,47.24079768990978,47.24079768990978,-1.7936844581585678
44.73,44730,3027.97952521791,0.0,29.696192639338072,60.0,30.0,47.17622961975857,47.17622961975857,-1.7935575042005505
44.74,44740,3023.9146050194818,0.0,29.698202732748356,60.0,30.0,47.11166611338417,47.11166611338417,-1.7934307326223922
44.75,44750,3019.849977599378,0.0,29.700212759156635,60.0,30.0,47.04710716422269,47.04710716422269,-1.7933041433744086
44.76,44760,3015.7856425425844,0.0,29.702222718565153,60.0,30.0,46.98255276571203,46.98255276571203,-1.7931777364069936
44.77,44770,3011.7215994341486,0.0,29.704232610976142,60.0,30.0,46.918002911291886,46.918002911291886,-1.7930515116706167
44.78,44780,3007.65784785918,0.0,29.706242436391836,60.0,30.0,46.85345759440372,46.85345759440372,-1.7929254691158245
44.79,44790,3003.594387402851,0.0,29.708252194814456,60.0,30.0,46.78891680849076,46.78891680849076,-1.7927996086932392
44.8,44800,2999.5312176503985,0.0,29.710261886246258,60.0,30.0,46.724380546998034,46.724380546998034,-1.7926739303535608
44.81,44810,2995.4683381871223,0.0,29.712271510689458,60.0,30.0,46.65984880337233,46.65984880337233,-1.7925484340475644
44.82,44820,2991.405748598389,0.0,29.714281068146292,60.0,30.0,46.595321571062186,46.595321571062186,-1.792423119726102
44.83,44830,2987.3434484696304,0.0,29.71629055861899,60.0,30.0,46.53079884351794,46.53079884351794,-1.7922979873401028
44.84,44840,2983.281437386345,0.0,29.71829998210979,60.0,30.0,46.46628061419168,46.46628061419168,-1.7921730368405704
44.85,44850,2979.219714934096,0.0,29.72030933862093,60.0,30.0,46.40176687653725,46.40176687653725,-1.7920482681785863
44.86,44860,2975.158280698515,0.0,29.72231862815463,60.0,30.0,46.33725762401026,46.33725762401026,-1.7919236813053077
44.87,44870,2971.097134265299,0.0,29.724327850713124,60.0,30.0,46.27275285006807,46.27275285006807,-1.7917992761719672
44.88,44880,2967.0362752202127,0.0,29.726337006298657,60.0,30.0,46.208252548169796,46.208252548169796,-1.7916750527298748
44.89,44890,2962.9757031490876,0.0,29.728346094913448,60.0,30.0,46.143756711776305,46.143756711776305,-1.791551010930416
44.9,44900,2958.915417637821,0.0,29.730355116559743,60.0,30.0,46.079265334350204,46.079265334350204,-1.791427150725052
44.91,44910,2954.8554182723774,0.0,29.732364071239758,60.0,30.0,46.014778409355856,46.014778409355856,-1.7913034720653205
44.92,44920,2950.7957046387874,0.0,29.734372958955735,60.0,30.0,45.95029593025935,45.95029593025935,-1.791179974902835
44.93,44930,2946.7362763231476,0.0,29.736381779709905,60.0,30.0,45.88581789052854,45.88581789052854,-1.7910566591892847
44.94,44940,2942.67713291162,0.0,29.7383905335045,60.0,30.0,45.82134428363299,45.82134428363299,-1.7909335248764353
44.95,44950,2938.618273990432,0.0,29.74039922034175,60.0,30.0,45.756875103044,45.756875103044,-1.7908105719161274
44.96,44960,2934.5596991458756,0.0,29.74240784022389,60.0,30.0,45.69241034223464,45.69241034223464,-1.7906878002602782
44.97,44970,2930.501407964307,0.0,29.744416393153145,60.0,30.0,45.627949994679646,45.627949994679646,-1.7905652098608804
44.98,44980,2926.4434000321467,0.0,29.74642487913175,60.0,30.0,45.56349405385553,45.56349405385553,-1.7904428006700022
44.99,44990,2922.3856749358774,0.0,29.74843329816195,60.0,30.0,45.49904251324049,45.49904251324049,-1.7903205726397877
45.0,45000,2918.3282322620444,0.0,29.750441650245953,60.0,30.0,45.43459536631448,45.43459536631448,-1.7901985257224566
45.01,45010,2914.2710715972544,0.0,29.75244993538601,60.0,30.0,45.370152606559145,45.370152606559145,-1.7900766598703042
45.02,45020,2910.214192528175,0.0,29.754458153584338,60.0,30.0,45.30571422745786,45.30571422745786,-1.7899549750357016
45.03,45030,2906.157594641534,0.0,29.756466304843176,60.0,30.0,45.2412802224957,45.2412802224957,-1.789833471171095
45.04,45040,2902.101277524119,0.0,29.75847438916476,60.0,30.0,45.17685058515946,45.17685058515946,-1.789712148229006
45.05,45050,2898.0452407627736,0.0,29.760482406551315,60.0,30.0,45.112425308937624,45.112425308937624,-1.789591006162032
45.06,45060,2893.989483944401,0.0,29.762490357005063,60.0,30.0,45.048004387320404,45.048004387320404,-1.7894700449228458
45.07,45070,2889.9340066559594,0.0,29.764498240528255,60.0,30.0,44.983587813799694,44.983587813799694,-1.7893492644641953
45.08,45080,2885.8788084844628,0.0,29.76650605712311,60.0,30.0,44.91917558186909,44.91917558186909,-1.7892286647389037
45.09,45090,2881.823889016979,0.0,29.76851380679186,60.0,30.0,44.8547676850239,44.8547676850239,-1.78910824569987
45.1,45100,2877.7692478406293,0.0,29.770521489536737,60.0,30.0,44.7903641167611,44.7903641167611,-1.7889880073000677
45.11,45110,2873.7148845425863,0.0,29.77252910535996,60.0,30.0,44.72596487057936,44.72596487057936,-1.7888679494925457
45.12,45120,2869.6607987100733,0.0,29.77453665426378,60.0,30.0,44.66156993997907,44.66156993997907,-1.788748072230429
45.13,45130,2865.606989930363,0.0,29.776544136250426,60.0,30.0,44.59717931846226,44.59717931846226,-1.788628375466916
45.14,45140,2861.5534577907765,0.0,29.77855155132211,60.0,30.0,44.53279299953267,44.53279299953267,-1.7885088591552816
45.15,45150,2857.5002018786818,0.0,29.78055889948108,60.0,30.0,44.46841097669571,44.46841097669571,-1.7883895232488751
45.16,45160,2853.4472217814914,0.0,29.78256618072956,60.0,30.0,44.404033243458464,44.404033243458464,-1.7882703677011211
45.17,45170,2849.394517086663,0.0,29.784573395069778,60.0,30.0,44.33965979332971,44.33965979332971,-1.7881513924655186
45.18,45180,2845.3420873816963,0.0,29.786580542503962,60.0,30.0,44.27529061981986,44.27529061981986,-1.7880325974956421
45.19,45190,2841.289932254132,0.0,29.78858762303435,60.0,30.0,44.21092571644104,44.21092571644104,-1.7879139827451416
45.2,45200,2837.2380512915506,0.0,29.790594636663172,60.0,30.0,44.146565076707,44.146565076707,-1.7877955481677397
45.21,45210,2833.1864440815702,0.0,29.79260158339265,60.0,30.0,44.08220869413317,44.08220869413317,-1.7876772937172363
45.22,45220,2829.1351102118456,0.0,29.794608463225018,60.0,30.0,44.017856562236666,44.017856562236666,-1.787559219347505
45.23,45230,2825.0840492700663,0.0,29.796615276162512,60.0,30.0,43.95350867453622,43.95350867453622,-1.7874413250124934
45.24,45240,2821.033260843955,0.0,29.798622022207354,60.0,30.0,43.88916502455223,43.88916502455223,-1.7873236106662254
45.25,45250,2816.982744521265,0.0,29.800628701361774,60.0,30.0,43.82482560580677,43.82482560580677,-1.7872060762627984
45.26,45260,2812.9324998897805,0.0,29.802635313628002,60.0,30.0,43.76049041182354,43.76049041182354,-1.7870887217563844
45.27,45270,2808.882526537312,0.0,29.80464185900827,60.0,30.0,43.6961594361279,43.6961594361279,-1.7869715471012304
45.28,45280,2804.8328240516967,0.0,29.80664833750481,60.0,30.0,43.631832672246844,43.631832672246844,-1.7868545522516586
45.29,45290,2800.7833920207954,0.0,29.808654749119853,60.0,30.0,43.567510113709005,43.567510113709005,-1.7867377371620636
45.3,45300,2796.7342300324913,0.0,29.810661093855614,60.0,30.0,43.50319175404468,43.50319175404468,-1.7866211017869167
45.31,45310,2792.685337674687,0.0,29.81266737171434,60.0,30.0,43.43887758678577,43.43887758678577,-1.7865046460807625
45.32,45320,2788.636714535304,0.0,29.814673582698248,60.0,30.0,43.374567605465835,43.374567605465835,-1.7863883699982201
45.33,45330,2784.588360202278,0.0,29.816679726809568,60.0,30.0,43.31026180362005,43.31026180362005,-1.786272273493983
45.34,45340,2780.5402742635606,0.0,29.818685804050535,60.0,30.0,43.245960174785225,43.245960174785225,-1.7861563565228196
45.35,45350,2776.492456307113,0.0,29.82069181442337,60.0,30.0,43.1816627124998,43.1816627124998,-1.786040619039571
45.36,45360,2772.4449059209073,0.0,29.822697757930314,60.0,30.0,43.11736941030384,43.11736941030384,-1.7859250609991542
45.37,45370,2768.397622692922,0.0,29.824703634573584,60.0,30.0,43.053080261739,43.053080261739,-1.7858096823565597
45.38,45380,2764.3506062111405,0.0,29.826709444355423,60.0,30.0,42.98879526034859,42.98879526034859,-1.7856944830668517
45.39,45390,2760.303856063548,0.0,29.828715187278043,60.0,30.0,42.92451439967753,42.92451439967753,-1.7855794630851693
45.4,45400,2756.2573718381304,0.0,29.830720863343675,60.0,30.0,42.86023767327232,42.86023767327232,-1.7854646223667259
45.41,45410,2752.2111531228707,0.0,29.832726472554562,60.0,30.0,42.79596507468112,42.79596507468112,-1.785349960866808
45.42,45420,2748.1651995057464,0.0,29.834732014912916,60.0,30.0,42.731696597453656,42.731696597453656,-1.7852354785407765
45.43,45430,2744.1195105747283,0.0,29.83673749042098,60.0,30.0,42.66743223514127,42.66743223514127,-1.7851211753440661
45.44,45440,2740.0740859177763,0.0,29.838742899080962,60.0,30.0,42.60317198129691,42.60317198129691,-1.785007051232186
45.45,45450,2736.028925122837,0.0,29.840748240895117,60.0,30.0,42.53891582947512,42.53891582947512,-1.7848931061607187
45.46,45460,2731.984027777841,0.0,29.84275351586565,60.0,30.0,42.47466377323205,42.47466377323205,-1.784779340085321
45.47,45470,2727.9393934707023,0.0,29.844758723994797,60.0,30.0,42.41041580612543,42.41041580612543,-1.7846657529617231
45.48,45480,2723.8950217893102,0.0,29.84676386528479,60.0,30.0,42.34617192171458,42.34617192171458,-1.7845523447457297
45.49,45490,2719.850912321532,0.0,29.84876893973785,60.0,30.0,42.28193211356042,42.28193211356042,-1.784439115393218
45.5,45500,2715.807064655207,0.0,29.850773947356217,60.0,30.0,42.217696375225465,42.217696375225465,-1.7843260648601402
45.51,45510,2711.7634783781427,0.0,29.852778888142105,60.0,30.0,42.153464700273766,42.153464700273766,-1.7842131931025216
45.52,45520,2707.720153078115,0.0,29.854783762097753,60.0,30.0,42.08923708227101,42.08923708227101,-1.7841005000764607
45.53,45530,2703.6770883428608,0.0,29.85678856922538,60.0,30.0,42.02501351478444,42.02501351478444,-1.7839879857381304
45.54,45540,2699.6342837600787,0.0,29.858793309527208,60.0,30.0,41.960793991382864,41.960793991382864,-1.783875650043777
45.55,45550,2695.591738917423,0.0,29.860797983005487,60.0,30.0,41.89657850563667,41.89657850563667,-1.78376349294972
45.56,45560,2691.5494534025006,0.0,29.862802589662422,60.0,30.0,41.83236705111783,41.83236705111783,-1.783651514412352
45.57,45570,2687.507426802869,0.0,29.86480712950025,60.0,30.0,41.768159621399846,41.768159621399846,-1.7835397143881404
45.58,45580,2683.465658706031,0.0,29.866811602521196,60.0,30.0,41.70395621005784,41.70395621005784,-1.7834280928336248
45.59,45590,2679.424148699432,0.0,29.86881600872749,60.0,30.0,41.639756810668445,41.639756810668445,-1.783316649705419
45.6,45600,2675.3828963704564,0.0,29.87082034812136,60.0,30.0,41.575561416809876,41.575561416809876,-1.783205384960209
45.61,45610,2671.3419013064236,0.0,29.872824620705025,60.0,30.0,41.51137002206191,41.51137002206191,-1.7830942985547553
45.62,45620,2667.3011630945834,0.0,29.874828826480716,60.0,30.0,41.447182620005854,41.447182620005854,-1.7829833904458914
45.63,45630,2663.2606813221137,0.0,29.876832965450667,60.0,30.0,41.382999204224596,41.382999204224596,-1.7828726605905234
45.64,45640,2659.2204555761145,0.0,29.878837037617096,60.0,30.0,41.31881976830255,41.31881976830255,-1.7827621089456311
45.65,45650,2655.1804854436054,0.0,29.880841042982233,60.0,30.0,41.25464430582569,41.25464430582569,-1.782651735468268
45.66,45660,2651.1407705115207,0.0,29.88284498154831,60.0,30.0,41.190472810381536,41.190472810381536,-1.7825415401155598
45.67,45670,2647.1013103667046,0.0,29.884848853317536,60.0,30.0,41.126305275559126,41.126305275559126,-1.7824315228447052
45.68,45680,2643.0621045959083,0.0,29.886852658292163,60.0,30.0,41.06214169494906,41.06214169494906,-1.7823216836129767
45.69,45690,2639.023152785784,0.0,29.88885639647439,60.0,30.0,40.997982062143464,40.997982062143464,-1.78221202237772
45.7,45700,2634.984454522881,0.0,29.890860067866473,60.0,30.0,40.93382637073599,40.93382637073599,-1.7821025390963525
45.71,45710,2630.9460093936414,0.0,29.89286367247061,60.0,30.0,40.869674614321845,40.869674614321845,-1.7819932337263662
45.72,45720,2626.907816984394,0.0,29.89486721028905,60.0,30.0,40.80552678649773,40.80552678649773,-1.7818841062253243
45.73,45730,2622.869876881351,0.0,29.896870681324003,60.0,30.0,40.7413828808619,40.7413828808619,-1.7817751565508646
45.74,45740,2618.832188670603,0.0,29.898874085577702,60.0,30.0,40.67724289101411,40.67724289101411,-1.7816663846606962
45.75,45750,2614.7947519381123,0.0,29.90087742305238,60.0,30.0,40.613106810555664,40.613106810555664,-1.7815577905126019
45.76,45760,2610.7575662697086,0.0,29.90288069375024,60.0,30.0,40.548974633089344,40.548974633089344,-1.7814493740644375
45.77,45770,2606.720631251085,0.0,29.904883897673535,60.0,30.0,40.48484635221948,40.48484635221948,-1.7813411352741304
45.78,45780,2602.6839464677905,0.0,29.90688703482447,60.0,30.0,40.420721961551884,40.420721961551884,-1.7812330740996818
45.79,45790,2598.647511505226,0.0,29.908890105205288,60.0,30.0,40.356601454693916,40.356601454693916,-1.7811251904991656
45.8,45800,2594.6113259486374,0.0,29.910893108818204,60.0,30.0,40.29248482525441,40.29248482525441,-1.7810174844307272
45.81,45810,2590.575389383112,0.0,29.91289604566544,60.0,30.0,40.22837206684372,40.22837206684372,-1.7809099558525856
45.82,45820,2586.53970139357,0.0,29.91489891574923,60.0,30.0,40.164263173073685,40.164263173073685,-1.780802604723032
45.83,45830,2582.5042615647594,0.0,29.916901719071802,60.0,30.0,40.10015813755768,40.10015813755768,-1.7806954310004306
45.84,45840,2578.4690694812516,0.0,29.91890445563537,60.0,30.0,40.036056953910524,40.036056953910524,-1.7805884346432173
45.85,45850,2574.434124727433,0.0,29.920907125442163,60.0,30.0,39.97195961574857,39.97195961574857,-1.780481615609901
45.86,45860,2570.3994268874994,0.0,29.922909728494414,60.0,30.0,39.90786611668964,39.90786611668964,-1.780374973859063
45.87,45870,2566.36497554545,0.0,29.924912264794344,60.0,30.0,39.84377645035307,39.84377645035307,-1.7802685093493569
45.88,45880,2562.3307702850793,0.0,29.926914734344166,60.0,30.0,39.779690610359644,39.779690610359644,-1.7801622220395084
45.89,45890,2558.2968106899725,0.0,29.928917137146122,60.0,30.0,39.71560859033167,39.71560859033167,-1.7800561118883158
45.9,45900,2554.2630963434967,0.0,29.930919473202437,60.0,30.0,39.6515303838929,39.6515303838929,-1.7799501788546501
45.91,45910,2550.2296268287946,0.0,29.93292174251532,60.0,30.0,39.587455984668594,39.587455984668594,-1.7798444228974535
45.92,45920,2546.1964017287773,0.0,29.93492394508701,60.0,30.0,39.52338538628547,39.52338538628547,-1.7797388439757416
45.93,45930,2542.163420626117,0.0,29.93692608091972,60.0,30.0,39.459318582371715,39.459318582371715,-1.7796334420486013
45.94,45940,2538.130683103239,0.0,29.938928150015688,60.0,30.0,39.39525556655701,39.39525556655701,-1.7795282170751918
45.95,45950,2534.0981887423145,0.0,29.940930152377135,60.0,30.0,39.33119633247247,39.33119633247247,-1.779423169014745
45.96,45960,2530.0659371252527,0.0,29.942932088006273,60.0,30.0,39.26714087375072,39.26714087375072,-1.779318297826564
45.97,45970,2526.0339278336933,0.0,29.94493395690534,60.0,30.0,39.2030891840258,39.2030891840258,-1.7792136034700252
45.98,45980,2522.0021604489966,0.0,29.946935759076553,60.0,30.0,39.13904125693323,39.13904125693323,-1.7791090859045753
45.99,45990,2517.9706345522372,0.0,29.94893749452214,60.0,30.0,39.07499708611,39.07499708611,-1.7790047450897348
46.0,46000,2513.9393497241945,0.0,29.950939163244325,60.0,30.0,39.010956665194534,39.010956665194534,-1.7789005809850944
46.01,46010,2509.9083055453443,0.0,29.952940765245327,60.0,30.0,38.946919987826725,38.946919987826725,-1.7787965935503185
46.02,46020,2505.8775015958495,0.0,29.954942300527385,60.0,30.0,38.882887047647905,38.882887047647905,-1.7786927827451418
46.03,46030,2501.8469374555516,0.0,29.956943769092707,60.0,30.0,38.81885783830084,38.81885783830084,-1.7785891485293717
46.04,46040,2497.816612703961,0.0,29.958945170943515,60.0,30.0,38.754832353429784,38.754832353429784,-1.7784856908628874
46.05,46050,2493.7865269202475,0.0,29.960946506082053,60.0,30.0,38.69081058668038,38.69081058668038,-1.7783824097056395
46.06,46060,2489.7566796832325,0.0,29.96294777451052,60.0,30.0,38.626792531699735,38.626792531699735,-1.7782793050176509
46.07,46070,2485.727070571376,0.0,29.964948976231156,60.0,30.0,38.56277818213641,38.56277818213641,-1.7781763767590153
46.08,46080,2481.697699162769,0.0,29.966950111246184,60.0,30.0,38.498767531640375,38.498767531640375,-1.7780736248898994
46.09,46090,2477.6685650351224,0.0,29.968951179557813,60.0,30.0,38.43476057386304,38.43476057386304,-1.77797104937054
46.1,46100,2473.6396677657567,0.0,29.970952181168286,60.0,30.0,38.37075730245723,38.37075730245723,-1.777868650161247
46.11,46110,2469.6110069315914,0.0,29.972953116079808,60.0,30.0,38.306757711077225,38.306757711077225,-1.777766427222401
46.12,46120,2465.582582109134,0.0,29.974953984294622,60.0,30.0,38.242761793378705,38.242761793378705,-1.7776643805144543
46.13,46130,2461.554392874469,0.0,29.97695478581493,60.0,30.0,38.17876954301878,38.17876954301878,-1.7775625099979309
46.14,46140,2457.5264388032465,0.0,29.97895552064297,60.0,30.0,38.11478095365598,38.11478095365598,-1.7774608156334262
46.15,46150,2453.4987194706705,0.0,29.98095618878096,60.0,30.0,38.050796018950244,38.050796018950244,-1.777359297381607
46.16,46160,2449.471234451488,0.0,29.98295679023113,60.0,30.0,37.98681473256293,37.98681473256293,-1.777257955203211
46.17,46170,2445.443983319975,0.0,29.984957324995694,60.0,30.0,37.922837088156804,37.922837088156804,-1.777156789059049
46.18,46180,2441.416965649926,0.0,29.986957793076876,60.0,30.0,37.85886307939604,37.85886307939604,-1.7770557989100007
46.19,46190,2437.3901810146417,0.0,29.988958194476893,60.0,30.0,37.794892699946224,37.794892699946224,-1.7769549847170192
46.2,46200,2433.363628986914,0.0,29.990958529197975,60.0,30.0,37.73092594347435,37.73092594347435,-1.776854346441128
46.21,46210,2429.337309139016,0.0,29.992958797242352,60.0,30.0,37.66696280364878,37.66696280364878,-1.776753884043422
46.22,46220,2425.311221042685,0.0,29.99495899861224,60.0,30.0,37.60300327413932,37.60300327413932,-1.776653597485067
46.23,46230,2421.2853642691125,0.0,29.99695913330985,60.0,30.0,37.53904734861714,37.53904734861714,-1.7765534867273003
46.24,46240,2417.2597383889283,0.0,29.99895920133742,60.0,30.0,37.47509502075481,37.47509502075481,-1.7764535517314306
46.25,46250,2413.234342972187,0.0,30.00095920269717,60.0,30.0,37.41114628422629,37.41114628422629,-1.7763537924588375
46.26,46260,2409.2091775883523,0.0,30.002959137391315,60.0,30.0,37.347201132706935,37.347201132706935,-1.7762542088709716
46.27,46270,2405.1842418062847,0.0,30.004959005422084,60.0,30.0,37.28325955987348,37.28325955987348,-1.7761548009293542
46.28,46280,2401.159535194224,0.0,30.0069588067917,60.0,30.0,37.219321559404044,37.219321559404044,-1.7760555685955783
46.29,46290,2397.135057319776,0.0,30.008958541502377,60.0,30.0,37.15538712497811,37.15538712497811,-1.775956511831308
46.3,46300,2393.110807749895,0.0,30.010958209556343,60.0,30.0,37.09145625027658,37.09145625027658,-1.7758576305982778
46.31,46310,2389.0867860508683,0.0,30.01295781095581,60.0,30.0,37.027528928981674,37.027528928981674,-1.7757589248582935
46.32,46320,2385.0629917883016,0.0,30.01495734570301,60.0,30.0,36.963605154777035,36.963605154777035,-1.7756603945732317
46.33,46330,2381.0394245271,0.0,30.01695681380017,60.0,30.0,36.89968492134766,36.89968492134766,-1.7755620397050393
46.34,46340,2377.0160838314528,0.0,30.018956215249503,60.0,30.0,36.83576822237988,36.83576822237988,-1.7754638602157353
46.35,46350,2372.9929692648143,0.0,30.020955550053227,60.0,30.0,36.77185505156146,36.77185505156146,-1.7753658560674084
46.36,46360,2368.9700803898886,0.0,30.02295481821357,60.0,30.0,36.70794540258146,36.70794540258146,-1.7752680272222188
46.37,46370,2364.9474167686094,0.0,30.02495401973276,60.0,30.0,36.64403926913033,36.64403926913033,-1.775170373642397
46.38,46380,2360.924977962123,0.0,30.026953154613004,60.0,30.0,36.58013664489988,36.58013664489988,-1.775072895290244
46.39,46390,2356.902763530769,0.0,30.028952222856525,60.0,30.0,36.51623752358327,36.51623752358327,-1.7749755921281325
46.4,46400,2352.8807730340604,0.0,30.030951224465547,60.0,30.0,36.452341898875005,36.452341898875005,-1.7748784641185047
46.41,46410,2348.8590060306665,0.0,30.032950159442294,60.0,30.0,36.38844976447094,36.38844976447094,-1.7747815112238743
46.42,46420,2344.8374620783907,0.0,30.03494902778899,60.0,30.0,36.324561114068295,36.324561114068295,-1.7746847334068252
46.43,46430,2340.8161407341504,0.0,30.03694782950785,60.0,30.0,36.26067594136562,36.26067594136562,-1.7745881306300115
46.44,46440,2336.7950415539576,0.0,30.038946564601098,60.0,30.0,36.19679424006279,36.19679424006279,-1.7744917028561586
46.45,46450,2332.7741640928966,0.0,30.040945233070957,60.0,30.0,36.13291600386106,36.13291600386106,-1.7743954500480617
46.46,46460,2328.753507905103,0.0,30.042943834919637,60.0,30.0,36.06904122646299,36.06904122646299,-1.7742993721685871
46.47,46470,2324.7330725437423,0.0,30.044942370149368,60.0,30.0,36.005169901572486,36.005169901572486,-1.7742034691806712
46.48,46480,2320.712857560986,0.0,30.046940838762367,60.0,30.0,35.94130202289478,35.94130202289478,-1.7741077410473207
46.49,46490,2316.69286250799,0.0,30.048939240760852,60.0,30.0,35.877437584136445,35.877437584136445,-1.774012187731613
46.5,46500,2312.673086934871,0.0,30.050937576147057,60.0,30.0,35.81357657900536,35.81357657900536,-1.7739168091966953
46.51,46510,2308.653530390683,0.0,30.052935844923184,60.0,30.0,35.74971900121075,35.74971900121075,-1.773821605405786
46.52,46520,2304.634192423392,0.0,30.054934047091464,60.0,30.0,35.685864844463154,35.685864844463154,-1.7737265763221728
46.53,46530,2300.6150725798525,0.0,30.056932182654123,60.0,30.0,35.62201410247442,35.62201410247442,-1.7736317219092144
46.54,46540,2296.5961704057822,0.0,30.05893025161336,60.0,30.0,35.55816676895773,35.55816676895773,-1.7735370421303396
46.55,46550,2292.5774854457354,0.0,30.06092825397142,60.0,30.0,35.494322837627564,35.494322837627564,-1.773442536949047
46.56,46560,2288.5590172430784,0.0,30.0629261897305,60.0,30.0,35.43048230219973,35.43048230219973,-1.7733482063289054
46.57,46570,2284.540765339961,0.0,30.06492405889284,60.0,30.0,35.36664515639132,35.36664515639132,-1.7732540502335548
46.58,46580,2280.5227292772906,0.0,30.066921861460653,60.0,30.0,35.30281139392076,35.30281139392076,-1.7731600686267035
46.59,46590,2276.504908594704,0.0,30.06891959743615,60.0,30.0,35.23898100850777,35.23898100850777,-1.7730662614721313
46.6,46600,2272.4873028305387,0.0,30.070917266821564,60.0,30.0,35.17515399387336,35.17515399387336,-1.7729726287336878
46.61,46610,2268.4699115218054,0.0,30.072914869619098,60.0,30.0,35.111330343739844,35.111330343739844,-1.772879170375292
46.62,46620,2264.452734204157,0.0,30.074912405830993,60.0,30.0,35.047510051830855,35.047510051830855,-1.7727858863609331
46.63,46630,2260.4357704118593,0.0,30.076909875459453,60.0,30.0,34.98369311187129,34.98369311187129,-1.7726927766546714
46.64,46640,2256.4190196777613,0.0,30.078907278506705,60.0,30.0,34.91987951758735,34.91987951758735,-1.7725998412206354
46.65,46650,2252.4024815332623,0.0,30.08090461497496,60.0,30.0,34.85606926270651,34.85606926270651,-1.7725070800230245
46.66,46660,2248.386155508282,0.0,30.08290188486645,60.0,30.0,34.79226234095758,34.79226234095758,-1.7724144930261079
46.67,46670,2244.3700411312275,0.0,30.08489908818337,60.0,30.0,34.72845874607059,34.72845874607059,-1.772322080194224
46.68,46680,2240.354137928959,0.0,30.08689622492797,60.0,30.0,34.664658471776875,34.664658471776875,-1.772229841491782
46.69,46690,2236.3384454267584,0.0,30.08889329510245,60.0,30.0,34.60086151180908,34.60086151180908,-1.7721377768832598
46.7,46700,2232.322963148294,0.0,30.090890298709034,60.0,30.0,34.537067859901086,34.537067859901086,-1.7720458863332063
46.71,46710,2228.3076906155857,0.0,30.092887235749945,60.0,30.0,34.47327750978806,34.47327750978806,-1.7719541698062393
46.72,46720,2224.292627348969,0.0,30.094884106227397,60.0,30.0,34.40949045520645,34.40949045520645,-1.7718626272670464
46.73,46730,2220.277772867059,0.0,30.096880910143607,60.0,30.0,34.34570668989396,34.34570668989396,-1.7717712586803842
46.74,46740,2216.2631266867147,0.0,30.09887764750079,60.0,30.0,34.28192620758956,34.28192620758956,-1.7716800640110808
46.75,46750,2212.2486883230004,0.0,30.100874318301173,60.0,30.0,34.21814900203349,34.21814900203349,-1.7715890432240318
46.76,46760,2208.234457289146,0.0,30.102870922546977,60.0,30.0,34.15437506696726,34.15437506696726,-1.7714981962842042
46.77,46770,2204.2204330965114,0.0,30.104867460240406,60.0,30.0,34.09060439613362,34.09060439613362,-1.7714075231566326
46.78,46780,2200.206615254543,0.0,30.106863931383703,60.0,30.0,34.026836983276596,34.026836983276596,-1.7713170238064233
46.79,46790,2196.1930032707355,0.0,30.108860335979056,60.0,30.0,33.963072822141434,33.963072822141434,-1.7712266981987506
46.8,46800,2192.1795966505906,0.0,30.110856674028707,60.0,30.0,33.89931190647468,33.89931190647468,-1.7711365462988582
46.81,46810,2188.1663948975734,0.0,30.11285294553486,60.0,30.0,33.83555423002409,33.83555423002409,-1.77104656807206
46.82,46820,2184.1533975130715,0.0,30.114849150499747,60.0,30.0,33.77179978653867,33.77179978653867,-1.7709567634837389
46.83,46830,2180.14060399635,0.0,30.116845288925568,60.0,30.0,33.7080485697687,33.7080485697687,-1.7708671324993475
46.84,46840,2176.128013844507,0.0,30.118841360814557,60.0,30.0,33.64430057346566,33.64430057346566,-1.770777675084407
46.85,46850,2172.1156265524305,0.0,30.12083736616892,60.0,30.0,33.5805557913823,33.5805557913823,-1.7706883912045093
46.86,46860,2168.1034416127495,0.0,30.122833304990884,60.0,30.0,33.51681421727259,33.51681421727259,-1.7705992808253137
46.87,46870,2164.0914585157884,0.0,30.124829177282663,60.0,30.0,33.45307584489174,33.45307584489174,-1.7705103439125505
46.88,46880,2160.0796767495194,0.0,30.12682498304647,60.0,30.0,33.38934066799619,33.38934066799619,-1.7704215804320182
46.89,46890,2156.068095799514,0.0,30.128820722284534,60.0,30.0,33.3256086803436,33.3256086803436,-1.770332990349585
46.9,46900,2152.0567151488926,0.0,30.13081639499906,60.0,30.0,33.26187987569288,33.26187987569288,-1.770244573631188
46.91,46910,2148.0455342782743,0.0,30.13281200119227,60.0,30.0,33.19815424780414,33.19815424780414,-1.7701563302428336
46.92,46920,2144.034552665726,0.0,30.134807540866387,60.0,30.0,33.13443179043872,33.13443179043872,-1.7700682601505973
46.93,46930,2140.0237697867105,0.0,30.13680301402362,60.0,30.0,33.070712497359175,33.070712497359175,-1.7699803633206233
46.94,46940,2136.0131851140322,0.0,30.138798420666188,60.0,30.0,33.00699636232929,33.00699636232929,-1.7698926397191252
46.95,46950,2132.0027981177836,0.0,30.14079376079631,60.0,30.0,32.94328337911404,32.94328337911404,-1.7698050893123864
46.96,46960,2127.99260826529,0.0,30.142789034416207,60.0,30.0,32.87957354147964,32.87957354147964,-1.769717712066758
46.97,46970,2123.982615021054,0.0,30.144784241528086,60.0,30.0,32.81586684319349,32.81586684319349,-1.769630507948661
46.98,46980,2119.9728178466958,0.0,30.146779382134177,60.0,30.0,32.7521632780242,32.7521632780242,-1.7695434769245848
46.99,46990,2115.9632162008998,0.0,30.148774456236687,60.0,30.0,32.6884628397416,32.6884628397416,-1.769456618961088
47.0,47000,2111.953809539351,0.0,30.150769463837833,60.0,30.0,32.62476552211671,32.62476552211671,-1.769369934024798
47.01,47010,2107.944597314677,0.0,30.152764404939838,60.0,30.0,32.56107131892174,32.56107131892174,-1.7692834220824112
47.02,47020,2103.9355789763868,0.0,30.154759279544912,60.0,30.0,32.497380223930115,32.497380223930115,-1.7691970831006927
47.03,47030,2099.926753970807,0.0,30.156754087655273,60.0,30.0,32.43369223091644,32.43369223091644,-1.7691109170464763
47.04,47040,2095.9181217410205,0.0,30.158748829273136,60.0,30.0,32.370007333656524,32.370007333656524,-1.7690249238866653
47.05,47050,2091.9096817268,0.0,30.160743504400724,60.0,30.0,32.30632552592735,32.30632552592735,-1.768939103588231
47.06,47060,2087.901433364544,0.0,30.162738113040252,60.0,30.0,32.24264680150709,32.24264680150709,-1.7688534561182134
47.07,47070,2083.8933760872096,0.0,30.164732655193923,60.0,30.0,32.178971154175116,32.178971154175116,-1.7687679814437218
47.08,47080,2079.8855093242432,0.0,30.166727130863976,60.0,30.0,32.11529857771197,32.11529857771197,-1.768682679531934
47.09,47090,2075.877832501514,0.0,30.16872154005261,60.0,30.0,32.05162906589936,32.05162906589936,-1.768597550350096
47.1,47100,2071.870345041242,0.0,30.170715882762046,60.0,30.0,31.987962612520207,31.987962612520207,-1.7685125938655226
47.11,47110,2067.863046361927,0.0,30.172710158994498,60.0,30.0,31.924299211358566,31.924299211358566,-1.7684278100455977
47.12,47120,2063.8559358782763,0.0,30.174704368752185,60.0,30.0,31.860638856199685,31.860638856199685,-1.7683431988577734
47.13,47130,2059.8490130011305,0.0,30.17669851203732,60.0,30.0,31.79698154082998,31.79698154082998,-1.7682587602695705
47.14,47140,2055.842277137389,0.0,30.178692588852122,60.0,30.0,31.73332725903703,31.73332725903703,-1.7681744942485782
47.15,47150,2051.8357276899333,0.0,30.180686599198797,60.0,30.0,31.66967600460958,31.66967600460958,-1.768090400762454
47.16,47160,2047.8293640575498,0.0,30.182680543079577,60.0,30.0,31.60602777133754,31.60602777133754,-1.768006479778924
47.17,47170,2043.8231856348505,0.0,30.184674420496666,60.0,30.0,31.54238255301197,31.54238255301197,-1.767922731265783
47.18,47180,2039.8171918121927,0.0,30.18666823145228,60.0,30.0,31.4787403434251,31.4787403434251,-1.767839155190894
47.19,47190,2035.811381975599,0.0,30.18866197594864,60.0,30.0,31.415101136370296,31.415101136370296,-1.767755751522189
47.2,47200,2031.805755506673,0.0,30.19065565398796,60.0,30.0,31.3514649256421,31.3514649256421,-1.7676725202276664
47.21,47210,2027.8003117825158,0.0,30.19264926557245,60.0,30.0,31.287831705036186,31.287831705036186,-1.7675894612753955
47.22,47220,2023.7950501756409,0.0,30.194642810704327,60.0,30.0,31.224201468349378,31.224201468349378,-1.7675065746335121
47.23,47230,2019.789970053887,0.0,30.196636289385804,60.0,30.0,31.160574209379654,31.160574209379654,-1.7674238602702215
47.24,47240,2015.78507078033,0.0,30.198629701619105,60.0,30.0,31.096949921926118,31.096949921926118,-1.7673413181537962
47.25,47250,2011.7803517131938,0.0,30.200623047406435,60.0,30.0,31.033328599789026,31.033328599789026,-1.7672589482525776
47.26,47260,2007.7758122057587,0.0,30.202616326750018,60.0,30.0,30.969710236769764,30.969710236769764,-1.7671767505349754
47.27,47270,2003.7714516062697,0.0,30.20460953965206,60.0,30.0,30.906094826670866,30.906094826670866,-1.7670947249694664
47.28,47280,1999.7672692578421,0.0,30.206602686114778,60.0,30.0,30.842482363295982,30.842482363295982,-1.767012871524597
47.29,47290,1995.763264498367,0.0,30.208595766140384,60.0,30.0,30.778872840449896,30.778872840449896,-1.766931190168981
47.3,47300,1991.7594366604144,0.0,30.210588779731104,60.0,30.0,30.715266251938527,30.715266251938527,-1.7668496808713003
47.31,47310,1987.7557850711344,0.0,30.212581726889145,60.0,30.0,30.65166259156892,30.65166259156892,-1.766768343600305
47.32,47320,1983.7523090521586,0.0,30.21457460761672,60.0,30.0,30.588061853149224,30.588061853149224,-1.766687178324813
47.33,47330,1979.7490079194981,0.0,30.21656742191604,60.0,30.0,30.52446403048873,30.52446403048873,-1.7666061850137111
47.34,47340,1975.745880983442,0.0,30.218560169789328,60.0,30.0,30.460869117397838,30.460869117397838,-1.7665253636359528
47.35,47350,1971.7429275484521,0.0,30.220552851238793,60.0,30.0,30.39727710768806,30.39727710768806,-1.7664447141605604
47.36,47360,1967.7401469130582,0.0,30.222545466266645,60.0,30.0,30.33368799517202,30.33368799517202,-1.766364236556624
47.37,47370,1963.7375383697504,0.0,30.224538014875115,60.0,30.0,30.270101773663463,30.270101773663463,-1.7662839307933011
47.38,47380,1959.735101204871,0.0,30.226530497066392,60.0,30.0,30.20651843697723,30.20651843697723,-1.7662037968398188
47.39,47390,1955.7328346985032,0.0,30.22852291284271,60.0,30.0,30.14293797892927,30.14293797892927,-1.7661238346654697
47.4,47400,1951.7307381243606,0.0,30.230515262206282,60.0,30.0,30.079360393336646,30.079360393336646,-1.766044044239616
47.41,47410,1947.7288107496731,0.0,30.2325075451593,60.0,30.0,30.0157856740175,30.0157856740175,-1.765964425531687
47.42,47420,1943.727051835072,0.0,30.234499761704008,60.0,30.0,29.952213814791097,29.952213814791097,-1.76588497851118
47.43,47430,1939.725460634474,0.0,30.2364919118426,60.0,30.0,29.88864480947778,29.88864480947778,-1.7658057031476602
47.44,47440,1935.7240363949627,0.0,30.238483995577283,60.0,30.0,29.825078651898988,29.825078651898988,-1.7657265994107598
47.45,47450,1931.722778356669,0.0,30.2404760129103,60.0,30.0,29.761515335877263,29.761515335877263,-1.7656476672701802
47.46,47460,1927.7216857526503,0.0,30.242467963843833,60.0,30.0,29.697954855236215,29.697954855236215,-1.7655689066956883
47.47,47470,1923.7207578087666,0.0,30.24445984838011,60.0,30.0,29.634397203800553,29.634397203800553,-1.7654903176571213
47.48,47480,1919.7199937435573,0.0,30.246451666521345,60.0,30.0,29.570842375396072,29.570842375396072,-1.765411900124382
47.49,47490,1915.7193927681149,0.0,30.24844341826975,60.0,30.0,29.50729036384965,29.50729036384965,-1.7653336540674418
47.5,47500,1911.7189540859567,0.0,30.250435103627527,60.0,30.0,29.443741162989216,29.443741162989216,-1.7652555794563392
47.51,47510,1907.7186768928966,0.0,30.252426722596905,60.0,30.0,29.380194766643815,29.380194766643815,-1.7651776762611808
47.52,47520,1903.7185603769133,0.0,30.254418275180093,60.0,30.0,29.316651168643535,29.316651168643535,-1.76509994445214
47.53,47530,1899.7186037180188,0.0,30.2564097613793,60.0,30.0,29.25311036281955,29.25311036281955,-1.765022383999459
47.54,47540,1895.718806088124,0.0,30.258401181196742,60.0,30.0,29.18957234300411,29.18957234300411,-1.7649449948734461
47.55,47550,1891.719166650903,0.0,30.260392534634622,60.0,30.0,29.126037103030505,29.126037103030505,-1.7648677770444776
47.56,47560,1887.7196845616565,0.0,30.262383821695174,60.0,30.0,29.062504636733113,29.062504636733113,-1.7647907304829982
47.57,47570,1883.720358967173,0.0,30.264375042380582,60.0,30.0,28.99897493794737,28.99897493794737,-1.764713855159518
47.58,47580,1879.7211890055883,0.0,30.266366196693085,60.0,30.0,28.935448000509766,28.935448000509766,-1.7646371510446166
47.59,47590,1875.7221738062435,0.0,30.268357284634874,60.0,30.0,28.871923818257844,28.871923818257844,-1.7645606181089397
47.6,47600,1871.7233124895426,0.0,30.270348306208177,60.0,30.0,28.808402385030206,28.808402385030206,-1.7644842563232008
47.61,47610,1867.7246041668072,0.0,30.272339261415198,60.0,30.0,28.744883694666512,28.744883694666512,-1.7644080656581806
47.62,47620,1863.72604794013,0.0,30.27433015025815,60.0,30.0,28.68136774100746,28.68136774100746,-1.7643320460847272
47.63,47630,1859.727642902227,0.0,30.27632097273925,60.0,30.0,28.617854517894806,28.617854517894806,-1.7642561975737558
47.64,47640,1855.7293881362891,0.0,30.278311728860707,60.0,30.0,28.554344019171342,28.554344019171342,-1.7641805200962493
47.65,47650,1851.7312827158303,0.0,30.280302418624732,60.0,30.0,28.490836238680906,28.490836238680906,-1.7641050136232574
47.66,47660,1847.733325704536,0.0,30.282293042033537,60.0,30.0,28.427331170268374,28.427331170268374,-1.7640296781258973
47.67,47670,1843.73551615611,0.0,30.28428359908933,60.0,30.0,28.36382880777966,28.36382880777966,-1.7639545135753534
47.68,47680,1839.7378531141192,0.0,30.286274089794333,60.0,30.0,28.300329145061717,28.300329145061717,-1.7638795199428765
47.69,47690,1835.7403356118375,0.0,30.288264514150747,60.0,30.0,28.236832175962526,28.236832175962526,-1.7638046971997858
47.7,47700,1831.7429626720887,0.0,30.290254872160794,60.0,30.0,28.173337894331095,28.173337894331095,-1.763730045317467
47.71,47710,1827.7457333070865,0.0,30.292245163826678,60.0,30.0,28.10984629401747,28.10984629401747,-1.7636555642673724
47.72,47720,1823.748646518277,0.0,30.294235389150607,60.0,30.0,28.046357368872712,28.046357368872712,-1.7635812540210223
47.73,47730,1819.7517012961746,0.0,30.296225548134807,60.0,30.0,27.98287111274891,27.98287111274891,-1.7635071145500039
47.74,47740,1815.7548966202025,0.0,30.298215640781475,60.0,30.0,27.919387519499175,27.919387519499175,-1.7634331458259702
47.75,47750,1811.7582314585277,0.0,30.30020566709282,60.0,30.0,27.85590658297763,27.85590658297763,-1.7633593478206433
47.76,47760,1807.7617047678968,0.0,30.302195627071068,60.0,30.0,27.792428297039425,27.792428297039425,-1.7632857205058106
47.77,47770,1803.7653154934717,0.0,30.30418552071842,60.0,30.0,27.728952655540706,27.728952655540706,-1.7632122638533272
47.78,47780,1799.769062568662,0.0,30.306175348037094,60.0,30.0,27.66547965233864,27.66547965233864,-1.7631389778351143
47.79,47790,1795.772944914959,0.0,30.30816510902929,60.0,30.0,27.60200928129141,27.60200928129141,-1.7630658624231617
47.8,47800,1791.7769614417666,0.0,30.31015480369723,60.0,30.0,27.538541536258183,27.538541536258183,-1.762992917589524
47.81,47810,1787.7811110462337,0.0,30.312144432043112,60.0,30.0,27.475076411099156,27.475076411099156,-1.7629201433063244
47.82,47820,1783.7853926130847,0.0,30.31413399406916,60.0,30.0,27.41161389967551,27.41161389967551,-1.7628475395457524
47.83,47830,1779.789805014449,0.0,30.31612348977758,60.0,30.0,27.348153995849426,27.348153995849426,-1.7627751062800638
47.84,47840,1775.7943471096914,0.0,30.31811291917058,60.0,30.0,27.28469669348409,27.28469669348409,-1.7627028434815815
47.85,47850,1771.7990177452407,0.0,30.320102282250367,60.0,30.0,27.221241986443673,27.221241986443673,-1.7626307511226957
47.86,47860,1767.8038157544188,0.0,30.32209157901917,60.0,30.0,27.157789868593344,27.157789868593344,-1.7625588291758625
47.87,47870,1763.8087399572696,0.0,30.324080809479174,60.0,30.0,27.094340333799252,27.094340333799252,-1.7624870776136055
47.88,47880,1759.8137891603872,0.0,30.326069973632602,60.0,30.0,27.03089337592855,27.03089337592855,-1.7624154964085144
47.89,47890,1755.8189621567442,0.0,30.328059071481665,60.0,30.0,26.967448988849352,26.967448988849352,-1.7623440855332462
47.9,47900,1751.8242577255212,0.0,30.330048103028574,60.0,30.0,26.904007166430777,26.904007166430777,-1.7622728449605238
47.91,47910,1747.8296746319347,0.0,30.332037068275536,60.0,30.0,26.840567902542904,26.840567902542904,-1.7622017746631373
47.92,47920,1743.8352116270664,0.0,30.334025967224758,60.0,30.0,26.7771311910568,26.7771311910568,-1.7621308746139437
47.93,47930,1739.8408674476934,0.0,30.336014799878456,60.0,30.0,26.71369702584451,26.71369702584451,-1.7620601447858653
47.94,47940,1735.8466408161175,0.0,30.33800356623884,60.0,30.0,26.65026540077904,26.65026540077904,-1.7619895851518927
47.95,47950,1731.852530439997,0.0,30.339992266308112,60.0,30.0,26.586836309734377,26.586836309734377,-1.7619191956850822
47.96,47960,1727.8585350121778,0.0,30.341980900088487,60.0,30.0,26.523409746585468,26.523409746585468,-1.7618489763585559
47.97,47970,1723.8646532105265,0.0,30.34396946758217,60.0,30.0,26.45998570520823,26.45998570520823,-1.7617789271455038
47.98,47980,1719.8708836977648,0.0,30.345957968791385,60.0,30.0,26.39656417947954,26.39656417947954,-1.7617090480191815
47.99,47990,1715.8772251213045,0.0,30.347946403718325,60.0,30.0,26.333145163277234,26.333145163277234,-1.7616393389529115
48.0,48000,1795.3211002822125,0.0,30.349934772365206,60.0,40.0,26.25052865048011,26.25052865048011,-2.2949031332534156
48.01,48010,1869.2113135468685,0.0,30.35192307473424,60.0,40.0,26.167915389859086,26.167915389859086,-2.2948127950284567
48.02,48020,1937.8949688074629,0.0,30.353911310827627,60.0,40.0,26.08530537106747,26.08530537106747,-2.2947227442115583
48.03,48030,2001.6974752571748,0.0,30.355899480647587,60.0,40.0,26.002698583760186,26.002698583760186,-2.294632980757974
48.04,48040,2060.9239032924115,0.0,30.357887584196323,60.0,40.0,25.920095017593752,25.920095017593752,-2.2945435046231024
48.05,48050,2115.8602556707656,0.0,30.359875621476046,60.0,40.0,25.837494662226305,25.837494662226305,-2.294454315762487
48.06,48060,2166.7746592212,0.0,30.36186359248896,60.0,40.0,25.75489750731756,25.75489750731756,-2.2943654141318164
48.07,48070,2213.91848207194,0.0,30.363851497237277,60.0,40.0,25.672303542528827,25.672303542528827,-2.294276799686925
48.08,48080,2257.527381051205,0.0,30.36583933572321,60.0,40.0,25.589712757523014,25.589712757523014,-2.2941884723837913
48.09,48090,2297.822283624971,0.0,30.36782710794897,60.0,40.0,25.507125141964586,25.507125141964586,-2.29410043217854
48.1,48100,2335.010308463195,0.0,30.369814813916747,80.0,40.0,25.4245406855196,25.4245406855196,-2.294012679027439
48.11,48110,2369.2856284702066,0.0,30.371802453628774,80.0,40.0,25.34195937785567,25.34195937785567,-2.2939252128869034
48.12,48120,2400.8302798752547,0.0,30.37379002708725,80.0,40.0,25.259381208641983,25.259381208641983,-2.293838033713491
48.13,48130,2429.81492075444,0.0,30.37577753429437,80.0,40.0,25.176806167549284,25.176806167549284,-2.293751141463906
48.14,48140,2456.399542144562,0.0,30.377764975252365,80.0,40.0,25.09423424424986,25.09423424424986,-2.2936645360949965
48.15,48150,2480.7341347118777,0.0,30.37975234996343,80.0,40.0,25.01166542841757,25.01166542841757,-2.2935782175637556
48.16,48160,2502.959313753584,0.0,30.381739658429765,80.0,40.0,24.929099709727783,24.929099709727783,-2.293492185827321
48.17,48170,2523.206905136219,0.0,30.3837269006536,80.0,40.0,24.846537077857434,24.846537077857434,-2.293406440842976
48.18,48180,2541.6004946124153,0.0,30.385714076637125,80.0,40.0,24.763977522484982,24.763977522484982,-2.293320982568147
48.19,48190,2558.25594280485,0.0,30.387701186382564,80.0,40.0,24.68142103329041,24.68142103329041,-2.293235810960405
48.2,48200,2573.281868003188,0.0,30.3896882298921,80.0,40.0,24.59886759995522,24.59886759995522,-2.2931509259774674
48.21,48210,2586.7800987856913,0.0,30.391675207167964,80.0,40.0,24.51631721216244,24.51631721216244,-2.293066327577194
48.22,48220,2598.8460983514497,0.0,30.393662118212365,80.0,40.0,24.43376985959661,24.43376985959661,-2.29298201571759
48.23,48230,2609.5693623313073,0.0,30.395648963027487,80.0,40.0,24.35122553194376,24.35122553194376,-2.292897990356805
48.24,48240,2619.0337917350626,0.0,30.397635741615566,80.0,40.0,24.26868421889145,24.26868421889145,-2.292814251453132
48.25,48250,2627.318042588912,0.0,30.399622453978782,80.0,40.0,24.18614591012871,24.18614591012871,-2.2927307989650103
48.26,48260,2634.4958537199905,0.0,30.401609100119366,80.0,40.0,24.103610595346076,24.103610595346076,-2.2926476328510215
48.27,48270,2640.636354053812,0.0,30.403595680039516,80.0,40.0,24.02107826423556,24.02107826423556,-2.2925647530698914
48.28,48280,2645.804350705038,0.0,30.405582193741438,80.0,40.0,23.93854890649066,23.93854890649066,-2.2924821595804916
48.29,48290,2650.06059906199,0.0,30.407568641227336,80.0,40.0,23.856022511806355,23.856022511806355,-2.2923998523418367
48.3,48300,2653.462055990286,0.0,30.409555022499422,80.0,40.0,23.773499069879083,23.773499069879083,-2.292317831313085
48.31,48310,2656.0621172106494,0.0,30.4115413375599,80.0,40.0,23.690978570406756,23.690978570406756,-2.29223609645354
48.32,48320,2657.9108398399985,0.0,30.41352758641098,80.0,40.0,23.608461003088742,23.608461003088742,-2.2921546477226484
48.33,48330,2659.055151023103,0.0,30.415513769054876,80.0,40.0,23.525946357625863,23.525946357625863,-2.292073485080001
48.34,48340,2659.53904352414,0.0,30.417499885493783,80.0,40.0,23.44343462372039,23.44343462372039,-2.2919926084853315
48.35,48350,2659.4037590931534,0.0,30.419485935729917,80.0,40.0,23.360925791076045,23.360925791076045,-2.29191201789852
48.36,48360,2658.687960371472,0.0,30.421471919765466,80.0,40.0,23.278419849397977,23.278419849397977,-2.2918317132795876
48.37,48370,2657.4278920524034,0.0,30.423457837602662,80.0,40.0,23.195916788392786,23.195916788392786,-2.291751694588701
48.38,48380,2655.657531968737,0.0,30.425443689243703,80.0,40.0,23.113416597768484,23.113416597768484,-2.29167196178617
48.39,48390,2653.4087327366306,0.0,30.427429474690783,80.0,40.0,23.030919267234516,23.030919267234516,-2.291592514832448
48.4,48400,2650.711354546096,0.0,30.429415193946124,80.0,40.0,22.948424786501743,22.948424786501743,-2.2915133536881322
48.41,48410,2647.5933896514243,0.0,30.431400847011925,80.0,40.0,22.86593314528244,22.86593314528244,-2.291434478313964
48.42,48420,2644.081079080294,0.0,30.433386433890394,80.0,40.0,22.78344433329029,22.78344433329029,-2.291355888670827
48.43,48430,2640.199022047894,0.0,30.43537195458373,80.0,40.0,22.700958340240376,22.700958340240376,-2.2912775847197495
48.44,48440,2635.970278531996,0.0,30.437357409094147,80.0,40.0,22.61847515584919,22.61847515584919,-2.2911995664219025
48.45,48450,2631.4164654364145,0.0,30.439342797423862,80.0,40.0,22.5359947698346,22.5359947698346,-2.2911218337386012
48.46,48460,2626.5578467435744,0.0,30.441328119575058,80.0,40.0,22.45351717191587,22.45351717191587,-2.2910443866313033
48.47,48470,2621.4134180318742,0.0,30.443313375549955,80.0,40.0,22.371042351813653,22.371042351813653,-2.290967225061611
48.48,48480,2616.000985710037,0.0,30.44529856535076,80.0,40.0,22.28857029924997,22.28857029924997,-2.2908903489912684
48.49,48490,2610.337241298642,0.0,30.44728368897967,80.0,40.0,22.20610100394821,22.20610100394821,-2.2908137583821646
48.5,48500,2604.4378310683887,0.0,30.44926874643889,80.0,40.0,22.12363445563314,22.12363445563314,-2.2907374531963303
48.51,48510,2598.3174213253033,0.0,30.451253737730646,80.0,40.0,22.041170644030885,22.041170644030885,-2.29066143339594
48.52,48520,2591.9897596149467,0.0,30.45323866285711,80.0,40.0,21.95870955886893,21.95870955886893,-2.290585698943312
48.53,48530,2585.467732100705,0.0,30.455223521820518,80.0,40.0,21.876251189876093,21.876251189876093,-2.2905102498009073
48.54,48540,2578.7634173552747,0.0,30.45720831462306,80.0,40.0,21.793795526782567,21.793795526782567,-2.290435085931329
48.55,48550,2571.888136789534,0.0,30.45919304126695,80.0,40.0,21.711342559319863,21.711342559319863,-2.2903602072973253
48.56,48560,2564.852501928965,0.0,30.461177701754384,80.0,40.0,21.62889227722084,21.62889227722084,-2.290285613861785
48.57,48570,2557.6664587346654,0.0,30.46316229608756,80.0,40.0,21.546444670219678,21.546444670219678,-2.2902113055877416
48.58,48580,2550.3393291536754,0.0,30.46514682426871,80.0,40.0,21.463999728051895,21.463999728051895,-2.2901372824383706
48.59,48590,2542.8798500717985,0.0,30.467131286300017,80.0,40.0,21.381557440454326,21.381557440454326,-2.2900635443769914
48.6,48600,2535.29620983127,0.0,30.46911568218369,80.0,40.0,21.299117797165113,21.299117797165113,-2.2899900913670646
48.61,48610,2527.5960824654894,0.0,30.471100011921937,80.0,40.0,21.216680787923714,21.216680787923714,-2.289916923372196
48.62,48620,2519.7866597935167,0.0,30.473084275516968,80.0,40.0,21.134246402470893,21.134246402470893,-2.2898440403561318
48.63,48630,2511.874681508112,0.0,30.47506847297097,80.0,40.0,21.051814630548712,21.051814630548712,-2.289771442282762
48.64,48640,2503.866463382747,0.0,30.477052604286165,80.0,40.0,20.96938546190053,20.96938546190053,-2.2896991291161193
48.65,48650,2495.7679237151715,0.0,30.479036669464755,80.0,40.0,20.886958886270996,20.886958886270996,-2.289627100820379
48.66,48660,2487.584608117776,0.0,30.481020668508936,80.0,40.0,20.804534893406043,20.804534893406043,-2.2895553573598586
48.67,48670,2479.321712758104,0.0,30.483004601420923,80.0,40.0,20.72211347305288,20.72211347305288,-2.2894838986990194
48.68,48680,2470.984106146404,0.0,30.484988468202907,80.0,40.0,20.63969461495999,20.63969461495999,-2.2894127248024634
48.69,48690,2462.5763495610727,0.0,30.48697226885711,80.0,40.0,20.55727830887713,20.55727830887713,-2.2893418356349367
48.7,48700,2454.1027161971406,0.0,30.48895600338572,80.0,40.0,20.474864544555324,20.474864544555324,-2.289271231161327
48.71,48710,2445.567209117663,0.0,30.490939671790954,80.0,40.0,20.392453311746845,20.392453311746845,-2.2892009113466645
48.72,48720,2436.9735780828623,0.0,30.492923274075004,80.0,40.0,20.310044600205224,20.310044600205224,-2.2891308761561224
48.73,48730,2428.325335327215,0.0,30.49490681024008,80.0,40.0,20.22763839968524,20.22763839968524,-2.289061125555015
48.74,48740,2419.625770350274,0.0,30.496890280288394,80.0,40.0,20.145234699942925,20.145234699942925,-2.2889916595088007
48.75,48750,2410.8779637829284,0.0,30.49887368422213,80.0,40.0,20.062833490735535,20.062833490735535,-2.288922477983079
48.76,48760,2402.0848003869287,0.0,30.500857022043505,80.0,40.0,19.980434761821563,19.980434761821563,-2.2888535809435915
48.77,48770,2393.248981241914,0.0,30.50284029375473,80.0,40.0,19.89803850296074,19.89803850296074,-2.2887849683562225
48.78,48780,2384.373035170778,0.0,30.50482349935799,80.0,40.0,19.815644703914007,19.815644703914007,-2.2887166401869985
48.79,48790,2375.4593294510496,0.0,30.506806638855508,80.0,40.0,19.733253354443534,19.733253354443534,-2.2886485964020875
48.8,48800,2366.510079856973,0.0,30.508789712249467,80.0,40.0,19.650864444312692,19.650864444312692,-2.288580836967801
48.81,48810,2357.527360074204,0.0,30.51077271954209,80.0,40.0,19.568477963286067,19.568477963286067,-2.288513361850591
48.82,48820,2348.5131105264045,0.0,30.512755660735568,80.0,40.0,19.486093901129454,19.486093901129454,-2.288446171017052
48.83,48830,2339.469146650582,0.0,30.51473853583211,80.0,40.0,19.403712247609835,19.403712247609835,-2.2883792644339214
48.84,48840,2330.397166655714,0.0,30.51672134483391,80.0,40.0,19.321332992495385,19.321332992495385,-2.2883126420680773
48.85,48850,2321.2987587970497,0.0,30.51870408774319,80.0,40.0,19.23895612555547,19.23895612555547,-2.28824630388654
48.86,48860,2312.1754081964605,0.0,30.520686764562132,80.0,40.0,19.156581636560638,19.156581636560638,-2.2881802498564725
48.87,48870,2303.028503237317,0.0,30.522669375292956,80.0,40.0,19.074209515282615,19.074209515282615,-2.288114479945179
48.88,48880,2293.8593415606033,0.0,30.524651919937845,80.0,40.0,18.99183975149429,18.99183975149429,-2.288048994120105
48.89,48890,2284.669135687305,0.0,30.526634398499027,80.0,40.0,18.90947233496973,18.90947233496973,-2.2879837923488395
48.9,48900,2275.459018290564,0.0,30.528616810978683,80.0,40.0,18.82710725548416,18.82710725548416,-2.287918874599112
48.91,48910,2266.2300471396234,0.0,30.530599157379022,80.0,40.0,18.744744502813965,18.744744502813965,-2.287854240838793
48.92,48920,2256.9832097362128,0.0,30.532581437702255,80.0,40.0,18.662384066736674,18.662384066736674,-2.2877898910358967
48.93,48930,2247.7194276627565,0.0,30.53456365195058,80.0,40.0,18.580025937030967,18.580025937030967,-2.287725825158577
48.94,48940,2238.439560660571,0.0,30.536545800126195,80.0,40.0,18.49767010347666,18.49767010347666,-2.2876620431751307
48.95,48950,2229.1444104550947,0.0,30.538527882231307,80.0,40.0,18.41531655585472,18.41531655585472,-2.287598545053995
48.96,48960,2219.8347243441426,0.0,30.540509898268116,80.0,40.0,18.332965283947225,18.332965283947225,-2.2875353307637503
48.97,48970,2210.5111985641806,0.0,30.54249184823882,80.0,40.0,18.25061627753739,18.25061627753739,-2.2874724002731175
48.98,48980,2201.1744814486915,0.0,30.54447373214563,80.0,40.0,18.168269526409556,18.168269526409556,-2.2874097535509583
48.99,48990,2191.8251763918383,0.0,30.546455549990746,80.0,40.0,18.08592502034917,18.08592502034917,-2.2873473905662776
49.0,49000,2182.463844629808,0.0,30.54843730177636,80.0,40.0,18.003582749142794,18.003582749142794,-2.2872853112882203
49.01,49010,2173.091007851466,0.0,30.550418987504692,80.0,40.0,17.9212427025781,17.9212427025781,-2.2872235156860734
49.02,49020,2163.7071506492275,0.0,30.55240060717793,80.0,40.0,17.83890487044384,17.83890487044384,-2.2871620037292644
49.03,49030,2154.312722820391,0.0,30.554382160798287,80.0,40.0,17.7565692425299,17.7565692425299,-2.287100775387364
49.04,49040,2144.9081415285455,0.0,30.55636364836795,80.0,40.0,17.674235808627213,17.674235808627213,-2.287039830630081
49.05,49050,2135.493793334079,0.0,30.558345069889125,80.0,40.0,17.591904558527833,17.591904558527833,-2.286979169427269
49.06,49060,2126.070036102265,0.0,30.560326425364025,80.0,40.0,17.509575482024868,17.509575482024868,-2.286918791748921
49.07,49070,2116.6372007968885,0.0,30.562307714794834,80.0,40.0,17.42724856891252,17.42724856891252,-2.286858697565171
49.08,49080,2107.195593166887,0.0,30.564288938183765,80.0,40.0,17.344923808986053,17.344923808986053,-2.2867988868462943
49.09,49090,2097.7454953330416,0.0,30.566270095533028,80.0,40.0,17.262601192041796,17.262601192041796,-2.2867393595627084
49.1,49100,2088.287167281311,0.0,30.568251186844805,80.0,40.0,17.180280707877138,17.180280707877138,-2.286680115684971
49.11,49110,2078.82084826903,0.0,30.5702322121213,80.0,40.0,17.097962346290522,17.097962346290522,-2.2866211551837803
49.12,49120,2069.3467581497994,0.0,30.57221317136473,80.0,40.0,17.015646097081444,17.015646097081444,-2.286562478029977
49.13,49130,2059.865098622564,0.0,30.574194064577277,80.0,40.0,16.93333195005044,16.93333195005044,-2.286504084194541
49.14,49140,2050.3760544100473,0.0,30.576174891761156,80.0,40.0,16.85101989499909,16.85101989499909,-2.2864459736485956
49.15,49150,2040.8797943714017,0.0,30.578155652918554,80.0,40.0,16.76870992173001,16.76870992173001,-2.2863881463634024
49.16,49160,2031.3764725536582,0.0,30.580136348051695,80.0,40.0,16.686402020046835,16.686402020046835,-2.286330602310366
49.17,49170,2021.86622918629,0.0,30.58211697716276,80.0,40.0,16.60409617975424,16.60409617975424,-2.286273341461031
49.18,49180,2012.3491916229539,0.0,30.58409754025395,80.0,40.0,16.521792390657904,16.521792390657904,-2.2862163637870823
49.19,49190,2002.825475234249,0.0,30.58607803732747,80.0,40.0,16.439490642564532,16.439490642564532,-2.286159669260347
49.2,49200,1993.2951842551067,0.0,30.588058468385526,80.0,40.0,16.35719092528183,16.35719092528183,-2.2861032578527922
49.21,49210,1983.7584125902308,0.0,30.590038833430313,80.0,40.0,16.274893228618517,16.274893228618517,-2.2860471295365254
49.22,49220,1974.2152445808147,0.0,30.59201913246404,80.0,40.0,16.1925975423843,16.1925975423843,-2.2859912842837953
49.23,49230,1964.6657557355852,0.0,30.59399936548889,80.0,40.0,16.110303856389887,16.110303856389887,-2.285935722066992
49.24,49240,1955.1100134290607,0.0,30.595979532507066,80.0,40.0,16.028012160446973,16.028012160446973,-2.2858804428586446
49.25,49250,1945.548077569755,0.0,30.597959633520784,80.0,40.0,15.945722444368243,15.945722444368243,-2.2858254466314243
49.26,49260,1935.9800012409164,0.0,30.599939668532233,80.0,40.0,15.863434697967351,15.863434697967351,-2.2857707333581425
49.27,49270,1926.4058313162593,0.0,30.601919637543617,80.0,40.0,15.78114891105893,15.78114891105893,-2.285716303011751
49.28,49280,1916.8256090530167,0.0,30.603899540557133,80.0,40.0,15.698865073458578,15.698865073458578,-2.2856621555653427
49.29,49290,1907.2393706645316,0.0,30.605879377574976,80.0,40.0,15.61658317498286,15.61658317498286,-2.28560829099215
49.3,49300,1897.6471478744916,0.0,30.60785914859936,80.0,40.0,15.5343032054493,15.5343032054493,-2.2855547092655466
49.31,49310,1888.0489684548154,0.0,30.609838853632468,80.0,40.0,15.452025154676376,15.452025154676376,-2.2855014103590467
49.32,49320,1878.4448567491017,0.0,30.611818492676512,80.0,40.0,15.36974901248351,15.36974901248351,-2.2854483942463046
49.33,49330,1868.834834183466,0.0,30.61379806573369,80.0,40.0,15.28747476869107,15.28747476869107,-2.2853956609011163
49.34,49340,1859.2189197665095,0.0,30.615777572806202,80.0,40.0,15.205202413120363,15.205202413120363,-2.2853432102974156
49.35,49350,1849.597130580088,0.0,30.61775701389624,80.0,40.0,15.122931935593629,15.122931935593629,-2.285291042409279
49.36,49360,1839.9694822624767,0.0,30.619736389006004,80.0,40.0,15.040663325934034,15.040663325934034,-2.2852391572109223
49.37,49370,1830.335989485463,0.0,30.62171569813771,80.0,40.0,14.958396573965674,14.958396573965674,-2.2851875546767024
49.38,49380,1820.6966664268386,0.0,30.62369494129353,80.0,40.0,14.876131669513553,14.876131669513553,-2.285136234781115
49.39,49390,1811.0515272397022,0.0,30.625674118475683,80.0,40.0,14.793868602403595,14.793868602403595,-2.2850851974987982
49.4,49400,1801.4005865199304,0.0,30.627653229686366,80.0,40.0,14.711607362462631,14.711607362462631,-2.285034442804528
49.41,49410,1791.7438597731295,0.0,30.62963227492777,80.0,40.0,14.629347939518395,14.629347939518395,-2.2849839706732227
49.42,49420,1782.0813638823272,0.0,30.631611254202106,80.0,40.0,14.547090323399516,14.547090323399516,-2.2849337810799395
49.43,49430,1772.413117577622,0.0,30.633590167511557,80.0,40.0,14.464834503935519,14.464834503935519,-2.284883873999876
49.44,49440,1762.7391419089665,0.0,30.635569014858334,80.0,40.0,14.38258047095682,14.38258047095682,-2.2848342494083695
49.45,49450,1753.059460723221,0.0,30.637547796244636,80.0,40.0,14.300328214294707,14.300328214294707,-2.2847849072808994
49.46,49460,1743.3741011465736,0.0,30.63952651167265,80.0,40.0,14.218077723781356,14.218077723781356,-2.284735847593083
49.47,49470,1733.6830940733919,0.0,30.64150516114459,80.0,40.0,14.135828989249811,14.135828989249811,-2.2846870703206776
49.48,49480,1723.9864746625296,0.0,30.64348374466264,80.0,40.0,14.053582000533986,14.053582000533986,-2.2846385754395824
49.49,49490,1714.2842828420848,0.0,30.645462262229014,80.0,40.0,13.971336747468657,13.971336747468657,-2.2845903629258353
49.5,49500,1704.5765638235675,0.0,30.64744071384589,80.0,40.0,13.889093219889455,13.889093219889455,-2.284542432755614
49.51,49510,1694.8633686264052,0.0,30.649419099515487,80.0,40.0,13.806851407632866,13.806851407632866,-2.2844947849052373
49.52,49520,1685.1447546136815,0.0,30.651397419239995,80.0,40.0,13.724611300536225,13.724611300536225,-2.2844474193511624
49.53,49530,1675.4207860399688,0.0,30.6533756730216,80.0,40.0,13.642372888437706,13.642372888437706,-2.2844003360699876
49.54,49540,1665.691534612088,0.0,30.65535386086252,80.0,40.0,13.560136161176322,13.560136161176322,-2.2843535350384507
49.55,49550,1655.9570800635854,0.0,30.65733198276495,80.0,40.0,13.477901108591919,13.477901108591919,-2.28430701623343
49.56,49560,1646.2175107436951,0.0,30.65931003873107,80.0,40.0,13.39566772052517,13.39566772052517,-2.2842607796319414
49.57,49570,1636.4729242215067,0.0,30.661288028763096,80.0,40.0,13.313435986817568,13.313435986817568,-2.284214825211143
49.58,49580,1626.7234279060285,0.0,30.663265952863213,80.0,40.0,13.23120589731143,13.23120589731143,-2.2841691529483326
49.59,49590,1616.9691396827961,0.0,30.66524381103364,80.0,40.0,13.148977441849874,13.148977441849874,-2.2841237628209456
49.6,49600,1607.2101885676313,0.0,30.66722160327655,80.0,40.0,13.066750610276838,13.066750610276838,-2.2840786548065597
49.61,49610,1597.446715378116,0.0,30.66919932959415,80.0,40.0,12.984525392437053,12.984525392437053,-2.2840338288828903
49.62,49620,1587.678873423297,0.0,30.67117698998864,80.0,40.0,12.902301778176053,12.902301778176053,-2.2839892850277943
49.63,49630,1577.9068292120892,0.0,30.673154584462225,80.0,40.0,12.820079757340158,12.820079757340158,-2.2839450232192666
49.64,49640,1568.1307631807867,0.0,30.675132113017078,80.0,40.0,12.737859319776483,12.737859319776483,-2.283901043435443
49.65,49650,1558.3508704400438,0.0,30.677109575655415,80.0,40.0,12.655640455332918,12.655640455332918,-2.2838573456545976
49.66,49660,1548.5673615416124,0.0,30.679086972379437,80.0,40.0,12.573423153858132,12.573423153858132,-2.283813929855146
49.67,49670,1538.7804632650705,0.0,30.681064303191327,80.0,40.0,12.49120740520157,12.49120740520157,-2.2837707960156415
49.68,49680,1528.9904194246956,0.0,30.68304156809328,80.0,40.0,12.408993199213437,12.408993199213437,-2.2837279441147773
49.69,49690,1519.1974916965653,0.0,30.685018767087517,80.0,40.0,12.326780525744708,12.326780525744708,-2.283685374131388
49.7,49700,1509.4019604658863,0.0,30.68699590017621,80.0,40.0,12.244569374647108,12.244569374647108,-2.2836430860444445
49.71,49710,1499.6041256944618,0.0,30.68897296736157,80.0,40.0,12.162359735773117,12.162359735773117,-2.28360107983306
49.72,49720,1489.8043078081193,0.0,30.69094996864579,80.0,40.0,12.080151598975963,12.080151598975963,-2.2835593554764864
49.73,49730,1480.002848603815,0.0,30.692926904031054,80.0,40.0,11.997944954109615,11.997944954109615,-2.283517912954114
49.74,49740,1470.200112176028,0.0,30.694903773519584,80.0,40.0,11.915739791028777,11.915739791028777,-2.2834767522454733
49.75,49750,1460.3964858619422,0.0,30.69688057711356,80.0,40.0,11.83353609958889,11.83353609958889,-2.2834358733302347
49.76,49760,1450.5923812047927,0.0,30.69885731481517,80.0,40.0,11.751333869646114,11.751333869646114,-2.283395276188207
49.77,49770,1440.7882349346207,0.0,30.700833986626634,80.0,40.0,11.669133091057338,11.669133091057338,-2.283354960799339
49.78,49780,1430.9845099655522,0.0,30.70281059255013,80.0,40.0,11.586933753680164,11.586933753680164,-2.2833149271437185
49.79,49790,1421.18169640856,0.0,30.704787132587864,80.0,40.0,11.504735847372906,11.504735847372906,-2.2832751752015725
49.8,49800,1411.3803125985246,0.0,30.706763606742026,80.0,40.0,11.42253936199459,11.42253936199459,-2.283235704953268
49.81,49810,1401.5809061342406,0.0,30.708740015014808,80.0,40.0,11.340344287404934,11.340344287404934,-2.2831965163793106
49.82,49820,1391.7840549298478,0.0,30.710716357408423,80.0,40.0,11.25815061346436,11.25815061346436,-2.2831576094603454
49.83,49830,1381.9903682759889,0.0,30.712692633925048,80.0,40.0,11.175958330033984,11.175958330033984,-2.283118984177157
49.84,49840,1372.2004879088038,0.0,30.714668844566894,80.0,40.0,11.0937674269756,11.0937674269756,-2.283080640510668
49.85,49850,1362.4150890846788,0.0,30.716644989336146,80.0,40.0,11.011577894151689,11.011577894151689,-2.2830425784419424
49.86,49860,1352.634881658462,0.0,30.718621068235002,80.0,40.0,10.92938972142541,10.92938972142541,-2.283004797952181
49.87,49870,1342.8606111626461,0.0,30.72059708126566,80.0,40.0,10.847202898660592,10.847202898660592,-2.282967299022725
49.88,49880,1333.093059884798,0.0,30.72257302843032,80.0,40.0,10.76501741572173,10.76501741572173,-2.2829300816350546
49.89,49890,1323.3330479402898,0.0,30.724548909731162,80.0,40.0,10.68283326247398,10.68283326247398,-2.2828931457707893
49.9,49900,1313.5814343371492,0.0,30.726524725170396,80.0,40.0,10.60065042878316,10.60065042878316,-2.282856491411688
49.91,49910,1303.8391180296123,0.0,30.72850047475022,80.0,40.0,10.518468904515734,10.518468904515734,-2.2828201185396466
49.92,49920,1294.1070389567099,0.0,30.73047615847281,80.0,40.0,10.436288679538812,10.436288679538812,-2.282784027136703
49.93,49930,1284.3861790619753,0.0,30.73245177634038,80.0,40.0,10.354109743720151,10.354109743720151,-2.2827482171850324
49.94,49940,1274.677563290106,0.0,30.734427328355117,80.0,40.0,10.27193208692814,10.27193208692814,-2.282712688666949
49.95,49950,1264.9822605561576,0.0,30.736402814519227,80.0,40.0,10.189755699031803,10.189755699031803,-2.2826774415649065
49.96,49960,1255.3013846825909,0.0,30.73837823483489,80.0,40.0,10.107580569900788,10.107580569900788,-2.2826424758614974
49.97,49970,1245.636095299242,0.0,30.7403535893043,80.0,40.0,10.025406689405369,10.025406689405369,-2.2826077915394527
49.98,49980,1235.9875987010278,0.0,30.74232887792967,80.0,40.0,9.943234047416428,9.943234047416428,-2.282573388581644
49.99,49990,1226.3571486579553,0.0,30.744304100713165,80.0,40.0,9.86106263380547,9.86106263380547,-2.28253926697108
50.0,50000,1216.7460471717588,0.0,30.74627925765701,80.0,40.0,9.778892438444597,9.778892438444597,-2.282505426690909
50.01,50010,1207.155645173253,0.0,30.74825434876339,80.0,40.0,9.696723451206518,9.696723451206518,-2.2824718677244182
50.02,50020,1197.587343154273,0.0,30.750229374034497,80.0,40.0,9.614555661964538,9.614555661964538,-2.2824385900550332
50.03,50030,1188.042591727853,0.0,30.75220433347252,80.0,40.0,9.53238906059255,9.53238906059255,-2.28240559366632
50.04,50040,1178.5228921101123,0.0,30.754179227079664,80.0,40.0,9.450223636965038,9.450223636965038,-2.282372878541981
50.05,50050,1169.0297965171276,0.0,30.756154054858115,80.0,40.0,9.368059380957067,9.368059380957067,-2.2823404446658597
50.06,50060,1159.5649084699314,0.0,30.75812881681007,80.0,40.0,9.285896282444277,9.285896282444277,-2.282308292021937
50.07,50070,1150.129883000633,0.0,30.760103512937725,80.0,40.0,9.203734331302881,9.203734331302881,-2.2822764205943336
50.08,50080,1140.7264267525659,0.0,30.762078143243272,80.0,40.0,9.121573517409658,9.121573517409658,-2.2822448303673073
50.09,50090,1131.356297967289,0.0,30.764052707728908,80.0,40.0,9.039413830641948,9.039413830641948,-2.282213521325257
50.1,50100,1122.0213063512379,0.0,30.76602720639682,80.0,40.0,8.95725526087765,8.95725526087765,-2.2821824934527184
50.11,50110,1112.7233128148143,0.0,30.768001639249213,80.0,40.0,8.875097797995213,8.875097797995213,-2.2821517467343666
50.12,50120,1103.464229076757,0.0,30.769976006288267,80.0,40.0,8.792941431873633,8.792941431873633,-2.2821212811550162
50.13,50130,1094.2460171267107,0.0,30.771950307516185,80.0,40.0,8.710786152392446,8.710786152392446,-2.2820910966996193
50.14,50140,1085.0706885390553,0.0,30.773924542935163,80.0,40.0,8.628631949431728,8.628631949431728,-2.282061193353267
50.15,50150,1075.9403036312347,0.0,30.77589871254739,80.0,40.0,8.546478812872085,8.546478812872085,-2.2820315711011885
50.16,50160,1066.8569704600686,0.0,30.777872816355057,80.0,40.0,8.46432673259465,8.46432673259465,-2.2820022299287537
50.17,50170,1057.8228436498268,0.0,30.779846854360365,80.0,40.0,8.382175698481078,8.382175698481078,-2.2819731698214687
50.18,50180,1048.8401230461964,0.0,30.781820826565504,80.0,40.0,8.300025700413538,8.300025700413538,-2.2819443907649797
50.19,50190,1039.9110521906948,0.0,30.78379473297266,80.0,40.0,8.217876728274714,8.217876728274714,-2.281915892745071
50.2,50200,1031.0379166105586,0.0,30.785768573584033,80.0,40.0,8.135728771947798,8.135728771947798,-2.281887675747665
50.21,50210,1022.2230419196841,0.0,30.787742348401814,80.0,40.0,8.05358182131648,8.05358182131648,-2.2818597397588243
50.22,50220,1013.4687917268076,0.0,30.7897160574282,80.0,40.0,7.971435866264948,7.971435866264948,-2.281832084764748
50.23,50230,1004.7775653477887,0.0,30.791689700665387,80.0,40.0,7.889290896677884,7.889290896677884,-2.2818047107517754
50.24,50240,996.1517953196067,0.0,30.79366327811556,80.0,40.0,7.807146902440454,7.807146902440454,-2.281777617706383
50.25,50250,987.5939447144855,0.0,30.79563678978091,80.0,40.0,7.725003873438308,7.725003873438308,-2.2817508056151863
50.26,50260,979.1065042534391,0.0,30.797610235663637,80.0,40.0,7.64286179955757,7.64286179955757,-2.2817242744649406
50.27,50270,970.6919892194607,0.0,30.799583615765933,80.0,40.0,7.560720670684839,7.560720670684839,-2.2816980242425373
50.28,50280,962.3529361715728,0.0,30.801556930089983,80.0,40.0,7.478580476707179,7.478580476707179,-2.281672054935008
50.29,50290,954.0918994620052,0.0,30.80353017863799,80.0,40.0,7.396441207512116,7.396441207512116,-2.281646366529522
50.3,50300,945.9114475598628,0.0,30.80550336141214,80.0,40.0,7.314302852987634,7.314302852987634,-2.281620959013387
50.31,50310,937.8141591857888,0.0,30.807476478414628,80.0,40.0,7.232165403022169,7.232165403022169,-2.2815958323740504
50.32,50320,929.8026192633113,0.0,30.809449529647644,80.0,40.0,7.150028847504601,7.150028847504601,-2.2815709865990965
50.33,50330,921.8794146937709,0.0,30.811422515113374,80.0,40.0,7.067893176324257,7.067893176324257,-2.281546421676248
50.34,50340,914.2619512754102,0.0,30.813395434814034,80.0,40.0,6.985758379370896,6.985758379370896,-2.2815221375933676
50.35,50350,907.1205793206971,0.0,30.815368288751785,80.0,40.0,6.903624446534712,6.903624446534712,-2.281498134338454
50.36,50360,900.4255431131535,0.0,30.817341076928845,80.0,40.0,6.821491367706324,6.821491367706324,-2.281474411899647
50.37,50370,894.1489466685814,0.0,30.819313799347395,80.0,40.0,6.739359132776777,6.739359132776777,-2.281450970265222
50.38,50380,888.264637501795,0.0,30.821286456009616,80.0,40.0,6.657227731637527,6.657227731637527,-2.2814278094235947
50.39,50390,882.7480976579328,0.0,30.823259046917727,80.0,40.0,6.575097154180447,6.575097154180447,-2.281404929363318
50.4,50400,877.576341554312,0.0,30.82523157207389,80.0,40.0,6.4929673902978156,6.4929673902978156,-2.281382330073084
50.41,50410,872.7278202071675,0.0,30.82720403148031,80.0,40.0,6.410838429882314,6.410838429882314,-2.281360011541723
50.42,50420,868.1823314442195,0.0,30.829176425139188,80.0,40.0,6.328710262827018,6.328710262827018,-2.2813379737582027
50.43,50430,863.9209357289558,0.0,30.831148753052698,80.0,40.0,6.246582879025399,6.246582879025399,-2.28131621671163
50.44,50440,859.925877245896,0.0,30.833121015223046,80.0,40.0,6.164456268371314,6.164456268371314,-2.2812947403912496
50.45,50450,856.1805099180275,0.0,30.83509321165242,80.0,40.0,6.0823304207590025,6.0823304207590025,-2.281273544786444
50.46,50460,852.6692280481508,0.0,30.837065342343,80.0,40.0,6.00020532608308,6.00020532608308,-2.281252629886736
50.47,50470,849.3774012951413,0.0,30.83903740729699,80.0,40.0,5.918080974238536,5.918080974238536,-2.2812319956817833
50.48,50480,846.291313714195,0.0,30.84100940651658,80.0,40.0,5.835957355120725,5.835957355120725,-2.2812116421613853
50.49,50490,843.3981066070578,0.0,30.842981340003956,80.0,40.0,5.753834458625368,5.753834458625368,-2.281191569315477
50.5,50500,840.6857249441167,0.0,30.84495320776131,80.0,40.0,5.671712274648539,5.671712274648539,-2.2811717771341335
50.51,50510,838.1428671351094,0.0,30.846925009790834,80.0,40.0,5.589590793086667,5.589590793086667,-2.2811522656075667
50.52,50520,835.7589379391651,0.0,30.848896746094717,80.0,40.0,5.507470003836526,5.507470003836526,-2.281133034726127
50.53,50530,833.5240043179673,0.0,30.850868416675155,80.0,40.0,5.425349896795235,5.425349896795235,-2.2811140844803033
50.54,50540,831.4287540480943,0.0,30.852840021534334,80.0,40.0,5.343230461860249,5.343230461860249,-2.2810954148607223
50.55,50550,829.4644569200884,0.0,30.85481156067445,80.0,40.0,5.261111688929356,5.261111688929356,-2.28107702585815
50.56,50560,827.6229283625829,0.0,30.856783034097692,80.0,40.0,5.17899356790067,5.17899356790067,-2.2810589174634885
50.57,50570,825.8964953399214,0.0,30.858754441806248,80.0,40.0,5.09687608867263,5.09687608867263,-2.28104108966778
50.58,50580,824.2779643811764,0.0,30.8607257838023,80.0,40.0,5.014759241143991,5.014759241143991,-2.2810235424622034
50.59,50590,822.7605916073528,0.0,30.862697060088053,80.0,40.0,4.93264301521382,4.93264301521382,-2.2810062758380765
50.6,50600,821.3380546318932,0.0,30.864668270665693,80.0,40.0,4.850527400781493,4.850527400781493,-2.2809892897868544
50.61,50610,820.0044262173999,0.0,30.866639415537406,80.0,40.0,4.768412387746689,4.768412387746689,-2.280972584300132
50.62,50620,818.7541495788124,0.0,30.868610494705386,80.0,40.0,4.686297966009381,4.686297966009381,-2.280956159369641
50.63,50630,817.5820152301367,0.0,30.870581508171817,80.0,40.0,4.60418412546984,4.60418412546984,-2.2809400149872507
50.64,50640,816.4831392782531,0.0,30.8725524559389,80.0,40.0,4.522070856028622,4.522070856028622,-2.280924151144969
50.65,50650,815.4529430733623,0.0,30.874523338008824,80.0,40.0,4.439958147586564,4.439958147586564,-2.280908567834943
50.66,50660,814.4871341312772,0.0,30.87649415438377,80.0,40.0,4.357845990044783,4.357845990044783,-2.280893265049456
50.67,50670,813.5816882480724,0.0,30.878464905065922,80.0,40.0,4.27573437330467,4.27573437330467,-2.2808782427809304
50.68,50680,812.7328327325679,0.0,30.88043559005749,80.0,40.0,4.19362328726788,4.19362328726788,-2.2808635010219267
50.69,50690,811.9370306867824,0.0,30.882406209360653,80.0,40.0,4.111512721836335,4.111512721836335,-2.2808490397651426
50.7,50700,811.1909662688585,0.0,30.884376762977595,80.0,40.0,4.029402666912212,4.029402666912212,-2.280834859003415
50.71,50710,810.4915308770549,0.0,30.886347250910514,80.0,40.0,3.9472931123979422,3.9472931123979422,-2.2808209587297177
50.72,50720,809.835810197239,0.0,30.888317673161602,80.0,40.0,3.865184048196204,3.865184048196204,-2.2808073389371635
50.73,50730,809.2210720599115,0.0,30.890288029733036,80.0,40.0,3.78307546420992,3.78307546420992,-2.2807939996190028
50.74,50740,808.644755056167,0.0,30.89225832062701,80.0,40.0,3.7009673503422498,3.7009673503422498,-2.2807809407686226
50.75,50750,808.1044578651565,0.0,30.894228545845724,80.0,40.0,3.6188596964965862,3.6188596964965862,-2.280768162379551
50.76,50760,807.5979292485843,0.0,30.896198705391356,80.0,40.0,3.5367524925765497,3.5367524925765497,-2.2807556644454503
50.77,50770,807.1230586705477,0.0,30.89816879926609,80.0,40.0,3.4546457284859855,3.4546457284859855,-2.2807434469601247
50.78,50780,806.6778675036385,0.0,30.90013882747213,80.0,40.0,3.372539394128955,3.372539394128955,-2.280731509917513
50.79,50790,806.2605007846611,0.0,30.902108790011656,80.0,40.0,3.290433479409734,3.290433479409734,-2.280719853311694
50.8,50800,805.8692194856197,0.0,30.90407868688686,80.0,40.0,3.208327974232806,3.208327974232806,-2.2807084771368835
50.81,50810,805.5023932677685,0.0,30.906048518099933,80.0,40.0,3.126222868502859,3.126222868502859,-2.280697381387436
50.82,50820,805.158493688533,0.0,30.90801828365305,80.0,40.0,3.0441181521247764,3.0441181521247764,-2.280686566057843
50.83,50830,804.8360878329996,0.0,30.909987983548415,80.0,40.0,2.9620138150036377,2.9620138150036377,-2.2806760311427348
50.84,50840,804.5338323434371,0.0,30.91195761778821,80.0,40.0,2.87990984704471,2.87990984704471,-2.2806657766368787
50.85,50850,804.2504678219723,0.0,30.91392718637462,80.0,40.0,2.7978062381534436,2.7978062381534436,-2.2806558025351817
50.86,50860,803.984813583099,0.0,30.91589668930985,80.0,40.0,2.7157029782354667,2.7157029782354667,-2.2806461088326864
50.87,50870,803.7357627341553,0.0,30.917866126596063,80.0,40.0,2.633600057196582,2.633600057196582,-2.2806366955245747
50.88,50880,803.5022775632706,0.0,30.91983549823547,80.0,40.0,2.55149746494276,2.55149746494276,-2.280627562606166
50.89,50890,803.2833852155661,0.0,30.92180480423025,80.0,40.0,2.4693951913801353,2.4693951913801353,-2.280618710072918
50.9,50900,803.0781736395933,0.0,30.923774044582583,80.0,40.0,2.387293226415,2.387293226415,-2.280610137920426
50.91,50910,802.8857877871187,0.0,30.925743219294674,80.0,40.0,2.305191559953801,2.305191559953801,-2.2806018461444233
50.92,50920,802.7054260504237,0.0,30.927712328368695,80.0,40.0,2.2230901819031326,2.2230901819031326,-2.2805938347407806
50.93,50930,802.5363369222723,0.0,30.92968137180684,80.0,40.0,2.1409890821697344,2.1409890821697344,-2.2805861037055073
50.94,50940,802.3778158646303,0.0,30.931650349611303,80.0,40.0,2.0588882506604835,2.0588882506604835,-2.2805786530347505
50.95,50950,802.2292023730909,0.0,30.933619261784266,80.0,40.0,1.976787677282391,1.976787677282391,-2.2805714827247945
50.96,50960,802.0898772247726,0.0,30.935588108327913,80.0,40.0,1.8946873519425966,1.8946873519425966,-2.2805645927720617
50.97,50970,801.9592598982243,0.0,30.937556889244437,80.0,40.0,1.8125872645483645,1.8125872645483645,-2.280557983173114
50.98,50980,801.8368061545854,0.0,30.939525604536026,80.0,40.0,1.7304874050070773,1.7304874050070773,-2.2805516539246478
50.99,50990,801.7220057699237,0.0,30.941494254204862,80.0,40.0,1.6483877632262314,1.6483877632262314,-2.2805456050235007
51.0,51000,801.6143804093035,0.0,30.94346283825314,80.0,40.0,1.5662883291134322,1.5662883291134322,-2.2805398364666467
51.01,51010,801.5134816337221,0.0,30.94543135668304,80.0,40.0,1.4841890925763892,1.4841890925763892,-2.2805343482511966
51.02,51020,801.4188890316145,0.0,30.94739980949676,80.0,40.0,1.4020900435229107,1.4020900435229107,-2.280529140374402
51.03,51030,801.3302084671386,0.0,30.949368196696476,80.0,40.0,1.3199911718608992,1.3199911718608992,-2.280524212833649
51.04,51040,801.2470704379425,0.0,30.95133651828437,80.0,40.0,1.2378924674983465,1.2378924674983465,-2.2805195656264643
51.05,51050,801.1691285355711,0.0,30.953304774262655,80.0,40.0,1.155793920343328,1.155793920343328,-2.28051519875051
51.06,51060,801.0960580020978,0.0,30.955272964633487,80.0,40.0,1.0736955203039988,1.0736955203039988,-2.280511112203589
51.07,51070,801.0275543769667,0.0,30.957241089399073,80.0,40.0,0.991597257288588,0.991597257288588,-2.2805073059836385
51.08,51080,800.9633322284062,0.0,30.959209148561587,80.0,40.0,0.9094991212053934,0.9094991212053934,-2.280503780088736
51.09,51090,800.9031239641308,0.0,30.961177142123226,80.0,40.0,0.8274011019627779,0.8274011019627779,-2.2805005345170968
51.1,51100,800.8466787163727,0.0,30.963145070086178,80.0,40.0,0.7453031894691633,0.7453031894691633,-2.2804975692670726
51.11,51110,800.7937612965994,0.0,30.96511293245262,80.0,40.0,0.6632053736330258,0.6632053736330258,-2.280494884337154
51.12,51120,800.7441512155619,0.0,30.967080729224747,80.0,40.0,0.5811076443628909,0.5811076443628909,-2.2804924797259702
51.13,51130,800.6976417645893,0.0,30.969048460404736,80.0,40.0,0.49900999156732856,0.49900999156732856,-2.2804903554322857
51.14,51140,800.6540391543025,0.0,30.971016125994772,80.0,40.0,0.41691240515494843,0.41691240515494843,-2.280488511455005
51.15,51150,800.6131617071586,0.0,30.97298372599706,80.0,40.0,0.3348148750343943,0.3348148750343943,-2.2804869477931704
51.16,51160,800.5748391004612,0.0,30.974951260413775,80.0,40.0,0.2527173911143398,0.2527173911143398,-2.28048566444596
51.17,51170,800.5389116566823,0.0,30.976918729247096,80.0,40.0,0.17061994330348282,0.17061994330348282,-2.2804846614126926
51.18,51180,800.5052296781397,0.0,30.97888613249922,80.0,40.0,0.08852252151054119,0.08852252151054119,-2.280483938692823
51.19,51190,800.473652823256,0.0,30.98085347017232,80.0,40.0,0.006425115644247241,0.006425115644247241,-2.280483496285943
51.2,51200,800.4440495218025,0.0,30.982820742268604,80.0,40.0,0.0,0.0,-2.2804833341917847
51.21,51210,800.4162964266899,0.0,30.984787948790235,80.0,40.0,0.0,0.0,0.0
51.22,51220,800.3902779000217,0.0,30.986755089739404,80.0,40.0,0.0,0.0,0.0
51.23,51230,800.3658855312704,0.0,30.98872216511832,80.0,40.0,0.0,0.0,0.0
51.24,51240,800.343017685566,0.0,30.990689174929134,80.0,40.0,0.0,0.0,0.0
51.25,51250,800.3215790802182,0.0,30.99265611917405,80.0,40.0,0.0,0.0,0.0
51.26,51260,800.3014803877045,0.0,30.994622997855245,80.0,40.0,0.0,0.0,0.0
51.27,51270,800.2826378634729,0.0,30.99658981097492,80.0,40.0,0.0,0.0,0.0
51.28,51280,800.2649729970059,0.0,30.998556558535245,80.0,40.0,0.0,0.0,0.0
51.29,51290,800.248412184693,0.0,31.00052324053841,80.0,40.0,0.0,0.0,0.0
51.3,51300,800.2328864231497,0.0,31.002489856986607,80.0,40.0,0.0,0.0,0.0
51.31,51310,800.2183310217029,0.0,31.00445640788201,80.0,40.0,0.0,0.0,0.0
51.32,51320,800.2046853328465,0.0,31.00642289322681,80.0,40.0,0.0,0.0,0.0
51.33,51330,800.1918924995435,0.0,31.008389313023187,80.0,40.0,0.0,0.0,0.0
51.34,51340,800.179899218322,0.0,31.010355667273334,80.0,40.0,0.0,0.0,0.0
51.35,51350,800.168655517177,0.0,31.01232195597943,80.0,40.0,0.0,0.0,0.0
51.36,51360,800.1581145473534,0.0,31.014288179143666,80.0,40.0,0.0,0.0,0.0
51.37,51370,800.1482323881438,0.0,31.016254336768217,80.0,40.0,0.0,0.0,0.0
51.38,51380,800.1389678638848,0.0,31.01822042885528,80.0,40.0,0.0,0.0,0.0
51.39,51390,800.130282372392,0.0,31.020186455407025,80.0,40.0,0.0,0.0,0.0
51.4,51400,800.1221397241175,0.0,31.02215241642564,80.0,40.0,0.0,0.0,0.0
51.41,51410,800.1145059913601,0.0,31.02411831191332,80.0,40.0,0.0,0.0,0.0
51.42,51420,800.1073493669002,0.0,31.026084141872246,80.0,40.0,0.0,0.0,0.0
51.43,51430,800.1006400314689,0.0,31.02804990630459,80.0,40.0,0.0,0.0,0.0
51.44,51440,800.094350029502,0.0,31.030015605212547,80.0,40.0,0.0,0.0,0.0
51.45,51450,800.0884531526582,0.0,31.031981238598306,80.0,40.0,0.0,0.0,0.0
51.46,51460,800.082924830617,0.0,31.03394680646404,80.0,40.0,0.0,0.0,0.0
51.47,51470,800.0777420287035,0.0,31.035912308811934,80.0,40.0,0.0,0.0,0.0
51.48,51480,800.0728831519095,0.0,31.03787774564418,80.0,40.0,0.0,0.0,0.0
51.49,51490,800.0683279549152,0.0,31.039843116962956,80.0,40.0,0.0,0.0,0.0
51.5,51500,800.0640574577329,0.0,31.041808422770444,80.0,40.0,0.0,0.0,0.0
51.51,51510,800.0600538666246,0.0,31.043773663068833,80.0,40.0,0.0,0.0,0.0
51.52,51520,800.0563004999606,0.0,31.0457388378603,80.0,40.0,0.0,0.0,0.0
51.53,51530,800.052781718713,0.0,31.047703947147035,80.0,40.0,0.0,0.0,0.0
51.54,51540,800.0494828612934,0.0,31.049668990931217,80.0,40.0,0.0,0.0,0.0
51.55,51550,800.0463901824626,0.0,31.051633969215032,80.0,40.0,0.0,0.0,0.0
51.56,51560,800.0434907960587,0.0,31.053598882000664,80.0,40.0,0.0,0.0,0.0
51.57,51570,800.040772621305,0.0,31.05556372929029,80.0,40.0,0.0,0.0,0.0
51.58,51580,800.0382243324734,0.0,31.057528511086105,80.0,40.0,0.0,0.0,0.0
51.59,51590,800.0358353116939,0.0,31.05949322739028,80.0,40.0,0.0,0.0,0.0
51.6,51600,800.033595604713,0.0,31.061457878205005,80.0,40.0,0.0,0.0,0.0
51.61,51610,800.0314958794185,0.0,31.06342246353246,80.0,40.0,0.0,0.0,0.0
51.62,51620,800.0295273869548,0.0,31.06538698337483,80.0,40.0,0.0,0.0,0.0
51.63,51630,800.0276819252701,0.0,31.067351437734295,80.0,40.0,0.0,0.0,0.0
51.64,51640,800.0259518049407,0.0,31.069315826613046,80.0,40.0,0.0,0.0,0.0
51.65,51650,800.024329817132,0.0,31.07128015001325,80.0,40.0,0.0,0.0,0.0
51.66,51660,800.0228092035612,0.0,31.073244407937104,80.0,40.0,0.0,0.0,0.0
51.67,51670,800.0213836283386,0.0,31.075208600386784,80.0,40.0,0.0,0.0,0.0
51.68,51680,800.0200471515675,0.0,31.077172727364474,80.0,40.0,0.0,0.0,0.0
51.69,51690,800.0187942045945,0.0,31.079136788872354,80.0,40.0,0.0,0.0,0.0
51.7,51700,800.0176195668074,0.0,31.08110078491261,80.0,40.0,0.0,0.0,0.0
51.71,51710,800.0165183438819,0.0,31.08306471548742,80.0,40.0,0.0,0.0,0.0
51.72,51720,800.0154859473893,0.0,31.085028580598966,80.0,40.0,0.0,0.0,0.0
51.73,51730,800.0145180756774,0.0,31.08699238024944,80.0,40.0,0.0,0.0,0.0
51.74,51740,800.0136106959476,0.0,31.088956114441018,80.0,40.0,0.0,0.0,0.0
51.75,51750,800.0127600274509,0.0,31.09091978317587,80.0,40.0,0.0,0.0,0.0
51.76,51760,800.0119625257353,0.0,31.092883386456197,80.0,40.0,0.0,0.0,0.0
51.77,51770,800.0112148678768,0.0,31.09484692428417,80.0,40.0,0.0,0.0,0.0
51.78,51780,800.0105139386345,0.0,31.09681039666197,80.0,40.0,0.0,0.0,0.0
51.79,51790,800.0098568174699,0.0,31.098773803591783,80.0,40.0,0.0,0.0,0.0
51.8,51800,800.0092407663781,0.0,31.10073714507579,80.0,40.0,0.0,0.0,0.0
51.81,51810,800.0086632184795,0.0,31.102700421116175,80.0,40.0,0.0,0.0,0.0
51.82,51820,800.0081217673245,0.0,31.104663631715113,80.0,40.0,0.0,0.0,0.0
51.83,51830,800.0076141568667,0.0,31.10662677687479,80.0,40.0,0.0,0.0,0.0
51.84,51840,800.0071382720625,0.0,31.108589856597384,80.0,40.0,0.0,0.0,0.0
51.85,51850,800.0066921300586,0.0,31.110552870885073,80.0,40.0,0.0,0.0,0.0
51.86,51860,800.0062738719299,0.0,31.112515819740047,80.0,40.0,0.0,0.0,0.0
51.87,51870,800.0058817549343,0.0,31.114478703164487,80.0,40.0,0.0,0.0,0.0
51.88,51880,800.0055141452509,0.0,31.116441521160564,80.0,40.0,0.0,0.0,0.0
51.89,51890,800.0051695111728,0.0,31.11840427373047,80.0,40.0,0.0,0.0,0.0
51.9,51900,800.0048464167245,0.0,31.120366960876375,80.0,40.0,0.0,0.0,0.0
51.91,51910,800.0045435156792,0.0,31.122329582600468,80.0,40.0,0.0,0.0,0.0
51.92,51920,800.0042595459493,0.0,31.124292138904927,80.0,40.0,0.0,0.0,0.0
51.93,51930,800.0039933243274,0.0,31.126254629791937,80.0,40.0,0.0,0.0,0.0
51.94,51940,800.003743741557,0.0,31.128217055263672,80.0,40.0,0.0,0.0,0.0
51.95,51950,800.0035097577096,0.0,31.13017941532231,80.0,40.0,0.0,0.0,0.0
51.96,51960,800.0032903978528,0.0,31.132141709970043,80.0,40.0,0.0,0.0,0.0
51.97,51970,800.0030847479869,0.0,31.13410393920904,80.0,40.0,0.0,0.0,0.0
51.98,51980,800.0028919512378,0.0,31.136066103041486,80.0,40.0,0.0,0.0,0.0
51.99,51990,800.0027112042854,0.0,31.138028201469567,80.0,40.0,0.0,0.0,0.0
52.0,52000,800.0025417540176,0.0,31.139990234495446,80.0,0.0,0.0,0.0,0.0
52.01,52010,800.0023828943914,0.0,31.141952202121324,80.0,0.0,0.0,0.0,0.0
52.02,52020,800.0022339634919,0.0,31.143914104349363,80.0,0.0,0.0,0.0,0.0
52.03,52030,800.0020943407736,0.0,31.145875941181764,80.0,0.0,0.0,0.0,0.0
52.04,52040,800.0019634444752,0.0,31.147837712620685,80.0,0.0,0.0,0.0,0.0
52.05,52050,800.0018407291955,0.0,31.149799418668316,80.0,0.0,0.0,0.0,0.0
52.06,52060,800.0017256836207,0.0,31.151761059326834,80.0,0.0,0.0,0.0,0.0
52.07,52070,800.0016178283945,0.0,31.15372263459842,80.0,0.0,0.0,0.0,0.0
52.08,52080,800.0015167141198,0.0,31.15568414448525,80.0,0.0,0.0,0.0,0.0
52.09,52090,800.0014219194874,0.0,31.157645588989517,80.0,0.0,0.0,0.0,0.0
52.1,52100,800.0013330495194,0.0,31.15960696811338,0.0,0.0,0.0,0.0,0.0
52.11,52110,800.0012497339244,0.0,31.16156828185903,0.0,0.0,0.0,0.0,0.0
52.12,52120,800.0011716255541,0.0,31.16352953022865,0.0,0.0,0.0,0.0,0.0
52.13,52130,800.001098398957,0.0,31.165490713224408,0.0,0.0,0.0,0.0,0.0
52.14,52140,800.0010297490221,0.0,31.167451830848496,0.0,0.0,0.0,0.0,0.0
52.15,52150,800.0009653897082,0.0,31.16941288310308,0.0,0.0,0.0,0.0,0.0
52.16,52160,800.0009050528514,0.0,31.171373869990347,0.0,0.0,0.0,0.0,0.0
52.17,52170,800.0008484870482,0.0,31.17333479151247,0.0,0.0,0.0,0.0,0.0
52.18,52180,800.0007954566076,0.0,31.17529564767164,0.0,0.0,0.0,0.0,0.0
52.19,52190,800.0007457405696,0.0,31.177256438470017,0.0,0.0,0.0,0.0,0.0
52.2,52200,800.000699131784,0.0,31.1792171639098,0.0,0.0,0.0,0.0,0.0
52.21,52210,800.0006554360475,0.0,31.181177823993156,0.0,0.0,0.0,0.0,0.0
52.22,52220,800.0006144712945,0.0,31.183138418722258,0.0,0.0,0.0,0.0,0.0
52.23,52230,800.0005760668386,0.0,31.185098948099295,0.0,0.0,0.0,0.0,0.0
52.24,52240,800.0005400626611,0.0,31.187059412126445,0.0,0.0,0.0,0.0,0.0
52.25,52250,800.0005063087448,0.0,31.18901981080588,0.0,0.0,0.0,0.0,0.0
52.26,52260,800.0004746644482,0.0,31.190980144139786,0.0,0.0,0.0,0.0,0.0
52.27,52270,800.0004449979202,0.0,31.19294041213033,0.0,0.0,0.0,0.0,0.0
52.28,52280,800.0004171855502,0.0,31.194900614779705,0.0,0.0,0.0,0.0,0.0
52.29,52290,800.0003911114533,0.0,31.196860752090075,0.0,0.0,0.0,0.0,0.0
52.3,52300,800.0003666669875,0.0,31.198820824063624,0.0,0.0,0.0,0.0,0.0
52.31,52310,800.0003437503008,0.0,31.200780830702527,0.0,0.0,0.0,0.0,0.0
52.32,52320,800.000322265907,0.0,31.202740772008973,0.0,0.0,0.0,0.0,0.0
52.33,52330,800.0003021242878,0.0,31.20470064798512,0.0,0.0,0.0,0.0,0.0
52.34,52340,800.0002832415198,0.0,31.20666045863316,0.0,0.0,0.0,0.0,0.0
52.35,52350,800.0002655389249,0.0,31.20862020395527,0.0,0.0,0.0,0.0,0.0
52.36,52360,800.000248942742,0.0,31.210579883953624,0.0,0.0,0.0,0.0,0.0
52.37,52370,800.0002333838206,0.0,31.2125394986304,0.0,0.0,0.0,0.0,0.0
52.38,52380,800.0002187973319,0.0,31.214499047987776,0.0,0.0,0.0,0.0,0.0
52.39,52390,800.0002051224986,0.0,31.216458532027925,0.0,0.0,0.0,0.0,0.0
52.4,52400,800.0001923023425,0.0,31.21841795075303,0.0,0.0,0.0,0.0,0.0
52.41,52410,800.0001802834461,0.0,31.220377304165268,0.0,0.0,0.0,0.0,0.0
52.42,52420,800.0001690157306,0.0,31.22233659226681,0.0,0.0,0.0,0.0,0.0
52.43,52430,800.0001584522474,0.0,31.22429581505984,0.0,0.0,0.0,0.0,0.0
52.44,52440,800.000148548982,0.0,31.226254972546535,0.0,0.0,0.0,0.0,0.0
52.45,52450,800.0001392646707,0.0,31.228214064729066,0.0,0.0,0.0,0.0,0.0
52.46,52460,800.0001305606288,0.0,31.230173091609615,0.0,0.0,0.0,0.0,0.0
52.47,52470,800.0001224005895,0.0,31.23213205319035,0.0,0.0,0.0,0.0,0.0
52.48,52480,800.0001147505526,0.0,31.23409094947346,0.0,0.0,0.0,0.0,0.0
52.49,52490,800.0001075786431,0.0,31.236049780461112,0.0,0.0,0.0,0.0,0.0
52.5,52500,800.000100854978,0.0,31.238008546155484,0.0,0.0,0.0,0.0,0.0
52.51,52510,800.0000945515419,0.0,31.239967246558756,0.0,0.0,0.0,0.0,0.0
52.52,52520,800.0000886420705,0.0,31.241925881673104,0.0,0.0,0.0,0.0,0.0
52.53,52530,800.0000831019411,0.0,31.243884451500705,0.0,0.0,0.0,0.0,0.0
52.54,52540,800.0000779080698,0.0,31.245842956043735,0.0,0.0,0.0,0.0,0.0
52.55,52550,800.0000730388155,0.0,31.247801395304364,0.0,0.0,0.0,0.0,0.0
52.56,52560,800.0000684738895,0.0,31.249759769284772,0.0,0.0,0.0,0.0,0.0
52.57,52570,800.0000641942714,0.0,31.251718077987128,0.0,0.0,0.0,0.0,0.0
52.58,52580,800.0000601821295,0.0,31.25367632141363,0.0,0.0,0.0,0.0,0.0
52.59,52590,800.0000564207463,0.0,31.25563449956643,0.0,0.0,0.0,0.0,0.0
52.6,52600,800.0000528944497,0.0,31.257592612447716,0.0,0.0,0.0,0.0,0.0
52.61,52610,800.0000495885466,0.0,31.25955066005966,0.0,0.0,0.0,0.0,0.0
52.62,52620,800.0000464892624,0.0,31.261508642404436,0.0,0.0,0.0,0.0,0.0
52.63,52630,800.0000435836836,0.0,31.263466559484222,0.0,0.0,0.0,0.0,0.0
52.64,52640,800.0000408597034,0.0,31.265424411301197,0.0,0.0,0.0,0.0,0.0
52.65,52650,800.0000383059719,0.0,31.267382197857533,0.0,0.0,0.0,0.0,0.0
52.66,52660,800.0000359118486,0.0,31.269339919155403,0.0,0.0,0.0,0.0,0.0
52.67,52670,800.000033667358,0.0,31.271297575196982,0.0,0.0,0.0,0.0,0.0
52.68,52680,800.0000315631481,0.0,31.273255165984445,0.0,0.0,0.0,0.0,0.0
52.69,52690,800.0000295904514,0.0,31.275212691519975,0.0,0.0,0.0,0.0,0.0
52.7,52700,800.0000277410481,0.0,31.277170151805734,0.0,0.0,0.0,0.0,0.0
52.71,52710,800.0000260072327,0.0,31.279127546843906,0.0,0.0,0.0,0.0,0.0
52.72,52720,800.0000243817807,0.0,31.28108487663667,0.0,0.0,0.0,0.0,0.0
52.73,52730,800.0000228579194,0.0,31.283042141186193,0.0,0.0,0.0,0.0,0.0
52.74,52740,800.0000214292994,0.0,31.28499934049465,0.0,0.0,0.0,0.0,0.0
52.75,52750,800.0000200899682,0.0,31.28695647456422,0.0,0.0,0.0,0.0,0.0
52.76,52760,800.0000188343452,0.0,31.288913543397072,0.0,0.0,0.0,0.0,0.0
52.77,52770,800.0000176571986,0.0,31.29087054699538,0.0,0.0,0.0,0.0,0.0
52.78,52780,800.0000165536236,0.0,31.29282748536133,0.0,0.0,0.0,0.0,0.0
52.79,52790,800.0000155190221,0.0,31.29478435849708,0.0,0.0,0.0,0.0,0.0
52.8,52800,800.0000145490832,0.0,31.296741166404825,0.0,0.0,0.0,0.0,0.0
52.81,52810,800.0000136397655,0.0,31.298697909086712,0.0,0.0,0.0,0.0,0.0
52.82,52820,800.0000127872802,0.0,31.300654586544944,0.0,0.0,0.0,0.0,0.0
52.83,52830,800.0000119880751,0.0,31.302611198781673,0.0,0.0,0.0,0.0,0.0
52.84,52840,800.0000112388204,0.0,31.304567745799083,0.0,0.0,0.0,0.0,0.0
52.85,52850,800.0000105363941,0.0,31.306524227599343,0.0,0.0,0.0,0.0,0.0
52.86,52860,800.0000098778695,0.0,31.308480644184627,0.0,0.0,0.0,0.0,0.0
52.87,52870,800.0000092605027,0.0,31.31043699555712,0.0,0.0,0.0,0.0,0.0
52.88,52880,800.0000086817213,0.0,31.312393281718983,0.0,0.0,0.0,0.0,0.0
52.89,52890,800.0000081391137,0.0,31.3143495026724,0.0,0.0,0.0,0.0,0.0
52.9,52900,800.0000076304191,0.0,31.316305658419534,0.0,0.0,0.0,0.0,0.0
52.91,52910,800.0000071535179,0.0,31.318261748962563,0.0,0.0,0.0,0.0,0.0
52.92,52920,800.000006706423,0.0,31.32021777430366,0.0,0.0,0.0,0.0,0.0
52.93,52930,800.0000062872716,0.0,31.322173734445,0.0,0.0,0.0,0.0,0.0
52.94,52940,800.0000058943172,0.0,31.32412962938875,0.0,0.0,0.0,0.0,0.0
52.95,52950,800.0000055259223,0.0,31.326085459137094,0.0,0.0,0.0,0.0,0.0
52.96,52960,800.0000051805522,0.0,31.328041223692203,0.0,0.0,0.0,0.0,0.0
52.97,52970,800.0000048567676,0.0,31.329996923056243,0.0,0.0,0.0,0.0,0.0
52.98,52980,800.0000045532197,0.0,31.331952557231382,0.0,0.0,0.0,0.0,0.0
52.99,52990,800.0000042686435,0.0,31.33390812621981,0.0,0.0,0.0,0.0,0.0
53.0,53000,800.0000040018532,0.0,31.335863630023695,0.0,0.0,0.0,0.0,0.0
53.01,53010,800.0000037517374,0.0,31.337819068645203,0.0,0.0,0.0,0.0,0.0
53.02,53020,800.0000035172538,0.0,31.339774442086515,0.0,0.0,0.0,0.0,0.0
53.03,53030,800.0000032974255,0.0,31.34172975034979,0.0,0.0,0.0,0.0,0.0
53.04,53040,800.0000030913363,0.0,31.343684993437208,0.0,0.0,0.0,0.0,0.0
53.05,53050,800.0000028981278,0.0,31.34564017135095,0.0,0.0,0.0,0.0,0.0
53.06,53060,800.0000027169948,0.0,31.34759528409318,0.0,0.0,0.0,0.0,0.0
53.07,53070,800.0000025471826,0.0,31.349550331666073,0.0,0.0,0.0,0.0,0.0
53.08,53080,800.0000023879837,0.0,31.351505314071794,0.0,0.0,0.0,0.0,0.0
53.09,53090,800.0000022387347,0.0,31.353460231312525,0.0,0.0,0.0,0.0,0.0
53.1,53100,800.0000020988139,0.0,31.355415083390433,0.0,0.0,0.0,0.0,0.0
53.11,53110,800.000001967638,0.0,31.35736987030769,0.0,0.0,0.0,0.0,0.0
53.12,53120,800.0000018446607,0.0,31.359324592066468,0.0,0.0,0.0,0.0,0.0
53.13,53130,800.0000017293694,0.0,31.361279248668936,0.0,0.0,0.0,0.0,0.0
53.14,53140,800.0000016212838,0.0,31.363233840117278,0.0,0.0,0.0,0.0,0.0
53.15,53150,800.0000015199536,0.0,31.365188366413655,0.0,0.0,0.0,0.0,0.0
53.16,53160,800.0000014249565,0.0,31.36714282756024,0.0,0.0,0.0,0.0,0.0
53.17,53170,800.0000013358967,0.0,31.369097223559205,0.0,0.0,0.0,0.0,0.0
53.18,53180,800.0000012524032,0.0,31.37105155441273,0.0,0.0,0.0,0.0,0.0
53.19,53190,800.000001174128,0.0,31.373005820122973,0.0,0.0,0.0,0.0,0.0
53.2,53200,800.000001100745,0.0,31.374960020692114,0.0,0.0,0.0,0.0,0.0
53.21,53210,800.0000010319484,0.0,31.376914156122318,0.0,0.0,0.0,0.0,0.0
53.22,53220,800.0000009674516,0.0,31.37886822641576,0.0,0.0,0.0,0.0,0.0
53.23,53230,800.0000009069859,0.0,31.380822231574612,0.0,0.0,0.0,0.0,0.0
53.24,53240,800.0000008502992,0.0,31.382776171601044,0.0,0.0,0.0,0.0,0.0
53.25,53250,800.0000007971555,0.0,31.384730046497225,0.0,0.0,0.0,0.0,0.0
53.26,53260,800.0000007473333,0.0,31.386683856265336,0.0,0.0,0.0,0.0,0.0
53.27,53270,800.0000007006249,0.0,31.388637600907533,0.0,0.0,0.0,0.0,0.0
53.28,53280,800.0000006568358,0.0,31.390591280425998,0.0,0.0,0.0,0.0,0.0
53.29,53290,800.0000006157836,0.0,31.392544894822898,0.0,0.0,0.0,0.0,0.0
53.3,53300,800.0000005772971,0.0,31.3944984441004,0.0,0.0,0.0,0.0,0.0
53.31,53310,800.0000005412161,0.0,31.39645192826068,0.0,0.0,0.0,0.0,0.0
53.32,53320,800.00000050739,0.0,31.398405347305903,0.0,0.0,0.0,0.0,0.0
53.33,53330,800.0000004756781,0.0,31.400358701238247,0.0,0.0,0.0,0.0,0.0
53.34,53340,800.0000004459482,0.0,31.40231199005988,0.0,0.0,0.0,0.0,0.0
53.35,53350,800.0000004180764,0.0,31.404265213772966,0.0,0.0,0.0,0.0,0.0
53.36,53360,800.0000003919466,0.0,31.40621837237969,0.0,0.0,0.0,0.0,0.0
53.37,53370,800.00000036745,0.0,31.408171465882198,0.0,0.0,0.0,0.0,0.0
53.38,53380,800.0000003444843,0.0,31.410124494282684,0.0,0.0,0.0,0.0,0.0
53.39,53390,800.0000003229541,0.0,31.4120774575833,0.0,0.0,0.0,0.0,0.0
53.4,53400,800.0000003027694,0.0,31.41403035578623,0.0,0.0,0.0,0.0,0.0
53.41,53410,800.0000002838464,0.0,31.415983188893648,0.0,0.0,0.0,0.0,0.0
53.42,53420,800.000000266106,0.0,31.4179359569077,0.0,0.0,0.0,0.0,0.0
53.43,53430,800.0000002494744,0.0,31.419888659830573,0.0,0.0,0.0,0.0,0.0
53.44,53440,800.0000002338822,0.0,31.421841297664436,0.0,0.0,0.0,0.0,0.0
53.45,53450,800.0000002192646,0.0,31.423793870411448,0.0,0.0,0.0,0.0,0.0
53.46,53460,800.0000002055606,0.0,31.425746378073796,0.0,0.0,0.0,0.0,0.0
53.47,53470,800.0000001927131,0.0,31.427698820653635,0.0,0.0,0.0,0.0,0.0
53.48,53480,800.0000001806685,0.0,31.429651198153145,0.0,0.0,0.0,0.0,0.0
53.49,53490,800.0000001693767,0.0,31.431603510574483,0.0,0.0,0.0,0.0,0.0
53.5,53500,800.0000001587906,0.0,31.433555757919827,0.0,0.0,0.0,0.0,0.0
53.51,53510,800.0000001488662,0.0,31.435507940191343,0.0,0.0,0.0,0.0,0.0
53.52,53520,800.0000001395621,0.0,31.437460057391203,0.0,0.0,0.0,0.0,0.0
53.53,53530,800.0000001308395,0.0,31.439412109521577,0.0,0.0,0.0,0.0,0.0
53.54,53540,800.000000122662,0.0,31.44136409658462,0.0,0.0,0.0,0.0,0.0
53.55,53550,800.0000001149956,0.0,31.443316018582525,0.0,0.0,0.0,0.0,0.0
53.56,53560,800.0000001078083,0.0,31.445267875517445,0.0,0.0,0.0,0.0,0.0
53.57,53570,800.0000001010703,0.0,31.447219667391547,0.0,0.0,0.0,0.0,0.0
53.58,53580,800.0000000947534,0.0,31.449171394207003,0.0,0.0,0.0,0.0,0.0
53.59,53590,800.0000000888314,0.0,31.45112305596599,0.0,0.0,0.0,0.0,0.0
53.6,53600,800.0000000832794,0.0,31.453074652670665,0.0,0.0,0.0,0.0,0.0
53.61,53610,800.0000000780744,0.0,31.455026184323195,0.0,0.0,0.0,0.0,0.0
53.62,53620,800.0000000731948,0.0,31.456977650925772,0.0,0.0,0.0,0.0,0.0
53.63,53630,800.0000000686201,0.0,31.45892905248053,0.0,0.0,0.0,0.0,0.0
53.64,53640,800.0000000643314,0.0,31.460880388989658,0.0,0.0,0.0,0.0,0.0
53.65,53650,800.0000000603106,0.0,31.462831660455315,0.0,0.0,0.0,0.0,0.0
53.66,53660,800.0000000565412,0.0,31.464782866879684,0.0,0.0,0.0,0.0,0.0
53.67,53670,800.0000000530074,0.0,31.466734008264915,0.0,0.0,0.0,0.0,0.0
53.68,53680,800.0000000496944,0.0,31.46868508461319,0.0,0.0,0.0,0.0,0.0
53.69,53690,800.0000000465885,0.0,31.47063609592666,0.0,0.0,0.0,0.0,0.0
53.7,53700,800.0000000436768,0.0,31.472587042207515,0.0,0.0,0.0,0.0,0.0
53.71,53710,800.0000000409469,0.0,31.474537923457902,0.0,0.0,0.0,0.0,0.0
53.72,53720,800.0000000383877,0.0,31.47648873968,0.0,0.0,0.0,0.0,0.0
53.73,53730,800.0000000359885,0.0,31.47843949087598,0.0,0.0,0.0,0.0,0.0
53.74,53740,800.0000000337392,0.0,31.480390177048008,0.0,0.0,0.0,0.0,0.0
53.75,53750,800.0000000316305,0.0,31.482340798198237,0.0,0.0,0.0,0.0,0.0
53.76,53760,800.0000000296536,0.0,31.484291354328846,0.0,0.0,0.0,0.0,0.0
53.77,53770,800.0000000278003,0.0,31.486241845442002,0.0,0.0,0.0,0.0,0.0
53.78,53780,800.0000000260628,0.0,31.488192271539873,0.0,0.0,0.0,0.0,0.0
53.79,53790,800.0000000244339,0.0,31.490142632624618,0.0,0.0,0.0,0.0,0.0
53.8,53800,800.0000000229068,0.0,31.492092928698423,0.0,0.0,0.0,0.0,0.0
53.81,53810,800.0000000214751,0.0,31.494043159763436,0.0,0.0,0.0,0.0,0.0
53.82,53820,800.0000000201329,0.0,31.495993325821825,0.0,0.0,0.0,0.0,0.0
53.83,53830,800.0000000188746,0.0,31.497943426875768,0.0,0.0,0.0,0.0,0.0
53.84,53840,800.000000017695,0.0,31.499893462927425,0.0,0.0,0.0,0.0,0.0
53.85,53850,800.0000000165891,0.0,31.50184343397896,0.0,0.0,0.0,0.0,0.0
53.86,53860,800.0000000155522,0.0,31.503793340032544,0.0,0.0,0.0,0.0,0.0
53.87,53870,800.0000000145802,0.0,31.505743181090345,0.0,0.0,0.0,0.0,0.0
53.88,53880,800.0000000136689,0.0,31.507692957154525,0.0,0.0,0.0,0.0,0.0
53.89,53890,800.0000000128146,0.0,31.509642668227258,0.0,0.0,0.0,0.0,0.0
53.9,53900,800.0000000120136,0.0,31.5115923143107,0.0,0.0,0.0,0.0,0.0
53.91,53910,800.0000000112627,0.0,31.513541895407023,0.0,0.0,0.0,0.0,0.0
53.92,53920,800.0000000105588,0.0,31.515491411518397,0.0,0.0,0.0,0.0,0.0
53.93,53930,800.0000000098988,0.0,31.51744086264698,0.0,0.0,0.0,0.0,0.0
53.94,53940,800.0000000092801,0.0,31.51939024879494,0.0,0.0,0.0,0.0,0.0
53.95,53950,800.0000000087001,0.0,31.52133956996445,0.0,0.0,0.0,0.0,0.0
53.96,53960,800.0000000081563,0.0,31.523288826157664,0.0,0.0,0.0,0.0,0.0
53.97,53970,800.0000000076466,0.0,31.525238017376765,0.0,0.0,0.0,0.0,0.0
53.98,53980,800.0000000071686,0.0,31.527187143623895,0.0,0.0,0.0,0.0,0.0
53.99,53990,800.0000000067206,0.0,31.52913620490124,0.0,0.0,0.0,0.0,0.0
54.0,54000,800.0000000063005,0.0,31.53108520121096,0.0,0.0,0.0,0.0,0.0
54.01,54010,800.0000000059067,0.0,31.533034132555215,0.0,0.0,0.0,0.0,0.0
54.02,54020,800.0000000055376,0.0,31.53498299893618,0.0,0.0,0.0,0.0,0.0
54.03,54030,800.0000000051915,0.0,31.536931800356008,0.0,0.0,0.0,0.0,0.0
54.04,54040,800.000000004867,0.0,31.538880536816876,0.0,0.0,0.0,0.0,0.0
54.05,54050,800.0000000045628,0.0,31.540829208320943,0.0,0.0,0.0,0.0,0.0
54.06,54060,800.0000000042777,0.0,31.542777814870373,0.0,0.0,0.0,0.0,0.0
54.07,54070,800.0000000040103,0.0,31.54472635646734,0.0,0.0,0.0,0.0,0.0
54.08,54080,800.0000000037596,0.0,31.546674833113997,0.0,0.0,0.0,0.0,0.0
54.09,54090,800.0000000035246,0.0,31.548623244812518,0.0,0.0,0.0,0.0,0.0
54.1,54100,800.0000000033043,0.0,31.55057159156507,0.0,0.0,0.0,0.0,0.0
54.11,54110,800.0000000030977,0.0,31.5525198733738,0.0,0.0,0.0,0.0,0.0
54.12,54120,800.0000000029041,0.0,31.554468090240896,0.0,0.0,0.0,0.0,0.0
54.13,54130,800.0000000027226,0.0,31.556416242168513,0.0,0.0,0.0,0.0,0.0
54.14,54140,800.0000000025524,0.0,31.558364329158806,0.0,0.0,0.0,0.0,0.0
54.15,54150,800.0000000023929,0.0,31.560312351213952,0.0,0.0,0.0,0.0,0.0
54.16,54160,800.0000000022433,0.0,31.562260308336114,0.0,0.0,0.0,0.0,0.0
54.17,54170,800.0000000021031,0.0,31.564208200527457,0.0,0.0,0.0,0.0,0.0
54.18,54180,800.0000000019717,0.0,31.566156027790132,0.0,0.0,0.0,0.0,0.0
54.19,54190,800.0000000018484,0.0,31.56810379012632,0.0,0.0,0.0,0.0,0.0
54.2,54200,800.0000000017329,0.0,31.570051487538183,0.0,0.0,0.0,0.0,0.0
54.21,54210,800.0000000016246,0.0,31.571999120027872,0.0,0.0,0.0,0.0,0.0
54.22,54220,800.0000000015231,0.0,31.57394668759757,0.0,0.0,0.0,0.0,0.0
54.23,54230,800.0000000014279,0.0,31.57589419024942,0.0,0.0,0.0,0.0,0.0
54.24,54240,800.0000000013387,0.0,31.577841627985606,0.0,0.0,0.0,0.0,0.0
54.25,54250,800.000000001255,0.0,31.57978900080828,0.0,0.0,0.0,0.0,0.0
54.26,54260,800.0000000011765,0.0,31.581736308719602,0.0,0.0,0.0,0.0,0.0
54.27,54270,800.000000001103,0.0,31.583683551721748,0.0,0.0,0.0,0.0,0.0
54.28,54280,800.0000000010341,0.0,31.58563072981688,0.0,0.0,0.0,0.0,0.0
54.29,54290,800.0000000009695,0.0,31.587577843007153,0.0,0.0,0.0,0.0,0.0
54.3,54300,800.0000000009089,0.0,31.58952489129473,0.0,0.0,0.0,0.0,0.0
54.31,54310,800.0000000008521,0.0,31.591471874681787,0.0,0.0,0.0,0.0,0.0
54.32,54320,800.0000000007989,0.0,31.59341879317047,0.0,0.0,0.0,0.0,0.0
54.33,54330,800.000000000749,0.0,31.595365646762957,0.0,0.0,0.0,0.0,0.0
54.34,54340,800.0000000007021,0.0,31.597312435461408,0.0,0.0,0.0,0.0,0.0
54.35,54350,800.0000000006582,0.0,31.59925915926798,0.0,0.0,0.0,0.0,0.0
54.36,54360,800.0000000006171,0.0,31.601205818184848,0.0,0.0,0.0,0.0,0.0
54.37,54370,800.0000000005786,0.0,31.60315241221416,0.0,0.0,0.0,0.0,0.0
54.38,54380,800.0000000005424,0.0,31.605098941358087,0.0,0.0,0.0,0.0,0.0
54.39,54390,800.0000000005085,0.0,31.60704540561879,0.0,0.0,0.0,0.0,0.0
54.4,54400,800.0000000004767,0.0,31.608991804998432,0.0,0.0,0.0,0.0,0.0
54.41,54410,800.0000000004469,0.0,31.610938139499183,0.0,0.0,0.0,0.0,0.0
54.42,54420,800.0000000004189,0.0,31.612884409123186,0.0,0.0,0.0,0.0,0.0
54.43,54430,800.0000000003928,0.0,31.61483061387262,0.0,0.0,0.0,0.0,0.0
54.44,54440,800.0000000003682,0.0,31.616776753749647,0.0,0.0,0.0,0.0,0.0
54.45,54450,800.0000000003453,0.0,31.618722828756432,0.0,0.0,0.0,0.0,0.0
54.46,54460,800.0000000003237,0.0,31.620668838895117,0.0,0.0,0.0,0.0,0.0
54.47,54470,800.0000000003034,0.0,31.622614784167887,0.0,0.0,0.0,0.0,0.0
54.48,54480,800.0000000002844,0.0,31.624560664576897,0.0,0.0,0.0,0.0,0.0
54.49,54490,800.0000000002667,0.0,31.626506480124306,0.0,0.0,0.0,0.0,0.0
54.5,54500,800.00000000025,0.0,31.62845223081227,0.0,0.0,0.0,0.0,0.0
54.51,54510,800.0000000002344,0.0,31.630397916642973,0.0,0.0,0.0,0.0,0.0
54.52,54520,800.0000000002198,0.0,31.632343537618553,0.0,0.0,0.0,0.0,0.0
54.53,54530,800.000000000206,0.0,31.63428909374118,0.0,0.0,0.0,0.0,0.0
54.54,54540,800.0000000001932,0.0,31.636234585013025,0.0,0.0,0.0,0.0,0.0
54.55,54550,800.0000000001811,0.0,31.63818001143624,0.0,0.0,0.0,0.0,0.0
54.56,54560,800.0000000001697,0.0,31.640125373012985,0.0,0.0,0.0,0.0,0.0
54.57,54570,800.0000000001592,0.0,31.642070669745422,0.0,0.0,0.0,0.0,0.0
54.58,54580,800.0000000001492,0.0,31.644015901635722,0.0,0.0,0.0,0.0,0.0
54.59,54590,800.0000000001398,0.0,31.645961068686038,0.0,0.0,0.0,0.0,0.0
54.6,54600,800.0000000001311,0.0,31.64790617089853,0.0,0.0,0.0,0.0,0.0
54.61,54610,800.0000000001229,0.0,31.649851208275365,0.0,0.0,0.0,0.0,0.0
54.62,54620,800.0000000001152,0.0,31.6517961808187,0.0,0.0,0.0,0.0,0.0
54.63,54630,800.000000000108,0.0,31.653741088530694,0.0,0.0,0.0,0.0,0.0
54.64,54640,800.0000000001013,0.0,31.65568593141352,0.0,0.0,0.0,0.0,0.0
54.65,54650,800.0000000000949,0.0,31.657630709469323,0.0,0.0,0.0,0.0,0.0
54.66,54660,800.000000000089,0.0,31.65957542270027,0.0,0.0,0.0,0.0,0.0
54.67,54670,800.0000000000834,0.0,31.661520071108527,0.0,0.0,0.0,0.0,0.0
54.68,54680,800.0000000000782,0.0,31.663464654696252,0.0,0.0,0.0,0.0,0.0
54.69,54690,800.0000000000733,0.0,31.665409173465605,0.0,0.0,0.0,0.0,0.0
54.7,54700,800.0000000000688,0.0,31.667353627418738,0.0,0.0,0.0,0.0,0.0
54.71,54710,800.0000000000645,0.0,31.66929801655783,0.0,0.0,0.0,0.0,0.0
54.72,54720,800.0000000000605,0.0,31.67124234088502,0.0,0.0,0.0,0.0,0.0
54.73,54730,800.0000000000567,0.0,31.673186600402488,0.0,0.0,0.0,0.0,0.0
54.74,54740,800.0000000000532,0.0,31.67513079511238,0.0,0.0,0.0,0.0,0.0
54.75,54750,800.0000000000499,0.0,31.677074925016868,0.0,0.0,0.0,0.0,0.0
54.76,54760,800.0000000000468,0.0,31.679018990118102,0.0,0.0,0.0,0.0,0.0
54.77,54770,800.0000000000439,0.0,31.680962990418244,0.0,0.0,0.0,0.0,0.0
54.78,54780,800.0000000000412,0.0,31.682906925919465,0.0,0.0,0.0,0.0,0.0
54.79,54790,800.0000000000385,0.0,31.684850796623902,0.0,0.0,0.0,0.0,0.0
54.8,54800,800.0000000000362,0.0,31.686794602533745,0.0,0.0,0.0,0.0,0.0
54.81,54810,800.0000000000339,0.0,31.68873834365112,0.0,0.0,0.0,0.0,0.0
54.82,54820,800.0000000000317,0.0,31.69068201997821,0.0,0.0,0.0,0.0,0.0
54.83,54830,800.0000000000298,0.0,31.692625631517174,0.0,0.0,0.0,0.0,0.0
54.84,54840,800.000000000028,0.0,31.69456917827017,0.0,0.0,0.0,0.0,0.0
54.85,54850,800.0000000000263,0.0,31.696512660239346,0.0,0.0,0.0,0.0,0.0
54.86,54860,800.0000000000247,0.0,31.698456077426872,0.0,0.0,0.0,0.0,0.0
54.87,54870,800.0000000000231,0.0,31.700399429834906,0.0,0.0,0.0,0.0,0.0
54.88,54880,800.0000000000216,0.0,31.702342717465605,0.0,0.0,0.0,0.0,0.0
54.89,54890,800.0000000000202,0.0,31.70428594032112,0.0,0.0,0.0,0.0,0.0
54.9,54900,800.000000000019,0.0,31.706229098403632,0.0,0.0,0.0,0.0,0.0
54.91,54910,800.0000000000178,0.0,31.708172191715285,0.0,0.0,0.0,0.0,0.0
54.92,54920,800.0000000000167,0.0,31.71011522025824,0.0,0.0,0.0,0.0,0.0
54.93,54930,800.0000000000157,0.0,31.712058184034653,0.0,0.0,0.0,0.0,0.0
54.94,54940,800.0000000000147,0.0,31.71400108304669,0.0,0.0,0.0,0.0,0.0
54.95,54950,800.0000000000138,0.0,31.7159439172965,0.0,0.0,0.0,0.0,0.0
54.96,54960,800.0000000000128,0.0,31.717886686786258,0.0,0.0,0.0,0.0,0.0
54.97,54970,800.000000000012,0.0,31.719829391518104,0.0,0.0,0.0,0.0,0.0
54.98,54980,800.0000000000113,0.0,31.721772031494208,0.0,0.0,0.0,0.0,0.0
54.99,54990,800.0000000000106,0.0,31.723714606716726,0.0,0.0,0.0,0.0,0.0
55.0,55000,800.0000000000099,0.0,31.725657117187808,0.0,0.0,0.0,0.0,0.0
55.01,55010,800.0000000000093,0.0,31.72759956290963,0.0,0.0,0.0,0.0,0.0
55.02,55020,800.0000000000088,0.0,31.729541943884342,0.0,0.0,0.0,0.0,0.0
55.03,55030,800.0000000000082,0.0,31.731484260114087,0.0,0.0,0.0,0.0,0.0
55.04,55040,800.0000000000077,0.0,31.73342651160105,0.0,0.0,0.0,0.0,0.0
55.05,55050,800.0000000000073,0.0,31.735368698347372,0.0,0.0,0.0,0.0,0.0
55.06,55060,800.0000000000068,0.0,31.737310820355212,0.0,0.0,0.0,0.0,0.0
55.07,55070,800.0000000000064,0.0,31.739252877626733,0.0,0.0,0.0,0.0,0.0
55.08,55080,800.0000000000059,0.0,31.741194870164087,0.0,0.0,0.0,0.0,0.0
55.09,55090,800.0000000000056,0.0,31.74313679796944,0.0,0.0,0.0,0.0,0.0
55.1,55100,800.0000000000052,0.0,31.745078661044943,0.0,0.0,0.0,0.0,0.0
55.11,55110,800.0000000000049,0.0,31.74702045939276,0.0,0.0,0.0,0.0,0.0
55.12,55120,800.0000000000045,0.0,31.74896219301504,0.0,0.0,0.0,0.0,0.0
55.13,55130,800.0000000000043,0.0,31.75090386191394,0.0,0.0,0.0,0.0,0.0
55.14,55140,800.0000000000041,0.0,31.752845466091625,0.0,0.0,0.0,0.0,0.0
55.15,55150,800.0000000000039,0.0,31.754787005550256,0.0,0.0,0.0,0.0,0.0
55.16,55160,800.0000000000036,0.0,31.756728480291976,0.0,0.0,0.0,0.0,0.0
55.17,55170,800.0000000000034,0.0,31.758669890318956,0.0,0.0,0.0,0.0,0.0
55.18,55180,800.0000000000032,0.0,31.76061123563335,0.0,0.0,0.0,0.0,0.0
55.19,55190,800.000000000003,0.0,31.7625525162373,0.0,0.0,0.0,0.0,0.0
55.2,55200,800.0000000000027,0.0,31.764493732132976,0.0,0.0,0.0,0.0,0.0
55.21,55210,800.0000000000025,0.0,31.76643488332254,0.0,0.0,0.0,0.0,0.0
55.22,55220,800.0000000000024,0.0,31.768375969808147,0.0,0.0,0.0,0.0,0.0
55.23,55230,800.0000000000023,0.0,31.770316991591944,0.0,0.0,0.0,0.0,0.0
55.24,55240,800.0000000000022,0.0,31.772257948676092,0.0,0.0,0.0,0.0,0.0
55.25,55250,800.000000000002,0.0,31.77419884106275,0.0,0.0,0.0,0.0,0.0
55.26,55260,800.0000000000019,0.0,31.77613966875407,0.0,0.0,0.0,0.0,0.0
55.27,55270,800.0000000000018,0.0,31.77808043175222,0.0,0.0,0.0,0.0,0.0
55.28,55280,800.0000000000017,0.0,31.78002113005934,0.0,0.0,0.0,0.0,0.0
55.29,55290,800.0000000000016,0.0,31.781961763677593,0.0,0.0,0.0,0.0,0.0
55.3,55300,800.0000000000015,0.0,31.783902332609145,0.0,0.0,0.0,0.0,0.0
55.31,55310,800.0000000000014,0.0,31.78584283685614,0.0,0.0,0.0,0.0,0.0
55.32,55320,800.0000000000013,0.0,31.787783276420743,0.0,0.0,0.0,0.0,0.0
55.33,55330,800.0000000000011,0.0,31.789723651305096,0.0,0.0,0.0,0.0,0.0
55.34,55340,800.000000000001,0.0,31.791663961511375,0.0,0.0,0.0,0.0,0.0
55.35,55350,800.0000000000009,0.0,31.793604207041714,0.0,0.0,0.0,0.0,0.0
55.36,55360,800.0000000000009,0.0,31.79554438789829,0.0,0.0,0.0,0.0,0.0
55.37,55370,800.0000000000009,0.0,31.797484504083243,0.0,0.0,0.0,0.0,0.0
55.38,55380,800.0000000000009,0.0,31.799424555598733,0.0,0.0,0.0,0.0,0.0
55.39,55390,800.0000000000009,0.0,31.801364542446926,0.0,0.0,0.0,0.0,0.0
55.4,55400,800.0000000000009,0.0,31.803304464629953,0.0,0.0,0.0,0.0,0.0
55.41,55410,800.0000000000009,0.0,31.805244322149996,0.0,0.0,0.0,0.0,0.0
55.42,55420,800.0000000000009,0.0,31.8071841150092,0.0,0.0,0.0,0.0,0.0
55.43,55430,800.0000000000009,0.0,31.80912384320972,0.0,0.0,0.0,0.0,0.0
55.44,55440,800.0000000000009,0.0,31.811063506753698,0.0,0.0,0.0,0.0,0.0
55.45,55450,800.0000000000009,0.0,31.81300310564332,0.0,0.0,0.0,0.0,0.0
55.46,55460,800.0000000000009,0.0,31.814942639880716,0.0,0.0,0.0,0.0,0.0
55.47,55470,800.0000000000009,0.0,31.81688210946804,0.0,0.0,0.0,0.0,0.0
55.48,55480,800.0000000000009,0.0,31.818821514407464,0.0,0.0,0.0,0.0,0.0
55.49,55490,800.0000000000009,0.0,31.820760854701135,0.0,0.0,0.0,0.0,0.0
55.5,55500,800.0000000000009,0.0,31.822700130351205,0.0,0.0,0.0,0.0,0.0
55.51,55510,800.0000000000009,0.0,31.824639341359827,0.0,0.0,0.0,0.0,0.0
55.52,55520,800.0000000000009,0.0,31.82657848772917,0.0,0.0,0.0,0.0,0.0
55.53,55530,800.0000000000009,0.0,31.82851756946137,0.0,0.0,0.0,0.0,0.0
55.54,55540,800.0000000000009,0.0,31.830456586558583,0.0,0.0,0.0,0.0,0.0
55.55,55550,800.0000000000009,0.0,31.83239553902298,0.0,0.0,0.0,0.0,0.0
55.56,55560,800.0000000000009,0.0,31.834334426856703,0.0,0.0,0.0,0.0,0.0
55.57,55570,800.0000000000009,0.0,31.836273250061907,0.0,0.0,0.0,0.0,0.0
55.58,55580,800.0000000000009,0.0,31.83821200864075,0.0,0.0,0.0,0.0,0.0
55.59,55590,800.0000000000009,0.0,31.840150702595388,0.0,0.0,0.0,0.0,0.0
55.6,55600,800.0000000000009,0.0,31.84208933192796,0.0,0.0,0.0,0.0,0.0
55.61,55610,800.0000000000009,0.0,31.84402789664064,0.0,0.0,0.0,0.0,0.0
55.62,55620,800.0000000000009,0.0,31.84596639673557,0.0,0.0,0.0,0.0,0.0
55.63,55630,800.0000000000009,0.0,31.84790483221491,0.0,0.0,0.0,0.0,0.0
55.64,55640,800.0000000000009,0.0,31.849843203080805,0.0,0.0,0.0,0.0,0.0
55.65,55650,800.0000000000009,0.0,31.85178150933542,0.0,0.0,0.0,0.0,0.0
55.66,55660,800.0000000000009,0.0,31.8537197509809,0.0,0.0,0.0,0.0,0.0
55.67,55670,800.0000000000009,0.0,31.855657928019408,0.0,0.0,0.0,0.0,0.0
55.68,55680,800.0000000000009,0.0,31.857596040453085,0.0,0.0,0.0,0.0,0.0
55.69,55690,800.0000000000009,0.0,31.859534088284096,0.0,0.0,0.0,0.0,0.0
55.7,55700,800.0000000000009,0.0,31.86147207151459,0.0,0.0,0.0,0.0,0.0
55.71,55710,800.0000000000009,0.0,31.863409990146714,0.0,0.0,0.0,0.0,0.0
55.72,55720,800.0000000000009,0.0,31.865347844182626,0.0,0.0,0.0,0.0,0.0
55.73,55730,800.0000000000009,0.0,31.867285633624483,0.0,0.0,0.0,0.0,0.0
55.74,55740,800.0000000000009,0.0,31.869223358474436,0.0,0.0,0.0,0.0,0.0
55.75,55750,800.0000000000009,0.0,31.871161018734636,0.0,0.0,0.0,0.0,0.0
55.76,55760,800.0000000000009,0.0,31.873098614407233,0.0,0.0,0.0,0.0,0.0
55.77,55770,800.0000000000009,0.0,31.87503614549439,0.0,0.0,0.0,0.0,0.0
55.78,55780,800.0000000000009,0.0,31.876973611998256,0.0,0.0,0.0,0.0,0.0
55.79,55790,800.0000000000009,0.0,31.878911013920977,0.0,0.0,0.0,0.0,0.0
55.8,55800,800.0000000000009,0.0,31.880848351264714,0.0,0.0,0.0,0.0,0.0
55.81,55810,800.0000000000009,0.0,31.882785624031612,0.0,0.0,0.0,0.0,0.0
55.82,55820,800.0000000000009,0.0,31.884722832223822,0.0,0.0,0.0,0.0,0.0
55.83,55830,800.0000000000009,0.0,31.886659975843514,0.0,0.0,0.0,0.0,0.0
55.84,55840,800.0000000000009,0.0,31.88859705489282,0.0,0.0,0.0,0.0,0.0
55.85,55850,800.0000000000009,0.0,31.8905340693739,0.0,0.0,0.0,0.0,0.0
55.86,55860,800.0000000000009,0.0,31.892471019288916,0.0,0.0,0.0,0.0,0.0
55.87,55870,800.0000000000009,0.0,31.894407904639998,0.0,0.0,0.0,0.0,0.0
55.88,55880,800.0000000000009,0.0,31.896344725429323,0.0,0.0,0.0,0.0,0.0
55.89,55890,800.0000000000009,0.0,31.898281481659026,0.0,0.0,0.0,0.0,0.0
55.9,55900,800.0000000000009,0.0,31.90021817333126,0.0,0.0,0.0,0.0,0.0
55.91,55910,800.0000000000009,0.0,31.902154800448187,0.0,0.0,0.0,0.0,0.0
55.92,55920,800.0000000000009,0.0,31.90409136301195,0.0,0.0,0.0,0.0,0.0
55.93,55930,800.0000000000009,0.0,31.9060278610247,0.0,0.0,0.0,0.0,0.0
55.94,55940,800.0000000000009,0.0,31.9079642944886,0.0,0.0,0.0,0.0,0.0
55.95,55950,800.0000000000009,0.0,31.909900663405786,0.0,0.0,0.0,0.0,0.0
55.96,55960,800.0000000000009,0.0,31.91183696777842,0.0,0.0,0.0,0.0,0.0
55.97,55970,800.0000000000009,0.0,31.91377320760865,0.0,0.0,0.0,0.0,0.0
55.98,55980,800.0000000000009,0.0,31.915709382898626,0.0,0.0,0.0,0.0,0.0
55.99,55990,800.0000000000009,0.0,31.917645493650507,0.0,0.0,0.0,0.0,0.0
56.0,56000,800.0000000000009,0.0,31.919581539866435,0.0,0.0,0.0,0.0,0.0
56.01,56010,800.0000000000009,0.0,31.92151752154857,0.0,0.0,0.0,0.0,0.0
56.02,56020,800.0000000000009,0.0,31.923453438699056,0.0,0.0,0.0,0.0,0.0
56.03,56030,800.0000000000009,0.0,31.925389291320037,0.0,0.0,0.0,0.0,0.0
56.04,56040,800.0000000000009,0.0,31.92732507941368,0.0,0.0,0.0,0.0,0.0
56.05,56050,800.0000000000009,0.0,31.92926080298213,0.0,0.0,0.0,0.0,0.0
56.06,56060,800.0000000000009,0.0,31.93119646202753,0.0,0.0,0.0,0.0,0.0
56.07,56070,800.0000000000009,0.0,31.933132056552047,0.0,0.0,0.0,0.0,0.0
56.08,56080,800.0000000000009,0.0,31.935067586557814,0.0,0.0,0.0,0.0,0.0
56.09,56090,800.0000000000009,0.0,31.937003052046986,0.0,0.0,0.0,0.0,0.0
56.1,56100,800.0000000000009,0.0,31.938938453021727,0.0,0.0,0.0,0.0,0.0
56.11,56110,800.0000000000009,0.0,31.94087378948417,0.0,0.0,0.0,0.0,0.0
56.12,56120,800.0000000000009,0.0,31.942809061436478,0.0,0.0,0.0,0.0,0.0
56.13,56130,800.0000000000009,0.0,31.94474426888079,0.0,0.0,0.0,0.0,0.0
56.14,56140,800.0000000000009,0.0,31.946679411819268,0.0,0.0,0.0,0.0,0.0
56.15,56150,800.0000000000009,0.0,31.94861449025405,0.0,0.0,0.0,0.0,0.0
56.16,56160,800.0000000000009,0.0,31.950549504187304,0.0,0.0,0.0,0.0,0.0
56.17,56170,800.0000000000009,0.0,31.95248445362116,0.0,0.0,0.0,0.0,0.0
56.18,56180,800.0000000000009,0.0,31.954419338557777,0.0,0.0,0.0,0.0,0.0
56.19,56190,800.0000000000009,0.0,31.956354158999307,0.0,0.0,0.0,0.0,0.0
56.2,56200,800.0000000000009,0.0,31.958288914947893,0.0,0.0,0.0,0.0,0.0
56.21,56210,800.0000000000009,0.0,31.96022360640569,0.0,0.0,0.0,0.0,0.0
56.22,56220,800.0000000000009,0.0,31.96215823337485,0.0,0.0,0.0,0.0,0.0
56.23,56230,800.0000000000009,0.0,31.96409279585752,0.0,0.0,0.0,0.0,0.0
56.24,56240,800.0000000000009,0.0,31.96602729385584,0.0,0.0,0.0,0.0,0.0
56.25,56250,800.0000000000009,0.0,31.967961727371975,0.0,0.0,0.0,0.0,0.0
56.26,56260,800.0000000000009,0.0,31.96989609640807,0.0,0.0,0.0,0.0,0.0
56.27,56270,800.0000000000009,0.0,31.971830400966265,0.0,0.0,0.0,0.0,0.0
56.28,56280,800.0000000000009,0.0,31.97376464104872,0.0,0.0,0.0,0.0,0.0
56.29,56290,800.0000000000009,0.0,31.975698816657577,0.0,0.0,0.0,0.0,0.0
56.3,56300,800.0000000000009,0.0,31.977632927794996,0.0,0.0,0.0,0.0,0.0
56.31,56310,800.0000000000009,0.0,31.97956697446311,0.0,0.0,0.0,0.0,0.0
56.32,56320,800.0000000000009,0.0,31.981500956664078,0.0,0.0,0.0,0.0,0.0
56.33,56330,800.0000000000009,0.0,31.98343487440005,0.0,0.0,0.0,0.0,0.0
56.34,56340,800.0000000000009,0.0,31.98536872767317,0.0,0.0,0.0,0.0,0.0
56.35,56350,800.0000000000009,0.0,31.987302516485588,0.0,0.0,0.0,0.0,0.0
56.36,56360,800.0000000000009,0.0,31.98923624083945,0.0,0.0,0.0,0.0,0.0
56.37,56370,800.0000000000009,0.0,31.991169900736914,0.0,0.0,0.0,0.0,0.0
56.38,56380,800.0000000000009,0.0,31.993103496180115,0.0,0.0,0.0,0.0,0.0
56.39,56390,800.0000000000009,0.0,31.995037027171215,0.0,0.0,0.0,0.0,0.0
56.4,56400,800.0000000000009,0.0,31.996970493712357,0.0,0.0,0.0,0.0,0.0
56.41,56410,800.0000000000009,0.0,31.998903895805682,0.0,0.0,0.0,0.0,0.0
56.42,56420,800.0000000000009,0.0,32.00083723345335,0.0,0.0,0.0,0.0,0.0
56.43,56430,800.0000000000009,0.0,32.002770506657505,0.0,0.0,0.0,0.0,0.0
56.44,56440,800.0000000000009,0.0,32.00470371542029,0.0,0.0,0.0,0.0,0.0
56.45,56450,800.0000000000009,0.0,32.006636859743864,0.0,0.0,0.0,0.0,0.0
56.46,56460,800.0000000000009,0.0,32.00856993963036,0.0,0.0,0.0,0.0,0.0
56.47,56470,800.0000000000009,0.0,32.01050295508193,0.0,0.0,0.0,0.0,0.0
56.48,56480,800.0000000000009,0.0,32.012435906100734,0.0,0.0,0.0,0.0,0.0
56.49,56490,800.0000000000009,0.0,32.014368792688906,0.0,0.0,0.0,0.0,0.0
56.5,56500,800.0000000000009,0.0,32.0163016148486,0.0,0.0,0.0,0.0,0.0
56.51,56510,800.0000000000009,0.0,32.018234372581965,0.0,0.0,0.0,0.0,0.0
56.52,56520,800.0000000000009,0.0,32.020167065891144,0.0,0.0,0.0,0.0,0.0
56.53,56530,800.0000000000009,0.0,32.02209969477829,0.0,0.0,0.0,0.0,0.0
56.54,56540,800.0000000000009,0.0,32.024032259245544,0.0,0.0,0.0,0.0,0.0
56.55,56550,800.0000000000009,0.0,32.02596475929506,0.0,0.0,0.0,0.0,0.0
56.56,56560,800.0000000000009,0.0,32.02789719492897,0.0,0.0,0.0,0.0,0.0
56.57,56570,800.0000000000009,0.0,32.029829566149445,0.0,0.0,0.0,0.0,0.0
56.58,56580,800.0000000000009,0.0,32.03176187295861,0.0,0.0,0.0,0.0,0.0
56.59,56590,800.0000000000009,0.0,32.033694115358635,0.0,0.0,0.0,0.0,0.0
56.6,56600,800.0000000000009,0.0,32.03562629335164,0.0,0.0,0.0,0.0,0.0
56.61,56610,800.0000000000009,0.0,32.03755840693978,0.0,0.0,0.0,0.0,0.0
56.62,56620,800.0000000000009,0.0,32.03949045612523,0.0,0.0,0.0,0.0,0.0
56.63,56630,800.0000000000009,0.0,32.0414224409101,0.0,0.0,0.0,0.0,0.0
56.64,56640,800.0000000000009,0.0,32.04335436129655,0.0,0.0,0.0,0.0,0.0
56.65,56650,800.0000000000009,0.0,32.04528621728672,0.0,0.0,0.0,0.0,0.0
56.66,56660,800.0000000000009,0.0,32.04721800888277,0.0,0.0,0.0,0.0,0.0
56.67,56670,800.0000000000009,0.0,32.04914973608685,0.0,0.0,0.0,0.0,0.0
56.68,56680,800.0000000000009,0.0,32.05108139890108,0.0,0.0,0.0,0.0,0.0
56.69,56690,800.0000000000009,0.0,32.053012997327635,0.0,0.0,0.0,0.0,0.0
56.7,56700,800.0000000000009,0.0,32.05494453136865,0.0,0.0,0.0,0.0,0.0
56.71,56710,800.0000000000009,0.0,32.05687600102626,0.0,0.0,0.0,0.0,0.0
56.72,56720,800.0000000000009,0.0,32.05880740630262,0.0,0.0,0.0,0.0,0.0
56.73,56730,800.0000000000009,0.0,32.060738747199885,0.0,0.0,0.0,0.0,0.0
56.74,56740,800.0000000000009,0.0,32.062670023720194,0.0,0.0,0.0,0.0,0.0
56.75,56750,800.0000000000009,0.0,32.06460123586569,0.0,0.0,0.0,0.0,0.0
56.76,56760,800.0000000000009,0.0,32.06653238363852,0.0,0.0,0.0,0.0,0.0
56.77,56770,800.0000000000009,0.0,32.06846346704083,0.0,0.0,0.0,0.0,0.0
56.78,56780,800.0000000000009,0.0,32.07039448607476,0.0,0.0,0.0,0.0,0.0
56.79,56790,800.0000000000009,0.0,32.072325440742475,0.0,0.0,0.0,0.0,0.0
56.8,56800,800.0000000000009,0.0,32.074256331046094,0.0,0.0,0.0,0.0,0.0
56.81,56810,800.0000000000009,0.0,32.076187156987785,0.0,0.0,0.0,0.0,0.0
56.82,56820,800.0000000000009,0.0,32.07811791856968,0.0,0.0,0.0,0.0,0.0
56.83,56830,800.0000000000009,0.0,32.08004861579393,0.0,0.0,0.0,0.0,0.0
56.84,56840,800.0000000000009,0.0,32.08197924866268,0.0,0.0,0.0,0.0,0.0
56.85,56850,800.0000000000009,0.0,32.08390981717807,0.0,0.0,0.0,0.0,0.0
56.86,56860,800.0000000000009,0.0,32.085840321342246,0.0,0.0,0.0,0.0,0.0
56.87,56870,800.0000000000009,0.0,32.08777076115736,0.0,0.0,0.0,0.0,0.0
56.88,56880,800.0000000000009,0.0,32.08970113662555,0.0,0.0,0.0,0.0,0.0
56.89,56890,800.0000000000009,0.0,32.091631447748966,0.0,0.0,0.0,0.0,0.0
56.9,56900,800.0000000000009,0.0,32.09356169452975,0.0,0.0,0.0,0.0,0.0
56.91,56910,800.0000000000009,0.0,32.095491876970044,0.0,0.0,0.0,0.0,0.0
56.92,56920,800.0000000000009,0.0,32.097421995072,0.0,0.0,0.0,0.0,0.0
56.93,56930,800.0000000000009,0.0,32.09935204883775,0.0,0.0,0.0,0.0,0.0
56.94,56940,800.0000000000009,0.0,32.10128203826946,0.0,0.0,0.0,0.0,0.0
56.95,56950,800.0000000000009,0.0,32.103211963369255,0.0,0.0,0.0,0.0,0.0
56.96,56960,800.0000000000009,0.0,32.10514182413928,0.0,0.0,0.0,0.0,0.0
56.97,56970,800.0000000000009,0.0,32.107071620581685,0.0,0.0,0.0,0.0,0.0
56.98,56980,800.0000000000009,0.0,32.10900135269863,0.0,0.0,0.0,0.0,0.0
56.99,56990,800.0000000000009,0.0,32.110931020492224,0.0,0.0,0.0,0.0,0.0
57.0,57000,800.0000000000009,0.0,32.112860623964636,0.0,0.0,0.0,0.0,0.0
57.01,57010,800.0000000000009,0.0,32.114790163118,0.0,0.0,0.0,0.0,0.0
57.02,57020,800.0000000000009,0.0,32.11671963795448,0.0,0.0,0.0,0.0,0.0
57.03,57030,800.0000000000009,0.0,32.118649048476186,0.0,0.0,0.0,0.0,0.0
57.04,57040,800.0000000000009,0.0,32.120578394685296,0.0,0.0,0.0,0.0,0.0
57.05,57050,800.0000000000009,0.0,32.12250767658393,0.0,0.0,0.0,0.0,0.0
57.06,57060,800.0000000000009,0.0,32.12443689417424,0.0,0.0,0.0,0.0,0.0
57.07,57070,800.0000000000009,0.0,32.12636604745837,0.0,0.0,0.0,0.0,0.0
57.08,57080,800.0000000000009,0.0,32.12829513643845,0.0,0.0,0.0,0.0,0.0
57.09,57090,800.0000000000009,0.0,32.13022416111666,0.0,0.0,0.0,0.0,0.0
57.1,57100,800.0000000000009,0.0,32.132153121495094,0.0,0.0,0.0,0.0,0.0
57.11,57110,800.0000000000009,0.0,32.134082017575935,0.0,0.0,0.0,0.0,0.0
57.12,57120,800.0000000000009,0.0,32.1360108493613,0.0,0.0,0.0,0.0,0.0
57.13,57130,800.0000000000009,0.0,32.13793961685335,0.0,0.0,0.0,0.0,0.0
57.14,57140,800.0000000000009,0.0,32.13986832005423,0.0,0.0,0.0,0.0,0.0
57.15,57150,800.0000000000009,0.0,32.14179695896606,0.0,0.0,0.0,0.0,0.0
57.16,57160,800.0000000000009,0.0,32.14372553359101,0.0,0.0,0.0,0.0,0.0
57.17,57170,800.0000000000009,0.0,32.1456540439312,0.0,0.0,0.0,0.0,0.0
57.18,57180,800.0000000000009,0.0,32.14758248998879,0.0,0.0,0.0,0.0,0.0
57.19,57190,800.0000000000009,0.0,32.14951087176592,0.0,0.0,0.0,0.0,0.0
57.2,57200,800.0000000000009,0.0,32.15143918926473,0.0,0.0,0.0,0.0,0.0
57.21,57210,800.0000000000009,0.0,32.15336744248735,0.0,0.0,0.0,0.0,0.0
57.22,57220,800.0000000000009,0.0,32.15529563143594,0.0,0.0,0.0,0.0,0.0
57.23,57230,800.0000000000009,0.0,32.157223756112636,0.0,0.0,0.0,0.0,0.0
57.24,57240,800.0000000000009,0.0,32.15915181651958,0.0,0.0,0.0,0.0,0.0
57.25,57250,800.0000000000009,0.0,32.16107981265891,0.0,0.0,0.0,0.0,0.0
57.26,57260,800.0000000000009,0.0,32.163007744532784,0.0,0.0,0.0,0.0,0.0
57.27,57270,800.0000000000009,0.0,32.164935612143324,0.0,0.0,0.0,0.0,0.0
57.28,57280,800.0000000000009,0.0,32.166863415492685,0.0,0.0,0.0,0.0,0.0
57.29,57290,800.0000000000009,0.0,32.168791154583005,0.0,0.0,0.0,0.0,0.0
57.3,57300,800.0000000000009,0.0,32.17071882941643,0.0,0.0,0.0,0.0,0.0
57.31,57310,800.0000000000009,0.0,32.17264643999509,0.0,0.0,0.0,0.0,0.0
57.32,57320,800.0000000000009,0.0,32.17457398632114,0.0,0.0,0.0,0.0,0.0
57.33,57330,800.0000000000009,0.0,32.17650146839672,0.0,0.0,0.0,0.0,0.0
57.34,57340,800.0000000000009,0.0,32.17842888622397,0.0,0.0,0.0,0.0,0.0
57.35,57350,800.0000000000009,0.0,32.18035623980502,0.0,0.0,0.0,0.0,0.0
57.36,57360,800.0000000000009,0.0,32.182283529142026,0.0,0.0,0.0,0.0,0.0
57.37,57370,800.0000000000009,0.0,32.18421075423713,0.0,0.0,0.0,0.0,0.0
57.38,57380,800.0000000000009,0.0,32.18613791509246,0.0,0.0,0.0,0.0,0.0
57.39,57390,800.0000000000009,0.0,32.188065011710165,0.0,0.0,0.0,0.0,0.0
57.4,57400,800.0000000000009,0.0,32.18999204409239,0.0,0.0,0.0,0.0,0.0
57.41,57410,800.0000000000009,0.0,32.19191901224127,0.0,0.0,0.0,0.0,0.0
57.42,57420,800.0000000000009,0.0,32.193845916158956,0.0,0.0,0.0,0.0,0.0
57.43,57430,800.0000000000009,0.0,32.19577275584758,0.0,0.0,0.0,0.0,0.0
57.44,57440,800.0000000000009,0.0,32.197699531309276,0.0,0.0,0.0,0.0,0.0
57.45,57450,800.0000000000009,0.0,32.1996262425462,0.0,0.0,0.0,0.0,0.0
57.46,57460,800.0000000000009,0.0,32.20155288956049,0.0,0.0,0.0,0.0,0.0
57.47,57470,800.0000000000009,0.0,32.203479472354275,0.0,0.0,0.0,0.0,0.0
57.48,57480,800.0000000000009,0.0,32.20540599092972,0.0,0.0,0.0,0.0,0.0
57.49,57490,800.0000000000009,0.0,32.20733244528893,0.0,0.0,0.0,0.0,0.0
57.5,57500,800.0000000000009,0.0,32.20925883543407,0.0,0.0,0.0,0.0,0.0
57.51,57510,800.0000000000009,0.0,32.211185161367275,0.0,0.0,0.0,0.0,0.0
57.52,57520,800.0000000000009,0.0,32.213111423090695,0.0,0.0,0.0,0.0,0.0
57.53,57530,800.0000000000009,0.0,32.21503762060645,0.0,0.0,0.0,0.0,0.0
57.54,57540,800.0000000000009,0.0,32.2169637539167,0.0,0.0,0.0,0.0,0.0
57.55,57550,800.0000000000009,0.0,32.218889823023574,0.0,0.0,0.0,0.0,0.0
57.56,57560,800.0000000000009,0.0,32.220815827929215,0.0,0.0,0.0,0.0,0.0
57.57,57570,800.0000000000009,0.0,32.22274176863576,0.0,0.0,0.0,0.0,0.0
57.58,57580,800.0000000000009,0.0,32.224667645145345,0.0,0.0,0.0,0.0,0.0
57.59,57590,800.0000000000009,0.0,32.22659345746013,0.0,0.0,0.0,0.0,0.0
57.6,57600,800.0000000000009,0.0,32.22851920558224,0.0,0.0,0.0,0.0,0.0
57.61,57610,800.0000000000009,0.0,32.230444889513805,0.0,0.0,0.0,0.0,0.0
57.62,57620,800.0000000000009,0.0,32.23237050925698,0.0,0.0,0.0,0.0,0.0
57.63,57630,800.0000000000009,0.0,32.234296064813904,0.0,0.0,0.0,0.0,0.0
57.64,57640,800.0000000000009,0.0,32.236221556186706,0.0,0.0,0.0,0.0,0.0
57.65,57650,800.0000000000009,0.0,32.23814698337753,0.0,0.0,0.0,0.0,0.0
57.66,57660,800.0000000000009,0.0,32.24007234638853,0.0,0.0,0.0,0.0,0.0
57.67,57670,800.0000000000009,0.0,32.24199764522182,0.0,0.0,0.0,0.0,0.0
57.68,57680,800.0000000000009,0.0,32.243922879879555,0.0,0.0,0.0,0.0,0.0
57.69,57690,800.0000000000009,0.0,32.245848050363875,0.0,0.0,0.0,0.0,0.0
57.7,57700,800.0000000000009,0.0,32.247773156676914,0.0,0.0,0.0,0.0,0.0
57.71,57710,800.0000000000009,0.0,32.24969819882081,0.0,0.0,0.0,0.0,0.0
57.72,57720,800.0000000000009,0.0,32.25162317679771,0.0,0.0,0.0,0.0,0.0
57.73,57730,800.0000000000009,0.0,32.25354809060974,0.0,0.0,0.0,0.0,0.0
57.74,57740,800.0000000000009,0.0,32.25547294025904,0.0,0.0,0.0,0.0,0.0
57.75,57750,800.0000000000009,0.0,32.257397725747765,0.0,0.0,0.0,0.0,0.0
57.76,57760,800.0000000000009,0.0,32.25932244707804,0.0,0.0,0.0,0.0,0.0
57.77,57770,800.0000000000009,0.0,32.26124710425201,0.0,0.0,0.0,0.0,0.0
57.78,57780,800.0000000000009,0.0,32.2631716972718,0.0,0.0,0.0,0.0,0.0
57.79,57790,800.0000000000009,0.0,32.26509622613957,0.0,0.0,0.0,0.0,0.0
57.8,57800,800.0000000000009,0.0,32.26702069085744,0.0,0.0,0.0,0.0,0.0
57.81,57810,800.0000000000009,0.0,32.268945091427554,0.0,0.0,0.0,0.0,0.0
57.82,57820,800.0000000000009,0.0,32.270869427852055,0.0,0.0,0.0,0.0,0.0
57.83,57830,800.0000000000009,0.0,32.27279370013308,0.0,0.0,0.0,0.0,0.0
57.84,57840,800.0000000000009,0.0,32.27471790827276,0.0,0.0,0.0,0.0,0.0
57.85,57850,800.0000000000009,0.0,32.27664205227324,0.0,0.0,0.0,0.0,0.0
57.86,57860,800.0000000000009,0.0,32.27856613213666,0.0,0.0,0.0,0.0,0.0
57.87,57870,800.0000000000009,0.0,32.280490147865144,0.0,0.0,0.0,0.0,0.0
57.88,57880,800.0000000000009,0.0,32.282414099460844,0.0,0.0,0.0,0.0,0.0
57.89,57890,800.0000000000009,0.0,32.28433798692589,0.0,0.0,0.0,0.0,0.0
57.9,57900,800.0000000000009,0.0,32.28626181026243,0.0,0.0,0.0,0.0,0.0
57.91,57910,800.0000000000009,0.0,32.28818556947259,0.0,0.0,0.0,0.0,0.0
57.92,57920,800.0000000000009,0.0,32.29010926455851,0.0,0.0,0.0,0.0,0.0
57.93,57930,800.0000000000009,0.0,32.29203289552233,0.0,0.0,0.0,0.0,0.0
57.94,57940,800.0000000000009,0.0,32.29395646236618,0.0,0.0,0.0,0.0,0.0
57.95,57950,800.0000000000009,0.0,32.29587996509221,0.0,0.0,0.0,0.0,0.0
57.96,57960,800.0000000000009,0.0,32.29780340370256,0.0,0.0,0.0,0.0,0.0
57.97,57970,800.0000000000009,0.0,32.29972677819935,0.0,0.0,0.0,0.0,0.0
57.98,57980,800.0000000000009,0.0,32.30165008858472,0.0,0.0,0.0,0.0,0.0
57.99,57990,800.0000000000009,0.0,32.30357333486083,0.0,0.0,0.0,0.0,0.0
58.0,58000,800.0000000000009,0.0,32.30549651702978,0.0,0.0,0.0,0.0,0.0
58.01,58010,800.0000000000009,0.0,32.30741963509373,0.0,0.0,0.0,0.0,0.0
58.02,58020,800.0000000000009,0.0,32.309342689054816,0.0,0.0,0.0,0.0,0.0
58.03,58030,800.0000000000009,0.0,32.31126567891518,0.0,0.0,0.0,0.0,0.0
58.04,58040,800.0000000000009,0.0,32.31318860467694,0.0,0.0,0.0,0.0,0.0
58.05,58050,800.0000000000009,0.0,32.31511146634224,0.0,0.0,0.0,0.0,0.0
58.06,58060,800.0000000000009,0.0,32.31703426391323,0.0,0.0,0.0,0.0,0.0
58.07,58070,800.0000000000009,0.0,32.31895699739203,0.0,0.0,0.0,0.0,0.0
58.08,58080,800.0000000000009,0.0,32.320879666780776,0.0,0.0,0.0,0.0,0.0
58.09,58090,800.0000000000009,0.0,32.322802272081624,0.0,0.0,0.0,0.0,0.0
58.1,58100,800.0000000000009,0.0,32.32472481329668,0.0,0.0,0.0,0.0,0.0
58.11,58110,800.0000000000009,0.0,32.32664729042811,0.0,0.0,0.0,0.0,0.0
58.12,58120,800.0000000000009,0.0,32.32856970347804,0.0,0.0,0.0,0.0,0.0
58.13,58130,800.0000000000009,0.0,32.33049205244859,0.0,0.0,0.0,0.0,0.0
58.14,58140,800.0000000000009,0.0,32.332414337341916,0.0,0.0,0.0,0.0,0.0
58.15,58150,800.0000000000009,0.0,32.334336558160146,0.0,0.0,0.0,0.0,0.0
58.16,58160,800.0000000000009,0.0,32.33625871490542,0.0,0.0,0.0,0.0,0.0
58.17,58170,800.0000000000009,0.0,32.33818080757987,0.0,0.0,0.0,0.0,0.0
58.18,58180,800.0000000000009,0.0,32.34010283618562,0.0,0.0,0.0,0.0,0.0
58.19,58190,800.0000000000009,0.0,32.34202480072483,0.0,0.0,0.0,0.0,0.0
58.2,58200,800.0000000000009,0.0,32.34394670119962,0.0,0.0,0.0,0.0,0.0
58.21,58210,800.0000000000009,0.0,32.345868537612134,0.0,0.0,0.0,0.0,0.0
58.22,58220,800.0000000000009,0.0,32.347790309964495,0.0,0.0,0.0,0.0,0.0
58.23,58230,800.0000000000009,0.0,32.34971201825885,0.0,0.0,0.0,0.0,0.0
58.24,58240,800.0000000000009,0.0,32.35163366249732,0.0,0.0,0.0,0.0,0.0
58.25,58250,800.0000000000009,0.0,32.353555242682056,0.0,0.0,0.0,0.0,0.0
58.26,58260,800.0000000000009,0.0,32.355476758815186,0.0,0.0,0.0,0.0,0.0
58.27,58270,800.0000000000009,0.0,32.35739821089885,0.0,0.0,0.0,0.0,0.0
58.28,58280,800.0000000000009,0.0,32.35931959893517,0.0,0.0,0.0,0.0,0.0
58.29,58290,800.0000000000009,0.0,32.3612409229263,0.0,0.0,0.0,0.0,0.0
58.3,58300,800.0000000000009,0.0,32.363162182874355,0.0,0.0,0.0,0.0,0.0
58.31,58310,800.0000000000009,0.0,32.365083378781485,0.0,0.0,0.0,0.0,0.0
58.32,58320,800.0000000000009,0.0,32.367004510649814,0.0,0.0,0.0,0.0,0.0
58.33,58330,800.0000000000009,0.0,32.36892557848149,0.0,0.0,0.0,0.0,0.0
58.34,58340,800.0000000000009,0.0,32.37084658227863,0.0,0.0,0.0,0.0,0.0
58.35,58350,800.0000000000009,0.0,32.37276752204338,0.0,0.0,0.0,0.0,0.0
58.36,58360,800.0000000000009,0.0,32.37468839777787,0.0,0.0,0.0,0.0,0.0
58.37,58370,800.0000000000009,0.0,32.376609209484236,0.0,0.0,0.0,0.0,0.0
58.38,58380,800.0000000000009,0.0,32.378529957164616,0.0,0.0,0.0,0.0,0.0
58.39,58390,800.0000000000009,0.0,32.38045064082114,0.0,0.0,0.0,0.0,0.0
58.4,58400,800.0000000000009,0.0,32.38237126045594,0.0,0.0,0.0,0.0,0.0
58.41,58410,800.0000000000009,0.0,32.384291816071155,0.0,0.0,0.0,0.0,0.0
58.42,58420,800.0000000000009,0.0,32.38621230766891,0.0,0.0,0.0,0.0,0.0
58.43,58430,800.0000000000009,0.0,32.388132735251354,0.0,0.0,0.0,0.0,0.0
58.44,58440,800.0000000000009,0.0,32.3900530988206,0.0,0.0,0.0,0.0,0.0
58.45,58450,800.0000000000009,0.0,32.39197339837881,0.0,0.0,0.0,0.0,0.0
58.46,58460,800.0000000000009,0.0,32.393893633928094,0.0,0.0,0.0,0.0,0.0
58.47,58470,800.0000000000009,0.0,32.395813805470596,0.0,0.0,0.0,0.0,0.0
58.48,58480,800.0000000000009,0.0,32.39773391300844,0.0,0.0,0.0,0.0,0.0
58.49,58490,800.0000000000009,0.0,32.399653956543766,0.0,0.0,0.0,0.0,0.0
58.5,58500,800.0000000000009,0.0,32.40157393607871,0.0,0.0,0.0,0.0,0.0
58.51,58510,800.0000000000009,0.0,32.40349385161541,0.0,0.0,0.0,0.0,0.0
58.52,58520,800.0000000000009,0.0,32.405413703155986,0.0,0.0,0.0,0.0,0.0
58.53,58530,800.0000000000009,0.0,32.40733349070258,0.0,0.0,0.0,0.0,0.0
58.54,58540,800.0000000000009,0.0,32.40925321425731,0.0,0.0,0.0,0.0,0.0
58.55,58550,800.0000000000009,0.0,32.41117287382234,0.0,0.0,0.0,0.0,0.0
58.56,58560,800.0000000000009,0.0,32.41309246939977,0.0,0.0,0.0,0.0,0.0
58.57,58570,800.0000000000009,0.0,32.41501200099175,0.0,0.0,0.0,0.0,0.0
58.58,58580,800.0000000000009,0.0,32.41693146860041,0.0,0.0,0.0,0.0,0.0
58.59,58590,800.0000000000009,0.0,32.41885087222789,0.0,0.0,0.0,0.0,0.0
58.6,58600,800.0000000000009,0.0,32.42077021187631,0.0,0.0,0.0,0.0,0.0
58.61,58610,800.0000000000009,0.0,32.42268948754781,0.0,0.0,0.0,0.0,0.0
58.62,58620,800.0000000000009,0.0,32.424608699244516,0.0,0.0,0.0,0.0,0.0
58.63,58630,800.0000000000009,0.0,32.42652784696857,0.0,0.0,0.0,0.0,0.0
58.64,58640,800.0000000000009,0.0,32.4284469307221,0.0,0.0,0.0,0.0,0.0
58.65,58650,800.0000000000009,0.0,32.43036595050724,0.0,0.0,0.0,0.0,0.0
58.66,58660,800.0000000000009,0.0,32.4322849063261,0.0,0.0,0.0,0.0,0.0
58.67,58670,800.0000000000009,0.0,32.43420379818085,0.0,0.0,0.0,0.0,0.0
58.68,58680,800.0000000000009,0.0,32.43612262607361,0.0,0.0,0.0,0.0,0.0
58.69,58690,800.0000000000009,0.0,32.43804139000649,0.0,0.0,0.0,0.0,0.0
58.7,58700,800.0000000000009,0.0,32.43996008998165,0.0,0.0,0.0,0.0,0.0
58.71,58710,800.0000000000009,0.0,32.44187872600121,0.0,0.0,0.0,0.0,0.0
58.72,58720,800.0000000000009,0.0,32.443797298067295,0.0,0.0,0.0,0.0,0.0
58.73,58730,800.0000000000009,0.0,32.445715806182044,0.0,0.0,0.0,0.0,0.0
58.74,58740,800.0000000000009,0.0,32.44763425034759,0.0,0.0,0.0,0.0,0.0
58.75,58750,800.0000000000009,0.0,32.44955263056606,0.0,0.0,0.0,0.0,0.0
58.76,58760,800.0000000000009,0.0,32.4514709468396,0.0,0.0,0.0,0.0,0.0
58.77,58770,800.0000000000009,0.0,32.453389199170324,0.0,0.0,0.0,0.0,0.0
58.78,58780,800.0000000000009,0.0,32.45530738756037,0.0,0.0,0.0,0.0,0.0
58.79,58790,800.0000000000009,0.0,32.45722551201186,0.0,0.0,0.0,0.0,0.0
58.8,58800,800.0000000000009,0.0,32.45914357252694,0.0,0.0,0.0,0.0,0.0
58.81,58810,800.0000000000009,0.0,32.46106156910774,0.0,0.0,0.0,0.0,0.0
58.82,58820,800.0000000000009,0.0,32.46297950175637,0.0,0.0,0.0,0.0,0.0
58.83,58830,800.0000000000009,0.0,32.464897370475,0.0,0.0,0.0,0.0,0.0
58.84,58840,800.0000000000009,0.0,32.46681517526572,0.0,0.0,0.0,0.0,0.0
58.85,58850,800.0000000000009,0.0,32.46873291613069,0.0,0.0,0.0,0.0,0.0
58.86,58860,800.0000000000009,0.0,32.47065059307202,0.0,0.0,0.0,0.0,0.0
58.87,58870,800.0000000000009,0.0,32.472568206091864,0.0,0.0,0.0,0.0,0.0
58.88,58880,800.0000000000009,0.0,32.474485755192326,0.0,0.0,0.0,0.0,0.0
58.89,58890,800.0000000000009,0.0,32.47640324037556,0.0,0.0,0.0,0.0,0.0
58.9,58900,800.0000000000009,0.0,32.47832066164368,0.0,0.0,0.0,0.0,0.0
58.91,58910,800.0000000000009,0.0,32.48023801899882,0.0,0.0,0.0,0.0,0.0
58.92,58920,800.0000000000009,0.0,32.482155312443126,0.0,0.0,0.0,0.0,0.0
58.93,58930,800.0000000000009,0.0,32.484072541978705,0.0,0.0,0.0,0.0,0.0
58.94,58940,800.0000000000009,0.0,32.4859897076077,0.0,0.0,0.0,0.0,0.0
58.95,58950,800.0000000000009,0.0,32.487906809332245,0.0,0.0,0.0,0.0,0.0
58.96,58960,800.0000000000009,0.0,32.489823847154454,0.0,0.0,0.0,0.0,0.0
58.97,58970,800.0000000000009,0.0,32.49174082107647,0.0,0.0,0.0,0.0,0.0
58.98,58980,800.0000000000009,0.0,32.49365773110043,0.0,0.0,0.0,0.0,0.0
58.99,58990,800.0000000000009,0.0,32.495574577228446,0.0,0.0,0.0,0.0,0.0
59.0,59000,800.0000000000009,0.0,32.49749135946265,0.0,0.0,0.0,0.0,0.0
59.01,59010,800.0000000000009,0.0,32.499408077805185,0.0,0.0,0.0,0.0,0.0
59.02,59020,800.0000000000009,0.0,32.50132473225818,0.0,0.0,0.0,0.0,0.0
59.03,59030,800.0000000000009,0.0,32.50324132282375,0.0,0.0,0.0,0.0,0.0
59.04,59040,800.0000000000009,0.0,32.50515784950404,0.0,0.0,0.0,0.0,0.0
59.05,59050,800.0000000000009,0.0,32.50707431230116,0.0,0.0,0.0,0.0,0.0
59.06,59060,800.0000000000009,0.0,32.50899071121725,0.0,0.0,0.0,0.0,0.0
59.07,59070,800.0000000000009,0.0,32.51090704625446,0.0,0.0,0.0,0.0,0.0
59.08,59080,800.0000000000009,0.0,32.512823317414885,0.0,0.0,0.0,0.0,0.0
59.09,59090,800.0000000000009,0.0,32.514739524700666,0.0,0.0,0.0,0.0,0.0
59.1,59100,800.0000000000009,0.0,32.51665566811394,0.0,0.0,0.0,0.0,0.0
59.11,59110,800.0000000000009,0.0,32.518571747656836,0.0,0.0,0.0,0.0,0.0
59.12,59120,800.0000000000009,0.0,32.52048776333148,0.0,0.0,0.0,0.0,0.0
59.13,59130,800.0000000000009,0.0,32.52240371513999,0.0,0.0,0.0,0.0,0.0
59.14,59140,800.0000000000009,0.0,32.52431960308451,0.0,0.0,0.0,0.0,0.0
59.15,59150,800.0000000000009,0.0,32.526235427167165,0.0,0.0,0.0,0.0,0.0
59.16,59160,800.0000000000009,0.0,32.52815118739008,0.0,0.0,0.0,0.0,0.0
59.17,59170,800.0000000000009,0.0,32.53006688375538,0.0,0.0,0.0,0.0,0.0
59.18,59180,800.0000000000009,0.0,32.5319825162652,0.0,0.0,0.0,0.0,0.0
59.19,59190,800.0000000000009,0.0,32.533898084921674,0.0,0.0,0.0,0.0,0.0
59.2,59200,800.0000000000009,0.0,32.53581358972692,0.0,0.0,0.0,0.0,0.0
59.21,59210,800.0000000000009,0.0,32.53772903068307,0.0,0.0,0.0,0.0,0.0
59.22,59220,800.0000000000009,0.0,32.53964440779225,0.0,0.0,0.0,0.0,0.0
59.23,59230,800.0000000000009,0.0,32.54155972105659,0.0,0.0,0.0,0.0,0.0
59.24,59240,800.0000000000009,0.0,32.54347497047822,0.0,0.0,0.0,0.0,0.0
59.25,59250,800.0000000000009,0.0,32.54539015605927,0.0,0.0,0.0,0.0,0.0
59.26,59260,800.0000000000009,0.0,32.547305277801854,0.0,0.0,0.0,0.0,0.0
59.27,59270,800.0000000000009,0.0,32.54922033570813,0.0,0.0,0.0,0.0,0.0
59.28,59280,800.0000000000009,0.0,32.551135329780195,0.0,0.0,0.0,0.0,0.0
59.29,59290,800.0000000000009,0.0,32.55305026002018,0.0,0.0,0.0,0.0,0.0
59.3,59300,800.0000000000009,0.0,32.55496512643023,0.0,0.0,0.0,0.0,0.0
59.31,59310,800.0000000000009,0.0,32.55687992901246,0.0,0.0,0.0,0.0,0.0
59.32,59320,800.0000000000009,0.0,32.558794667769,0.0,0.0,0.0,0.0,0.0
59.33,59330,800.0000000000009,0.0,32.56070934270198,0.0,0.0,0.0,0.0,0.0
59.34,59340,800.0000000000009,0.0,32.562623953813535,0.0,0.0,0.0,0.0,0.0
59.35,59350,800.0000000000009,0.0,32.56453850110577,0.0,0.0,0.0,0.0,0.0
59.36,59360,800.0000000000009,0.0,32.566452984580835,0.0,0.0,0.0,0.0,0.0
59.37,59370,800.0000000000009,0.0,32.568367404240846,0.0,0.0,0.0,0.0,0.0
59.38,59380,800.0000000000009,0.0,32.57028176008793,0.0,0.0,0.0,0.0,0.0
59.39,59390,800.0000000000009,0.0,32.57219605212421,0.0,0.0,0.0,0.0,0.0
59.4,59400,800.0000000000009,0.0,32.574110280351825,0.0,0.0,0.0,0.0,0.0
59.41,59410,800.0000000000009,0.0,32.5760244447729,0.0,0.0,0.0,0.0,0.0
59.42,59420,800.0000000000009,0.0,32.57793854538956,0.0,0.0,0.0,0.0,0.0
59.43,59430,800.0000000000009,0.0,32.57985258220392,0.0,0.0,0.0,0.0,0.0
59.44,59440,800.0000000000009,0.0,32.58176655521812,0.0,0.0,0.0,0.0,0.0
59.45,59450,800.0000000000009,0.0,32.58368046443427,0.0,0.0,0.0,0.0,0.0
59.46,59460,800.0000000000009,0.0,32.58559430985453,0.0,0.0,0.0,0.0,0.0
59.47,59470,800.0000000000009,0.0,32.58750809148099,0.0,0.0,0.0,0.0,0.0
59.48,59480,800.0000000000009,0.0,32.58942180931581,0.0,0.0,0.0,0.0,0.0
59.49,59490,800.0000000000009,0.0,32.591335463361084,0.0,0.0,0.0,0.0,0.0
59.5,59500,800.0000000000009,0.0,32.59324905361896,0.0,0.0,0.0,0.0,0.0
59.51,59510,800.0000000000009,0.0,32.595162580091554,0.0,0.0,0.0,0.0,0.0
59.52,59520,800.0000000000009,0.0,32.597076042781,0.0,0.0,0.0,0.0,0.0
59.53,59530,800.0000000000009,0.0,32.598989441689405,0.0,0.0,0.0,0.0,0.0
59.54,59540,800.0000000000009,0.0,32.60090277681892,0.0,0.0,0.0,0.0,0.0
59.55,59550,800.0000000000009,0.0,32.60281604817166,0.0,0.0,0.0,0.0,0.0
59.56,59560,800.0000000000009,0.0,32.60472925574975,0.0,0.0,0.0,0.0,0.0
59.57,59570,800.0000000000009,0.0,32.60664239955533,0.0,0.0,0.0,0.0,0.0
59.58,59580,800.0000000000009,0.0,32.60855547959049,0.0,0.0,0.0,0.0,0.0
59.59,59590,800.0000000000009,0.0,32.61046849585739,0.0,0.0,0.0,0.0,0.0
59.6,59600,800.0000000000009,0.0,32.61238144835814,0.0,0.0,0.0,0.0,0.0
59.61,59610,800.0000000000009,0.0,32.614294337094876,0.0,0.0,0.0,0.0,0.0
59.62,59620,800.0000000000009,0.0,32.61620716206971,0.0,0.0,0.0,0.0,0.0
59.63,59630,800.0000000000009,0.0,32.61811992328478,0.0,0.0,0.0,0.0,0.0
59.64,59640,800.0000000000009,0.0,32.6200326207422,0.0,0.0,0.0,0.0,0.0
59.65,59650,800.0000000000009,0.0,32.6219452544441,0.0,0.0,0.0,0.0,0.0
59.66,59660,800.0000000000009,0.0,32.623857824392616,0.0,0.0,0.0,0.0,0.0
59.67,59670,800.0000000000009,0.0,32.625770330589845,0.0,0.0,0.0,0.0,0.0
59.68,59680,800.0000000000009,0.0,32.62768277303795,0.0,0.0,0.0,0.0,0.0
59.69,59690,800.0000000000009,0.0,32.629595151739025,0.0,0.0,0.0,0.0,0.0
59.7,59700,800.0000000000009,0.0,32.63150746669521,0.0,0.0,0.0,0.0,0.0
59.71,59710,800.0000000000009,0.0,32.633419717908616,0.0,0.0,0.0,0.0,0.0
59.72,59720,800.0000000000009,0.0,32.635331905381385,0.0,0.0,0.0,0.0,0.0
59.73,59730,800.0000000000009,0.0,32.637244029115635,0.0,0.0,0.0,0.0,0.0
59.74,59740,800.0000000000009,0.0,32.639156089113484,0.0,0.0,0.0,0.0,0.0
59.75,59750,800.0000000000009,0.0,32.641068085377064,0.0,0.0,0.0,0.0,0.0
59.76,59760,800.0000000000009,0.0,32.6429800179085,0.0,0.0,0.0,0.0,0.0
59.77,59770,800.0000000000009,0.0,32.64489188670992,0.0,0.0,0.0,0.0,0.0
59.78,59780,800.0000000000009,0.0,32.64680369178343,0.0,0.0,0.0,0.0,0.0
59.79,59790,800.0000000000009,0.0,32.64871543313117,0.0,0.0,0.0,0.0,0.0
59.8,59800,800.0000000000009,0.0,32.650627110755266,0.0,0.0,0.0,0.0,0.0
59.81,59810,800.0000000000009,0.0,32.65253872465783,0.0,0.0,0.0,0.0,0.0
59.82,59820,800.0000000000009,0.0,32.654450274841,0.0,0.0,0.0,0.0,0.0
59.83,59830,800.0000000000009,0.0,32.65636176130688,0.0,0.0,0.0,0.0,0.0
59.84,59840,800.0000000000009,0.0,32.65827318405762,0.0,0.0,0.0,0.0,0.0
59.85,59850,800.0000000000009,0.0,32.66018454309532,0.0,0.0,0.0,0.0,0.0
59.86,59860,800.0000000000009,0.0,32.66209583842212,0.0,0.0,0.0,0.0,0.0
59.87,59870,800.0000000000009,0.0,32.664007070040135,0.0,0.0,0.0,0.0,0.0
59.88,59880,800.0000000000009,0.0,32.66591823795149,0.0,0.0,0.0,0.0,0.0
59.89,59890,800.0000000000009,0.0,32.66782934215831,0.0,0.0,0.0,0.0,0.0
59.9,59900,800.0000000000009,0.0,32.669740382662724,0.0,0.0,0.0,0.0,0.0
59.91,59910,800.0000000000009,0.0,32.67165135946684,0.0,0.0,0.0,0.0,0.0
59.92,59920,800.0000000000009,0.0,32.673562272572795,0.0,0.0,0.0,0.0,0.0
59.93,59930,800.0000000000009,0.0,32.67547312198271,0.0,0.0,0.0,0.0,0.0
59.94,59940,800.0000000000009,0.0,32.6773839076987,0.0,0.0,0.0,0.0,0.0
59.95,59950,800.0000000000009,0.0,32.679294629722904,0.0,0.0,0.0,0.0,0.0
59.96,59960,800.0000000000009,0.0,32.681205288057434,0.0,0.0,0.0,0.0,0.0
59.97,59970,800.0000000000009,0.0,32.68311588270441,0.0,0.0,0.0,0.0,0.0
59.98,59980,800.0000000000009,0.0,32.685026413665966,0.0,0.0,0.0,0.0,0.0
59.99,59990,800.0000000000009,0.0,32.68693688094421,0.0,0.0,0.0,0.0,0.0
